cinfo.stock.i.,stock,yr,ct.raw,B,lcl.B,ucl.B,B.Bmsy,lcl.B.Bmsy,ucl.B.Bmsy,F.Fmsy,lcl.F.Fmsy,ucl.F.Fmsy
micropogonias,micropogonias,2000,1918.4196,10180.65452,8633.429229,11607.07986,0.278225066,0.235941256,0.317207558,1.330210663,1.166737487,1.568602097
micropogonias,micropogonias,2001,2221.8695,10411.29162,8741.862868,11905.42551,0.284528101,0.238904617,0.325360986,1.473118036,1.288241352,1.754438578
micropogonias,micropogonias,2002,1139.6512,10642.90335,8900.674339,12133.95622,0.290857771,0.243244744,0.331606456,0.723069324,0.634216639,0.864603808
micropogonias,micropogonias,2003,2157.31825,11334.32249,9357.180088,12773.81452,0.309753426,0.255720498,0.349093015,1.206844481,1.070844149,1.461846882
micropogonias,micropogonias,2004,2609.9844,12170.9914,9957.849771,14118.96949,0.332618583,0.272136079,0.385854486,1.266234732,1.091533773,1.547656612
micropogonias,micropogonias,2005,3235.7474,13296.51174,10567.88385,15472.066,0.363377703,0.288807579,0.422832989,1.315307782,1.130360054,1.654920286
micropogonias,micropogonias,2006,2563.8422,14329.86927,11250.61971,17194.85947,0.391618124,0.30746593,0.469914866,0.897294604,0.747788279,1.142880544
micropogonias,micropogonias,2007,2468.6466,15605.66536,11816.89275,19393.95858,0.426484099,0.322941492,0.530013605,0.728488273,0.58618998,0.962058676
micropogonias,micropogonias,2008,3367.7723,17554.26024,12822.9873,22046.8157,0.479736858,0.350436848,0.602513005,0.785427091,0.625377912,1.075224614
micropogonias,micropogonias,2009,3796.5384,20383.23105,14283.07497,25728.35855,0.557049234,0.390339292,0.703125151,0.731633429,0.579634849,1.044106626
micropogonias,micropogonias,2010,7549.002,23987.58117,16177.99817,29843.69883,0.655551795,0.442125268,0.815592461,1.236180402,0.993609334,1.832920082
micropogonias,micropogonias,2011,10632.1313,26607.82346,17941.03129,32556.19445,0.727159871,0.490306846,0.88972171,1.569602753,1.28281925,2.327832346
micropogonias,micropogonias,2012,10687.8594,26923.42452,18543.81991,32590.68876,0.73578487,0.506780336,0.890664398,1.559334199,1.288178256,2.263968093
micropogonias,micropogonias,2013,6218.2443,25427.61087,17725.3871,29060.83241,0.694906078,0.48441355,0.794197661,0.960596488,0.840501517,1.378005094
micropogonias,micropogonias,2014,8857.06656,24180.83991,17149.17538,28681.28071,0.660833325,0.468666375,0.783824969,1.438789625,1.213026083,2.028735541
micropogonias,micropogonias,2015,8098.2515,23219.80846,16601.43786,27731.70176,0.634569489,0.453697366,0.757874116,1.369971076,1.147079478,1.916127161
micropogonias,micropogonias,2016,6114.64539,22908.45762,16465.16841,28144.3151,0.626060644,0.449973286,0.769150343,1.048465626,0.853413213,1.458760079
micropogonias,micropogonias,2017,6101.27825,22701.27036,16267.10419,28252.17948,0.620398465,0.444560428,0.772098147,1.055721683,0.848296443,1.473293776
micropogonias,micropogonias,2018,5870.73385,22992.48431,16696.47852,29231.47856,0.628356993,0.456294713,0.798861216,1.002963814,0.788897137,1.381167276
micropogonias,micropogonias,2019,9896.5021,24503.41657,17532.86221,31591.11987,0.669648958,0.479152075,0.86334738,1.58647725,1.23053925,2.217214308
micropogonias,micropogonias,2020,4424.97395,25040.05184,17466.56117,32670.28404,0.684314555,0.477340148,0.892839641,0.694151499,0.53203056,0.995135181
micropogonias,micropogonias,2021,11872.7388,26108.68086,18832.46725,34311.59246,0.713518903,0.514668721,0.93769463,1.786260336,1.359217037,2.476409513
micropogonias,micropogonias,2022,10831.9208,25317.28309,17883.65126,33956.65221,0.691890953,0.488738719,0.927994539,1.680610796,1.253023974,2.379184132
micropogonias,micropogonias,2023,14643.95,24571.70481,15444.51262,32702.88419,0.671515193,0.422079988,0.893730564,2.341001646,1.758939703,3.724455591
micropogonias,micropogonias,2024,12947.47035,20309.35436,8118.790883,28991.12175,0.555030272,0.221876808,0.792292552,2.504191741,1.754279048,6.264297009
mycteroperca,mycteroperca,2000,458.40725,13202.00103,10533.18522,15975.0927,1.494818118,1.192637092,1.80880595,0.246050488,0.203338964,0.30839283
mycteroperca,mycteroperca,2001,531.874,13648.82046,11105.06293,15958.08099,1.545409979,1.257388879,1.806879772,0.276137987,0.236178637,0.339390946
mycteroperca,mycteroperca,2002,482.05685,14024.18336,11565.81461,15938.9035,1.587911056,1.30955824,1.804708369,0.24357527,0.214314884,0.295348349
mycteroperca,mycteroperca,2003,618.41235,14344.88559,11989.63491,15956.06892,1.624223088,1.357545986,1.806651952,0.305487596,0.274640617,0.365497752
mycteroperca,mycteroperca,2004,612.71775,14541.95471,12308.3787,15940.16738,1.646536561,1.393636272,1.804851474,0.298572765,0.272383063,0.352754146
mycteroperca,mycteroperca,2005,411.9115,14655.24835,12553.30173,15928.03822,1.65936442,1.421368082,1.803478131,0.199169691,0.183254287,0.23251901
mycteroperca,mycteroperca,2006,326.05525,14772.06638,12786.63036,15933.02145,1.672591331,1.447787096,1.804042365,0.15640926,0.145012544,0.18069561
mycteroperca,mycteroperca,2007,409.1965,14978.77672,13060.1932,16048.18313,1.695996447,1.478761695,1.817081733,0.193583385,0.180683525,0.222021394
mycteroperca,mycteroperca,2008,515.6648,15209.41172,13367.59116,16217.11374,1.722110472,1.513567331,1.836209178,0.240252317,0.225323474,0.27335489
mycteroperca,mycteroperca,2009,577.36625,15347.41531,13630.075,16299.81614,1.737736154,1.543287493,1.845573292,0.266580675,0.251004324,0.300168879
mycteroperca,mycteroperca,2010,373.76545,15381.99966,13766.63078,16254.88456,1.741652023,1.558749244,1.84048584,0.17218641,0.162940025,0.192390669
mycteroperca,mycteroperca,2011,360.6844,15414.45335,13890.46859,16253.59149,1.745326644,1.572770983,1.840339431,0.165810392,0.157249957,0.184002184
mycteroperca,mycteroperca,2012,423.3235,15508.26239,14033.13928,16298.41995,1.755948327,1.588925104,1.845415206,0.193429074,0.184051512,0.21376178
mycteroperca,mycteroperca,2013,444.7187,15638.51776,14215.86762,16389.45334,1.770696704,1.609614819,1.85572261,0.201512652,0.192279701,0.221678991
mycteroperca,mycteroperca,2014,462.35285,15711.85844,14333.50601,16420.94267,1.779000821,1.622934617,1.859288041,0.208525176,0.199520704,0.228577575
mycteroperca,mycteroperca,2015,725.96037,15739.84147,14404.94427,16399.89267,1.782169246,1.631023331,1.85690462,0.326832379,0.313678262,0.357119731
mycteroperca,mycteroperca,2016,679.33228,15659.66491,14358.37952,16270.99847,1.773091124,1.625750961,1.842310365,0.307405973,0.295856123,0.335265865
mycteroperca,mycteroperca,2017,684.53051,15520.08929,14229.93685,16091.6209,1.757287446,1.61120783,1.822000046,0.312543959,0.301443229,0.340880652
mycteroperca,mycteroperca,2018,661.15075,15347.72488,14038.71094,15882.99201,1.737771205,1.589555964,1.798377699,0.305259371,0.294971932,0.333722723
mycteroperca,mycteroperca,2019,2421.90748,15234.16833,13886.5895,15851.0677,1.724913579,1.572331766,1.794763017,1.126552184,1.082708492,1.23587477
mycteroperca,mycteroperca,2020,912.5258,14549.96332,13024.22007,15461.44439,1.647443349,1.47468858,1.750647282,0.444422225,0.418222703,0.496484782
mycteroperca,mycteroperca,2021,1153.57185,13929.45019,12174.43587,15123.16518,1.577184737,1.378470376,1.712345066,0.586844705,0.540523362,0.671441714
mycteroperca,mycteroperca,2022,1093.07025,13275.68441,11204.06356,14754.26188,1.50316104,1.268598387,1.670575388,0.583450034,0.524980415,0.691329399
mycteroperca,mycteroperca,2023,1176.975,13159.48602,11007.5565,14671.58866,1.490004288,1.246348554,1.661214578,0.633783351,0.568463534,0.757685245
mycteroperca,mycteroperca,2024,982.820774,12964.96487,10700.83382,14553.54925,1.467979312,1.211619379,1.647849373,0.537174637,0.478539645,0.650832487
paralabrax,paralabrax,2000,4242.9024,26553.74503,20889.15562,31662.99975,1.518416535,1.194499656,1.810577843,1.132269415,0.949562378,1.43931109
paralabrax,paralabrax,2001,3298.9518,24209.49706,19158.97818,29016.86575,1.384365957,1.095563328,1.659264586,0.965612142,0.805634369,1.2201582
paralabrax,paralabrax,2002,4241.6289,22416.01699,17689.65644,27581.33648,1.281809809,1.011543449,1.577177055,1.340870196,1.089757529,1.699126786
paralabrax,paralabrax,2003,5011.7458,20709.42296,15875.80477,26373.98616,1.184222046,0.907822398,1.508137426,1.714879277,1.346560208,2.236999056
paralabrax,paralabrax,2004,5049.4634,18913.59799,13599.4107,25272.75673,1.08153181,0.777651893,1.445166084,1.891836456,1.415810494,2.631101816
paralabrax,paralabrax,2005,594.0041,16565.47015,10208.88114,23935.04737,0.94725937,0.583772041,1.368672165,0.254096213,0.175860242,0.412309945
paralabrax,paralabrax,2006,430.0585,15474.2786,7939.044152,23407.8967,0.884862022,0.453976488,1.338528233,0.196938053,0.13019001,0.383859094
paralabrax,paralabrax,2007,683.9812,15743.41107,7043.043261,23867.88263,0.90025176,0.402740681,1.3648315,0.307863247,0.203068606,0.688170932
paralabrax,paralabrax,2008,498.2231,17450.45746,7912.102912,25080.15072,0.997865391,0.452435914,1.43415234,0.202315687,0.140768743,0.44621529
paralabrax,paralabrax,2009,730.133,19249.64484,9116.320188,26209.59394,1.100747898,0.521296386,1.498737025,0.268776796,0.197403205,0.56753797
paralabrax,paralabrax,2010,822.6252,20942.55364,10652.16325,27235.16218,1.197553102,0.609120137,1.557381852,0.278345938,0.214034883,0.547238585
paralabrax,paralabrax,2011,690.6722,22496.55662,12189.72569,28167.28103,1.286415288,0.697042208,1.610682984,0.217554686,0.173755902,0.40150463
paralabrax,paralabrax,2012,881.3007,23919.10403,13821.86311,28924.38615,1.367760481,0.790372337,1.653976347,0.261090892,0.215909862,0.451824777
paralabrax,paralabrax,2013,643.8731,25174.36503,15334.36137,29623.6863,1.439539775,0.876861167,1.693964263,0.181240091,0.154018786,0.297541195
paralabrax,paralabrax,2014,851.54265,26334.39013,17100.82385,30261.22083,1.505873216,0.977872374,1.730420249,0.229137228,0.199403361,0.352859559
paralabrax,paralabrax,2015,924.48704,27293.86456,18455.70968,30755.47693,1.560738616,1.055348491,1.758683179,0.240020486,0.213005529,0.354962597
paralabrax,paralabrax,2016,948.21406,28092.82815,19703.76383,31140.25392,1.606425562,1.126715677,1.780685791,0.239179219,0.215772829,0.34101204
paralabrax,paralabrax,2017,878.0929,28703.66471,20677.87458,31311.55104,1.641354885,1.182418022,1.790481034,0.216778213,0.198723121,0.30091725
paralabrax,paralabrax,2018,819.7861,29189.2976,21630.53551,31419.55616,1.669124716,1.236893807,1.796657065,0.199016654,0.184889829,0.268562762
paralabrax,paralabrax,2019,1327.11815,29607.17529,22480.32785,31667.92269,1.693020117,1.285487282,1.81085935,0.317632644,0.296963127,0.418330436
paralabrax,paralabrax,2020,1509.9848,29848.16101,23081.8034,31755.07512,1.706800347,1.319881317,1.815842966,0.358482131,0.336955032,0.463570033
paralabrax,paralabrax,2021,1712.4777,29840.56502,23426.44997,31689.63432,1.706365987,1.33958916,1.812100881,0.406659009,0.382930724,0.518001431
paralabrax,paralabrax,2022,1669.7307,29531.72744,23388.55756,31484.26035,1.688705801,1.337422368,1.800357029,0.400654566,0.375807508,0.505889318
paralabrax,paralabrax,2023,1761.074,29132.34986,23295.48672,31245.06473,1.665868287,1.332100319,1.786679163,0.428365616,0.399400581,0.535695912
paralabrax,paralabrax,2024,1896.78756,28734.87883,23102.20374,31044.20535,1.643139795,1.321047864,1.775193468,0.467758661,0.432962877,0.581805468
cynoscion,cynoscion,2000,1977.86685,9245.720252,7859.699205,9980.041021,0.565776666,0.480961385,0.61071222,0.853000903,0.790238007,1.003423607
cynoscion,cynoscion,2001,4884.90855,10588.18519,8933.924054,11909.13592,0.647926604,0.54669681,0.728760014,1.839619893,1.635570896,2.180255394
cynoscion,cynoscion,2002,5055.61645,10716.04005,9263.087838,12189.62677,0.655750472,0.566839447,0.745924191,1.881191373,1.653776811,2.17626373
cynoscion,cynoscion,2003,4390.56,10420.34334,8882.961918,12260.33296,0.637655797,0.543578266,0.75025094,1.680084309,1.427942896,1.970857863
cynoscion,cynoscion,2004,1937.204,9447.060083,8094.958126,10994.84384,0.578097327,0.495357668,0.672811412,0.817658334,0.702553626,0.954231917
cynoscion,cynoscion,2005,1345.4762,9156.0069,7664.530221,10714.81415,0.560286805,0.469018339,0.655675455,0.585953425,0.500708041,0.699976834
cynoscion,cynoscion,2006,1483.33117,9737.863845,8183.675905,11457.46813,0.595892585,0.500786607,0.701120945,0.607389966,0.516229303,0.722741328
cynoscion,cynoscion,2007,4808.9959,11207.08575,9460.432963,13621.1541,0.685799206,0.578915658,0.833524154,1.711019268,1.407776427,2.02691988
cynoscion,cynoscion,2008,5572.78525,12160.16241,10169.70851,14849.48505,0.744121167,0.62231861,0.90868985,1.827368442,1.496422062,2.185027921
cynoscion,cynoscion,2009,6196.4625,12012.99414,10330.09627,15260.22816,0.735115447,0.632133276,0.9338246,2.056770093,1.619108628,2.391842866
cynoscion,cynoscion,2010,5202.99295,10615.76926,9198.657188,12717.58568,0.649614565,0.562896719,0.778231769,1.954316755,1.631329739,2.255391771
cynoscion,cynoscion,2011,1758.4737,8775.039364,7594.201269,10501.33707,0.536974122,0.464714674,0.642612075,0.799061106,0.667704752,0.923308774
cynoscion,cynoscion,2012,2671.29965,7709.71169,6885.107243,8881.574935,0.471783145,0.42132283,0.543493392,1.464216313,1.271022956,1.639580217
cynoscion,cynoscion,2013,1988.849,7215.655832,6426.16277,8538.417589,0.441550208,0.393238477,0.522494441,1.244540688,1.051737887,1.397440058
cynoscion,cynoscion,2014,2009.45768,7500.565788,6629.196329,9146.613027,0.458984805,0.405662782,0.559711962,1.163723284,0.954296747,1.316687969
cynoscion,cynoscion,2015,2122.382751,7800.173797,6712.650602,9798.164699,0.477318825,0.410769629,0.599582597,1.136512084,0.904760437,1.320639536
cynoscion,cynoscion,2016,2371.48196,8420.689432,7024.002308,10593.1334,0.51529026,0.429822285,0.648229401,1.122962783,0.892665134,1.34625822
cynoscion,cynoscion,2017,2579.04782,9156.852803,7394.309003,11471.79906,0.560338569,0.452482595,0.701997903,1.123068768,0.896439639,1.390768954
cynoscion,cynoscion,2018,3175.152085,9918.301972,7794.385549,12524.18759,0.6069342,0.476964623,0.76639709,1.276498749,1.010899907,1.624335874
cynoscion,cynoscion,2019,3310.28012,10471.43958,8020.701967,13203.6125,0.640782547,0.490813684,0.807973382,1.260525231,0.999689576,1.64568062
cynoscion,cynoscion,2020,3137.935191,10965.30284,7904.845803,13756.76371,0.671003699,0.483724057,0.841822562,1.14108114,0.909538066,1.582864559
cynoscion,cynoscion,2021,4530.80605,11218.70851,7915.241798,13834.182,0.686510443,0.484360222,0.846560047,1.610370461,1.305915796,2.282466823
cynoscion,cynoscion,2022,3338.95045,11288.14505,7268.577662,13883.99474,0.690759498,0.444788673,0.849608256,1.179452841,0.95893401,1.831697393
cynoscion,cynoscion,2023,4576.727,11219.05725,6240.097832,13742.4223,0.686531783,0.381852538,0.840944963,1.626641438,1.327959731,2.924534825
cynoscion,cynoscion,2024,6343.757354,10817.47811,4473.87401,12992.55705,0.661957807,0.273771372,0.795058191,2.338372668,1.946906606,5.654002571
lutjanus,lutjanus,2000,2182.8171,26293.85286,20907.99758,31691.60175,1.50116194,1.193674065,1.809328843,0.293589804,0.243585262,0.369217907
lutjanus,lutjanus,2001,2410.95165,27869.82859,23060.06483,31382.03222,1.591137145,1.316539339,1.791654979,0.305937035,0.271697278,0.369747995
lutjanus,lutjanus,2002,2142.63125,28802.63037,24623.5334,31206.94943,1.644392426,1.405800488,1.781659197,0.263083211,0.242814137,0.307733596
lutjanus,lutjanus,2003,2642.4266,29430.3308,25868.43708,31280.69906,1.680228939,1.476874211,1.785869692,0.31753064,0.298747537,0.361252276
lutjanus,lutjanus,2004,2673.6321,29662.48287,26757.96414,31225.38204,1.693482905,1.527658863,1.782711546,0.318766003,0.302811062,0.353367358
lutjanus,lutjanus,2005,2839.64455,29692.16241,27257.35537,31215.9689,1.695177363,1.55616998,1.782174134,0.33822056,0.321710334,0.368432654
lutjanus,lutjanus,2006,2585.8497,29500.61201,27447.13344,30917.76638,1.684241416,1.567004741,1.765149231,0.309991726,0.295782869,0.333183998
lutjanus,lutjanus,2007,2343.5229,29377.31461,27562.49448,30810.15829,1.677202152,1.573590904,1.759005698,0.282120703,0.269000522,0.30069661
lutjanus,lutjanus,2008,2410.34615,29466.85061,27639.44572,30884.27785,1.682313919,1.577984185,1.763237313,0.289283421,0.276006821,0.308409635
lutjanus,lutjanus,2009,2838.4135,29637.84472,27852.11163,31055.46758,1.692076271,1.590125653,1.773010834,0.338693526,0.323232813,0.3604088
lutjanus,lutjanus,2010,3039.66065,29655.36746,27916.16619,31044.22017,1.693076674,1.59378264,1.7723687,0.362493015,0.346275844,0.385076643
lutjanus,lutjanus,2011,2746.4904,29430.22959,27756.07692,30823.44618,1.680223161,1.584642863,1.759764327,0.330036738,0.315119111,0.349943437
lutjanus,lutjanus,2012,2807.44655,29199.01265,27517.28968,30649.32296,1.667022582,1.571010084,1.749823328,0.340033089,0.323942897,0.360814258
lutjanus,lutjanus,2013,3051.12655,29076.09144,27312.71982,30534.07218,1.660004796,1.559330833,1.74324346,0.371109477,0.353389257,0.395069153
lutjanus,lutjanus,2014,3287.6754,29011.35632,27230.72768,30471.66028,1.656308955,1.554649759,1.739680256,0.400773271,0.381566874,0.426980002
lutjanus,lutjanus,2015,4641.957535,28759.49576,26992.26548,30253.33383,1.641929796,1.541035535,1.727215618,0.570818114,0.542632465,0.608190563
lutjanus,lutjanus,2016,7454.95957,28023.50108,26194.91466,29526.86044,1.599910575,1.495513386,1.685739985,0.940807456,0.892906268,1.00648233
lutjanus,lutjanus,2017,9345.62589,26083.22786,24066.3427,27782.9495,1.489136991,1.373989498,1.586177066,1.267140894,1.189619003,1.373333917
lutjanus,lutjanus,2018,8424.560168,22737.86226,20489.02731,24835.05128,1.298144232,1.169754321,1.417876413,1.310314224,1.199665102,1.454131711
lutjanus,lutjanus,2019,7722.562963,18907.58977,16383.88616,21404.78251,1.079467292,0.935384649,1.222036383,1.444452075,1.275934818,1.666949283
lutjanus,lutjanus,2020,6141.24157,15325.99318,12542.66072,18273.41722,0.874987693,0.716082387,1.043261275,1.417116007,1.188541255,1.731587159
lutjanus,lutjanus,2021,5130.1972,12832.5749,9760.262119,15988.63277,0.732634093,0.557230395,0.912818944,1.41383296,1.13475102,1.858876035
lutjanus,lutjanus,2022,4895.70025,11081.56826,7398.233087,14672.32329,0.632666068,0.422378036,0.837668539,1.562397171,1.180031993,2.340262964
lutjanus,lutjanus,2023,4812.522,10033.39229,4735.101434,14119.0643,0.572823874,0.270335203,0.806082017,1.696300481,1.205437401,3.594357673
lutjanus,lutjanus,2024,4959.68669,9147.901773,845.3228774,13805.39775,0.522269675,0.048260958,0.788174247,1.917390627,1.270524865,20.74958763
brotula,brotula,2000,842.9365,3456.438373,2499.566476,4652.97896,0.444876451,0.321717949,0.598882591,2.031666385,1.509211565,2.809419042
brotula,brotula,2001,316.8447,3295.716824,2347.755589,4452.754841,0.424190061,0.302178446,0.573111845,0.839966258,0.621702974,1.179122282
brotula,brotula,2002,32.8454,3284.970998,2310.937301,4454.518747,0.422806971,0.297439582,0.573338876,0.087644899,0.064633459,0.124586224
brotula,brotula,2003,180.9135,3392.379026,2357.884365,4660.824003,0.436631405,0.303482115,0.599892322,0.452665513,0.329472426,0.651267303
brotula,brotula,2004,270.3816,3716.903316,2544.372398,5025.897878,0.478400764,0.327484897,0.646880798,0.563546525,0.416770893,0.823247395
brotula,brotula,2005,341.9825,4163.420363,2778.070559,5502.172177,0.535871749,0.35756407,0.708181824,0.608848707,0.460707703,0.912465342
brotula,brotula,2006,1715.038,4590.535535,3013.03789,5908.393526,0.590845529,0.387806597,0.76046637,2.769275481,2.15159289,4.219149564
brotula,brotula,2007,347.67,4587.73725,3024.714831,5858.561934,0.590485363,0.38930953,0.754052571,0.561725899,0.439877714,0.851997948
brotula,brotula,2008,915.0542,4528.988309,3033.21265,5776.29818,0.582923816,0.39040328,0.743464445,1.497619155,1.174229486,2.236143794
brotula,brotula,2009,463.487,4349.791252,2855.239711,5494.718069,0.559859453,0.367496473,0.70722241,0.789814148,0.625241664,1.203235811
brotula,brotula,2010,174.9223,4516.027543,2935.866578,5587.176237,0.581255642,0.377873916,0.719122654,0.287107385,0.232064428,0.441636166
brotula,brotula,2011,586.1384,4753.931147,3058.226787,5784.587551,0.611876096,0.393622838,0.744531366,0.91390921,0.751075409,1.420647245
brotula,brotula,2012,1043.836,5117.683813,3267.677041,6048.255433,0.65869452,0.420581075,0.778467927,1.511870481,1.279257328,2.367821235
brotula,brotula,2013,730.0989,5321.601779,3418.747058,6178.855608,0.684940699,0.440025221,0.79527741,1.016939434,0.875849355,1.582962006
brotula,brotula,2014,1060.7714,5347.346474,3476.560555,6227.404623,0.688254286,0.447466367,0.801526129,1.470412698,1.262613662,2.261662362
brotula,brotula,2015,906.6951,5258.951912,3476.437126,6209.455397,0.676877066,0.447450481,0.799215893,1.277961693,1.082339539,1.93322613
brotula,brotula,2016,970.94955,5204.775812,3491.751304,6158.843897,0.669904087,0.449421561,0.792701712,1.38277145,1.168565971,2.061147765
brotula,brotula,2017,982.1677,5059.370272,3461.40546,6036.872873,0.651189013,0.445515763,0.777002883,1.438947503,1.205950229,2.103240521
brotula,brotula,2018,852.6524,4940.336165,3431.052463,5943.869398,0.635868193,0.441609044,0.765032452,1.279296714,1.063306644,1.842045812
brotula,brotula,2019,782.82555,4829.811522,3444.466667,5955.715247,0.621642621,0.443335579,0.766557126,1.201408155,0.974286833,1.684607665
brotula,brotula,2020,931.6445,4756.771713,3434.503697,5908.945167,0.612241704,0.44205325,0.760537372,1.451756176,1.168681129,2.010675579
brotula,brotula,2021,1597.0912,4718.426624,3357.057426,5956.67487,0.607306327,0.432085179,0.766680638,2.50892846,1.987383079,3.526360542
brotula,brotula,2022,1570.605,4454.913523,3137.8503,5709.052558,0.573389688,0.40387114,0.734809294,2.613265076,2.039194736,3.710141917
brotula,brotula,2023,1535.647,3938.065106,2572.838348,5165.494645,0.506866387,0.331148735,0.664848228,2.890442078,2.2036126,4.424199094
brotula,brotula,2024,1228.514775,3220.122794,1643.956382,4602.128513,0.414460391,0.211592802,0.592337655,3.411541741,2.387065744,6.682405593
mugil,mugil,2000,1913.9078,6017.275794,5179.895489,6618.413723,0.551939656,0.475130247,0.607079535,1.212470083,1.102343732,1.408477623
mugil,mugil,2001,2097.096,6230.968247,5223.133828,7100.270125,0.571540775,0.479096319,0.651278216,1.282958801,1.125883299,1.530513254
mugil,mugil,2002,2818.291,6486.206558,5391.285064,7428.444314,0.594952722,0.494520132,0.681380268,1.656322858,1.446231772,1.992707129
mugil,mugil,2003,2390.2282,6484.460119,5511.994903,7588.362081,0.594792529,0.505592343,0.696048859,1.405126676,1.200718652,1.653029085
mugil,mugil,2004,2791.0315,6404.311009,5430.697177,7528.625991,0.587440784,0.498135241,0.690569517,1.661277795,1.413184781,1.959111202
mugil,mugil,2005,2112.2877,6156.165756,5192.149785,7155.549071,0.564679453,0.476254282,0.656348724,1.307954697,1.125278555,1.550800006
mugil,mugil,2006,2079.218,5969.21446,5066.373754,6953.553898,0.547531189,0.46471737,0.637820548,1.327800355,1.139838016,1.56441776
mugil,mugil,2007,1194.424,5884.275738,4830.925704,6875.675879,0.539740114,0.443120701,0.630677121,0.773776333,0.662205925,0.942492926
mugil,mugil,2008,1761.7357,6174.357196,5004.874184,7259.371248,0.566348079,0.459076271,0.6658719,1.087674486,0.925106398,1.341830092
mugil,mugil,2009,2068.958,6730.494721,5396.321328,7750.25869,0.617360258,0.494982088,0.710898961,1.171803047,1.017619481,1.46151679
mugil,mugil,2010,1979.5127,7365.634575,5888.640879,8329.059305,0.675618993,0.54014051,0.763989932,1.024467204,0.905966783,1.281424902
mugil,mugil,2011,2442.91,7806.615338,6183.959538,8675.640995,0.716068322,0.567228861,0.795780427,1.192874139,1.073385765,1.505881384
mugil,mugil,2012,2542.376,8199.329865,6541.577909,9345.931491,0.75209039,0.600031706,0.857263384,1.181983347,1.036972224,1.481518908
mugil,mugil,2013,2820.845,8423.744356,6620.619016,9862.026621,0.772674997,0.607281817,0.904602641,1.276509294,1.090342622,1.624166552
mugil,mugil,2014,2053.0568,8512.529173,6873.238302,10017.33249,0.780818859,0.630453533,0.918848201,0.919374149,0.781265798,1.138648032
mugil,mugil,2015,3117.3262,8613.418651,6986.49736,10257.62496,0.790073031,0.640842314,0.94088923,1.379610941,1.158471542,1.700876132
mugil,mugil,2016,3516.4435,8656.013422,7206.71566,10365.31474,0.793980072,0.661042022,0.950767165,1.548587178,1.293216051,1.860013914
mugil,mugil,2017,3348.3925,8447.048601,6928.987483,10202.15928,0.774812599,0.635567173,0.935801593,1.51105859,1.251106261,1.842114072
mugil,mugil,2018,3645.1874,7876.502641,6588.803465,9433.195241,0.722478793,0.604363509,0.865267724,1.764153513,1.473027903,2.108935239
mugil,mugil,2019,3734.97623,7094.084982,6028.408018,8362.153435,0.650710879,0.552960768,0.767025519,2.006972363,1.702627512,2.361756612
mugil,mugil,2020,2383.6242,6126.546083,5214.529948,7185.725215,0.561962564,0.478307121,0.659116656,1.483105406,1.264495001,1.742499076
mugil,mugil,2021,1552.0907,5243.907737,4355.576001,6250.690965,0.481001824,0.399518852,0.573349857,1.172830557,0.98392566,1.412032583
mugil,mugil,2022,2197.4196,4723.068818,3635.139325,5890.903447,0.433227438,0.333436195,0.540348046,2.046881528,1.641100114,2.659475045
mugil,mugil,2023,394.47,4333.412002,2878.485871,5833.822412,0.397485841,0.264031524,0.535112241,0.436498018,0.324234373,0.657125251
mugil,mugil,2024,362.5865,4412.782564,2340.802847,6491.9013,0.404766172,0.214712099,0.595475077,0.386914346,0.262999821,0.729394568
hyporthodus niphobles,hyporthodus niphobles,2000,42.5914,1697.564946,1139.914984,2146.10339,0.478819682,0.321527451,0.605335628,0.844621599,0.668094569,1.257813117
hyporthodus niphobles,hyporthodus niphobles,2001,61.2386,1715.475404,1162.230369,2163.389544,0.483871553,0.327821788,0.610211406,1.189184738,0.942972649,1.755260595
hyporthodus niphobles,hyporthodus niphobles,2002,78.5892,1720.878934,1180.096123,2165.837815,0.485395687,0.33286105,0.610901972,1.516544981,1.204979566,2.211506555
hyporthodus niphobles,hyporthodus niphobles,2003,78.6711,1718.165759,1193.39302,2155.594707,0.484630402,0.336611608,0.608012774,1.522923778,1.213881014,2.192601636
hyporthodus niphobles,hyporthodus niphobles,2004,79.1031,1697.039919,1202.963134,2128.846794,0.478671591,0.33931098,0.600468186,1.569648654,1.251267321,2.214329225
hyporthodus niphobles,hyporthodus niphobles,2005,50.198,1665.002039,1209.798957,2092.787363,0.469634902,0.34123911,0.590297167,1.034784559,0.82326491,1.424136126
hyporthodus niphobles,hyporthodus niphobles,2006,43.4888,1648.363196,1223.190453,2071.310853,0.464941705,0.345016351,0.584239446,0.914670496,0.727900972,1.232603785
hyporthodus niphobles,hyporthodus niphobles,2007,45.0362,1643.620614,1240.480118,2067.455916,0.463604,0.34989312,0.583152112,0.952690083,0.757385465,1.262302424
hyporthodus niphobles,hyporthodus niphobles,2008,22.5983,1653.660583,1266.196022,2082.332828,0.4664359,0.357146616,0.587348333,0.472254479,0.375035444,0.616767549
hyporthodus niphobles,hyporthodus niphobles,2009,24.6586,1674.484781,1301.732794,2112.015771,0.472309629,0.367170213,0.595720783,0.502572905,0.398458521,0.646484966
hyporthodus niphobles,hyporthodus niphobles,2010,54.7706,1705.64409,1339.128893,2157.193143,0.481098507,0.377718256,0.608463633,1.075879756,0.85067392,1.370344525
hyporthodus niphobles,hyporthodus niphobles,2011,60.7609,1733.697615,1378.134291,2200.129489,0.489011358,0.388720222,0.620574373,1.155235588,0.910323321,1.45329029
hyporthodus niphobles,hyporthodus niphobles,2012,78.8256,1744.53115,1410.005635,2219.435954,0.492067094,0.397709938,0.626020006,1.480140333,1.16342664,1.831305388
hyporthodus niphobles,hyporthodus niphobles,2013,72.4606,1740.102294,1423.208469,2210.596134,0.490817879,0.401433964,0.623526623,1.367556982,1.076491995,1.672059361
hyporthodus niphobles,hyporthodus niphobles,2014,81.9479,1726.865054,1429.566549,2194.734407,0.487084148,0.403227341,0.619052622,1.570413759,1.235635907,1.897003426
hyporthodus niphobles,hyporthodus niphobles,2015,72.0966,1704.510327,1405.387626,2168.769744,0.480778714,0.39640737,0.61172896,1.418105612,1.114537708,1.719935209
hyporthodus niphobles,hyporthodus niphobles,2016,65.55335,1689.944796,1368.880542,2145.17741,0.476670322,0.386110085,0.605074443,1.311725373,1.03336137,1.61938416
hyporthodus niphobles,hyporthodus niphobles,2017,54.681292,1683.925457,1314.302106,2124.527058,0.474972491,0.370715546,0.59924975,1.102011451,0.873467405,1.411931951
hyporthodus niphobles,hyporthodus niphobles,2018,82.4286,1693.896486,1262.045907,2122.791205,0.477784946,0.355976024,0.598760131,1.641713064,1.310016729,2.203479267
hyporthodus niphobles,hyporthodus niphobles,2019,71.6546,1697.397669,1200.122492,2112.333427,0.478772499,0.338509741,0.595810382,1.421248234,1.142065645,2.010147676
hyporthodus niphobles,hyporthodus niphobles,2020,29.4915,1697.703751,1125.125978,2100.07587,0.478858833,0.317356025,0.592352983,0.584744453,0.472708089,0.882321509
hyporthodus niphobles,hyporthodus niphobles,2021,89.3273,1709.606299,1051.549564,2103.30034,0.482216098,0.296602866,0.593262486,1.746566209,1.419645371,2.839562389
hyporthodus niphobles,hyporthodus niphobles,2022,52.8206,1715.753135,976.2286978,2103.676264,0.483949891,0.275357662,0.59336852,1.025384605,0.836301137,1.802146212
hyporthodus niphobles,hyporthodus niphobles,2023,95.974,1726.91301,902.8376963,2115.674188,0.487097675,0.254656801,0.596752686,1.839101665,1.501161479,3.517762501
hyporthodus niphobles,hyporthodus niphobles,2024,61.28804,1720.656076,780.7744526,2114.758715,0.485332827,0.220227318,0.596494466,1.182988853,0.962529174,2.607048619
caulolatilus,caulolatilus,2000,1075.8047,7150.19623,5269.466784,8503.367184,1.356839004,0.999947111,1.613620087,1.082286918,0.910058766,1.468566775
caulolatilus,caulolatilus,2001,1092.9342,6696.024808,5098.350601,7998.470267,1.270654307,0.967475679,1.517809593,1.174096773,0.982910589,1.542024419
caulolatilus,caulolatilus,2002,629.17895,6254.608316,4860.045223,7611.010367,1.186890016,0.922254258,1.44428424,0.723604066,0.594646413,0.931238251
caulolatilus,caulolatilus,2003,823.50125,6008.976307,4717.613488,7401.679234,1.140278276,0.895226058,1.404561044,0.98580429,0.80031496,1.255650687
caulolatilus,caulolatilus,2004,816.5016,5854.067733,4621.110584,7273.676381,1.11088244,0.876913427,1.380270905,1.003289413,0.807476697,1.270976765
caulolatilus,caulolatilus,2005,304.9456,5808.949909,4619.650364,7246.093459,1.10232077,0.876636332,1.375036701,0.377617117,0.302722968,0.474832237
caulolatilus,caulolatilus,2006,683.695,5861.817426,4726.815189,7279.994311,1.112353041,0.896972196,1.381469811,0.83899051,0.675551241,1.040448801
caulolatilus,caulolatilus,2007,553.1906,5965.706784,4931.56413,7340.881046,1.132067344,0.935825864,1.393023829,0.667021481,0.54206771,0.806895028
caulolatilus,caulolatilus,2008,847.1548,6152.71574,5173.86007,7464.935781,1.167554628,0.981804543,1.416564763,0.990427881,0.816326007,1.177809437
caulolatilus,caulolatilus,2009,557.1144,6157.262919,5244.311612,7446.870454,1.168417512,0.995173603,1.413136642,0.650854059,0.53814278,0.764157407
caulolatilus,caulolatilus,2010,539.08555,6213.357669,5316.211794,7456.910716,1.179062191,1.00881756,1.415041907,0.624105873,0.520026745,0.729427863
caulolatilus,caulolatilus,2011,611.2185,6266.884359,5299.363398,7498.813013,1.189219549,1.005620367,1.422993391,0.701571183,0.586314857,0.829659177
caulolatilus,caulolatilus,2012,1354.4176,6409.084567,5350.074075,7581.252547,1.216203814,1.015243351,1.438637322,1.520139762,1.285104833,1.821041009
caulolatilus,caulolatilus,2013,653.816,6271.428092,5095.101236,7471.305598,1.190081779,0.966859072,1.417773516,0.749921888,0.629485856,0.923059421
caulolatilus,caulolatilus,2014,528.74785,6116.017026,4777.939448,7348.038813,1.160590589,0.906673662,1.394382104,0.621880389,0.517611725,0.796040026
caulolatilus,caulolatilus,2015,498.0486,5984.33395,4454.889658,7278.316336,1.135602081,0.845370932,1.381151394,0.598663576,0.492229603,0.804195622
caulolatilus,caulolatilus,2016,511.59645,6147.135548,4521.011519,7382.702169,1.166495717,0.85791838,1.400959909,0.598661963,0.498470092,0.813989572
caulolatilus,caulolatilus,2017,514.046,6348.627079,4596.476512,7526.823185,1.20473125,0.872238805,1.428308671,0.582437192,0.491266559,0.80445892
caulolatilus,caulolatilus,2018,424.37,6547.437552,4694.927623,7651.356698,1.24245802,0.890921132,1.45194046,0.466230029,0.398963494,0.650193623
caulolatilus,caulolatilus,2019,360.1675,6752.867903,4809.446953,7779.243088,1.281440994,0.912652605,1.476208499,0.383657065,0.333038246,0.538686777
caulolatilus,caulolatilus,2020,308.4938,7000.957142,4967.771401,7959.792078,1.328519024,0.942696646,1.510469924,0.31696839,0.278786442,0.446695698
caulolatilus,caulolatilus,2021,527.526,7290.094695,5196.863246,8152.715303,1.383386485,0.986169683,1.547079515,0.520520253,0.465445167,0.730179294
caulolatilus,caulolatilus,2022,441.94605,7510.842627,5370.302506,8298.736906,1.425276161,1.019081948,1.574788937,0.423260292,0.383075337,0.591966921
caulolatilus,caulolatilus,2023,401.009,7692.960189,5513.902655,8387.657167,1.459835242,1.046331869,1.591662667,0.374962268,0.343906498,0.523144854
caulolatilus,caulolatilus,2024,271.28395,7806.542717,5625.241138,8412.334052,1.481388945,1.067459737,1.596345414,0.249972534,0.231971442,0.346904464
centropomus,centropomus,2000,359.71232,896.4109917,766.0813913,1135.08179,0.28907263,0.247044229,0.36603866,1.661935531,1.312484519,1.944672321
centropomus,centropomus,2001,398.8553,941.3173729,789.4458172,1108.733509,0.30355394,0.254578737,0.357541924,1.67115382,1.418813547,1.992646093
centropomus,centropomus,2002,305.0666,969.5004322,795.3834819,1160.468595,0.31264235,0.256493502,0.37422534,1.204957848,1.006668477,1.468734492
centropomus,centropomus,2003,399.2474,1014.922081,815.7113045,1203.584029,0.327289823,0.263048773,0.38812911,1.438963908,1.213406134,1.790383724
centropomus,centropomus,2004,513.11301,1078.737799,922.1881125,1313.072067,0.347868974,0.297385178,0.42343657,1.637021711,1.344874545,1.9149208
centropomus,centropomus,2005,540.52206,1168.771081,965.3668481,1370.608458,0.376902708,0.311309361,0.441990778,1.469020022,1.252690445,1.77854473
centropomus,centropomus,2006,502.06815,1177.672741,984.3697787,1431.362738,0.379773295,0.317437384,0.461582683,1.343960896,1.105761713,1.607877595
centropomus,centropomus,2007,536.76655,1242.306195,955.3880347,1480.451344,0.400616148,0.308091416,0.477412668,1.291223283,1.083517328,1.678998088
centropomus,centropomus,2008,640.98844,1321.697842,1040.232577,1614.369809,0.426218191,0.335451896,0.520598398,1.36225698,1.115290996,1.730855341
centropomus,centropomus,2009,725.6911,1396.079305,1181.4869,1813.957961,0.45020456,0.381003277,0.584961143,1.382308011,1.063867878,1.633375374
centropomus,centropomus,2010,677.60855,1530.661999,1223.353441,2005.936752,0.493604489,0.394504306,0.646870037,1.073726034,0.819323758,1.343447921
centropomus,centropomus,2011,626.693,1685.923095,1245.863727,2197.606927,0.543672743,0.401763373,0.708679411,0.890061644,0.682822512,1.204445919
centropomus,centropomus,2012,805.005,1942.498121,1335.351256,2444.257389,0.626412488,0.430621113,0.788218705,0.992295388,0.788596134,1.443464345
centropomus,centropomus,2013,959.57965,2271.850805,1611.35178,2468.643199,0.732621412,0.51962515,0.796082587,1.011356393,0.930734274,1.425915101
centropomus,centropomus,2014,1174.64272,2720.342796,1922.67385,3414.658618,0.877250115,0.620019602,1.101151542,1.033915771,0.823685655,1.462861379
centropomus,centropomus,2015,1087.303585,2901.985502,2207.758351,4037.226493,0.935825852,0.711953019,1.301915851,0.897136619,0.644867824,1.179240228
centropomus,centropomus,2016,1593.24451,3125.640169,2401.13103,4348.469313,1.007949513,0.774311412,1.402284746,1.220524365,0.877301806,1.58880125
centropomus,centropomus,2017,1577.17806,3151.905482,2313.51956,4439.7505,1.016419493,0.74605866,1.4317209,1.198148212,0.850599581,1.632339739
centropomus,centropomus,2018,1665.953048,2947.626471,2237.402067,4099.179127,0.950544051,0.721512459,1.321894199,1.3532976,0.973125523,1.782878406
centropomus,centropomus,2019,1474.500621,2628.575614,2070.747669,3574.042858,0.847657238,0.667770118,1.152549419,1.343159189,0.987843636,1.704985858
centropomus,centropomus,2020,1157.478,2339.67575,1804.35309,3124.57569,0.75449345,0.581863785,1.007606243,1.184568211,0.887002202,1.536010625
centropomus,centropomus,2021,1368.45738,2087.115586,1746.542712,2723.268118,0.673048408,0.563221222,0.878193466,1.569957071,1.203216771,1.876096044
centropomus,centropomus,2022,1254.77664,1806.234422,1556.311537,2531.086006,0.582470473,0.501875895,0.816219005,1.663394698,1.187032267,1.930513711
centropomus,centropomus,2023,1112.942,1579.819879,1088.960018,2205.720191,0.509456813,0.351165413,0.711295758,1.686816965,1.208161844,2.447166957
centropomus,centropomus,2024,1555.817513,1164.805648,627.3209827,1823.389692,0.375623944,0.20229708,0.588002666,4.257208562,2.719561595,7.904758034
carcharhinus,carcharhinus,2000,106.3698,19023.24052,17508.75918,22563.57708,0.642510735,0.591359065,0.762085748,0.100928008,0.085091905,0.109658128
carcharhinus,carcharhinus,2001,131.3523,20256.25383,18657.4632,23703.4842,0.68415581,0.63015659,0.800586159,0.117045954,0.1000238,0.127075827
carcharhinus,carcharhinus,2002,86.1263,21545.17118,19743.55766,24837.01594,0.727689047,0.666839476,0.83887124,0.072154546,0.062591337,0.078738699
carcharhinus,carcharhinus,2003,120.2911,22903.50848,20858.72812,26086.00781,0.773566946,0.704504404,0.881055992,0.094800218,0.083234568,0.10409348
carcharhinus,carcharhinus,2004,173.001,24284.21167,22006.28938,27299.71383,0.820200253,0.743263333,0.922048963,0.128588598,0.114384815,0.141899103
carcharhinus,carcharhinus,2005,117.99125,25678.71718,23172.51545,28516.29627,0.867299734,0.782652667,0.963139085,0.082938148,0.074685199,0.091908246
carcharhinus,carcharhinus,2006,127.854,27094.06359,24370.98959,29698.87141,0.915103117,0.823131181,1.003080609,0.085176155,0.077705584,0.094693248
carcharhinus,carcharhinus,2007,156.7666,28519.8923,25551.96013,30917.37175,0.963260541,0.863018509,1.044235509,0.099216411,0.091522701,0.110740677
carcharhinus,carcharhinus,2008,256.6137,29980.73237,26779.48217,32118.21167,1.012600475,0.904478117,1.084793926,0.154495366,0.14421364,0.17296392
carcharhinus,carcharhinus,2009,265.2611,31370.8691,27969.34555,33308.40308,1.0595524,0.944665802,1.124992691,0.152624717,0.14374661,0.171186344
carcharhinus,carcharhinus,2010,351.6183,32673.82218,29081.84281,34398.09188,1.103559694,0.982240443,1.161796975,0.194244792,0.184507903,0.218236508
carcharhinus,carcharhinus,2011,359.71455,33895.34791,30169.12236,35466.03078,1.144816776,1.018963355,1.197866655,0.191556002,0.183072568,0.215215321
carcharhinus,carcharhinus,2012,389.65605,35058.43182,31243.78893,36781.33549,1.184099984,1.055260262,1.242291126,0.200616567,0.191219327,0.225110413
carcharhinus,carcharhinus,2013,504.62615,36155.18296,32237.24989,38106.27385,1.221142799,1.088814447,1.287040974,0.251928351,0.239029291,0.282546299
carcharhinus,carcharhinus,2014,734.0969,37148.5879,33161.4448,39282.61746,1.254695092,1.120029169,1.326772028,0.356688359,0.337311252,0.399574534
carcharhinus,carcharhinus,2015,1140.8626,38018.13186,34021.57772,40352.806,1.284063975,1.149080194,1.36291769,0.541652094,0.510313972,0.605280593
carcharhinus,carcharhinus,2016,1824.5009,38590.23078,34533.58065,41168.7711,1.30338664,1.166373114,1.390476945,0.85338413,0.799933776,0.953630926
carcharhinus,carcharhinus,2017,3213.7417,38679.1943,34558.66483,41515.4855,1.306391386,1.167220333,1.402187239,1.499724219,1.397264749,1.678540671
carcharhinus,carcharhinus,2018,3620.39565,37878.48509,33666.40022,41171.82745,1.279347399,1.137084059,1.390580174,1.725207306,1.587207643,1.941052171
carcharhinus,carcharhinus,2019,2869.2908,36319.49537,31739.60602,40168.6241,1.226692457,1.072006505,1.356696939,1.425977313,1.28933409,1.631739738
carcharhinus,carcharhinus,2020,3761.90125,34514.80073,29253.0669,39027.35795,1.165738821,0.988023544,1.318150628,1.967342059,1.739867178,2.321206845
carcharhinus,carcharhinus,2021,3211.62825,32570.82053,26467.49211,37954.17347,1.100080809,0.89394064,1.281903777,1.77981321,1.527367647,2.190233075
carcharhinus,carcharhinus,2022,2944.6898,30920.6758,23878.152,36882.01518,1.044347103,0.806485571,1.245691587,1.718970528,1.441128695,2.225956615
carcharhinus,carcharhinus,2023,3853.435,29135.76359,21046.18371,36017.76695,0.984061619,0.710835725,1.216501567,2.387258723,1.931119324,3.304855966
carcharhinus,carcharhinus,2024,8612.9926,27415.26985,18082.16764,35129.81788,0.925951872,0.610725959,1.186511051,5.670735683,4.425435666,8.597683204
galeocerdo,galeocerdo,2000,1.617,36.41207666,29.47257523,39.79361599,0.927930078,0.751082925,1.014105664,0.327528326,0.299695975,0.404646911
galeocerdo,galeocerdo,2001,4.5935,39.52903922,32.70292311,44.39564611,1.007363156,0.833405529,1.131384396,0.857061046,0.76311086,1.035956315
galeocerdo,galeocerdo,2002,3.7125,41.11742776,34.33024052,47.43334304,1.047841855,0.874876296,1.208797458,0.665924232,0.577254095,0.797579367
galeocerdo,galeocerdo,2003,2.3475,42.54045944,35.86811355,49.60444211,1.084106579,0.914067652,1.264126028,0.406993731,0.349035279,0.482704513
galeocerdo,galeocerdo,2004,25.5095,43.79608449,37.22293002,51.87667047,1.11610509,0.94859397,1.32203179,4.295868274,3.626720994,5.054470719
galeocerdo,galeocerdo,2005,0.3309,39.77020122,34.44652875,45.06314824,1.01350896,0.877839801,1.148395107,0.061365358,0.054157615,0.070849306
galeocerdo,galeocerdo,2006,0.0225,36.46834936,32.4642366,40.41596734,0.929364139,0.827322811,1.029965747,0.004550412,0.004105952,0.005111656
galeocerdo,galeocerdo,2007,1.3067,33.82814243,30.11591131,37.55856556,0.862080764,0.767477785,0.95714735,0.284893168,0.256596772,0.320010462
galeocerdo,galeocerdo,2008,0.41,37.62978481,34.12906536,42.40182486,0.95896231,0.869749522,1.080573597,0.08035935,0.071315446,0.088602047
galeocerdo,galeocerdo,2009,24.16,41.27533132,37.36273527,49.00733232,1.05186589,0.952156785,1.248909205,4.317085564,3.635968917,4.769167346
galeocerdo,galeocerdo,2010,13.5571,38.69940465,35.53980066,44.66692581,0.986220641,0.905700884,1.138297723,2.58372811,2.238540885,2.813429951
galeocerdo,galeocerdo,2011,2.55175,32.71129752,31.46160317,36.46894245,0.833618943,0.801771571,0.929379253,0.575340103,0.516058872,0.598193334
galeocerdo,galeocerdo,2012,4.26225,26.41447117,19.33838184,30.89899318,0.673149805,0.492821828,0.787433945,1.190094077,1.017369903,1.625560295
galeocerdo,galeocerdo,2013,0.8862,24.83704046,14.97626424,29.90539885,0.632950356,0.381657058,0.762113058,0.263157769,0.218557866,0.43642794
galeocerdo,galeocerdo,2014,2.77505,26.16012235,15.06030646,31.43122254,0.666667947,0.383798801,0.800997346,0.782375669,0.651169175,1.359005761
galeocerdo,galeocerdo,2015,2.1575,27.61839636,14.82932188,32.95394094,0.70383079,0.37791236,0.839802499,0.576151426,0.482867238,1.0730348
galeocerdo,galeocerdo,2016,2.057,29.38573277,15.71234865,34.90027289,0.74886982,0.400415528,0.889403075,0.516276148,0.434700123,0.965556026
galeocerdo,galeocerdo,2017,1.6785,31.28134485,16.66093383,36.6652332,0.797177844,0.424589396,0.934381552,0.395749363,0.337637899,0.743029917
galeocerdo,galeocerdo,2018,0.224,33.62325323,18.58816632,38.66182586,0.856859341,0.473703238,0.985262978,0.049135183,0.042731679,0.088878305
galeocerdo,galeocerdo,2019,0.778,36.41711986,22.11532921,41.10859687,0.9280586,0.563589914,1.047616808,0.157564471,0.139582585,0.259460041
galeocerdo,galeocerdo,2020,4.5114,39.71093105,27.29204009,44.10679276,1.011998511,0.695513885,1.12402322,0.837887208,0.754379973,1.21915698
galeocerdo,galeocerdo,2021,2.38775,42.39689949,31.00289127,46.24511016,1.080448078,0.790081697,1.178516378,0.415373753,0.380809111,0.568029579
galeocerdo,galeocerdo,2022,6.0073,44.43591639,33.37715756,48.18499023,1.132410649,0.850587807,1.227952533,0.997078782,0.919500225,1.327438063
galeocerdo,galeocerdo,2023,11.521,45.15783799,34.1826221,48.84531416,1.150808193,0.871114369,1.244780313,1.881660768,1.739608672,2.485816678
galeocerdo,galeocerdo,2024,46.18425,44.02606884,32.20524294,46.927699,1.121966041,0.820722583,1.19591156,7.736923124,7.258534241,10.57673468
ginglymostoma,ginglymostoma,2000,6.9418,37.90697104,32.17622157,41.22739754,0.931698055,0.790844592,1.013309295,2.081467679,1.913827691,2.452187708
ginglymostoma,ginglymostoma,2001,3.667,35.19769686,29.99733085,38.65633794,0.865108047,0.737290636,0.9501164,1.184168001,1.078218697,1.3894565
ginglymostoma,ginglymostoma,2002,0.1273,33.52691673,29.14716107,37.06281453,0.824042709,0.716394703,0.910949919,0.04315702,0.039039717,0.049641946
ginglymostoma,ginglymostoma,2003,3.8104,33.32878095,29.35050564,36.85438353,0.81917282,0.721392616,0.905826989,1.299474607,1.175162908,1.475610167
ginglymostoma,ginglymostoma,2004,3.5764,34.10643119,30.17306985,37.52625124,0.838286329,0.741610045,0.922340517,1.191863351,1.083247168,1.347234656
ginglymostoma,ginglymostoma,2005,4.3609,34.90568712,31.14881485,38.32442102,0.857930874,0.765592434,0.941958366,1.420026975,1.293353323,1.591297053
ginglymostoma,ginglymostoma,2006,1.5827,34.55422836,31.26485636,37.87323693,0.84929253,0.768444565,0.93086892,0.520611864,0.474988216,0.57538538
ginglymostoma,ginglymostoma,2007,7.1902,34.71753544,31.53973521,37.90212032,0.85330638,0.775200686,0.931578831,2.354012373,2.156225226,2.59119195
ginglymostoma,ginglymostoma,2008,3.3396,33.86519593,31.28070744,37.11649446,0.832357118,0.768834161,0.912269293,1.120875864,1.022690352,1.213485368
ginglymostoma,ginglymostoma,2009,0.891,33.25834454,31.28302039,36.6610665,0.817441596,0.76889101,0.901075538,0.304504513,0.276241719,0.32373204
ginglymostoma,ginglymostoma,2010,2.1549,32.90132311,31.26305139,36.33124736,0.80866653,0.768400201,0.892969065,0.744441226,0.67416076,0.783452038
ginglymostoma,ginglymostoma,2011,0.7844,33.91166908,32.59905502,37.37956027,0.83349936,0.801237222,0.918735067,0.262908772,0.238517394,0.2734949
ginglymostoma,ginglymostoma,2012,0.5413,35.73129438,34.09542875,39.05371094,0.878223096,0.838015905,0.959883249,0.172189211,0.157540557,0.180450683
ginglymostoma,ginglymostoma,2013,0.53,37.67228348,35.6970048,40.99122608,0.925929777,0.877380308,1.007504545,0.159908144,0.146960838,0.168756593
ginglymostoma,ginglymostoma,2014,3.8515,40.11064329,37.71485887,43.41360459,0.985861104,0.926976218,1.067043075,1.091407498,1.008371851,1.160737655
ginglymostoma,ginglymostoma,2015,4.6103,41.63978142,38.85357922,44.80590055,1.023445089,0.954964303,1.101263679,1.258454168,1.169528027,1.348698306
ginglymostoma,ginglymostoma,2016,1.3084,42.11399154,39.06182357,45.19629729,1.035100482,0.960082646,1.110859061,0.353126889,0.329044273,0.380719112
ginglymostoma,ginglymostoma,2017,0.524,42.27188332,39.11233176,45.19004143,1.038981232,0.961324063,1.110705301,0.140895249,0.131796903,0.152276974
ginglymostoma,ginglymostoma,2018,12.9895,43.43254709,39.89592623,46.35823916,1.067508654,0.980583672,1.139417898,3.399333647,3.184799971,3.700671539
ginglymostoma,ginglymostoma,2019,0.379,42.29150275,38.25989431,44.85910444,1.039463449,0.940372394,1.102571353,0.101859784,0.096029633,0.112593184
ginglymostoma,ginglymostoma,2020,0.961,41.33033968,36.87272389,43.9345605,1.015839462,0.906277768,1.079847412,0.264284122,0.248618682,0.296233946
ginglymostoma,ginglymostoma,2021,0.3814,40.29415058,35.31389145,42.9329414,0.990371446,0.867963941,1.055229075,0.107585896,0.100973336,0.122758555
ginglymostoma,ginglymostoma,2022,1.3258,42.71887337,37.53623275,45.03702747,1.049967595,0.922585848,1.106944442,0.352756384,0.334599243,0.40146158
ginglymostoma,ginglymostoma,2023,1.956,44.97073868,39.51751798,47.11096793,1.10531516,0.971282949,1.157918873,0.494373846,0.471914673,0.562594975
ginglymostoma,ginglymostoma,2024,0.8626,46.90001499,40.98526963,48.73856072,1.152733957,1.007358144,1.19792273,0.209051424,0.201165459,0.239220457
lamna,lamna,2000,6.2971,446.1842584,410.8149928,529.5469403,0.642484145,0.591554082,0.762522448,0.25474414,0.214641642,0.276676429
lamna,lamna,2001,2.2988,471.4522256,433.0535753,551.8244667,0.678868818,0.623576585,0.794601028,0.088011891,0.075193118,0.095815863
lamna,lamna,2002,9.31,500.1270623,456.9511544,577.0303151,0.720159221,0.657987964,0.830896253,0.336006115,0.29122517,0.367754299
lamna,lamna,2003,4.3571,528.0201433,479.667017,600.9407889,0.760323933,0.690697727,0.8653262,0.148944645,0.130871084,0.1639591
lamna,lamna,2004,4.248,556.6758892,503.12927,627.037131,0.801586846,0.724482257,0.902903693,0.13773996,0.12228385,0.152399233
lamna,lamna,2005,2.2295,585.9837894,526.9974163,651.9296698,0.843788831,0.758851255,0.938747767,0.068675168,0.061728338,0.076361921
lamna,lamna,2006,1.8682,617.9945535,553.5033557,679.1943578,0.889882811,0.797018549,0.978007623,0.054565304,0.049648617,0.060922956
lamna,lamna,2007,0.9659,652.2636251,581.2020872,707.3688529,0.939228647,0.836903407,1.018577558,0.026729255,0.024647001,0.029997348
lamna,lamna,2008,0.4857,688.188912,610.6084043,737.5852723,0.990959354,0.879247107,1.062087767,0.012739087,0.011885945,0.014357644
lamna,lamna,2009,0.1078,723.2033234,640.3884533,768.304634,1.041378444,0.922128963,1.106322189,0.00269052,0.00253258,0.003038457
lamna,lamna,2010,0.4388,758.5466115,671.3921053,799.4350013,1.0922711,0.96677275,1.15114844,0.010441483,0.009907437,0.011796909
lamna,lamna,2011,0.072,793.4242337,701.2276765,832.1298193,1.14249322,1.009734556,1.198227426,0.001637966,0.001561778,0.001853324
lamna,lamna,2012,1.3231,828.1496821,733.1289952,871.0759829,1.192496217,1.05567094,1.254308052,0.028837771,0.027416656,0.032575428
lamna,lamna,2013,1.4525,861.763973,764.1628704,911.0767588,1.2408992,1.100358246,1.31190727,0.030423254,0.02877657,0.034309
lamna,lamna,2014,2.3118,893.6997279,796.0385918,948.4810959,1.28688517,1.146257772,1.365767739,0.046691356,0.043994606,0.052419635
lamna,lamna,2015,7.63505,924.0028497,824.421002,984.6029694,1.330520227,1.187127095,1.417781521,0.149147655,0.139967949,0.167163207
lamna,lamna,2016,34.46154,950.8785668,850.469999,1016.765748,1.369219983,1.224636413,1.464094395,0.654165263,0.611774864,0.731397613
lamna,lamna,2017,38.2471,965.8134338,867.4029725,1034.818631,1.390725482,1.249019091,1.49008969,0.714797665,0.667132545,0.795894422
lamna,lamna,2018,56.333742,967.6656958,869.7200935,1039.871143,1.393392652,1.252355635,1.497365067,1.050802533,0.977838044,1.169141166
lamna,lamna,2019,37.607632,953.1422854,854.94271,1030.742598,1.37247963,1.231076905,1.484220395,0.712190387,0.658572542,0.793993287
lamna,lamna,2020,68.92075,938.8045852,835.3307956,1021.844417,1.351834023,1.202836679,1.471407437,1.325112188,1.217427407,1.489255999
lamna,lamna,2021,294.90685,914.8255153,802.1161116,1008.944032,1.317305301,1.155009112,1.452831496,5.818679645,5.275888884,6.636291838
lamna,lamna,2022,45.5504,812.0567457,674.1557836,934.9632633,1.169323153,0.970752316,1.346302702,1.012473518,0.879377813,1.219578575
lamna,lamna,2023,2.732,710.0595247,537.7834232,868.8504411,1.022451998,0.774382592,1.251103377,0.069448648,0.056756228,0.091696158
lamna,lamna,2024,4.75995,633.5461084,424.118363,823.600921,0.912276312,0.610710303,1.185946217,0.135613217,0.104319002,0.202578416
mustelus,mustelus,2000,246.0021,1296.843179,1074.528501,1746.162825,0.717119961,0.594185827,0.965581835,1.493017122,1.108836497,1.801915043
mustelus,mustelus,2001,124.93425,1254.828062,1011.060598,1686.682951,0.693886713,0.559089756,0.932691039,0.783629411,0.582990523,0.972563047
mustelus,mustelus,2002,94.40025,1265.288224,1004.148748,1676.304967,0.699670906,0.555267686,0.926952288,0.587214964,0.443234491,0.739926411
mustelus,mustelus,2003,306.83075,1300.531478,1032.911854,1691.151152,0.719159492,0.571172922,0.935161835,1.856912541,1.428005538,2.338024491
mustelus,mustelus,2004,230.9688,1324.604111,1039.315753,1692.42656,0.732471022,0.574714109,0.935867103,1.372399829,1.074130186,1.749118542
mustelus,mustelus,2005,149.15625,1321.107333,1007.219811,1668.09011,0.730537396,0.556965902,0.92240969,0.888621443,0.70377751,1.165549259
mustelus,mustelus,2006,31.3925,1303.36795,953.5624593,1633.851831,0.720727987,0.527294807,0.903476828,0.189571175,0.151226071,0.259113591
mustelus,mustelus,2007,12.13115,1357.766107,985.982761,1677.335977,0.750808728,0.545222376,0.92752241,0.070321876,0.056923992,0.096838061
mustelus,mustelus,2008,16.8482,1475.205848,1098.617492,1772.851083,0.815749797,0.607506401,0.980339736,0.089890608,0.07479881,0.120703659
mustelus,mustelus,2009,37.587,1641.214203,1245.892627,1900.975318,0.907548024,0.688945654,1.051189047,0.180254383,0.1556233,0.237449076
mustelus,mustelus,2010,24.6158,1811.591456,1383.293004,2028.874573,1.001762137,0.764924426,1.121913951,0.106946636,0.095493144,0.140059706
mustelus,mustelus,2011,50.0158,1975.194291,1517.0327,2163.696487,1.092230175,0.838878939,1.196466902,0.199301622,0.181938377,0.25949304
mustelus,mustelus,2012,53.8986,2122.465441,1639.702233,2356.794465,1.173667224,0.906711945,1.303244973,0.199871234,0.179998635,0.258717575
mustelus,mustelus,2013,43.0757,2254.777676,1764.024363,2553.075689,1.246832389,0.975458793,1.411783296,0.150363371,0.132795112,0.192194609
mustelus,mustelus,2014,48.7442,2378.216196,1878.271064,2724.979551,1.315090624,1.038634196,1.506841583,0.161318825,0.14079043,0.204257548
mustelus,mustelus,2015,144.56665,2489.566213,1991.894948,2873.605435,1.376664236,1.101465196,1.589027764,0.457043853,0.395962828,0.571235413
mustelus,mustelus,2016,251.69225,2569.997804,2081.598249,2962.030378,1.421140778,1.151068748,1.637924417,0.770815655,0.66879616,0.95166997
mustelus,mustelus,2017,439.8925,2591.31364,2116.343018,2960.135976,1.432927871,1.170281686,1.636876863,1.336103225,1.169629551,1.635964719
mustelus,mustelus,2018,387.0502,2508.424844,2061.24841,2816.55692,1.387092561,1.139815826,1.557481445,1.214449998,1.081588845,1.477918204
mustelus,mustelus,2019,285.73065,2361.340652,1943.313901,2659.349075,1.305758894,1.074601163,1.470549667,0.952382971,0.845658302,1.157250315
mustelus,mustelus,2020,351.542,2207.086116,1823.982451,2541.826729,1.220460218,1.008614029,1.405562919,1.253635773,1.088540803,1.516945575
mustelus,mustelus,2021,457.8725,2082.904734,1712.343426,2466.986961,1.1517912,0.946880602,1.364178508,1.730169251,1.460801285,2.104588173
mustelus,mustelus,2022,545.94535,1951.916566,1582.577806,2386.72245,1.079358209,0.875123649,1.319794357,2.20141214,1.800365529,2.715173187
mustelus,mustelus,2023,435.35,1751.594193,1369.67146,2255.092098,0.968585238,0.757392073,1.247006256,1.956223573,1.519454507,2.501702014
mustelus,mustelus,2024,806.78955,1530.805309,1103.826465,2128.809697,0.846494827,0.610386826,1.17717543,4.148143201,2.982887405,5.752715515
sphyrna,sphyrna,2000,2.52565,9712.703516,8950.002206,11435.46608,0.641317086,0.590956918,0.75506884,0.005059213,0.004297038,0.005490349
sphyrna,sphyrna,2001,4.2807,10339.8192,9525.176986,12017.54377,0.682724713,0.628934954,0.793502667,0.008054745,0.006930252,0.008743628
sphyrna,sphyrna,2002,0.69375,10997.63079,10101.38652,12623.13454,0.72615915,0.666981315,0.833489032,0.001227309,0.001069266,0.001336201
sphyrna,sphyrna,2003,27.13385,11678.12999,10688.72845,13241.1203,0.77109162,0.705762733,0.874293822,0.045205165,0.039869118,0.049389578
sphyrna,sphyrna,2004,26.1122,12377.29276,11279.89715,13860.32828,0.817256422,0.744796827,0.915179314,0.041045707,0.036653875,0.045038951
sphyrna,sphyrna,2005,19.9122,13093.65268,11875.43306,14469.81577,0.864556728,0.784119284,0.955422974,0.029587507,0.026773564,0.032622687
sphyrna,sphyrna,2006,1.299,13810.86763,12471.31307,15084.15321,0.911913492,0.82346446,0.99598687,0.001829945,0.001675476,0.002026501
sphyrna,sphyrna,2007,41.29095,14560.36341,13098.00236,15717.58812,0.961401716,0.864843932,1.037811747,0.055173763,0.051111534,0.061333783
sphyrna,sphyrna,2008,70.05145,15287.64432,13711.80394,16350.31012,1.009423122,0.905372446,1.079589551,0.089151058,0.083356808,0.099396817
sphyrna,sphyrna,2009,56.93765,16001.83456,14321.34294,16967.73151,1.056580167,0.945619508,1.120357077,0.069227668,0.065286847,0.077350965
sphyrna,sphyrna,2010,90.74915,16685.15545,14921.31138,17554.88099,1.10169895,0.985234637,1.159125788,0.105818658,0.10057606,0.118327452
sphyrna,sphyrna,2011,35.20975,17341.53661,15534.49323,18144.51522,1.145038938,1.025722231,1.198058564,0.039502566,0.037754395,0.044097685
sphyrna,sphyrna,2012,51.00325,17977.69629,16141.9851,18880.7696,1.187043728,1.065834123,1.246672475,0.055196781,0.052556701,0.061473912
sphyrna,sphyrna,2013,136.28905,18609.54184,16735.40377,19641.93561,1.228763662,1.105016781,1.296931269,0.142486994,0.134997779,0.158443604
sphyrna,sphyrna,2014,359.005,19224.29641,17292.38815,20316.96974,1.2693551,1.141793729,1.341502888,0.363328935,0.343788627,0.403920099
sphyrna,sphyrna,2015,864.1450875,19704.96669,17771.57332,20895.21526,1.301093129,1.173433698,1.379683683,0.853219755,0.804618026,0.94604268
sphyrna,sphyrna,2016,3269.99685,19890.7269,17952.05532,21129.12466,1.313358632,1.185350689,1.395128414,3.198501964,3.011034772,3.54391338
sphyrna,sphyrna,2017,2627.01,18982.26216,16980.59384,20474.53374,1.253373896,1.12120636,1.351906633,2.69254953,2.496305005,3.009946621
sphyrna,sphyrna,2018,628.036,17350.90984,15044.94288,19298.26744,1.14565784,0.993397864,1.27423931,0.70422628,0.633163922,0.812164379
sphyrna,sphyrna,2019,1064.2266,15920.47778,13065.08025,18337.82816,1.051208285,0.862670128,1.210822764,1.300552699,1.129109738,1.584790905
sphyrna,sphyrna,2020,1243.05215,15228.91768,11909.05554,17987.48163,1.005545478,0.786339332,1.187689841,1.588072232,1.344525141,2.030775758
sphyrna,sphyrna,2021,1321.47665,14967.37885,11351.31863,17973.71063,0.988276412,0.749512694,1.18678056,1.717764741,1.430446733,2.26497348
sphyrna,sphyrna,2022,488.85365,14529.92716,10397.75118,17840.53769,0.95939205,0.686549885,1.177987325,0.654583972,0.533114954,0.914722546
sphyrna,sphyrna,2023,481.265,14253.5509,9707.324657,17806.02235,0.941143288,0.640961927,1.175708322,0.656917982,0.525856573,0.964572034
sphyrna,sphyrna,2024,564.1588,14220.02653,9292.297758,17996.31904,0.938929718,0.613558244,1.188273364,0.77188198,0.609912628,1.181212927
squatina,squatina,2000,1487.6003,7401.268392,6040.716485,8072.729047,0.92934164,0.758503687,1.013653722,1.89394144,1.736410182,2.320514288
squatina,squatina,2001,937.13875,6856.789384,5698.877829,7525.665458,0.860974032,0.715580653,0.944961581,1.287862593,1.173398234,1.549533578
squatina,squatina,2002,476.90255,6501.358018,5530.646961,7208.151456,0.816344227,0.694456713,0.905092876,0.691213171,0.623436441,0.812531395
squatina,squatina,2003,762.6527,6335.886902,5493.010286,7092.699759,0.795566816,0.689730857,0.890596162,1.134242297,1.013215159,1.308286447
squatina,squatina,2004,776.8961,6402.289271,5602.115667,7132.430011,0.803904641,0.703430694,0.895584899,1.143441871,1.026388708,1.306764454
squatina,squatina,2005,587.1755,6523.565895,5776.341091,7255.981168,0.819132763,0.725307342,0.911098623,0.848143455,0.76253226,0.957858899
squatina,squatina,2006,452.68545,6594.164299,5872.482904,7326.777165,0.827997465,0.737379406,0.919988135,0.646879241,0.582197043,0.72637555
squatina,squatina,2007,1722.57615,6756.063046,6098.145987,7512.843573,0.848326311,0.765714833,0.943351598,2.402543053,2.16053112,2.66174873
squatina,squatina,2008,582.48395,6651.966812,6080.155135,7449.03265,0.835255448,0.763455809,0.935339168,0.825126114,0.736835477,0.902725572
squatina,squatina,2009,444.5852,6547.805286,6046.917749,7379.994805,0.822176387,0.75928235,0.926670418,0.639802139,0.567656203,0.692799208
squatina,squatina,2010,387.70125,6445.004044,6013.315633,7283.785123,0.80926813,0.755063094,0.914589832,0.566839948,0.501564186,0.607532679
squatina,squatina,2011,621.1722,6710.830704,6386.411773,7556.276834,0.842646704,0.80191098,0.948805304,0.872212228,0.774623366,0.916519135
squatina,squatina,2012,651.7121,6988.836829,6575.491489,7825.078308,0.877554594,0.82565281,0.982557411,0.878693322,0.784790134,0.933929314
squatina,squatina,2013,698.5635,7215.456177,6686.256652,8050.628387,0.906010095,0.839561058,1.010878648,0.912280809,0.817640796,0.984485422
squatina,squatina,2014,610.64472,7348.083638,6731.878082,8208.454482,0.922663487,0.845289522,1.030696112,0.78307067,0.700992957,0.854749404
squatina,squatina,2015,616.1672,7502.139897,6784.172042,8325.966187,0.942007589,0.851855822,1.04545149,0.773926754,0.697349311,0.8558313
squatina,squatina,2016,575.43015,7671.269668,6845.044574,8492.524484,0.9632444,0.859499293,1.066365414,0.706824844,0.638472576,0.792141516
squatina,squatina,2017,550.4883,7863.537566,6941.585564,8639.961362,0.987386555,0.87162148,1.084878353,0.659654561,0.600375188,0.747267087
squatina,squatina,2018,777.91145,8083.208332,7054.9676,8844.243936,1.014969555,0.885858317,1.110529132,0.906844523,0.82881174,1.039014439
squatina,squatina,2019,823.68035,8244.784269,7084.198534,8974.581165,1.035257868,0.889528705,1.126894951,0.941381917,0.864830422,1.095606056
squatina,squatina,2020,584.9325,8347.61295,7084.801754,9033.001437,1.04816957,0.889604448,1.134230503,0.660282658,0.610183017,0.777972942
squatina,squatina,2021,678.8649,8435.667126,7080.73878,9071.096324,1.059226109,0.88909428,1.139013894,0.758316251,0.705196289,0.903423169
squatina,squatina,2022,475.3602,8552.737281,7079.077009,9159.473207,1.073926045,0.888885619,1.150110954,0.523725992,0.489033672,0.632750684
squatina,squatina,2023,469.208,8763.400442,7203.785268,9343.25062,1.100378004,0.904544635,1.173186999,0.504520937,0.473209933,0.613749416
squatina,squatina,2024,557.648,9005.130082,7385.538024,9534.812851,1.130730831,0.927366454,1.197240546,0.583521149,0.551105085,0.711482878
epinephelus,epinephelus,2000,69.4321,1119.532581,820.3181765,1411.218502,0.480543004,0.352109593,0.605744924,2.080319137,1.650336252,2.839124037
epinephelus,epinephelus,2001,49.3819,1082.295106,807.5185411,1345.969777,0.464559362,0.346615536,0.577737863,1.58314081,1.273004475,2.121840507
epinephelus,epinephelus,2002,43.6408,1054.464411,793.9170471,1299.551213,0.452613443,0.340777293,0.557813372,1.473913469,1.195943094,1.957621775
epinephelus,epinephelus,2003,56.8821,1029.446821,784.4400671,1266.435591,0.441875008,0.336709438,0.543598975,2.015630517,1.638444501,2.645179047
epinephelus,epinephelus,2004,77.0052,1006.492471,777.1230607,1235.517021,0.432022188,0.33356872,0.530327631,2.854579416,2.325433515,3.697114183
epinephelus,epinephelus,2005,16.0811,970.9575067,768.7019772,1193.266425,0.416769324,0.329954093,0.51219218,0.640557975,0.521220208,0.809097144
epinephelus,epinephelus,2006,12.0394,942.8782261,765.3007649,1168.32816,0.404716703,0.328494172,0.501487794,0.508553641,0.410419068,0.626556482
epinephelus,epinephelus,2007,12.51545,931.4130492,773.424925,1157.983621,0.399795444,0.331981349,0.497047552,0.541757548,0.435757502,0.652422793
epinephelus,epinephelus,2008,11.636,947.6365868,794.6479963,1181.526955,0.40675916,0.341091043,0.507153183,0.486590035,0.390266611,0.58027016
epinephelus,epinephelus,2009,25.2065,967.0956647,818.1852246,1206.580341,0.415111685,0.351194054,0.517906984,1.012084588,0.811203849,1.196284885
epinephelus,epinephelus,2010,19.9872,984.2493379,841.5213383,1228.03641,0.422474649,0.36121074,0.527116688,0.774791474,0.620981584,0.906201615
epinephelus,epinephelus,2011,14.2276,996.2849984,864.4497442,1245.13629,0.42764078,0.371052423,0.534456561,0.538279205,0.430699436,0.620370936
epinephelus,epinephelus,2012,13.2973,1009.632725,887.3600141,1258.889369,0.433370096,0.380886322,0.54035987,0.489868786,0.392876109,0.557369669
epinephelus,epinephelus,2013,13.80395,1029.926015,912.1215463,1285.634514,0.442080695,0.391514848,0.551839832,0.488691132,0.391492065,0.55180772
epinephelus,epinephelus,2014,13.8819,1053.490388,935.5459338,1313.92414,0.452195358,0.401569424,0.563982741,0.469711177,0.376609421,0.528927754
epinephelus,epinephelus,2015,58.1045,1080.359247,953.2134579,1342.993365,0.463728423,0.409152951,0.576460281,1.869461473,1.503871904,2.11882236
epinephelus,epinephelus,2016,29.16895,1092.815812,942.5958274,1352.874663,0.469075221,0.404595488,0.580701684,0.917212561,0.740899668,1.063387255
epinephelus,epinephelus,2017,20.1709,1100.663748,918.1663301,1352.823251,0.472443833,0.394109483,0.580679616,0.625257758,0.508712832,0.749535813
epinephelus,epinephelus,2018,25.6667,1109.356363,885.153736,1352.758797,0.476175011,0.379939309,0.58065195,0.783197,0.642276048,0.98157477
epinephelus,epinephelus,2019,25.2291,1133.649176,869.3679242,1369.459226,0.486602346,0.37316348,0.587820365,0.737203762,0.610263103,0.961308111
epinephelus,epinephelus,2020,49.4103,1160.710945,853.6895502,1388.17748,0.498218215,0.366433767,0.595854902,1.37724901,1.151573213,1.872563627
epinephelus,epinephelus,2021,59.9095,1178.47811,819.4012809,1392.244246,0.505844511,0.351716028,0.597600502,1.638863679,1.387231426,2.35704412
epinephelus,epinephelus,2022,29.5833,1182.838027,757.6272228,1384.794162,0.507715942,0.325200417,0.594402662,0.806287626,0.688699946,1.258808602
epinephelus,epinephelus,2023,24.522,1180.943857,689.305173,1377.930181,0.506902897,0.295874175,0.591456399,0.669414773,0.573716488,1.146866866
epinephelus,epinephelus,2024,9.4049,1191.386379,630.8089262,1390.345971,0.511385197,0.270765516,0.596785695,0.254489698,0.218072024,0.48064564
hexaplex,hexaplex,2000,4.75,19415.11295,15443.30929,23431.51334,1.499800577,1.192982202,1.810064012,0.00086523,0.000716921,0.001087755
hexaplex,hexaplex,2001,20,22245.29489,18511.34239,24889.54671,1.718429669,1.429985088,1.92269582,0.003179579,0.002841783,0.003820937
hexaplex,hexaplex,2002,51,24082.99324,20938.02582,25577.22606,1.860390267,1.617444271,1.975818452,0.007489237,0.007051712,0.008614147
hexaplex,hexaplex,2003,33.43,25049.93095,22692.0984,25783.24689,1.935085364,1.752944851,1.991733382,0.004719627,0.004585394,0.005210022
hexaplex,hexaplex,2004,19.215,25475.44162,23896.20179,25837.26165,1.967955693,1.84596079,1.995905975,0.002667451,0.002630097,0.002843737
hexaplex,hexaplex,2005,5,25663.96278,24663.13427,25856.9023,1.982518788,1.905205657,1.997423198,0.000689008,0.000683867,0.000716968
hexaplex,hexaplex,2006,6.85375,25765.9555,25143.92003,25872.36329,1.990397637,1.942345938,1.998617546,0.000940719,0.00093685,0.000963991
hexaplex,hexaplex,2007,8.7075,25822.73003,25445.74972,25880.77411,1.99478342,1.965662019,1.999267274,0.00119253,0.001189855,0.001210197
hexaplex,hexaplex,2008,10.56125,25852.17475,25627.69213,25884.68812,1.997057999,1.979716912,1.999569628,0.001444761,0.001442947,0.001457416
hexaplex,hexaplex,2009,12.415,25862.16303,25726.63253,25884.93773,1.997829585,1.987359972,1.999588911,0.001697695,0.001696202,0.001706639
hexaplex,hexaplex,2010,19.889,25864.75061,25781.67401,25884.30558,1.998029473,1.991611878,1.999540078,0.002719459,0.002717404,0.002728222
hexaplex,hexaplex,2011,19.802,25862.89551,25802.33734,25882.69715,1.997886168,1.993208102,1.999415828,0.002707757,0.002705686,0.002714113
hexaplex,hexaplex,2012,15.13,25860.03066,25802.70195,25881.10234,1.997664861,1.993236268,1.99929263,0.00206913,0.002067445,0.002073727
hexaplex,hexaplex,2013,4.623,25858.67722,25797.8697,25880.24968,1.997560309,1.992862981,1.999226763,0.00063226,0.000631733,0.00063375
hexaplex,hexaplex,2014,1012.006,25863.52583,25808.35948,25882.03862,1.99793486,1.993673307,1.999364957,0.138379962,0.138280983,0.138675755
hexaplex,hexaplex,2015,1472.223,25536.02579,24912.32508,25762.72251,1.972635767,1.92445543,1.990147891,0.20389104,0.202096919,0.208995621
hexaplex,hexaplex,2016,1667.515,24911.32364,23177.89297,25539.85605,1.924378069,1.790472059,1.972931651,0.236728636,0.230902776,0.254433122
hexaplex,hexaplex,2017,1327.99,24074.274,20761.47501,25249.45955,1.859716714,1.603805875,1.950498774,0.195083014,0.186003265,0.22621138
hexaplex,hexaplex,2018,1078.781,23570.97454,18969.42313,25096.71973,1.820837268,1.465371426,1.938699756,0.161857788,0.152017707,0.201120813
hexaplex,hexaplex,2019,1113.165,23439.99111,17987.05699,25093.52716,1.810718912,1.389484497,1.938453133,0.167949978,0.156882927,0.218865487
hexaplex,hexaplex,2020,1703.916,23541.81829,17684.8981,25164.03832,1.818584973,1.366142986,1.943900058,0.255968208,0.239467011,0.340740275
hexaplex,hexaplex,2021,1189.55,23469.02775,17113.31785,25137.06428,1.812961967,1.321988909,1.941816337,0.179252596,0.167357815,0.245825163
hexaplex,hexaplex,2022,741.521,23388.53765,16537.46913,25115.27913,1.806744177,1.277505097,1.940133454,0.112123911,0.104415097,0.158574101
hexaplex,hexaplex,2023,925.719,23472.0359,16346.70567,25156.7407,1.813194344,1.262768786,1.943336324,0.139478179,0.130137558,0.200275021
hexaplex,hexaplex,2024,219.333,23779.70756,16839.33455,25278.16593,1.836961712,1.300823937,1.952716317,0.032619351,0.030685717,0.046063497
lobatus,lobatus,2000,8.097,678.2429957,539.2375949,818.6907455,1.500231583,1.192760228,1.810893324,0.042219849,0.034976964,0.053103339
lobatus,lobatus,2001,10,768.4966464,636.9668002,861.0662056,1.699867079,1.408931189,1.904625222,0.046018862,0.04107157,0.055521482
lobatus,lobatus,2002,0.4,825.5387933,712.4382606,883.6552995,1.826040782,1.575869395,1.954590902,0.001713564,0.001600866,0.001985595
lobatus,lobatus,2003,16.822,859.8146477,771.9902553,894.8144505,1.901856853,1.707594726,1.979274254,0.069191164,0.066484819,0.077062601
lobatus,lobatus,2004,7.837,872.6659667,807.3518722,897.210795,1.930283177,1.785812437,1.98457482,0.031759939,0.030891088,0.034329292
lobatus,lobatus,2005,3.38,880.1701016,830.2227999,898.7270019,1.946881859,1.836401515,1.987928575,0.013580881,0.013300463,0.014397925
lobatus,lobatus,2006,0.212,883.0845967,840.2916082,898.8986529,1.953328542,1.858673097,1.988308257,0.000849007,0.000834071,0.000892244
lobatus,lobatus,2007,3.646,890.9473226,858.4277334,901.2355373,1.970720406,1.898789085,1.993477301,0.014472464,0.014307251,0.015020721
lobatus,lobatus,2008,11.969,895.8573897,872.398901,902.4198866,1.981581171,1.929692444,1.996097008,0.047249459,0.046905855,0.048519979
lobatus,lobatus,2009,4.771,894.9254229,873.6006366,901.6361744,1.979519718,1.932350609,1.994363485,0.018853866,0.01871354,0.019314093
lobatus,lobatus,2010,2.728,893.2767023,870.1886457,900.8602329,1.97587285,1.924803496,1.992647151,0.01080031,0.010709392,0.011086866
lobatus,lobatus,2011,9.288,892.9917114,869.0576825,900.7554783,1.975242467,1.922301875,1.99241544,0.036783464,0.036466421,0.037796489
lobatus,lobatus,2012,23.026,893.7519729,870.7526995,901.0798002,1.976924119,1.926051148,1.99313282,0.091112788,0.090371834,0.093519359
lobatus,lobatus,2013,21.486,887.9400383,855.2557273,898.892261,1.964068479,1.891772803,1.988294118,0.085575566,0.084532902,0.088845908
lobatus,lobatus,2014,19.996,879.1592976,829.948058,895.9534617,1.944646023,1.835793803,1.981793676,0.080436544,0.078928805,0.085205978
lobatus,lobatus,2015,4.09,871.798158,806.5367588,893.6902046,1.928363637,1.784009456,1.976787491,0.016591483,0.016185054,0.017933993
lobatus,lobatus,2016,42.491,874.7595223,809.5863358,895.2707417,1.934913992,1.790754932,1.980283542,0.17178535,0.167849639,0.185614386
lobatus,lobatus,2017,80.892,868.9357886,792.2313417,893.1588792,1.922032253,1.752366758,1.975612232,0.329227223,0.320298352,0.361103256
lobatus,lobatus,2018,33.114,845.6806656,726.8608429,885.1541812,1.870593359,1.607771255,1.957906335,0.138478737,0.132303267,0.161115833
lobatus,lobatus,2019,50.847,825.3797091,658.3523329,878.7843934,1.825688898,1.456234666,1.943816758,0.217865968,0.204626016,0.273139686
lobatus,lobatus,2020,14.116,812.1119886,600.806101,875.4136501,1.79634152,1.328945958,1.936360882,0.061471467,0.05702643,0.083091226
lobatus,lobatus,2021,49.155,827.6301318,614.4457042,882.4971167,1.830666694,1.359115917,1.952029073,0.210043505,0.196984591,0.282918951
lobatus,lobatus,2022,34.072,830.3486622,611.0755988,883.000314,1.836679915,1.351661452,1.953142114,0.145115896,0.136462907,0.197188024
lobatus,lobatus,2023,34.857,837.0149489,624.4493023,885.3379788,1.851425329,1.381243258,1.958312884,0.147276903,0.139238316,0.197410693
lobatus,lobatus,2024,51.045,833.3515566,614.394382,883.5199941,1.843322132,1.359002396,1.954291614,0.216622123,0.204321786,0.29382167
megastraea,megastraea,2000,1584.048,18813.36354,14956.27108,22701.56352,1.500475444,1.192849829,1.810582065,0.297769177,0.246768896,0.374561262
megastraea,megastraea,2001,1762.877,19540.5132,14948.33485,23076.45331,1.55846987,1.192216869,1.840481712,0.319053782,0.270166067,0.417068168
megastraea,megastraea,2002,1751.166,20197.11911,13744.5901,23537.88674,1.61083802,1.096211206,1.877283718,0.306630775,0.263110208,0.450581519
megastraea,megastraea,2003,1269.558,20702.50143,12173.08523,23841.87902,1.651145207,0.970874529,1.901528875,0.216874042,0.188317169,0.368832969
megastraea,megastraea,2004,1818.884,21126.25249,10785.11999,24051.87275,1.684941825,0.860176208,1.9182771,0.304481133,0.267444675,0.596427791
megastraea,megastraea,2005,68.286,21369.3562,9245.058596,24133.22747,1.704330763,0.737347332,1.924765613,0.011301032,0.010006775,0.026121605
megastraea,megastraea,2006,111.922,22105.21988,9107.471602,24377.63468,1.763020182,0.726373966,1.944258513,0.017905996,0.016236849,0.043460577
megastraea,megastraea,2007,156.632,22922.26967,9929.228232,24612.44486,1.828184667,0.791913849,1.962985994,0.024165775,0.022506273,0.055788264
megastraea,megastraea,2008,51.982,23935.52379,12503.93225,24903.13719,1.908997591,0.997261508,1.986170402,0.007680472,0.007382046,0.014702264
megastraea,megastraea,2009,79.506,24446.03964,15191.53857,24986.42231,1.949714208,1.211613784,1.992812877,0.011501891,0.011253139,0.018508703
megastraea,megastraea,2010,177.646,24691.41227,17683.68323,25012.94649,1.969284106,1.410376852,1.994928335,0.025444115,0.025117038,0.035527165
megastraea,megastraea,2011,78.855,24793.16597,19802.56327,25018.83922,1.977399557,1.579369891,1.995398314,0.011247995,0.011146536,0.014082692
megastraea,megastraea,2012,128.618,24829.50089,21471.35108,25017.6097,1.980297478,1.712465449,1.995300253,0.018319415,0.018181671,0.021184598
megastraea,megastraea,2013,133.168,24831.64604,22534.93653,25011.41301,1.980468566,1.797292591,1.994806031,0.018965846,0.018829531,0.020898802
megastraea,megastraea,2014,36.855,24852.75836,23289.81662,25015.38881,1.982152397,1.85749868,1.995123124,0.005244447,0.005210351,0.005596393
megastraea,megastraea,2015,94.031,24877.27651,23781.09902,25021.79689,1.984107863,1.896681316,1.995634206,0.013367373,0.013290166,0.013983535
megastraea,megastraea,2016,39.956,24899.88066,24111.40395,25027.62555,1.985910676,1.92302506,1.996099075,0.005674957,0.005645991,0.005860536
megastraea,megastraea,2017,56.663,24942.48441,24383.69257,25040.78765,1.989308573,1.944741665,1.997148829,0.008034109,0.008002569,0.008218223
megastraea,megastraea,2018,72.394,24953.09808,24518.18656,25042.48287,1.990155075,1.955468346,1.997284033,0.010260203,0.010223581,0.010442202
megastraea,megastraea,2019,60.431,24965.6487,24616.21694,25045.60668,1.99115606,1.96328684,1.997533175,0.008560414,0.008533085,0.008681931
megastraea,megastraea,2020,106.104,24963.90537,24650.40206,25044.02449,1.991017019,1.966013302,1.997406987,0.015031319,0.014983231,0.015222487
megastraea,megastraea,2021,36.181,24946.5368,24621.03423,25037.70693,1.989631775,1.963671046,1.996903124,0.005129183,0.005110506,0.005196993
megastraea,megastraea,2022,116.628,24952.12578,24642.21318,25040.16384,1.990077529,1.965360191,1.997099077,0.01653001,0.016471893,0.0167379
megastraea,megastraea,2023,43.785,24935.06106,24600.37867,25034.2933,1.988716517,1.962023645,1.996630867,0.006210017,0.006185401,0.006294503
megastraea,megastraea,2024,81.193,24949.96582,24639.36574,25039.89095,1.989905259,1.965133092,1.997077313,0.011508706,0.011467375,0.011653783
caranx,caranx,2000,14.9372,356.4052111,346.8186482,404.816923,0.606079845,0.58977755,0.688405697,0.271425823,0.238966239,0.27892842
caranx,caranx,2001,33.5985,417.7638201,395.126844,469.5886053,0.71042236,0.67192737,0.798552266,0.520852886,0.463370467,0.550692758
caranx,caranx,2002,38.57,471.0144877,442.5586156,528.8198819,0.80097703,0.752586799,0.899277176,0.530324126,0.472354303,0.564423193
caranx,caranx,2003,51.4507,524.5214155,490.0239512,573.2476382,0.89196748,0.833303305,0.974828169,0.635263752,0.581266141,0.679986032
caranx,caranx,2004,63.5599,567.6731509,528.7999434,612.644836,0.965348554,0.89924327,1.041824517,0.725121635,0.6718935,0.778426867
caranx,caranx,2005,58.2112,599.4568659,555.1637766,637.8551654,1.019397901,0.944075914,1.084695587,0.628889908,0.591031309,0.67906515
caranx,caranx,2006,49.8823,627.1728457,582.7257151,663.4601688,1.066529919,0.990945979,1.128237813,0.51509251,0.486920015,0.55438095
caranx,caranx,2007,41.9226,654.7842144,610.5330465,680.9054648,1.113484042,1.038233344,1.157904165,0.414644606,0.398737794,0.444697866
caranx,caranx,2008,67.1037,690.4028887,642.7565293,705.0266474,1.174054875,1.093030532,1.198923101,0.629462525,0.616406127,0.676123424
caranx,caranx,2009,70.1434,721.3223297,673.6835839,750.5413017,1.226634493,1.145623097,1.276322403,0.629772146,0.605254781,0.674305746
caranx,caranx,2010,86.4847,744.5761432,694.0659903,780.1562955,1.266178437,1.18028411,1.326683762,0.752239576,0.717932606,0.80698327
caranx,caranx,2011,114.5851,751.7518739,699.2847108,795.1172901,1.278381025,1.189158732,1.35212547,0.987142024,0.933303646,1.061207051
caranx,caranx,2012,81.667,745.5310984,689.7508856,792.4361607,1.267802373,1.17294612,1.347566113,0.70942559,0.667434004,0.766796898
caranx,caranx,2013,171.5144,734.478252,671.6306488,790.381785,1.249006611,1.142132008,1.344072574,1.512333803,1.40536676,1.65384991
caranx,caranx,2014,132.8545,698.3560344,637.3537522,758.9905816,1.187579484,1.083842916,1.290690707,1.232041654,1.133615811,1.349962592
caranx,caranx,2015,85.0198,657.9885016,594.9504173,727.731321,1.118933047,1.011734524,1.237533213,0.836811782,0.756615134,0.925476334
caranx,caranx,2016,172.8714,618.333634,548.1358115,698.7784729,1.051498522,0.932124607,1.188297856,1.810615736,1.602173867,2.042494916
caranx,caranx,2017,130.0308,578.5049865,509.5270905,669.8316289,0.983768479,0.866469092,1.13907271,1.455677401,1.257206436,1.652741632
caranx,caranx,2018,124.2336,539.9393399,468.3575703,646.5249342,0.918186214,0.796458847,1.099438839,1.490116113,1.244456738,1.717859092
caranx,caranx,2019,105.3221,485.4760071,408.9736661,619.5421596,0.825569363,0.695474388,1.053553663,1.405004614,1.100967899,1.667823839
caranx,caranx,2020,37.3952,452.3077275,375.4109205,599.7397834,0.769165514,0.638399735,1.019879012,0.535436366,0.403811808,0.645111777
caranx,caranx,2021,55.7141,447.4272825,364.7568437,607.9579747,0.760866142,0.620282095,1.033854342,0.806433702,0.593495693,0.989208142
caranx,caranx,2022,98.6951,463.2949068,374.8278515,634.5229721,0.787849606,0.637408205,1.079029072,1.3796346,1.007335765,1.705256642
caranx,caranx,2023,163.03,483.3649505,385.3068426,666.0385915,0.821979435,0.655228106,1.132622514,2.184330674,1.585236804,2.740228751
caranx,caranx,2024,140.5277,464.3932393,356.4520427,667.0000723,0.78971736,0.606159483,1.134257546,1.959756266,1.364463961,2.553211796
seriola,seriola,2000,862.4337,3086.526842,2325.03687,3893.442745,0.79533787,0.599116731,1.003264387,0.9881742,0.783375124,1.311818419
seriola,seriola,2001,1236.7302,3251.116526,2483.253538,4063.284434,0.837749427,0.639886086,1.047029284,1.345303527,1.076404716,1.761293586
seriola,seriola,2002,902.1762,3238.069663,2455.755479,4039.788922,0.834387505,0.632800372,1.040974948,0.985333001,0.789788021,1.29922418
seriola,seriola,2003,1371.3446,3280.186516,2515.959393,4041.641988,0.845240198,0.648313748,1.041452447,1.478515603,1.199959561,1.927617337
seriola,seriola,2004,1103.3693,3146.152986,2403.174939,3897.382908,0.810702367,0.61925139,1.004279691,1.240277626,1.001211133,1.623728299
seriola,seriola,2005,496.8036,3051.970354,2303.445646,3793.097966,0.786433336,0.593553093,0.977407492,0.575681501,0.463199973,0.762754214
seriola,seriola,2006,463.892,3075.548563,2312.778158,3816.978101,0.792508982,0.5959579,0.983560938,0.5334235,0.429808564,0.709350299
seriola,seriola,2007,408.7971,3428.483512,2613.581947,4115.801224,0.883453446,0.67346918,1.060561838,0.421680571,0.351262077,0.553158429
seriola,seriola,2008,596.4039,4032.542696,3163.918853,4635.40498,1.039107736,0.815280285,1.194453609,0.523045356,0.455020163,0.666642487
seriola,seriola,2009,524.836,4598.010638,3623.179159,5369.190913,1.184817815,0.933622723,1.383535957,0.403674667,0.34569462,0.512285021
seriola,seriola,2010,926.6911,5113.715936,4063.823863,5953.139366,1.317705029,1.047168284,1.534008103,0.640879298,0.550512003,0.806450966
seriola,seriola,2011,716.8817,5388.283659,4347.406989,6145.415688,1.388455785,1.120242134,1.583553967,0.470516539,0.412547614,0.583169827
seriola,seriola,2012,1243.0832,5561.774923,4579.331643,6253.771792,1.433161106,1.180004602,1.611475226,0.790432225,0.702968748,0.960010428
seriola,seriola,2013,881.8594,5476.700228,4578.802123,6110.853749,1.411239014,1.179868155,1.574648029,0.569453451,0.510358449,0.681122651
seriola,seriola,2014,1200.9571,5425.134503,4566.661944,6036.232893,1.39795153,1.176739867,1.555419687,0.782879344,0.703621914,0.930050394
seriola,seriola,2015,1233.5812,5226.054447,4402.847536,5853.358419,1.346652476,1.134528084,1.508296496,0.834779283,0.745316051,0.990859199
seriola,seriola,2016,979.90915,5074.916841,4227.938401,5737.33426,1.307707258,1.089457405,1.478399329,0.68286481,0.604023048,0.819662398
seriola,seriola,2017,933.0028,4933.960154,4038.646369,5614.393902,1.271385464,1.040680534,1.446719992,0.668752101,0.587703014,0.817005481
seriola,seriola,2018,967.0145,4881.69831,3980.096059,5602.837034,1.257918605,1.025593259,1.443742013,0.70055123,0.610383585,0.859245532
seriola,seriola,2019,1358.5286,4932.770228,3985.068163,5652.220781,1.271078843,1.026874474,1.456467243,0.973992808,0.850016818,1.205621216
seriola,seriola,2020,1012.5534,4843.012229,3890.856881,5583.179011,1.247949955,1.002598061,1.438676523,0.739401319,0.641378258,0.920344731
seriola,seriola,2021,1490.6776,4759.963469,3732.667054,5515.322947,1.226549906,0.961835622,1.421191336,1.107536266,0.955851946,1.412349961
seriola,seriola,2022,1584.7928,4503.94931,3424.554384,5264.917203,1.160580042,0.882440986,1.356666652,1.244390955,1.064532179,1.636614039
seriola,seriola,2023,1326.58,4198.402038,3015.569877,5005.915847,1.081846459,0.777053642,1.289927045,1.117447869,0.937190227,1.555757486
seriola,seriola,2024,4.4926,3820.357756,2432.552843,4617.182815,0.984431809,0.626821504,1.189758112,0.004158834,0.00344111,0.006531506
scomberomorus,scomberomorus,2000,4585.52282,18428.84728,16392.99779,24010.85544,0.66567215,0.592134816,0.867301005,1.045645172,0.802555129,1.175504043
scomberomorus,scomberomorus,2001,4321.95152,19112.25766,16562.27289,24849.54449,0.690357756,0.598249236,0.897595463,0.950301791,0.730895196,1.096613539
scomberomorus,scomberomorus,2002,3622.17245,20183.54504,17299.15598,25783.48919,0.729053946,0.62486634,0.93133067,0.754163177,0.590365653,0.879909197
scomberomorus,scomberomorus,2003,4170.28961,21670.58643,18364.75687,27016.12905,0.782767671,0.663357127,0.975855106,0.808703272,0.648689312,0.954277494
scomberomorus,scomberomorus,2004,3836.31502,23334.52808,19707.77485,28457.03137,0.842871247,0.711868554,1.027902232,0.690889971,0.566524007,0.818032049
scomberomorus,scomberomorus,2005,5052.00483,25261.75204,21309.25168,30096.76319,0.912484896,0.769715825,1.08713132,0.840415276,0.705403507,0.996297881
scomberomorus,scomberomorus,2006,4518.89277,26933.48369,22787.6843,31317.72984,0.972869856,0.823118591,1.131234105,0.70507149,0.606366795,0.833346259
scomberomorus,scomberomorus,2007,4709.88178,28398.48665,24165.90641,32287.40136,1.025787527,0.872901633,1.166259808,0.696960969,0.613014239,0.819031426
scomberomorus,scomberomorus,2008,5498.0515,29766.68559,25475.55203,32975.19351,1.075208519,0.920207609,1.191103688,0.776197021,0.700672543,0.90694061
scomberomorus,scomberomorus,2009,5632.93254,30896.25701,26647.37059,33339.7411,1.116009999,0.962535106,1.204271586,0.766165037,0.710012469,0.888328993
scomberomorus,scomberomorus,2010,7032.24682,31720.66928,27547.51445,33175.61627,1.145788763,0.995049386,1.1983432,0.931634176,0.890776507,1.072766824
scomberomorus,scomberomorus,2011,6972.82485,31837.63286,27680.22987,34102.59506,1.150013628,0.999843227,1.23182679,0.920368263,0.85924097,1.058602005
scomberomorus,scomberomorus,2012,6147.17475,31544.56002,27523.70468,34313.69614,1.139427484,0.994189349,1.239452015,0.818926139,0.752838302,0.938560599
scomberomorus,scomberomorus,2013,6067.7054,31203.13755,27051.90991,34489.5005,1.127094893,0.977147553,1.24580228,0.817184028,0.739317916,0.942584302
scomberomorus,scomberomorus,2014,5753.8312,31094.40147,26910.43703,34726.8788,1.123167216,0.972037383,1.25437667,0.777622044,0.696281753,0.898524688
scomberomorus,scomberomorus,2015,5317.1693,31390.56309,27045.9418,35376.71636,1.13386493,0.976931978,1.277849585,0.71182794,0.631621082,0.82617496
scomberomorus,scomberomorus,2016,6508.7026,31874.87023,27514.2054,36045.16389,1.151358687,0.993846223,1.301994714,0.858103456,0.758824024,0.994102352
scomberomorus,scomberomorus,2017,8832.9131,32211.98165,27990.44535,36737.80258,1.163535557,1.011048584,1.327013658,1.152338742,1.010379277,1.326135184
scomberomorus,scomberomorus,2018,7687.3261,31675.70632,27539.20853,36500.87939,1.144164646,0.994749366,1.318455707,1.0198649,0.885045555,1.173052632
scomberomorus,scomberomorus,2019,8466.679411,30531.52326,26413.49013,35603.19017,1.102835377,0.954087063,1.286030092,1.165355128,0.999350537,1.347041494
scomberomorus,scomberomorus,2020,7623.37151,28912.46929,25076.69191,34444.86744,1.044353198,0.905800301,1.24419008,1.108040281,0.930071241,1.277528181
scomberomorus,scomberomorus,2021,9207.27083,27617.44165,23764.88129,33628.27253,0.997575241,0.858416123,1.214693689,1.401009633,1.150588445,1.628129394
scomberomorus,scomberomorus,2022,10889.33789,25894.0406,22106.44143,32473.37965,0.93532392,0.798511278,1.172977567,1.767239043,1.40918377,2.070028308
scomberomorus,scomberomorus,2023,10903.077,23495.19805,19800.54191,30968.88666,0.848674839,0.715219411,1.118633469,1.950130243,1.479507377,2.314012238
scomberomorus,scomberomorus,2024,12159.32873,20037.04807,16760.31398,28146.10808,0.723762299,0.605402719,1.016671309,2.550172207,1.815452529,3.048744979
alopias,alopias,2000,0.051,7854.050924,7263.645175,9235.012921,0.63929923,0.591241744,0.751705929,0.000126336,0.000107444,0.000136605
alopias,alopias,2001,0.051,8360.91847,7738.477597,9713.08461,0.680556924,0.629891863,0.790619716,0.000118677,0.000102156,0.000128223
alopias,alopias,2002,20.372,8902.550817,8214.787401,10217.01106,0.724644382,0.668662237,0.831638013,0.044521434,0.03879357,0.048248885
alopias,alopias,2003,42.2544,9442.245328,8685.509241,10681.34356,0.768574106,0.706977765,0.869433466,0.087065601,0.076965483,0.094651302
alopias,alopias,2004,3.386,9991.118306,9144.541005,11169.89928,0.813250933,0.744341752,0.909200625,0.006593603,0.005897767,0.007204021
alopias,alopias,2005,20.506,10560.88775,9630.382086,11665.54971,0.859628677,0.783887947,0.949545275,0.037777261,0.034199967,0.041427371
alopias,alopias,2006,13.5365,11150.08726,10112.84263,12164.85915,0.907587978,0.823158975,0.990187759,0.0236199,0.021649568,0.026042524
alopias,alopias,2007,6.567,11755.97302,10614.46166,12670.83597,0.956905497,0.863989454,1.031372951,0.010868219,0.010083509,0.01203702
alopias,alopias,2008,3.589,12345.4695,11122.33434,13179.7072,1.00488897,0.905328963,1.07279374,0.005656083,0.005298069,0.006278089
alopias,alopias,2009,29.935,12942.13584,11643.67118,13692.73199,1.053456052,0.94776442,1.114552618,0.045001113,0.042534281,0.050019491
alopias,alopias,2010,87.116,13529.97632,12157.32319,14212.12059,1.101304731,0.989574352,1.156829493,0.125271083,0.119258402,0.139415129
alopias,alopias,2011,59.4658,14079.59547,12638.10764,14720.08081,1.146042294,1.02870895,1.198176128,0.0821726,0.078597189,0.091545111
alopias,alopias,2012,174.2654,14600.37907,13117.94267,15294.25153,1.188432719,1.067766268,1.244912125,0.232218587,0.221683251,0.258461215
alopias,alopias,2013,68.6451,15059.61939,13551.96284,15820.24388,1.225813682,1.103094376,1.287726529,0.088684044,0.084420187,0.098550148
alopias,alopias,2014,543.81445,15509.91656,13987.15073,16364.41288,1.262466695,1.138517534,1.332020463,0.682167813,0.646547232,0.756434678
alopias,alopias,2015,549.037318,15790.63176,14257.53456,16712.13507,1.285316179,1.160526071,1.360324141,0.676475856,0.639175132,0.749216569
alopias,alopias,2016,868.3839,15912.06132,14364.64687,16921.84586,1.295200228,1.169244734,1.377394052,1.061781762,0.998421605,1.176160936
alopias,alopias,2017,1710.15805,15767.0351,14199.6204,16889.87967,1.283395472,1.15581201,1.374792088,2.110260922,1.969970104,2.343200528
alopias,alopias,2018,1209.1684,15230.50438,13553.04618,16555.55925,1.239723274,1.103182558,1.347579278,1.544622814,1.420996065,1.735800514
alopias,alopias,2019,914.3039,14526.92676,12518.0457,16101.60336,1.182453893,1.018936222,1.310628455,1.224522494,1.104768773,1.421032405
alopias,alopias,2020,1189.93345,13850.27686,11398.35284,15659.64125,1.127376359,0.927796148,1.274653894,1.671529941,1.478396094,2.031096317
alopias,alopias,2021,1005.6231,13312.84749,10529.21227,15402.13309,1.083631012,0.857050376,1.253693402,1.469651039,1.270294188,1.858186505
alopias,alopias,2022,1003.1971,12899.67948,9657.573805,15192.57218,1.050000215,0.786101281,1.236635692,1.513063973,1.2847094,2.021008659
alopias,alopias,2023,1728.924,12436.03306,8749.068168,14973.51721,1.012260607,0.712151296,1.218805189,2.704854928,2.246477219,3.844714049
alopias,alopias,2024,913.88105,11802.84722,7555.357767,14637.11067,0.960720934,0.614986387,1.191422575,1.506443433,1.214742587,2.353339475
prionace,prionace,2000,88.3385,8506.253619,7448.091658,10611.12379,0.676627448,0.592456265,0.844058728,0.147823884,0.118500875,0.168825453
prionace,prionace,2001,88.3385,9088.754956,7992.009891,11165.68989,0.722962346,0.635722081,0.888171526,0.138349802,0.112615294,0.157335572
prionace,prionace,2002,52.40625,9700.34566,8528.63938,11748.83175,0.771611149,0.678408116,0.934557374,0.076900434,0.063492337,0.087465392
prionace,prionace,2003,221.09215,10380.52065,9082.553452,12350.79875,0.825715469,0.722469049,0.982440662,0.303170614,0.254806906,0.346496041
prionace,prionace,2004,175.18,11056.803,9631.623229,12898.29092,0.87951015,0.766144643,1.025990766,0.225521456,0.193323776,0.258891596
prionace,prionace,2005,15.62425,11717.69659,10175.92237,13450.63447,0.932080736,0.809440758,1.069926771,0.018979722,0.016534434,0.021855377
prionace,prionace,2006,29.71245,12394.62456,10732.04418,14031.21134,0.985926773,0.853677305,1.116108588,0.034122277,0.030142288,0.039408411
prionace,prionace,2007,383.35675,13133.42564,11354.58992,14653.42817,1.044694488,0.903197523,1.165602643,0.415487547,0.372388955,0.480578765
prionace,prionace,2008,938.584,13793.51818,11923.8028,15217.61376,1.097201355,0.948475394,1.21048062,0.968569996,0.877929224,1.120446896
prionace,prionace,2009,842.43965,14154.53872,12249.59634,15408.8129,1.125918628,0.974390546,1.225689499,0.847180586,0.778220261,0.978926167
prionace,prionace,2010,676.4724,14282.24806,12331.54734,15268.87912,1.13607723,0.980909314,1.214558509,0.674196396,0.630631764,0.780846061
prionace,prionace,2011,653.45235,14297.89078,12347.60531,15059.63163,1.137321526,0.982186641,1.197913978,0.650541288,0.617635844,0.753293295
prionace,prionace,2012,595.2159,14393.49143,12412.09412,15244.40417,1.144926051,0.987316384,1.212611656,0.588628502,0.555772413,0.682593864
prionace,prionace,2013,498.24875,14533.06194,12551.26171,15534.2939,1.156028147,0.998386429,1.235670849,0.488002458,0.456549232,0.565056336
prionace,prionace,2014,1392.77065,14727.3978,12693.52326,15854.17551,1.171486536,1.009702583,1.261115738,1.346128456,1.250457285,1.561817696
prionace,prionace,2015,1290.1452,14659.77469,12618.55525,15975.04585,1.166107475,1.003739274,1.270730334,1.252691735,1.149554045,1.455331313
prionace,prionace,2016,1040.40225,14382.17874,12315.98937,15936.15194,1.144026187,0.97967176,1.267636529,1.029697166,0.929288873,1.202444094
prionace,prionace,2017,1265.55275,13945.65109,11836.58406,15733.50274,1.109302723,0.941537605,1.251516858,1.291737813,1.144953234,1.521902328
prionace,prionace,2018,1096.43225,13577.6951,11378.47874,15629.04407,1.080033772,0.905097752,1.243207724,1.149446244,0.998578708,1.371609597
prionace,prionace,2019,1355.7335,13283.80844,10964.30429,15575.73383,1.056656644,0.872152367,1.238967176,1.452729112,1.238964113,1.760054695
prionace,prionace,2020,1021.2088,12896.19625,10409.3759,15437.47759,1.025824145,0.828010751,1.227969624,1.127160683,0.941610136,1.396441584
prionace,prionace,2021,964.9866,12601.36688,9907.299453,15398.55544,1.00237203,0.788073227,1.224873573,1.090025212,0.892019233,1.386433071
prionace,prionace,2022,1822.69785,12323.46551,9413.271024,15337.77314,0.980266447,0.748775881,1.220038663,2.105303651,1.691551746,2.756176559
prionace,prionace,2023,2079.833,11917.15656,8761.599792,15222.47271,0.947946721,0.696938884,1.210867124,2.484212464,1.944805514,3.378920466
prionace,prionace,2024,5146.0108,11158.1847,7667.110852,14890.4705,0.887574527,0.609878082,1.184458105,6.564627136,4.919208034,9.553705889
ariopsis,ariopsis,2000,5.208,9.15323534,7.158594326,12.05010289,0.758340284,0.593085423,0.998344094,1.109861996,0.843049071,1.419109336
ariopsis,ariopsis,2001,5.208,9.358336848,7.041294063,12.60722839,0.775332826,0.583367163,1.044501621,1.085537763,0.805793925,1.442750147
ariopsis,ariopsis,2002,5.208,9.829425696,6.735548752,13.00239274,0.814362266,0.55803634,1.077240761,1.033511861,0.781304506,1.508240593
ariopsis,ariopsis,2003,5.208,10.32656439,7.116388928,13.29298329,0.855549921,0.58958873,1.10131602,0.98375681,0.764224841,1.427525694
ariopsis,ariopsis,2004,5.208,10.87908155,7.384583018,14.23581509,0.90132565,0.611808456,1.179429093,0.93379464,0.713610565,1.37568066
ariopsis,ariopsis,2005,5.208,11.09474193,7.692362953,14.80950044,0.919192988,0.637307847,1.226958594,0.915643474,0.685966963,1.320638158
ariopsis,ariopsis,2006,3.738,11.81749687,8.693157487,14.8489349,0.979072819,0.720223098,1.230225717,0.617001805,0.491039724,0.838753573
ariopsis,ariopsis,2007,3.061,12.62207124,9.461828253,15.37294677,1.045731343,0.783907029,1.273639799,0.473048137,0.388399659,0.631045832
ariopsis,ariopsis,2008,10.462,14.17071475,11.41216821,15.80257278,1.174035567,0.945491572,1.309234066,1.440109759,1.291396337,1.788212742
ariopsis,ariopsis,2009,11.812,13.99763481,11.29732834,14.46080335,1.159695993,0.935977155,1.198069241,1.646043898,1.593322363,2.039484086
ariopsis,ariopsis,2010,9.0713,12.26525569,10.32861483,13.72132219,1.01616938,0.855719798,1.136803651,1.442665205,1.289573801,1.713168504
ariopsis,ariopsis,2011,4.202,9.390949432,7.72685207,10.99160999,0.778034759,0.64016525,0.910648566,0.872808927,0.745705544,1.060781859
ariopsis,ariopsis,2012,3.7828,7.44692093,6.031452925,9.255599958,0.616973116,0.499702406,0.766821133,0.990853098,0.797225972,1.223387592
ariopsis,ariopsis,2013,7.925,6.986712093,6.027538441,9.289580831,0.578845079,0.499378093,0.769636429,2.212580381,1.664086075,2.564672504
ariopsis,ariopsis,2014,3.2776,6.72229649,5.801752145,10.59319152,0.556938398,0.480671828,0.877639825,0.95106658,0.603534027,1.101969091
ariopsis,ariopsis,2015,6.177,6.666060791,5.457177209,11.30197539,0.552279303,0.452123993,0.936362161,1.807511067,1.066094929,2.207914127
ariopsis,ariopsis,2016,0.931,5.514728261,4.578832332,11.92374661,0.456892065,0.379353625,0.987875549,0.360374943,0.166673274,0.434034211
ariopsis,ariopsis,2017,1.794866667,5.713655995,4.552937271,14.72054815,0.473373113,0.377208234,1.219588948,0.647227787,0.25121598,0.812231029
ariopsis,ariopsis,2018,2.658733333,6.643556296,4.77968539,18.45865824,0.550414818,0.395994186,1.529289219,0.780632799,0.280961806,1.085045881
ariopsis,ariopsis,2019,3.5226,8.946721201,6.162441979,20.74304496,0.741230706,0.510554774,1.718549345,0.76801917,0.331255773,1.115021191
ariopsis,ariopsis,2020,7.8004,11.3854306,7.913315664,21.2151397,0.943276377,0.655613652,1.757662123,1.336411016,0.7172055,1.922786291
ariopsis,ariopsis,2021,10.7147,12.35434979,8.806622559,18.98005242,1.023550775,0.729623614,1.572486427,1.691736642,1.101172208,2.373248778
ariopsis,ariopsis,2022,8.059,10.83284828,7.774625923,15.05635119,0.89749525,0.644123286,1.247410037,1.451146065,1.044080665,2.021968043
ariopsis,ariopsis,2023,0.043,8.122498723,4.432278566,9.57828318,0.672944348,0.36721173,0.793555253,0.010326459,0.008756961,0.018924048
ariopsis,ariopsis,2024,0.043,7.057747892,0.904130795,9.92597374,0.584730354,0.074906716,0.822361216,0.011884337,0.008450219,0.092770485
larimus,larimus,2000,1.506,10.47448358,10.27559751,12.43441866,0.200219472,0.19641777,0.237683578,1.602165451,1.349629296,1.633175656
larimus,larimus,2001,1.506,10.63158845,10.16852845,12.62244685,0.203222527,0.194371148,0.241277732,1.55516434,1.309878143,1.625984263
larimus,larimus,2002,1.506,10.86873581,10.28276351,12.84699982,0.207755592,0.196554748,0.245570056,1.488039769,1.258901794,1.57283702
larimus,larimus,2003,1.506,11.12782226,10.3803524,13.19807966,0.212708023,0.198420157,0.252280938,1.419555061,1.196882941,1.52177458
larimus,larimus,2004,1.506,11.47425972,10.60052599,13.53772459,0.219330166,0.202628769,0.258773241,1.335129066,1.131624267,1.445175237
larimus,larimus,2005,1.506,11.90116038,10.79445334,14.16602244,0.22749036,0.206335685,0.270783138,1.241063455,1.042642371,1.368304141
larimus,larimus,2006,1.288,12.47870035,11.15950721,14.97643121,0.238530021,0.21331368,0.28627408,0.965438874,0.804425449,1.079565807
larimus,larimus,2007,1.07,13.27712361,11.77827921,16.2284075,0.25379186,0.22514149,0.310205573,0.708473176,0.579630868,0.798629898
larimus,larimus,2008,0.852,14.41548377,12.69439537,17.63258011,0.275551584,0.242653026,0.337046294,0.478551611,0.391238998,0.54343297
larimus,larimus,2009,0.634,16.20384503,14.15974756,19.68202239,0.309736062,0.270663194,0.376221328,0.281838765,0.232032643,0.322524935
larimus,larimus,2010,1.375,18.69373908,16.32112287,22.96205985,0.357330319,0.311977824,0.438919156,0.459259317,0.373889533,0.526022254
larimus,larimus,2011,3.048,22.29522115,19.52619934,27.45602672,0.426172552,0.373242775,0.524821212,0.715713196,0.581183291,0.817208905
larimus,larimus,2012,3.93,26.73207876,22.85156521,32.73699006,0.510982966,0.436807054,0.625766684,0.656011021,0.535679617,0.767410815
larimus,larimus,2013,11.574,32.33193138,26.91526894,38.36747827,0.618023998,0.514484641,0.733393315,1.597361258,1.346082071,1.918828108
larimus,larimus,2014,9.653,35.72921383,29.88307401,41.4944258,0.682962961,0.571214155,0.793164832,1.205563702,1.038063365,1.44141273
larimus,larimus,2015,11.573,37.35142763,31.86040088,43.77642935,0.713971534,0.609010705,0.836785269,1.382579346,1.179660222,1.620861977
larimus,larimus,2016,10.076,36.87489951,31.39604014,43.9468593,0.704862712,0.600134462,0.840043033,1.219294545,1.023084801,1.432071166
larimus,larimus,2017,23.881,36.85806319,31.46931418,44.31006633,0.704540886,0.601535094,0.846985725,2.891154602,2.404924384,3.386230739
larimus,larimus,2018,9.093,32.91366412,27.9449521,39.44067619,0.629143804,0.534167007,0.753907464,1.23277062,1.028760205,1.451961627
larimus,larimus,2019,12.77,29.15408922,24.110282,34.04518658,0.557279631,0.460867392,0.650772825,1.954531779,1.673734222,2.363414657
larimus,larimus,2020,4.015,23.81731794,18.66398191,28.78415847,0.455267391,0.356761512,0.550208414,0.826128248,0.683575973,1.05423158
larimus,larimus,2021,4.264,22.53749258,16.2202508,29.01894482,0.430803564,0.310049658,0.554696349,0.979836545,0.760987658,1.361449902
larimus,larimus,2022,3.409,21.75832753,13.32047509,30.73825106,0.415909845,0.254620523,0.587560842,0.840472702,0.594935616,1.372869976
larimus,larimus,2023,1.866,24.03084174,12.08964335,35.56501064,0.459348893,0.231093207,0.679824221,0.377156245,0.254839852,0.749681507
larimus,larimus,2024,2.592,28.20748875,10.99927598,41.49474056,0.539185388,0.210250864,0.793170849,0.410035908,0.278736127,1.051531327
isurus,isurus,2000,0.61625,3997.875447,3696.44863,4566.020211,0.639617954,0.591392839,0.730515131,0.002999008,0.002625845,0.003243562
isurus,isurus,2001,0.61625,4253.610965,3934.118878,4838.358424,0.680532943,0.629417575,0.774086376,0.002818702,0.002478043,0.00304761
isurus,isurus,2002,0.61625,4523.035691,4175.206996,5099.097409,0.72363806,0.667989134,0.815801867,0.002650799,0.00235133,0.002871633
isurus,isurus,2003,0.61625,4795.081371,4420.602176,5368.666559,0.767162503,0.707249777,0.858930091,0.002500408,0.002233266,0.002712223
isurus,isurus,2004,0.61625,5083.491458,4667.339139,5639.497742,0.813305079,0.746725092,0.902260227,0.002358548,0.002126016,0.002568843
isurus,isurus,2005,0.61625,5379.121569,4922.890609,5913.679732,0.860602782,0.787610635,0.946126457,0.002228925,0.002027445,0.002435492
isurus,isurus,2006,2.53625,5686.288329,5176.981962,6174.955848,0.909746228,0.828262574,0.987927883,0.00867787,0.007991129,0.00953159
isurus,isurus,2007,5.16085,5997.917385,5436.920257,6451.216302,0.959603594,0.869849963,1.032126645,0.016740588,0.015564299,0.01846793
isurus,isurus,2008,11.4868,6304.787405,5705.103588,6716.564852,1.008699564,0.912756471,1.074579617,0.035446924,0.033273753,0.039172877
isurus,isurus,2009,17.81275,6608.465761,5963.699724,6970.99907,1.057284902,0.954129128,1.115286412,0.052442124,0.049714822,0.05811191
isurus,isurus,2010,37.65745,6897.355597,6211.956617,7235.422862,1.103504232,0.993847616,1.157591433,0.106222919,0.101259769,0.117943072
isurus,isurus,2011,2.6925,7172.464681,6459.085862,7492.750858,1.147518787,1.033385691,1.198761201,0.007303604,0.006991403,0.008110257
isurus,isurus,2012,1.1605,7443.3477,6700.682554,7796.869485,1.190857216,1.072038617,1.247416978,0.00303338,0.002895842,0.003369582
isurus,isurus,2013,37.6874,7716.026423,6953.468927,8119.584765,1.234482939,1.112481774,1.299048023,0.09502818,0.090305104,0.105449518
isurus,isurus,2014,429.391,7981.719874,7211.028096,8434.571837,1.276991092,1.153688527,1.349442636,1.046661857,0.990466607,1.158525752
isurus,isurus,2015,420.2479,8091.983141,7334.588305,8586.672545,1.294632054,1.173456859,1.373777147,1.010416721,0.952205296,1.11475583
isurus,isurus,2016,484.2944,8064.025138,7301.253932,8587.39391,1.290159068,1.16812371,1.373892557,1.16844296,1.097230837,1.29051167
isurus,isurus,2017,321.0742,7876.089907,7091.802365,8488.494263,1.260091411,1.134613666,1.358069656,0.793130564,0.735909978,0.880843445
isurus,isurus,2018,253.34535,7742.722158,6889.296538,8439.809562,1.238753976,1.102214867,1.350280617,0.636603767,0.584023378,0.715464354
isurus,isurus,2019,634.7618,7675.468428,6723.73877,8421.76824,1.227994087,1.075727369,1.347394195,1.608999227,1.466416839,1.836749343
isurus,isurus,2020,647.1381,7568.062644,6498.44879,8398.23357,1.210810294,1.039683345,1.343628896,1.663650877,1.499197891,1.937479922
isurus,isurus,2021,796.511,7360.353751,6114.272134,8274.745834,1.177579059,0.978219128,1.323872159,2.105440788,1.872781269,2.534527195
isurus,isurus,2022,855.81385,6993.34562,5507.781054,8031.486958,1.118861624,0.881186944,1.284953302,2.380917024,2.073162259,3.023100498
isurus,isurus,2023,863.995,6541.879529,4756.683797,7751.725762,1.046631806,0.761019296,1.240194458,2.569559207,2.168516701,3.533921424
isurus,isurus,2024,1039.622925,6025.384125,3854.588321,7427.785973,0.963997983,0.616693523,1.188367504,3.356920458,2.72311767,5.247443709
nasolamia,nasolamia,2000,0.77525,399.2853844,368.8577214,468.7731638,0.640345019,0.591547334,0.751784494,0.037775333,0.032175772,0.040891481
nasolamia,nasolamia,2001,0.77525,424.901238,391.9047256,491.7394242,0.681425872,0.628508452,0.788616121,0.035497987,0.030673031,0.038486748
nasolamia,nasolamia,2002,0.77525,450.7190255,415.4297157,515.9100768,0.722830573,0.66623613,0.827379265,0.033464614,0.029235983,0.036307317
nasolamia,nasolamia,2003,0.77525,477.9536524,439.3347608,540.7275738,0.766507497,0.704573312,0.867179772,0.031557743,0.027894154,0.034331767
nasolamia,nasolamia,2004,0.77525,506.8026334,463.5153827,565.2642582,0.812773406,0.743352445,0.906529932,0.029761366,0.02668334,0.032540751
nasolamia,nasolamia,2005,0.77525,535.8037017,487.6564014,590.6246096,0.859283222,0.782068064,0.947201029,0.028150493,0.025537606,0.030929848
nasolamia,nasolamia,2006,0.77525,565.8295656,512.1434251,616.2539551,0.907436531,0.821338582,0.988303519,0.026656681,0.024475524,0.029451005
nasolamia,nasolamia,2007,0.77525,596.0136505,538.2105523,642.597388,0.955843583,0.863143155,1.030551212,0.0253067,0.023472144,0.028024606
nasolamia,nasolamia,2008,0.812625,625.8764575,563.424663,668.1527732,1.003735393,0.903579722,1.07153509,0.025261056,0.023662703,0.028061073
nasolamia,nasolamia,2009,0.85,655.8350856,589.7223175,693.8628826,1.051780874,0.945753998,1.112767104,0.025215885,0.023833905,0.028042795
nasolamia,nasolamia,2010,0.03875,685.1843813,615.4597139,719.9561008,1.098849151,0.987029773,1.15461352,0.001100308,0.001047166,0.00122496
nasolamia,nasolamia,2011,2.375,714.6368107,641.6373139,747.0716996,1.146082827,1.029011514,1.198099556,0.064658879,0.061851647,0.072015162
nasolamia,nasolamia,2012,3.4,743.3722312,667.002643,778.3555003,1.192166616,1.069690594,1.248270253,0.088986172,0.084986679,0.099174793
nasolamia,nasolamia,2013,29.42325,769.3391004,692.0447772,810.0604499,1.233810403,1.109851358,1.299116358,0.744085392,0.706680577,0.82719212
nasolamia,nasolamia,2014,32.92025,785.5717203,708.5295142,828.6930663,1.259843105,1.136288387,1.328998,0.815318366,0.772892978,0.903972296
nasolamia,nasolamia,2015,45.89965,791.0368955,714.1989196,837.3531584,1.268607757,1.145380569,1.34288643,1.128918462,1.066474936,1.250374554
nasolamia,nasolamia,2016,63.30115,781.254298,703.2171379,834.1292347,1.252919135,1.127768782,1.337716134,1.576409787,1.476482144,1.751346568
nasolamia,nasolamia,2017,69.1525,760.1456001,678.9165763,822.1807091,1.219066532,1.088797299,1.318553953,1.769950177,1.636404046,1.981715996
nasolamia,nasolamia,2018,68.31125,728.7191103,636.8611131,802.8009715,1.168667001,1.021351789,1.287474131,1.823820175,1.655519441,2.086879836
nasolamia,nasolamia,2019,68.93125,692.3285286,582.8594538,779.6205596,1.110306418,0.934747834,1.250299063,1.937108149,1.720215326,2.300923878
nasolamia,nasolamia,2020,32.81325,655.5342507,521.547168,755.6740387,1.051298416,0.836419624,1.211895365,0.97387631,0.844820974,1.22406815
nasolamia,nasolamia,2021,56.6425,629.9512471,474.6866817,742.6607993,1.010270246,0.761268166,1.191025673,1.749385068,1.483890501,2.321588845
nasolamia,nasolamia,2022,23.5945,609.4327346,432.6653878,733.4234159,0.977364139,0.693877454,1.176211426,0.753242719,0.625901437,1.060983345
nasolamia,nasolamia,2023,24.404,603.0576542,405.3967303,736.0536355,0.967140247,0.650145954,1.180429582,0.787321524,0.645062056,1.171199064
nasolamia,nasolamia,2024,31.66375,598.6262021,382.5196088,741.088371,0.960033404,0.613457281,1.188503926,1.029097606,0.831270352,1.610492056
turbo,turbo,2000,14.97,204.0524241,162.1355075,246.2878715,1.5008172,1.192515891,1.811461321,0.259452519,0.214959491,0.326528817
turbo,turbo,2001,14.97,215.5521545,171.3955855,250.7850291,1.585398372,1.260624293,1.844538171,0.2456107,0.211104769,0.308887276
turbo,turbo,2002,14.97,224.3615838,172.227756,256.1916239,1.650192226,1.266744954,1.884303984,0.235966936,0.206649674,0.307394794
turbo,turbo,2003,14.97,231.1320184,170.4845025,259.4682471,1.699989158,1.253923225,1.908403734,0.229054875,0.204040055,0.310537995
turbo,turbo,2004,14.97,235.3758051,167.3574448,261.3450054,1.731202451,1.230923537,1.922207399,0.224925053,0.202574813,0.316340367
turbo,turbo,2005,14.97,238.0826954,163.3166439,262.2029659,1.751111783,1.201203217,1.928517746,0.222367759,0.201911963,0.3241673
turbo,turbo,2006,14.97,239.8022904,159.0248273,262.5606901,1.763759503,1.169636661,1.931148829,0.220773185,0.201636869,0.332916038
turbo,turbo,2007,14.97,240.8356609,155.0722456,262.7418372,1.771360001,1.140565198,1.932481176,0.219825898,0.201497851,0.341401618
turbo,turbo,2008,14.97,241.3797484,151.6481947,262.7865109,1.775361796,1.115381108,1.932809753,0.219330395,0.201463596,0.349110094
turbo,turbo,2009,14.97,241.7052845,148.5390829,262.8581574,1.777756133,1.092513414,1.933336717,0.219034994,0.201408684,0.356417412
turbo,turbo,2010,14.97,241.9182853,144.8549274,262.8733441,1.779322765,1.065416241,1.933448416,0.218842141,0.201397048,0.365482324
turbo,turbo,2011,11.985,242.0193512,142.2195652,262.9275863,1.780066111,1.046033001,1.933847371,0.175132117,0.161205455,0.298027639
turbo,turbo,2012,0.3,243.2212557,141.0501735,263.3275652,1.788906187,1.037432059,1.936789238,0.00436212,0.004029051,0.007521864
turbo,turbo,2013,1.719,248.7491535,151.5318826,265.4367892,1.82956419,1.114525626,1.952302701,0.024439489,0.022903013,0.040118964
turbo,turbo,2014,1.756,256.1079155,173.254519,267.9887529,1.883688303,1.274296854,1.97107254,0.024248192,0.023173188,0.035844109
turbo,turbo,2015,12.53,263.3223506,199.8244693,270.3095097,1.936750885,1.469720352,1.988141838,0.168283369,0.163933457,0.221758489
turbo,turbo,2016,11.161,262.4333635,212.6940654,269.1736554,1.930212334,1.564376964,1.979787565,0.150404875,0.146638634,0.185577614
turbo,turbo,2017,8.293,258.9888019,214.6192266,267.6353238,1.904877387,1.578536634,1.968473049,0.11324226,0.109583731,0.136653541
turbo,turbo,2018,10.361,255.3021515,210.7493787,266.2878139,1.877761864,1.550073682,1.958562036,0.143524172,0.137603104,0.173865423
turbo,turbo,2019,10.073,254.2781665,209.5719833,266.108695,1.870230395,1.541413872,1.957244607,0.140096606,0.13386826,0.169982206
turbo,turbo,2020,7.351,254.1283453,209.7890695,266.1596452,1.869128452,1.543010554,1.957619348,0.102298947,0.097674695,0.123920003
turbo,turbo,2021,6.941,254.3482995,210.2186773,266.3178607,1.870746228,1.546170343,1.958783032,0.09650972,0.092172125,0.116769278
turbo,turbo,2022,8.451,255.5329446,213.6602301,266.8324999,1.87945936,1.57148316,1.962568233,0.116960456,0.112007532,0.139882138
turbo,turbo,2023,11.415,256.6816978,217.5192279,267.2623821,1.887908505,1.599866309,1.965730041,0.157274699,0.151048331,0.185590659
turbo,turbo,2024,8.019,255.8842082,217.029667,266.8119723,1.882042924,1.596265561,1.962417251,0.110829297,0.106290084,0.130670923