"","cinfo.stock.i.","stock","yr","ct.raw","B","lcl.B","ucl.B","B.Bmsy","lcl.B.Bmsy","ucl.B.Bmsy","F.Fmsy","lcl.F.Fmsy","ucl.F.Fmsy"
"1","etrumeus","etrumeus",2000,4141.78464,23451.8375938959,18404.3201820374,30895.4749374797,0.758877038914354,0.595544632571201,0.99974539063454,0.476792017086304,0.361918661985332,0.607555663027821
"2","etrumeus","etrumeus",2001,304.4536,29653.08580778,23460.414657887,37858.8297921744,0.959542972374095,0.759154583771899,1.22507230123945,0.027718489476761,0.0217106221039706,0.0350351329634372
"3","etrumeus","etrumeus",2002,4168.53424,38921.8279979031,31354.5396051277,46680.1247907907,1.25946981603994,1.0146002451533,1.5105202198146,0.289140204763728,0.241084730761313,0.358922996759673
"4","etrumeus","etrumeus",2003,8032.61488,46009.9442209973,38890.5284618121,53034.5617778062,1.48883387458444,1.25845699565121,1.71614318242326,0.471328367256996,0.408899237786163,0.557611139395087
"5","etrumeus","etrumeus",2004,8145.3576,50393.1777940893,44508.6713466776,54584.2036258388,1.63067074777189,1.44025424798142,1.76628797863824,0.436371873277885,0.402866835708906,0.494064745791917
"6","etrumeus","etrumeus",2005,6829.66588,50227.0309899285,46346.2787761339,53629.8532182402,1.62529441023494,1.49971731048854,1.73540619342609,0.367096539820079,0.343804209323615,0.397834945301658
"7","etrumeus","etrumeus",2006,6638.63592,49108.0411807704,45680.7616481412,52116.7996062144,1.589085065464,1.47818186937798,1.6864453544208,0.364959422181614,0.343889925498568,0.392341145094154
"8","etrumeus","etrumeus",2007,3544.26168,48562.133369029,45595.3721106275,51569.4131122371,1.5714200572515,1.47541875287919,1.66873249759122,0.197036353767494,0.18554614281491,0.209856949231345
"9","etrumeus","etrumeus",2008,958.45232,49707.3274824619,46976.5081709685,51593.1405774726,1.60847734601638,1.52011087730709,1.66950029365355,0.0520557177913109,0.0501529967477329,0.05508179965548
"10","etrumeus","etrumeus",2009,512.865,52157.1614128684,50631.2202369721,53596.1018412483,1.68775142044638,1.63837355329694,1.73431403401946,0.0265465112975516,0.0258337943829589,0.027346579209716
"11","etrumeus","etrumeus",2010,10763.495,55418.336547821,54708.6775259255,55621.0523798259,1.79327965122511,1.77031582440264,1.79983932441562,0.524346251840775,0.522435225670779,0.531147861110886
"12","etrumeus","etrumeus",2011,978.3382,55588.3172222855,54453.3412672469,56757.2788551606,1.79878004881203,1.76205340901034,1.83660642975165,0.0475142440731634,0.046535650147293,0.0485045877929401
"13","etrumeus","etrumeus",2012,2011.72072,55515.3056426952,54390.8062739455,56815.9700484175,1.79641747013971,1.76002984175873,1.83850561563722,0.0978302794459155,0.0955906914890658,0.0998528655228245
"14","etrumeus","etrumeus",2013,16864.68668,55229.7333156988,53569.1654430635,56308.9665976164,1.78717664706821,1.73344240022907,1.82209951202497,0.824372832723306,0.808572674213181,0.849927217036959
"15","etrumeus","etrumeus",2014,7568.69724,52926.5764448028,51472.4558279363,54469.9904470014,1.71264888951646,1.66559506085447,1.7625921591267,0.38606965791355,0.375130325797684,0.396976303809665
"16","etrumeus","etrumeus",2015,7029.22706,49792.461570401,47604.0359483531,51838.6664299186,1.611232196433,1.54041702259876,1.67744525451792,0.38112050531894,0.366076703389743,0.398641160076715
"17","etrumeus","etrumeus",2016,25063.6821,46363.8850211397,43729.5564717422,49357.2366669054,1.50028703023963,1.41504290209444,1.59714877185255,1.45943041734074,1.37092083421498,1.54734851037569
"18","etrumeus","etrumeus",2017,28279.0455,42851.7235664672,40374.1957239364,45974.6635358644,1.38663714356274,1.30646692298024,1.48769222835918,1.78161882234715,1.66059806433338,1.89094633111843
"19","etrumeus","etrumeus",2018,14961.98914,34132.4506636113,30072.0308745327,38366.9730342458,1.10449055374806,0.973099598393361,1.2415152873101,1.1834235413408,1.05281033254609,1.34321309417047
"20","etrumeus","etrumeus",2019,12545.46728,25341.933125334,20835.7138548257,29399.1247436555,0.820038561734056,0.674221999470629,0.95132505684527,1.33648916357808,1.1520485491133,1.62553677028372
"21","etrumeus","etrumeus",2020,6914.00832,18637.1676623821,15870.021315751,22653.7412345125,0.603079334519193,0.513537360788287,0.733051471960282,1.00154006182427,0.823964124052697,1.17617170647941
"22","etrumeus","etrumeus",2021,3438.73996,17155.3913798039,14342.3067723456,21930.4994669747,0.555130597318779,0.464102109313253,0.709648121635566,0.541149230490201,0.423320356105861,0.647289657884011
"23","etrumeus","etrumeus",2022,4016.04528,18696.7601723422,15109.7357110944,23926.3177307691,0.605007686074541,0.488935310476408,0.774230721961682,0.579896628384994,0.453149051503277,0.71756305953804
"24","etrumeus","etrumeus",2023,4099.559,23473.0592896153,19155.1460880077,31429.2081609194,0.759563750884956,0.619840576886083,1.01701644184972,0.471504438773831,0.352145418045148,0.577789988956753
"25","etrumeus","etrumeus",2024,4705.06208,30532.3679123843,24838.9071454494,39042.2375705117,0.987995625486709,0.80376116493803,1.26336614440023,0.416028622942392,0.325348642090988,0.511388802388871
"26","panulirus","panulirus",2000,399.341,1327.50806852595,1112.861678213,1409.85503925931,0.952912660778285,0.798835056454049,1.01202301411549,1.65186348909402,1.55538126176986,1.97047140071979
"27","panulirus","panulirus",2001,377.18,1190.47258254014,1004.68766051864,1299.11605797649,0.854545763681543,0.721185516332864,0.932532290248733,1.73978940133914,1.59429295710055,2.06150793234483
"28","panulirus","panulirus",2002,367.706,1058.87644639298,908.863503521426,1170.22489045242,0.760083344041884,0.652400960836755,0.840011552854975,1.90687774813933,1.72543581163702,2.22161845627243
"29","panulirus","panulirus",2003,446.344,930.017775430814,803.36092403441,1039.34578548349,0.667585933350245,0.57666903413775,0.746063832978054,2.6353959501022,2.35818061046283,3.05088909052843
"30","panulirus","panulirus",2004,105.407,766.835339519671,684.530506483896,858.595226460164,0.550450216526291,0.491370110497166,0.61631735518276,0.754804979048476,0.674137375263676,0.845559294870364
"31","panulirus","panulirus",2005,144.773,666.302935607493,599.536475748625,741.435878297026,0.478285984324852,0.430359642916242,0.532217959600817,1.24728477026581,1.12089194533649,1.38618672521783
"32","panulirus","panulirus",2006,171.4645,613.621979076023,551.42704405571,680.89585720136,0.440470507605008,0.39582570097649,0.488761084306716,1.74178241742976,1.56969081658988,1.93823640973817
"33","panulirus","panulirus",2007,144.071,617.559148009562,547.089670209375,696.622938156572,0.443296688637985,0.392712244606096,0.50005030726108,1.44491051240132,1.280919211977,1.63102641774816
"34","panulirus","panulirus",2008,142.994,609.922568175921,552.480991833295,695.590197485609,0.437814994190281,0.396582246420447,0.499308984715482,1.47024566396874,1.28917286997259,1.62310744527461
"35","panulirus","panulirus",2009,119.162,603.629569869662,536.877669948841,697.288559548196,0.433297750263509,0.38538186027861,0.500528104019082,1.25088754997358,1.08286978669937,1.40641482410288
"36","panulirus","panulirus",2010,115.74972,605.913245900411,541.613284433356,720.700063087922,0.434937020000855,0.388781181989603,0.517333363934099,1.20592571075079,1.01385638650434,1.34909239251808
"37","panulirus","panulirus",2011,127.826,622.948761076107,562.509119962667,738.883109009842,0.447165464014628,0.403780643541299,0.530385529176115,1.2598999102164,1.06221549603558,1.39527175701844
"38","panulirus","panulirus",2012,174.189,647.180372281655,578.611519369578,782.902670782108,0.464559414120304,0.415339277818221,0.561983678166111,1.59071197261905,1.31494961641151,1.77922065525785
"39","panulirus","panulirus",2013,169.088,668.758972875527,589.587679299681,802.478774510441,0.480048978511887,0.423218191711179,0.576035809022198,1.44608906468575,1.20512226404462,1.64027348525072
"40","panulirus","panulirus",2014,112.3469,670.443524720295,594.983831368549,820.526299273468,0.481258184556411,0.427091660918503,0.588990694382325,0.956000657652813,0.781138217165243,1.07724683724162
"41","panulirus","panulirus",2015,157.9034,682.056582631902,598.772689002196,831.267970507718,0.489594276951398,0.429811381042688,0.596701287454954,1.29829137179816,1.06524996478367,1.47887202034007
"42","panulirus","panulirus",2016,203.97927,706.555409515347,617.290131583796,861.469046032491,0.507180039979846,0.443103583101267,0.61838024212122,1.58528456002783,1.30021082784973,1.81452986885595
"43","panulirus","panulirus",2017,207.71346,726.297557258374,632.555846320994,863.692549059693,0.521351360653004,0.454061627872369,0.619976318436035,1.57042600765845,1.32060485465473,1.80315553140671
"44","panulirus","panulirus",2018,187.3445,721.31815549165,620.643709978414,848.83960711496,0.517777043404686,0.44551085081354,0.609314570485488,1.42620352875283,1.21194450646829,1.65754761093358
"45","panulirus","panulirus",2019,232.37138,712.095053704996,595.968639967777,830.254336775345,0.511156510789839,0.427798576834795,0.595973680263803,1.79189307233466,1.53687627641147,2.14104922307112
"46","panulirus","panulirus",2020,163.6123,680.496617176046,547.695220840898,793.664493530736,0.488474501585427,0.393146921334021,0.569708736411223,1.35140495669786,1.15870939038326,1.67908440036394
"47","panulirus","panulirus",2021,147.471,654.079257725434,499.080717986201,782.494519408054,0.469511576325944,0.358250428901307,0.561690698694971,1.31846124998414,1.10208842917105,1.72793322733262
"48","panulirus","panulirus",2022,169.301,641.994150845475,438.576878371326,787.822075121096,0.460836637449257,0.31481952542007,0.565514928023835,1.57115444963957,1.28032965639914,2.29987492840296
"49","panulirus","panulirus",2023,140.153,645.181984011037,376.225686869418,804.954262694494,0.463124929818949,0.270062554667529,0.577812765477769,1.28783265723552,1.03221570140907,2.20847873462134
"50","panulirus","panulirus",2024,150.85266,654.511942470989,304.56190896757,829.330676542675,0.469822166356951,0.218620817399821,0.595310657905719,1.34691230624559,1.0629899686986,2.89455169521135
"51","callinectes","callinectes",2000,0.443,5059.96334894843,4020.00668061466,6076.5060754265,1.50753187726107,1.19769409378993,1.81039386638636,0.000311954614419107,0.000259767520332024,0.000392655794107951
"52","callinectes","callinectes",2001,0.443,5715.91579760039,4751.58337762818,6402.10800660256,1.70296199367007,1.41565519653951,1.90740154345732,0.000276155032962292,0.000246556120869582,0.000332200613994896
"53","callinectes","callinectes",2002,0.443,6161.71194804913,5365.17361902244,6589.54989002405,1.83577953822826,1.59846419824313,1.96324673341318,0.000256175382556756,0.000239542752060454,0.000294208357004415
"54","callinectes","callinectes",2003,0.443,6430.86500666329,5799.30648489768,6673.64249797583,1.91596921308183,1.72780686125069,1.98830072657218,0.000245453591991201,0.000236524344235518,0.000272184082632403
"55","callinectes","callinectes",2004,0.443,6561.98972601899,6135.36180281038,6703.2351240964,1.95503564117497,1.82792895094562,1.99711735707562,0.000240548824579408,0.000235480165364004,0.000257275604312851
"56","callinectes","callinectes",2005,0.443,6638.1071171453,6345.78280636194,6709.85044803122,1.97771355119595,1.89062038735003,1.99908828275678,0.000237790515826271,0.000235248002577937,0.000248744554243729
"57","callinectes","callinectes",2006,1.06766666666667,6673.55893743574,6493.35683589827,6711.65745693127,1.98827583109979,1.93458761367947,1.99962665098821,0.000570050384079973,0.000566814510406343,0.000585870287373373
"58","callinectes","callinectes",2007,1.69233333333333,6692.0718842088,6582.50105189963,6711.88524245228,1.99379145551794,1.96114664939332,1.99969451589364,0.000901073816864426,0.000898413864005811,0.00091607288899634
"59","callinectes","callinectes",2008,2.317,6701.29392124944,6633.1048491517,6711.50103772971,1.99653900799081,1.97622320868971,1.99958004849007,0.00123197650669013,0.00123010286804595,0.0012446413652666
"60","callinectes","callinectes",2009,2.94166666666667,6705.44378533793,6664.81735320262,6710.81458334216,1.99777539093833,1.98567142154573,1.99937553082855,0.00156315121428552,0.00156190019336731,0.00157267964595272
"61","callinectes","callinectes",2010,3.56633333333333,6706.9856195437,6681.62657239046,6710.07121130249,1.99823475478237,1.9906794486815,1.99915405549974,0.00189465271526978,0.0018937814689566,0.00190184356723149
"62","callinectes","callinectes",2011,4.191,6706.99080228724,6692.41007251589,6709.2365191159,1.99823629889456,1.99389221309626,1.99890537285281,0.00222651184048453,0.00222576658204937,0.00223136273382894
"63","callinectes","callinectes",2012,0.714,6706.59040921581,6697.7492546165,6708.43233147057,1.99811700844184,1.99548293355412,1.99866577852633,0.000379342487052168,0.000379238331664657,0.000379843226247772
"64","callinectes","callinectes",2013,425.543,6706.97709569816,6701.4523609789,6708.83272327744,1.99823221524443,1.99658621247162,1.99878506860229,0.226074556055382,0.226012025031209,0.226260933855551
"65","callinectes","callinectes",2014,619.867,6576.9654635199,6534.48727795892,6605.40748074682,1.95949741295299,1.94684174444213,1.96797123868378,0.335821126382711,0.334375124710659,0.338004170210786
"66","callinectes","callinectes",2015,832.879,6318.11716572665,6215.22625607703,6392.78188779992,1.88237787010508,1.85172323577666,1.90462298155547,0.469709447679464,0.464223459578869,0.477485324268914
"67","callinectes","callinectes",2016,655.164,5930.12521843037,5769.55344343558,6061.44909015275,1.76678212595975,1.7189424376657,1.80590788818647,0.393659939010253,0.385131129056738,0.404615843270597
"68","callinectes","callinectes",2017,1209.946,5633.45366494128,5398.15838018706,5803.17526001925,1.67839377349188,1.60829145893462,1.7289594984181,0.7652904969972,0.74290855641663,0.798648029831279
"69","callinectes","callinectes",2018,1071.105,5252.15532144483,4996.05012008419,5488.34141743023,1.56479227721085,1.48848999429732,1.6351599941505,0.726657139059953,0.69538606830451,0.76390669990222
"70","callinectes","callinectes",2019,1402.77,4916.16945716868,4607.42771010122,5211.50151199218,1.46469088007115,1.372706414286,1.55268015120213,1.01670435541779,0.959088448420044,1.08483327651938
"71","callinectes","callinectes",2020,1611.933,4414.1641856745,4059.55419906463,4793.54882170843,1.31512676327021,1.20947661880413,1.42815810225869,1.30116856491279,1.19818779204934,1.41482817992353
"72","callinectes","callinectes",2021,2261.087,3886.4040366774,3524.73457350267,4329.04365705791,1.15788940930271,1.05013601127047,1.28976651825471,2.07302425481908,1.8610599638846,2.28573518489163
"73","callinectes","callinectes",2022,2341.731,3056.7413394429,2687.94604682236,3422.8784402479,0.910705215030767,0.800828794695661,1.01978967134925,2.72969028286863,2.43770185742144,3.10421302592148
"74","callinectes","callinectes",2023,3691.201,1911.31469326203,1663.89228920765,2010.0839170726,0.5694444067799,0.495729018833846,0.598871053401307,6.8813010044901,6.54317544005584,7.90455716631988
"75","callinectes","callinectes",2024,3691.201,238.629883826941,73.7326453296213,589.930171295511,0.0710958028601101,0.0219674146952643,0.175759877543558,387.618025898468,156.79354776219,1254.49513001834
"76","acanthurus","acanthurus",2000,0.18,188.386198440118,150.05407534219,227.399098503628,1.50056544018789,1.19523596464215,1.81131755494759,0.00343017036375821,0.00284168564907505,0.00430642588917859
"77","acanthurus","acanthurus",2001,3.661,213.692445589513,178.223711221467,240.306100170782,1.70213901727404,1.4196174873499,1.91412657598283,0.0615039242992328,0.0546924276475497,0.0737439699060217
"78","acanthurus","acanthurus",2002,10.32,228.606588390015,199.249073051159,245.27682249639,1.82093565652771,1.58709223651052,1.95372020967967,0.162062756828341,0.151048164953103,0.185941211049423
"79","acanthurus","acanthurus",2003,10.915,235.403346529021,212.679266852936,243.847078070849,1.875074337881,1.69406867555352,1.94233176885422,0.166457502810769,0.160693552395711,0.184242939127746
"80","acanthurus","acanthurus",2004,4.317,235.137006835858,219.568722410326,240.194670503834,1.87295284415046,1.7489457259783,1.91323899765375,0.0659103064148195,0.0645224647886912,0.0705836058974401
"81","acanthurus","acanthurus",2005,1.265,234.734514439359,223.843742051767,238.806157046891,1.86974684400223,1.78299783161655,1.90217897667569,0.0193466529816268,0.0190167927403029,0.0202879345745511
"82","acanthurus","acanthurus",2006,2.838,237.368347787528,229.640721815408,241.447269977087,1.89072629647912,1.8291729100608,1.92321641370399,0.0429221879389405,0.0421970761378207,0.0443665598764395
"83","acanthurus","acanthurus",2007,3.311,241.329261712069,235.354668474163,245.198575185243,1.92227643441884,1.8746865992493,1.95309694103331,0.0492539952369687,0.0484767511309046,0.0505043319682962
"84","acanthurus","acanthurus",2008,1.731,243.860733873022,239.273335158728,246.697030473978,1.94244054234701,1.90590022236587,1.96503268918557,0.0254828183840416,0.0251898402682266,0.0259713803385695
"85","acanthurus","acanthurus",2009,17.918,245.003008995746,241.46329147529,247.058223472671,1.95153918432046,1.92334403083679,1.96790972442257,0.262549007969565,0.260364929599305,0.266397830363272
"86","acanthurus","acanthurus",2010,20.5,240.640843359005,238.439087513717,242.465462536716,1.9167929287398,1.89925513267763,1.93132669237137,0.305827678227683,0.303526240979956,0.308651702951187
"87","acanthurus","acanthurus",2011,49.83,233.144762815039,229.358521845372,236.165642476935,1.85708388691891,1.82692508338474,1.88114630580704,0.76728638237004,0.757471746324587,0.77995271415934
"88","acanthurus","acanthurus",2012,37.364,213.795021999899,204.696088240127,220.817173694112,1.70295607615456,1.63047971824976,1.75889010017195,0.627405096340185,0.607453143842476,0.65529384331734
"89","acanthurus","acanthurus",2013,81.772,196.420621959662,184.869246799699,205.275435274215,1.56456258204376,1.47255162532182,1.63509443070973,1.49454778641206,1.43007859349241,1.58793315187548
"90","acanthurus","acanthurus",2014,35.652,165.131827735897,148.035193243149,178.480246952311,1.31533581455179,1.17915482530859,1.42166088891045,0.7750779422412,0.717110377342014,0.864591955710442
"91","acanthurus","acanthurus",2015,29.054,145.86990269499,127.164824056198,160.797589015237,1.16190748876569,1.01291464962047,1.28081200714127,0.715043571473815,0.648662314107706,0.820221605838646
"92","acanthurus","acanthurus",2016,14.548,131.454845814639,111.983917170042,147.202574940952,1.04708625264486,0.891993136193802,1.17252271393583,0.397300361158407,0.354797174839697,0.46637998596597
"93","acanthurus","acanthurus",2017,72.666,138.700204488861,122.247695612593,154.734245406492,1.10479820244972,0.973747910928712,1.23251524258736,1.88081647670511,1.68592045826511,2.13394312766207
"94","acanthurus","acanthurus",2018,66.83,134.280472721367,118.066632341787,149.883459766948,1.06959341143999,0.940444202380209,1.19387694875942,1.78669683147795,1.6007002741575,2.03206012047584
"95","acanthurus","acanthurus",2019,62.208,117.765091440963,102.481607336661,133.887403505822,0.938042318068479,0.816303739327175,1.06646247039795,1.89636500712377,1.66801052691759,2.17917735946246
"96","acanthurus","acanthurus",2020,26.399,85.9275928111928,74.2825799772012,99.3976839059442,0.684444917932773,0.591688102656908,0.791739153605731,1.10292783678994,0.953462196860584,1.27582986601842
"97","acanthurus","acanthurus",2021,7.44,65.3931962701298,55.6810254933605,79.7899667915999,0.520880888084654,0.443519871526664,0.635556466623391,0.408444110240289,0.334747173614987,0.479687032156163
"98","acanthurus","acanthurus",2022,16.478,59.855624653093,47.5199929257826,75.3337127457844,0.476772091050183,0.378514241981844,0.6000607622182,1.03645625757654,0.823505631963192,1.30550812201808
"99","acanthurus","acanthurus",2023,10.488,66.5659449737718,47.5460295545893,84.2165748292055,0.53022226335143,0.37872163331778,0.670816029656617,0.565630532693827,0.447082192444204,0.791900633291645
"100","acanthurus","acanthurus",2024,9.679,81.9088662186937,52.0289026167723,99.285304626309,0.652434280804358,0.414429367990282,0.790844011261917,0.42422068701626,0.349975614526238,0.667848710090146
"101","balistes","balistes",2000,1074.66665,3580.69653200308,3072.9733840727,4042.28450607045,0.323251796067356,0.277416462632479,0.364922219775923,1.75641865715658,1.55585342520581,2.04661785455845
"102","balistes","balistes",2001,680.55845,3574.3019069406,2954.64060605532,4082.81456572883,0.322674513402335,0.266733825138382,0.368581120903733,1.11627774464876,0.977245869764642,1.35038883009879
"103","balistes","balistes",2002,391.5593,3666.75398407196,3027.39294010332,4213.03881224723,0.331020738701174,0.273301631831555,0.380337275384392,0.6102717964411,0.531140737289709,0.739156292308319
"104","balistes","balistes",2003,1175.8201,3920.12949200111,3232.38399570854,4622.55541358367,0.353894525207666,0.291807452224288,0.417306891691796,1.6033537612758,1.35971422802597,1.94449495296131
"105","balistes","balistes",2004,1396.3781,4301.67467250523,3384.31148527345,5163.35643238769,0.388338986997844,0.305522893741022,0.466128370719973,1.58131068449228,1.31741517555796,2.00994623291678
"106","balistes","balistes",2005,1112.68855,4659.06281415945,3533.13013821829,5522.70860445566,0.42060264230914,0.318957681197258,0.498569331299421,1.07415211729146,0.90617531085846,1.41646132201262
"107","balistes","balistes",2006,1198.9655,4985.55795173259,3640.81777970518,5987.07185669683,0.450077393571777,0.32867931586073,0.540490296668319,1.01080748716111,0.841720197436757,1.38415037780193
"108","balistes","balistes",2007,1466.0486,5400.31587121982,3729.06298822455,6614.87813198333,0.487520176340191,0.336645760906624,0.597166282542831,1.05341462317554,0.859996449670684,1.52552309426621
"109","balistes","balistes",2008,1135.3656,6011.10882434182,3771.71897467053,7830.56280818542,0.542660263571074,0.340496582697426,0.706913716183641,0.714617864839862,0.548574330938371,1.13890928306673
"110","balistes","balistes",2009,1234.57195,6819.58741164201,3827.00595458178,9530.78864674206,0.61564666526443,0.345487683003112,0.860403700917451,0.684937639679365,0.490095025547952,1.22053431866887
"111","balistes","balistes",2010,1304.9565,7808.20927035522,4001.3831580884,11525.5433977928,0.704895722983856,0.361229800136726,1.04048264651587,0.632320582059252,0.428378190968157,1.23389618929425
"112","balistes","balistes",2011,1275.38665,8872.11120184024,4291.56826160191,13857.9559787954,0.800940782127608,0.387426618287708,1.25104406920014,0.543885672047109,0.348205332075894,1.12439413038449
"113","balistes","balistes",2012,1243.32325,10000.4019386258,4571.89995770621,15257.4321307776,0.902798620090791,0.412733907931053,1.37738350501617,0.470391350337958,0.308315483989165,1.02891634011009
"114","balistes","balistes",2013,1573.1714,11317.348202505,5231.66944157517,16787.8922769174,1.02168756846112,0.472295411885639,1.5155476824681,0.525925334920902,0.354546005278028,1.13770187705644
"115","balistes","balistes",2014,2048.207225,12557.9426887211,5954.43065372185,17488.0664818513,1.13368376592617,0.537543571808182,1.57875677245437,0.617089454715478,0.443123544513812,1.30144668009314
"116","balistes","balistes",2015,3263.38873,13304.9484446406,6888.8417643519,17768.891210853,1.20112063194244,0.62189868737769,1.60410857125067,0.928000779924234,0.694866234868766,1.79231908001878
"117","balistes","balistes",2016,4833.803625,13344.7690385693,7241.39769530877,17258.8317566917,1.20471548517641,0.653726108907951,1.55806232488905,1.3704735849707,1.05966925935199,2.52556954256803
"118","balistes","balistes",2017,4083.29025,12449.9549461434,6982.24322534959,15428.6152881604,1.12393503926656,0.630330619476087,1.39283727569623,1.24089547182463,1.00132723699095,2.21262597398511
"119","balistes","balistes",2018,4513.438895,11034.4482172906,6968.21290272982,13343.6688904348,0.996148423350487,0.629064014795766,1.20461616794658,1.54756776167929,1.27974970521335,2.45063642104114
"120","balistes","balistes",2019,3017.2129,9128.44590558866,6218.37255702244,10787.7397577226,0.82408171368673,0.561371252690042,0.973876512858327,1.25055223701162,1.05820113425533,1.83578554404588
"121","balistes","balistes",2020,2533.04045,7822.70829959516,5638.03065019318,9241.44295594273,0.706204640732444,0.50898017122334,0.834282661784623,1.22511742456206,1.0370389441118,1.69983755671351
"122","balistes","balistes",2021,2618.7164,6842.78423816584,5239.10930768653,8217.01709532698,0.617740787391194,0.472967054975608,0.741801353630693,1.44793261089369,1.20577702745492,1.89114024271518
"123","balistes","balistes",2022,2474.17945,6350.55001019516,4974.71047195006,7767.73025182041,0.57330373531062,0.449098123954492,0.701241429656435,1.47405124827062,1.20511859529872,1.88172482047256
"124","balistes","balistes",2023,3047.562,6068.51681617985,4543.48205681099,7436.75043694486,0.547842840844631,0.410168446875433,0.67136181861866,1.90003988612646,1.55046536765428,2.53779454968596
"125","balistes","balistes",2024,2811.78918,5496.11486169044,3273.68356006297,6969.56360546635,0.496168548369011,0.295535821337685,0.629185951151342,1.95056512925626,1.53819243247772,3.27476061717897
"126","centropomus","centropomus",2000,357.43022,809.284351958727,688.235472113481,979.285212640808,0.299067972360481,0.254334816499744,0.361891147651926,1.50662825797034,1.24508228823981,1.77161846896666
"127","centropomus","centropomus",2001,397.8684,830.304158041586,681.112290513419,973.610608013812,0.30683576222247,0.251702471672206,0.359794118967712,1.59324347408354,1.35873281414105,1.94222993730888
"128","centropomus","centropomus",2002,305.2766,820.819657907621,672.815536213336,989.780681413771,0.303330801058878,0.248636437490656,0.365769708453584,1.25087854869033,1.03734667861309,1.52604339102897
"129","centropomus","centropomus",2003,388.1631,856.457846103547,705.20055921973,1063.52718624825,0.316500758758617,0.260604200294827,0.393022450479473,1.46089630090246,1.1764589710822,1.77424150178773
"130","centropomus","centropomus",2004,511.56666,899.759377439993,761.653110550132,1098.21641661388,0.332502675940817,0.28146602719176,0.405841724401038,1.74448241489192,1.4292396178321,2.06079958164216
"131","centropomus","centropomus",2005,543.81176,977.976590908486,778.344883869519,1193.50362291407,0.361407551438648,0.287634408910309,0.441054751208143,1.56967160638238,1.28621485262656,1.97226463264455
"132","centropomus","centropomus",2006,518.76705,1050.11607873796,828.769983076716,1267.41563233123,0.388066426406471,0.306268813664921,0.468368654826788,1.2987181014772,1.07605171130856,1.64557692478951
"133","centropomus","centropomus",2007,605.2373,1105.5936290543,927.77340895923,1413.9998210728,0.408567945365139,0.342855155367639,0.522538287541104,1.36694725370593,1.06880365359872,1.62894103275271
"134","centropomus","centropomus",2008,636.80944,1203.13860362528,958.490938866169,1578.7242641302,0.444615321900089,0.354206702401701,0.583411582649494,1.21449378249451,0.925560205022305,1.52448426409805
"135","centropomus","centropomus",2009,722.3941,1341.33449490466,1050.58856936456,1710.8009208739,0.49568509100342,0.388241033531045,0.632220011767006,1.10845260902593,0.869069979044709,1.41521216183879
"136","centropomus","centropomus",2010,675.84255,1579.09987663259,1135.32832955205,1996.80843615804,0.58355038882956,0.419556291507115,0.737913007645235,0.873276586693732,0.690597518191302,1.21461863887277
"137","centropomus","centropomus",2011,628.5617,1864.27802337865,1239.42458710905,2144.89693210456,0.688936894700383,0.458024669899135,0.79263855139935,0.687944051893435,0.597939676290455,1.03476967505579
"138","centropomus","centropomus",2012,805.2048,2234.95304144428,1464.78239868093,2954.79075732728,0.825918446103502,0.541304797087152,1.09193175230012,0.735112551112144,0.556026523312281,1.12162873706802
"139","centropomus","centropomus",2013,959.65365,2688.23287551113,1671.3259655333,3911.30216282414,0.993426294930881,0.617632191275778,1.44540692562981,0.728389231907907,0.500620969147858,1.17157270320894
"140","centropomus","centropomus",2014,1174.33872,3108.52082395088,2116.45802117518,4397.32782606693,1.14874211716716,0.782129059392981,1.62501587181711,0.770824455514882,0.544904534379861,1.13213862387317
"141","centropomus","centropomus",2015,1079.784185,3374.62886711365,2275.67044468505,4399.892423171,1.24708133836288,0.840965408518537,1.62596360898018,0.652870176754521,0.50073827563392,0.968151847337596
"142","centropomus","centropomus",2016,1593.89221,3410.17392956939,2250.90552673326,4275.33401688218,1.26021688179744,0.831813626725664,1.57993352089174,0.953670400445257,0.760684878458244,1.44483271215754
"143","centropomus","centropomus",2017,1582.79376,3399.9503878315,2304.15052997063,4072.17713046337,1.25643881060344,0.851490116352561,1.50485766165229,0.949877575106553,0.79307371128733,1.40161703320535
"144","centropomus","centropomus",2018,1670.501948,3208.89676697806,2109.91613547778,4105.85578547682,1.1858356673912,0.779711530268388,1.51730348127345,1.06220202744126,0.83015498590825,1.61546546539016
"145","centropomus","centropomus",2019,1573.903821,2826.97734769826,2029.49759097322,3739.36159340922,1.04469879003449,0.749993161209419,1.38186693831019,1.13598277578333,0.858809049163654,1.58236087039398
"146","centropomus","centropomus",2020,1236.5657,2467.29663316461,1712.16022179676,3236.81423602368,0.91178014193213,0.632722336283528,1.196152462521,1.0226139550582,0.779498539107325,1.47363075968118
"147","centropomus","centropomus",2021,1648.22288,2099.13876032157,1504.12446907176,3144.39348870846,0.77572879202869,0.555843510447633,1.1619987247937,1.60210389386661,1.06953483835729,2.23587771546124
"148","centropomus","centropomus",2022,1251.25454,1794.54088630969,1307.14665630129,2610.22510895229,0.663165799372815,0.483051104511836,0.964598819746597,1.4226831700086,0.978100742379988,1.95315736343563
"149","centropomus","centropomus",2023,1109.444,1513.13845603688,1054.27718400267,2228.61913604955,0.55917459524869,0.389604147123897,0.823577775313389,1.4960379216706,1.015746690115,2.14717016105279
"150","centropomus","centropomus",2024,1560.412013,1135.56573952975,576.762239067714,1603.20587134584,0.419644025466727,0.213140304708213,0.592458668031023,3.34065670896411,2.3662184464465,6.57729485266193
"151","hypanus","hypanus",2000,1027.1372,14436.1992275234,11457.0144478919,17395.8378277603,1.50386293375904,1.19351216259727,1.81217751975706,0.504182893980697,0.418403803063721,0.635286333775541
"152","hypanus","hypanus",2001,1054.8263,14481.5089181873,11669.8638056742,16873.3341304461,1.50858298252365,1.21568532982767,1.75774671489226,0.516154417678533,0.442988608237547,0.640512599567703
"153","hypanus","hypanus",2002,734.3363,14471.5863125762,11832.5301969878,16469.0375113021,1.5075493144127,1.23263078427932,1.71562990213619,0.359576559776325,0.315965229735571,0.439774345313479
"154","hypanus","hypanus",2003,1237.3285,14588.9568327944,12041.1852473336,16279.9183238732,1.51977615972637,1.25436701770275,1.69592877917755,0.60099836757018,0.538573908457745,0.728162474122125
"155","hypanus","hypanus",2004,1114.2482,14592.2101995648,12163.8274036594,16090.2488475337,1.52011507287232,1.26714302543912,1.67617033094356,0.541094823834194,0.490717668949867,0.649118829564259
"156","hypanus","hypanus",2005,1438.6307,14575.8676422169,12224.0093239328,15934.0499116518,1.51841261879484,1.27341235975318,1.65989861106334,0.699402890892076,0.639787375008288,0.833965656936108
"157","hypanus","hypanus",2006,811.1123,14274.4758562373,12096.2345745392,15617.4149168592,1.48701571658183,1.26010167413192,1.626913777265,0.402655218621272,0.368030959489498,0.475163751263169
"158","hypanus","hypanus",2007,810.9958,14174.7424222125,12069.1850578188,15525.2859540823,1.47662618036648,1.25728384341825,1.61731642202889,0.40543005896066,0.37016172668167,0.47616028990017
"159","hypanus","hypanus",2008,821.2549,14198.0538792293,12125.6253345784,15557.5096249341,1.47905460599201,1.26316339930773,1.62067326017028,0.409884663832795,0.374067873436554,0.479939333501612
"160","hypanus","hypanus",2009,791.1315,14443.9426239726,12360.5129658977,15845.1446253776,1.50466958700052,1.28763236075473,1.65063707604738,0.388128413956003,0.353805829764108,0.453549505379032
"161","hypanus","hypanus",2010,878.5851,14648.4471077083,12589.9475964094,16094.1250316809,1.52597344323238,1.3115332664647,1.67657412487654,0.425015493174769,0.386837865337309,0.494506980593209
"162","hypanus","hypanus",2011,886.8097,14794.2549242723,12737.6333252943,16227.1510927451,1.54116268849888,1.32691813958918,1.69043185566187,0.42476610312101,0.387258242487895,0.493348948919973
"163","hypanus","hypanus",2012,1249.4469,14896.1215017715,12858.8333918471,16307.2618868156,1.55177444078045,1.33954392043254,1.69877724158361,0.594370317806207,0.542936792978475,0.688539325558209
"164","hypanus","hypanus",2013,1552.8856,14814.0472102943,12830.3913216727,16152.3576338107,1.54322451134114,1.33658102317542,1.68264039277014,0.742810875551265,0.681264966279746,0.857653917394457
"165","hypanus","hypanus",2014,1499.20595,14535.9911308848,12579.0066814139,15820.4094001062,1.51425856090364,1.31039351795722,1.64806033213734,0.730851534449588,0.671515581807977,0.844554080605564
"166","hypanus","hypanus",2015,1597.29995,14075.0892428455,12229.8248348706,15339.5576218343,1.46624500452377,1.27401817927689,1.59796853480355,0.80416994202846,0.737880712045658,0.9255049727443
"167","hypanus","hypanus",2016,2170.9849,13556.8763065703,11772.3392533158,14903.4448128315,1.41226118133207,1.22636050997028,1.5525373324448,1.13477480437944,1.03224468248705,1.30679224644767
"168","hypanus","hypanus",2017,1667.7069,12914.5105549236,11193.0214702382,14278.0958771542,1.34534398044058,1.16601120839118,1.48739282520928,0.915069940625214,0.827679020254138,1.05580789227649
"169","hypanus","hypanus",2018,1611.7612,12277.6951483677,10525.2716192409,13732.9365440589,1.27900497593721,1.09644966839641,1.43060191361866,0.930242904886188,0.83166763084372,1.08512532629046
"170","hypanus","hypanus",2019,2005.2097,11718.3311903994,9877.25576951661,13211.8276005343,1.22073432522014,1.0289438795437,1.376316404513,1.21256923140489,1.07549752195645,1.43858660507137
"171","hypanus","hypanus",2020,2192.0371,11244.9153798999,9288.09426152185,12872.8165593553,1.17141715534426,0.96756912709628,1.34100058966942,1.38135156449003,1.20666533085132,1.67237551807939
"172","hypanus","hypanus",2021,2759.5499,10636.2304073883,8552.14863584284,12319.1157617708,1.10800858401123,0.890903425114926,1.28331988765385,1.83849744338531,1.58734464302409,2.28652274929894
"173","hypanus","hypanus",2022,2547.5411,9643.94258479895,7447.59467615227,11404.8665383176,1.0046389330045,0.775838667962748,1.18807975569807,1.87188471664615,1.58286365491842,2.42391664929122
"174","hypanus","hypanus",2023,2877.752,8501.13653683897,6190.9431797421,10245.805771546,0.885589339069417,0.644929446198822,1.06733685809391,2.39877154386098,1.99030558159499,3.29388977139598
"175","hypanus","hypanus",2024,3239.75311,7071.24704980597,4590.1664189495,8901.92266625487,0.736633387088587,0.478171645351274,0.927340453396254,3.24659727767324,2.5789362907725,5.00145078114814
"176","parapsettus","parapsettus",2000,2.142,56.7792452980111,45.2198790171252,68.5210830869398,1.49904676482756,1.19386428950809,1.80904672798734,0.133082810832045,0.11027761414095,0.167102206494623
"177","parapsettus","parapsettus",2001,1.744,63.0257939968128,52.5583158317955,70.4671542018005,1.6639638673556,1.38760867459431,1.86042556533442,0.0976158340041321,0.0873075621466534,0.117056936612296
"178","parapsettus","parapsettus",2002,0.89,67.398400215858,58.4856820893964,71.8632994274431,1.77940642338327,1.5440989408134,1.8972856358187,0.0465835447267543,0.0436892880786397,0.0536824788358985
"179","parapsettus","parapsettus",2003,1.352,70.1847962396761,63.0509855188043,72.8500224982421,1.85297094371301,1.66462895667379,1.9233364228501,0.0679556799585852,0.0654695137717635,0.0756444250946641
"180","parapsettus","parapsettus",2004,13.504,71.796692756266,66.7299206149571,73.5410901667174,1.8955271320834,1.76175768258328,1.94158151834701,0.663514020248526,0.647775442861437,0.713894334239332
"181","parapsettus","parapsettus",2005,18.827,68.3958314461436,65.4390908094594,70.0190698131442,1.80573991991092,1.72767807772558,1.84859554805153,0.97105449598324,0.948542729995275,1.01492974322756
"182","parapsettus","parapsettus",2006,9.732,60.8196652327676,57.2669117328465,63.5510123644931,1.60571916598316,1.51192180019688,1.67783032314885,0.564482118542756,0.540221346636413,0.599501744389723
"183","parapsettus","parapsettus",2007,0.841,53.6343495478406,48.5060426190277,57.6534538554519,1.41601738014185,1.28062333130709,1.52212702070166,0.0553152770432519,0.0514591703683831,0.0611634910638868
"184","parapsettus","parapsettus",2008,5.15,52.7910341319729,48.3876531181811,57.446125718318,1.39375274384296,1.27749769275198,1.51665328515627,0.344143184929296,0.316255872693172,0.375460958553124
"185","parapsettus","parapsettus",2009,8.337,56.6778249255299,53.3362006903823,61.912259139118,1.49636913358295,1.40814585811185,1.63456508233848,0.518906057232112,0.475034622763688,0.551416604180845
"186","parapsettus","parapsettus",2010,2.621,60.0805211349297,55.7631703035061,65.3281904645103,1.58620478951004,1.47222104840001,1.7247501627376,0.153895330991597,0.141533258773341,0.165810366158939
"187","parapsettus","parapsettus",2011,2.566,61.8122491837399,57.1350184568893,66.3853755715491,1.63192468796069,1.50843964421561,1.75266124021341,0.146444889098692,0.136356658356136,0.158433272993228
"188","parapsettus","parapsettus",2012,14.598,63.7738046540453,59.1187805260464,67.9261590688477,1.68371233266005,1.56081357233582,1.79333995133051,0.807501144064394,0.758138262569575,0.87108393916874
"189","parapsettus","parapsettus",2013,5.185,62.8057923313484,58.5448232021298,66.4290273875642,1.65815553399118,1.54566034398538,1.75381370557699,0.291233397052635,0.275348668715646,0.312429746214957
"190","parapsettus","parapsettus",2014,9.438,61.3801051593008,57.1644049804661,64.9244932775098,1.62051551726153,1.50921548709387,1.71409202596656,0.542430946852925,0.512818304444511,0.582433571570786
"191","parapsettus","parapsettus",2015,3.007,58.1379721431319,53.6934399400374,62.0346926220473,1.53491894084492,1.41757744422495,1.63779748734014,0.182459156483494,0.170997951445103,0.197562409276498
"192","parapsettus","parapsettus",2016,12.124,59.9310255392005,55.1210863351149,64.257269383699,1.58225790913222,1.45526918701981,1.69647643748554,0.713651745628459,0.665603773760797,0.775925944806854
"193","parapsettus","parapsettus",2017,5.44,58.8023900723681,54.0833880173789,63.19962389981,1.55246044817013,1.42787258641505,1.6685532054553,0.326359331707303,0.303652261558283,0.354835549885364
"194","parapsettus","parapsettus",2018,9.754,59.3866157523898,54.3297555451002,63.8646871071587,1.56788477462901,1.43437701322542,1.68611174897149,0.579410402959203,0.538783238783275,0.633340286887758
"195","parapsettus","parapsettus",2019,29.072,57.4687601309265,52.460871309351,61.7453319100418,1.51725086342305,1.3850360110206,1.63015798391027,1.78457661054221,1.66097423066622,1.95493141091295
"196","parapsettus","parapsettus",2020,6.368,50.3501482676822,45.1664782157478,55.1350531585317,1.32931014621818,1.19245443810686,1.45563792953035,0.446163887008436,0.407443478796828,0.497369260345114
"197","parapsettus","parapsettus",2021,17.631,44.6430159282246,39.0025519941211,49.8565436262236,1.17863434513975,1.02971867766009,1.31627833438273,1.39320663226332,1.24751820627062,1.59468913431138
"198","parapsettus","parapsettus",2022,35.705,36.9155573481798,30.7048839010853,43.1410302548066,0.974619273717852,0.810649325026166,1.1389799476088,3.41202120696012,2.91964896978112,4.10217035649792
"199","parapsettus","parapsettus",2023,8.708,27.6040620379802,20.4962387545594,33.9334029045844,0.728783548934968,0.541127664429028,0.89588647360005,1.11285233078632,0.905280406580929,1.49877473354974
"200","parapsettus","parapsettus",2024,11.65,16.6529409545866,8.14863767452229,22.4950778161386,0.439659546931525,0.215134753546513,0.593899644981862,2.80660047006977,2.07770572270062,5.73570132555033
"201","gerres","gerres",2000,33.8619,148.812811942744,88.8840008630186,190.892938954494,0.472864821478418,0.282436146805358,0.606577849862401,0.389086727283893,0.303317085974135,0.651423084183039
"202","gerres","gerres",2001,126.1783,250.014191950496,115.03756342963,363.458742955726,0.794440442999149,0.365541220438694,1.15491973680772,0.816135799051791,0.561399433295958,1.77372960829984
"203","gerres","gerres",2002,78.4529,354.287384380947,131.89993289241,486.719294667978,1.12577699850071,0.419122771795899,1.54659017176442,0.358092917991842,0.26065907941294,0.961848884215553
"204","gerres","gerres",2003,121.9558,476.016424667073,146.87059469894,572.526636410905,1.51258093125473,0.466693268113666,1.81924998381353,0.41430763778457,0.34446823590043,1.3427959548658
"205","gerres","gerres",2004,109.5726,499.871639248792,165.823463991588,543.315477397514,1.58838281710884,0.52691755282122,1.72642914861985,0.354475225877213,0.326131169833556,1.06855874293711
"206","gerres","gerres",2005,160.0375,515.52470307763,220.349360925591,564.70708076552,1.63812170139162,0.700178028065572,1.79440270933478,0.502012690568617,0.458290593586605,1.17449827019912
"207","gerres","gerres",2006,103.9189,496.866465785551,274.38007163983,536.609182155932,1.57883363384528,0.871865008794562,1.70511934967987,0.338218432684659,0.31316906773079,0.612469398040495
"208","gerres","gerres",2007,144.0739,500.179315022922,360.11787088821,534.684665046124,1.58936048192216,1.14430384390734,1.69900403993147,0.465802701786365,0.435742581649003,0.646968382159671
"209","gerres","gerres",2008,122.3829,491.694699742608,412.713032398293,529.084487576691,1.56239992632576,1.31142925020409,1.68120902023686,0.402501618944183,0.374057295800014,0.47952910893708
"210","gerres","gerres",2009,152.8695,497.749969440499,438.974049153632,541.385695213134,1.5816410386152,1.39487576826756,1.72029710866848,0.496651808597159,0.456621637286672,0.563150425471476
"211","gerres","gerres",2010,243.0801,479.826324401333,418.369443287188,528.368534739109,1.52468719773926,1.32940295616575,1.6789340218257,0.81923359579187,0.743969065623856,0.939575897336903
"212","gerres","gerres",2011,286.2578,435.672908919038,358.20433040658,480.386195854926,1.38438612649997,1.13822341328833,1.5264662348497,1.06252508512295,0.963627595108422,1.29231657838848
"213","gerres","gerres",2012,171.2862,330.065896305203,268.610892615272,385.631967164354,1.04881124880917,0.853532972903899,1.22537696135803,0.839197418478137,0.718276677485473,1.03119588863334
"214","gerres","gerres",2013,129.3048,243.237022374791,211.75566149477,251.503354576083,0.7729054350942,0.672870848702831,0.799172378441451,0.859661321036773,0.831406246378746,0.987465735290051
"215","gerres","gerres",2014,146.2508,248.072752086729,193.466551270907,303.92506465139,0.78827135982273,0.614755712458152,0.965746628687395,0.953370268322924,0.778169403342264,1.22246034090595
"216","gerres","gerres",2015,197.4702,290.17187936681,225.673593916345,364.744202150123,0.922044763105724,0.717096211720693,1.15900438801846,1.10049649004219,0.875498864326534,1.41502215305923
"217","gerres","gerres",2016,238.3946,339.820968056927,267.258609338525,421.497749091821,1.07980878324299,0.849235982732832,1.33934340246554,1.13445861971081,0.914626061945281,1.44247112309987
"218","gerres","gerres",2017,204.5197,351.022244361044,263.614435980484,428.532424101996,1.11540175034528,0.83765632529682,1.36169665484629,0.942199623998077,0.771780635607676,1.25460893452899
"219","gerres","gerres",2018,243.2782,335.305709575793,264.007200359084,403.445719725267,1.06546118193275,0.838904366076004,1.28198160994042,1.17328809339377,0.975125469072088,1.49014949651804
"220","gerres","gerres",2019,287.2711,307.035344062515,258.190404880096,368.689874592353,0.975629794654688,0.820421025025998,1.1715420833328,1.51302458155253,1.2600075428859,1.79926137529302
"221","gerres","gerres",2020,199.9408,264.445961041887,206.252751036727,323.946078378871,0.840298563855329,0.655384902853252,1.02936502927044,1.22266338163476,0.998093246274709,1.56763190484453
"222","gerres","gerres",2021,105.7751,209.030467592474,171.727662939878,259.664060259597,0.664211323281062,0.545678625508501,0.825103684931763,0.818307008542638,0.658739975254411,0.996060236898184
"223","gerres","gerres",2022,156.5125,178.473152239166,150.882893036311,231.53789876423,0.567112966756749,0.479442672632338,0.735730517657047,1.41813818964408,1.09312382278397,1.67745718499454
"224","gerres","gerres",2023,174.858,185.665353779809,145.52193089509,236.787150935403,0.589966772508782,0.462407779112306,0.752410443655433,1.5229900130857,1.19417999864281,1.94311934870164
"225","gerres","gerres",2024,369.8386,196.62589968979,131.935883613472,248.103618660735,0.624794799191211,0.419237008138019,0.788369440873794,3.04168286960836,2.41058003924397,4.53306268490173
"226","diapterus","diapterus",2000,27.275,41.9458613218074,32.2653725420465,49.4586127193655,0.514968955549316,0.396121683398331,0.607202935698648,1.05679203959215,0.896265582503203,1.3738583765291
"227","diapterus","diapterus",2001,22.352,50.8659553757589,30.9367888936741,70.6370706701608,0.624480868610853,0.379810674106776,0.86721067013027,0.71417241830745,0.514277588461354,1.17423506638249
"228","diapterus","diapterus",2002,8.127,68.5432811152164,29.7206144263538,100.625122958754,0.841505234927079,0.364879711302203,1.23537371361954,0.19269891106581,0.131261609858543,0.444412603397189
"229","diapterus","diapterus",2003,20.046,96.1156357698771,31.8427622810054,135.210643137149,1.18001078067359,0.390933301091359,1.65997982831477,0.338959315289443,0.240952112446656,1.02313014812163
"230","diapterus","diapterus",2004,32.545,126.724253465174,39.6563022420294,151.45125596257,1.55579249998139,0.486860059681472,1.85936568333451,0.417386525946644,0.349241051656137,1.33378537373948
"231","diapterus","diapterus",2005,17.302,139.449050088013,51.2562921514175,149.419623980383,1.71201471165962,0.62927302963316,1.83442335608318,0.201648333929622,0.18819260729774,0.548609106082961
"232","diapterus","diapterus",2006,0.262,139.850281451102,67.096899356731,147.005481962609,1.7169406254321,0.823748019315783,1.80478495662576,0.00304475138892005,0.002896554148895,0.00634618503643846
"233","diapterus","diapterus",2007,1.439,146.757200873855,94.72773875297,154.143028966762,1.80173681197146,1.16297158169939,1.89241255587122,0.0159358511602658,0.0151722781464692,0.0246886597380078
"234","diapterus","diapterus",2008,9.699,158.034920513137,137.706512082523,162.710602151149,1.94019327276655,1.69062158851433,1.99759657344347,0.0997442312922493,0.0968779628095257,0.114468600108529
"235","diapterus","diapterus",2009,24.33,159.835231397223,157.061887968259,161.836768408476,1.9622956730136,1.92824736111851,1.98686852458221,0.247390766097179,0.244331129035372,0.251759105001144
"236","diapterus","diapterus",2010,7.236,151.772645661682,148.234566783954,154.299332640691,1.86331138172907,1.81987441972855,1.89433149464552,0.0774852331503458,0.0762163946769978,0.0793346591829704
"237","diapterus","diapterus",2011,10.14,150.816043501426,147.235669893908,154.964623642479,1.85156718576266,1.80761097175159,1.90249926618558,0.10927084520025,0.106345539748344,0.111928016865975
"238","diapterus","diapterus",2012,180.504,150.587799595144,146.343935647741,154.735636861364,1.84876503741418,1.79666315857277,1.89968799756956,1.94809859746089,1.8958779447094,2.00459199001015
"239","diapterus","diapterus",2013,28.565,99.6401241602964,85.6128575426472,111.997852261379,1.22328089238581,1.05106826850182,1.37499660718193,0.465922688211542,0.414513256862747,0.542261943299476
"240","diapterus","diapterus",2014,32.361,74.239555173085,61.0093189787727,88.1053987896842,0.911438339401874,0.749010850730575,1.08166917457936,0.708435740373428,0.596943603417369,0.86206427336679
"241","diapterus","diapterus",2015,35.185,43.7440797361204,35.960417378599,48.5153575518829,0.537045666564114,0.441485715038755,0.59562260064036,1.30723046795188,1.17866994512861,1.59018159387673
"242","diapterus","diapterus",2016,33.23,50.5295587084823,38.1457242039219,63.0702044876146,0.620350929805481,0.468314706932796,0.774312323260912,1.06880561454763,0.856288266178771,1.41578845795481
"243","diapterus","diapterus",2017,21.608,59.4960456792551,42.1461489554549,79.9422511407585,0.730432408282235,0.517427884994527,0.98145028560457,0.590255931390596,0.439290779973562,0.833240870798966
"244","diapterus","diapterus",2018,68.06,75.0533195503849,52.8793182146662,102.630889883163,0.92142891721422,0.649198905757343,1.25999849579324,1.47379110121701,1.07777409507097,2.09179917980628
"245","diapterus","diapterus",2019,54.715,83.1359127419151,60.2434299441349,111.31088464847,1.02065883985282,0.739608038061925,1.36656271208554,1.06962519703469,0.798882043998313,1.47608240649132
"246","diapterus","diapterus",2020,52.863,84.0695808529809,61.3597464447309,109.158764668413,1.03212147470722,0.753313045522948,1.34014115478709,1.02194333227315,0.787058628417802,1.40017442342414
"247","diapterus","diapterus",2021,35.376,73.7124236102714,54.5341827935572,95.8893665621016,0.904966750029646,0.669515663046672,1.1772328756806,0.779977231326833,0.599586942152704,1.05427475276521
"248","diapterus","diapterus",2022,71.749,73.900291768921,55.6472250282931,94.7530963015769,0.907273205693972,0.683180472375698,1.16328289609156,1.57791494697449,1.23065503418293,2.09549307999937
"249","diapterus","diapterus",2023,33.576,69.1735665084861,51.1624865470667,86.0415897787435,0.849243242931728,0.628121379087076,1.05633181024051,0.788864983632912,0.634211949731177,1.06657451766632
"250","diapterus","diapterus",2024,59.456,69.6377535027659,50.5914159049786,81.0341780935843,0.854942062412151,0.621110350040734,0.994855862810837,1.38760170949347,1.19245321022603,1.90999726094271
"251","eucinostomus","eucinostomus",2000,56.012,197.429746409406,170.428550784843,234.069939919255,0.241671873234138,0.208619966696114,0.286522785329342,1.46280747219737,1.233826557914,1.69456177941868
"252","eucinostomus","eucinostomus",2001,67.45,210.189011071346,172.885898765705,249.451863629685,0.257290367650613,0.211627982967844,0.305351651721823,1.55415097645787,1.30953303793387,1.88948583504745
"253","eucinostomus","eucinostomus",2002,82.568,214.848665581227,183.890515928788,258.404308942885,0.262994206380627,0.225098630083562,0.316310254810847,1.82086483631401,1.51394681414664,2.12740922667997
"254","eucinostomus","eucinostomus",2003,57.63,229.436118360675,197.367479885499,279.126035886711,0.28085056846911,0.241595653374943,0.34167552351142,1.11443902528251,0.916046986796502,1.29551516926097
"255","eucinostomus","eucinostomus",2004,92.989,245.198149560277,208.976532462473,294.083312070248,0.300144720820821,0.255806184127148,0.359984582908478,1.57444852344349,1.31272958607742,1.84734553673188
"256","eucinostomus","eucinostomus",2005,67.352,261.85575494688,218.750763822232,315.30673500818,0.320535137009815,0.267770727693134,0.385963972899763,0.999902181081661,0.830398185098639,1.19693360574021
"257","eucinostomus","eucinostomus",2006,66.415,285.496196281284,235.820774433342,373.921649683648,0.349473176212478,0.288665965191737,0.457713931995109,0.829462563207608,0.633310232113721,1.00418806325493
"258","eucinostomus","eucinostomus",2007,78.383,338.39070604531,252.194350783435,443.677662803241,0.414220842108607,0.308708704140829,0.543101603643124,0.696813079017636,0.531455805777072,0.934973638615983
"259","eucinostomus","eucinostomus",2008,120.799,425.285275708662,307.484314839811,569.869242099602,0.520587657678888,0.37638862283375,0.697571514634576,0.707876954956421,0.528278460594356,0.979073180084931
"260","eucinostomus","eucinostomus",2009,231.273,557.603708354323,379.716119947115,648.811768855437,0.682557391533332,0.464806887886709,0.79420431017774,1.03365131685965,0.888343638468574,1.5178913328898
"261","eucinostomus","eucinostomus",2010,203.437,683.97177570489,445.811247601072,821.623892809353,0.837243339871938,0.545713304484427,1.00574198610074,0.741253136006246,0.617066066503316,1.13724412833722
"262","eucinostomus","eucinostomus",2011,250.22,796.524604042443,505.272748465457,1002.61444140407,0.975018185642803,0.618499561674923,1.22729079377563,0.78288434015771,0.621960559616389,1.23415846381784
"263","eucinostomus","eucinostomus",2012,589.913,870.336851245625,627.206973850131,1074.92179872091,1.065371054821,0.767758086269087,1.31580154156909,1.68917784262255,1.36768435293747,2.34396903420477
"264","eucinostomus","eucinostomus",2013,691.657,824.465215340816,647.662211113089,1053.97030038187,1.00922002196478,0.79279714748804,1.29015501189085,2.09070722987774,1.6354496762112,2.66144196298458
"265","eucinostomus","eucinostomus",2014,236.852,652.707962510369,508.150487571173,881.318481120189,0.798973603742641,0.622022174720858,1.07881356341566,0.904342470889939,0.669759620649175,1.16160772452962
"266","eucinostomus","eucinostomus",2015,198.0787,478.670987303894,376.900552233206,589.559698163387,0.585936599060816,0.461360378249671,0.721674414467622,1.03127728833208,0.837307094307508,1.30974209208523
"267","eucinostomus","eucinostomus",2016,146.983,365.684230595458,306.343800919731,446.657637805888,0.447630585701743,0.3749925306008,0.546749362677304,1.11888617399194,0.916046195179929,1.33562039914543
"268","eucinostomus","eucinostomus",2017,167.511,366.554311947645,298.860696429499,430.829263545872,0.448695644002599,0.365832533626429,0.527374000416863,1.26910609905931,1.07976953352825,1.55656571267806
"269","eucinostomus","eucinostomus",2018,216.276,362.781736199172,322.75414393215,456.004457908845,0.444077669940267,0.395080275271262,0.558190716192391,1.67281827457092,1.33083768693299,1.88027924475577
"270","eucinostomus","eucinostomus",2019,202.4955,381.343324845579,303.207716890873,502.122552245586,0.466798733913457,0.371153679993647,0.614643436469085,1.41747152817151,1.07651668503925,1.78274916934721
"271","eucinostomus","eucinostomus",2020,108.6833,378.431062919983,315.91789139278,513.845946055184,0.463233861812332,0.386712083612517,0.628993931235724,0.772539202289131,0.56895035119774,0.92540764367837
"272","eucinostomus","eucinostomus",2021,100.9795,390.449943066241,307.427460483828,534.019352096317,0.477946058590924,0.376319027957791,0.653688005538812,0.6742698701753,0.492994554200619,0.856360170320818
"273","eucinostomus","eucinostomus",2022,316.502,454.126910137477,335.846623313433,647.897245749212,0.55589242783795,0.411106654653793,0.793084851148811,1.73689675102044,1.21743310369628,2.34860647692921
"274","eucinostomus","eucinostomus",2023,271.387,515.430573742208,368.612494312517,721.888168584802,0.630933658903244,0.451215045443476,0.883656435467817,1.312180700608,0.936901421578547,1.83482128740439
"275","eucinostomus","eucinostomus",2024,399.169,549.717103401155,340.772173381006,644.63338866026,0.672903473483226,0.417135973604901,0.789089594755076,1.80964062931424,1.54318783737085,2.9192242872232
"276","eugerres","eugerres",2000,11.8,88.4509062368824,76.6612499993849,100.76424024392,0.32082255785843,0.278059992370906,0.365484568458112,0.920828890265524,0.808304113006027,1.06244223559806
"277","eugerres","eugerres",2001,20.487,96.1256008014246,82.7935191102085,110.088647980409,0.34865963998379,0.300302503446392,0.399305367676649,1.35363550133234,1.18194771412639,1.57160883158625
"278","eugerres","eugerres",2002,21.979,102.856492742736,88.1605561227566,119.43816895442,0.373073431330337,0.31976942148876,0.433217255765169,1.26837013949058,1.09228151427373,1.47980128285444
"279","eugerres","eugerres",2003,31.237,110.735433281543,93.8500377404845,128.284712691943,0.401651339284214,0.340405886655093,0.465304782177588,1.55524066041988,1.34248457805125,1.83505784904312
"280","eugerres","eugerres",2004,51.792,116.5141482233,98.0150105389032,135.154407499953,0.422611464936109,0.355512766657214,0.490222028973345,2.32920039885253,2.00796115741742,2.7688085633165
"281","eugerres","eugerres",2005,42.135,114.923919524464,96.9427614141101,134.655661158895,0.41684350550589,0.351623584267649,0.488413013286923,1.94770707809292,1.66230019275497,2.30897210100928
"282","eugerres","eugerres",2006,16.608,106.245704439914,89.2481922561858,126.546150594722,0.385366528281772,0.323714414493258,0.458998798861463,0.898247626695366,0.75415136225969,1.06932083941583
"283","eugerres","eugerres",2007,10.549,98.8536955927863,81.0977850610024,120.484146197954,0.358554782795566,0.294151862845187,0.43701114673824,0.659063067912604,0.5407418481834,0.803361273589327
"284","eugerres","eugerres",2008,26.686,100.354063930409,80.3889116391889,123.565670307101,0.363996807397517,0.291580689817576,0.44818822212231,1.61776358697282,1.3138693783465,2.01954656582531
"285","eugerres","eugerres",2009,19.731,106.72622459044,83.6064142694179,133.876333285342,0.387109435283556,0.303250976394198,0.485586293104609,1.0575680117321,0.843093311341413,1.35001892051089
"286","eugerres","eugerres",2010,8.136,115.321209741046,87.3517656459682,146.363199438424,0.418284527072753,0.316835836740178,0.5308777266162,0.373502973589513,0.294287190506118,0.493096097573941
"287","eugerres","eugerres",2011,35.355,127.47597086301,93.2512892116634,163.697526668808,0.462371373880895,0.338234150460374,0.593751510926708,1.32829851777719,1.03438424877442,1.81580484925206
"288","eugerres","eugerres",2012,19.241,142.288130503767,98.2116510334389,180.746731941094,0.516096939231558,0.356226006454515,0.655591122046799,0.598898292762084,0.471466994306633,0.867678300306755
"289","eugerres","eugerres",2013,16.541,161.977834781755,107.41183271792,199.664341031405,0.587513972235415,0.389596222163472,0.724207668729377,0.452272603563188,0.366906462505238,0.682030416971468
"290","eugerres","eugerres",2014,35.923,180.501831907725,116.321607296622,219.348013289525,0.654702838834475,0.421913094786869,0.795602822838763,0.881424449684913,0.725325593199632,1.36774870597069
"291","eugerres","eugerres",2015,38.298,204.923523121859,132.4956315663,246.871822137188,0.743283383408704,0.480578314373941,0.89543513809922,0.827710357538314,0.687066353392684,1.28017294295721
"292","eugerres","eugerres",2016,50.169,225.945492959516,151.333025626936,269.602696728114,0.819532711103298,0.54890391105845,0.977882878194612,0.983390187726112,0.824148213032903,1.46823589772845
"293","eugerres","eugerres",2017,74.477,237.566705271367,166.537111742606,286.070283001157,0.861684309294039,0.604051043010559,1.03761288407745,1.38845148296843,1.15303778070727,1.98063867438604
"294","eugerres","eugerres",2018,77.045,240.550399024779,172.883534829412,286.861002446792,0.872506541677642,0.627070317482525,1.04048092292397,1.41851027718474,1.18950714906196,1.97371723995713
"295","eugerres","eugerres",2019,75.208,230.825359047467,170.428344775091,279.492348079258,0.837232598950125,0.618165034464324,1.01375388707161,1.44302757006342,1.19175841222253,1.95441290833897
"296","eugerres","eugerres",2020,58.924,213.260916803693,160.998665816661,252.934770749234,0.773524158553678,0.58396240328805,0.917426215009972,1.22370027524353,1.03175787899124,1.62092922489523
"297","eugerres","eugerres",2021,43.738,198.778745647986,148.360158333516,239.513338905704,0.720995502927761,0.538120947606449,0.868744994236132,0.974502782000001,0.808766816585095,1.30567696079812
"298","eugerres","eugerres",2022,84.485,192.426415587934,143.788232902755,236.790004663237,0.697954803121148,0.521537999240645,0.85886711853374,1.94450483363598,1.58019379138125,2.60225811025191
"299","eugerres","eugerres",2023,75.399,182.421583817266,135.86150288979,227.739047681193,0.66166602038089,0.492786752855424,0.826038159582554,1.83055791123142,1.46629783884723,2.45789474084462
"300","eugerres","eugerres",2024,84.4,170.860664787891,115.403364645813,216.566889614662,0.61973311350637,0.418582513241686,0.785515337599204,2.18773373452904,1.72601472425275,3.23905322351526
"301","anisotremus","anisotremus",2000,100.4743,458.0208046959,376.799141617981,608.120799742979,0.240371279893844,0.197745803258326,0.319144400135577,1.93200421347321,1.45513543510577,2.34846109450012
"302","anisotremus","anisotremus",2001,88.5596,444.184956492203,359.692548267342,585.06938349842,0.233110167501039,0.188768189804617,0.307046918166938,1.8106372272603,1.37463665113481,2.23595907640547
"303","anisotremus","anisotremus",2002,60.2056,432.64836952552,345.793921190023,553.756847940429,0.227055717252585,0.181474130790069,0.290613965402286,1.29744882486329,1.01369241880741,1.62333425841639
"304","anisotremus","anisotremus",2003,44.41145,425.683454663617,336.310728137679,546.83421860649,0.223400500104057,0.176497310462037,0.286980939879931,0.98865530881337,0.769619370930505,1.25138502020938
"305","anisotremus","anisotremus",2004,75.36185,433.466475279284,340.092092385868,552.376915083454,0.227485062655904,0.178481786614131,0.289889770729035,1.61794596509133,1.26964997183947,2.06216301520106
"306","anisotremus","anisotremus",2005,64.0821,445.28064807337,349.038144699297,554.578699807655,0.23368519113541,0.183176713181941,0.291045276781993,1.30374478455594,1.04679880924149,1.6632346103303
"307","anisotremus","anisotremus",2006,36.4412,460.337598390561,358.838953293613,569.173957466482,0.241587143147054,0.188320219506669,0.298704930509212,0.693686536264228,0.561041119240855,0.889897797351047
"308","anisotremus","anisotremus",2007,36.1871,479.657118420023,371.895322946127,597.525752637478,0.251726109999225,0.195172258217499,0.313584074038653,0.634476415541326,0.509318850008892,0.818324701620685
"309","anisotremus","anisotremus",2008,100.4365,516.399973264377,402.336992399399,643.223019273101,0.27100891758207,0.211148176720691,0.33756619527908,1.51929685471428,1.21974001496671,1.95001918783613
"310","anisotremus","anisotremus",2009,118.061,555.095934415247,432.949251184903,696.125694154304,0.291316723719245,0.227213621236031,0.365329745625763,1.54558842038378,1.23246398694794,1.98164067979392
"311","anisotremus","anisotremus",2010,118.9898,579.894263023049,456.776971288971,734.943250707316,0.304330992777707,0.239718510794857,0.385701365550745,1.42736683282971,1.12623911681714,1.81209187330875
"312","anisotremus","anisotremus",2011,112.9705,596.86651940333,465.351219606072,743.773769033155,0.31323810561404,0.24421831303305,0.390335659387063,1.27918720060943,1.02652721012941,1.64070486962376
"313","anisotremus","anisotremus",2012,140.909,605.685095635711,471.551450290516,753.623432069899,0.317866132188567,0.247472220650295,0.395504804732408,1.54941747530097,1.24526259637355,1.99015202080099
"314","anisotremus","anisotremus",2013,143.036,610.090375681858,477.37507778934,770.758832755472,0.320178042023506,0.250528485302829,0.404497536398866,1.55017418241219,1.22703277488124,1.98113892685767
"315","anisotremus","anisotremus",2014,104.25177,617.186847920878,469.924692350219,786.934695509621,0.323902301046973,0.246618491116227,0.412986698449449,1.10401151339123,0.865867765020867,1.44997995872599
"316","anisotremus","anisotremus",2015,69.25508,622.167639557148,466.895683784235,822.133423060641,0.326516241829182,0.245028854448306,0.431459141415639,0.721705955146599,0.54616693345987,0.9617182299235
"317","anisotremus","anisotremus",2016,71.535,650.673406337565,473.20465692865,901.71958660965,0.341476190318669,0.248339830574262,0.473226300893945,0.681578619100601,0.491821502341419,0.937195091560373
"318","anisotremus","anisotremus",2017,87.8102,711.671388330144,507.103118664073,1035.0774243235,0.373488192507593,0.26612988847171,0.543213065264694,0.699373939265323,0.480857190605018,0.981505346743072
"319","anisotremus","anisotremus",2018,73.47,805.127761251252,554.627210236323,1210.24445616681,0.422534497267042,0.291070735262716,0.635141473772992,0.457197584811343,0.304155467131426,0.663693488373552
"320","anisotremus","anisotremus",2019,106.6157,921.168244002993,638.691505301421,1404.99734266312,0.483433039587745,0.335188037339393,0.737348622684532,0.506835163384794,0.332299886467533,0.730995251351908
"321","anisotremus","anisotremus",2020,56.2948,1101.64317933509,724.055610885697,1581.46538256896,0.578147058579388,0.3799874855433,0.829959805795936,0.2163606052681,0.150716030649518,0.329190439915038
"322","anisotremus","anisotremus",2021,75.195,1343.39994736402,871.41443028283,1834.13648351118,0.705022045825209,0.457322025064167,0.96256268169803,0.236992440801481,0.173583392163324,0.365355015288244
"323","anisotremus","anisotremus",2022,134.86795,1585.81868121635,1099.01565190104,2060.56197094463,0.832244435570185,0.576768120928949,1.08139174722728,0.360085873337703,0.277123868552837,0.519583960240499
"324","anisotremus","anisotremus",2023,236.088,1873.73838275251,1354.67852615763,2279.21858043538,0.983345928024989,0.710941092279449,1.19614367234001,0.533477143364968,0.438569871457068,0.737884730984355
"325","anisotremus","anisotremus",2024,490.313917,2100.17573775335,1563.18535195417,2465.13707451617,1.10218122170442,0.820366367440458,1.29371449427638,0.988483536663285,0.842139434082505,1.32805053365784
"326","microlepidotus","microlepidotus",2000,469.912,1404.05028469119,1165.7351294146,2123.90458125367,0.237534721093235,0.197216988489117,0.359318386127245,2.28844035075934,1.51281999876184,2.75627391240752
"327","microlepidotus","microlepidotus",2001,315.587666666667,1281.61512470887,1058.91480597835,1965.64154930351,0.216821359260328,0.179145316832358,0.332543728863513,1.84456158367251,1.20266995013882,2.23249123607019
"328","microlepidotus","microlepidotus",2002,161.263333333333,1212.57907064901,1003.64429754838,1809.50695633234,0.205141962856023,0.169794750867777,0.306129157107224,1.05294062366548,0.705592072152494,1.27213771453859
"329","microlepidotus","microlepidotus",2003,6.939,1190.42718229642,983.457504552919,1779.61906814742,0.201394345923144,0.166379585259945,0.301072777530597,0.0470088473483911,0.0314452742688369,0.0569019092669259
"330","microlepidotus","microlepidotus",2004,999.255,1298.43878881167,1066.73365413792,1995.26876811708,0.219667556724903,0.180468095608235,0.337556008861161,5.6901242961132,3.70289868577723,6.92607575524923
"331","microlepidotus","microlepidotus",2005,278.8341,1255.96178480832,1030.68884560363,1959.70433365318,0.21248137300426,0.174370099236306,0.331539281317047,1.69699834628725,1.08759522302353,2.06790350056758
"332","microlepidotus","microlepidotus",2006,99.3424,1173.21557996383,959.337457961964,1801.220657829,0.198482517761278,0.16229899882924,0.304727295916535,0.692894939597336,0.451313466165488,0.847371414163962
"333","microlepidotus","microlepidotus",2007,706.226,1015.63626442971,844.979524399012,1560.03476353115,0.171823530420456,0.142952127745025,0.263923896808743,6.57287977102827,4.27917070391582,7.90037493741729
"334","microlepidotus","microlepidotus",2008,14.02,897.847911570785,744.812154838743,1319.02409440159,0.15189630712266,0.126005990950235,0.223150141982165,0.16696707729786,0.113652997158458,0.201273624066216
"335","microlepidotus","microlepidotus",2009,5.693,824.602374466542,667.926115504246,1136.92008968507,0.139504757890356,0.112998548048501,0.19234211149926,0.0803785943015645,0.058298186757974,0.099233101055369
"336","microlepidotus","microlepidotus",2010,153.345,742.411744204024,594.270720456763,933.04164200387,0.125599893763514,0.100537659780911,0.157850319620504,2.67096586735511,2.12526037319596,3.33678971558349
"337","microlepidotus","microlepidotus",2011,16.606,790.144970583694,626.60674539809,983.811913188639,0.133675315804021,0.10600821076434,0.166439543480356,0.255352349667068,0.205085313677713,0.321996812670727
"338","microlepidotus","microlepidotus",2012,24.5818,843.414258608683,663.723048912658,1048.15515413807,0.14268731887244,0.112287480744535,0.177325018138781,0.331757071099043,0.266953459184467,0.421574397058507
"339","microlepidotus","microlepidotus",2013,29.533,912.098704174808,709.173580004278,1107.07430434871,0.154307230779357,0.119976720470562,0.187292854807402,0.340809955810446,0.280787222540998,0.43833037189951
"340","microlepidotus","microlepidotus",2014,63.199,1038.29483412877,801.977289795319,1262.38336464904,0.175656866799161,0.135677086448894,0.213567764419921,0.562804038324745,0.462899418657858,0.728644729788461
"341","microlepidotus","microlepidotus",2015,115.635,1191.03514488728,923.561164479334,1441.57022801368,0.201497199949122,0.156246429354482,0.243882278135684,0.78257962438979,0.646572617974516,1.00922372244441
"342","microlepidotus","microlepidotus",2016,132.6359,1367.57673114309,1063.92107472702,1673.06689095206,0.231364190405133,0.179992268443634,0.28304647037626,0.680841575526206,0.556524727923221,0.875161812659221
"343","microlepidotus","microlepidotus",2017,251.371,1579.33954611488,1218.74140296018,1947.90774802599,0.267189845469406,0.206184495237361,0.329543556016209,0.967503484210508,0.784439876665658,1.25376598342044
"344","microlepidotus","microlepidotus",2018,299.1725,1842.06014933312,1380.62264942942,2317.96075703445,0.311636448195332,0.233571275575327,0.39214846357753,0.846452205928983,0.672667072608993,1.12935701692369
"345","microlepidotus","microlepidotus",2019,144.643,2167.24245840348,1564.69204134646,2900.6738551804,0.366650210830245,0.264711806756824,0.490730825444944,0.295645181469513,0.22089170375319,0.40949578126042
"346","microlepidotus","microlepidotus",2020,159.0815,2657.0021529312,1833.20690119431,3831.30930428427,0.44950688178483,0.310138671477254,0.648174069645409,0.216333735656323,0.150026833058804,0.313548460359834
"347","microlepidotus","microlepidotus",2021,50.219,3517.98248886197,2303.47689218715,5006.49931785072,0.595165998265161,0.389698109174722,0.846990618559438,0.0463700118049954,0.0325834239019387,0.0708185482960961
"348","microlepidotus","microlepidotus",2022,45.294,4791.02406528988,3091.14609009832,6456.00648991174,0.81053689993013,0.522954578176982,1.0922156547225,0.0307096695186979,0.022789748729511,0.0475974804854665
"349","microlepidotus","microlepidotus",2023,44.629,6372.05970953244,4444.32899811507,8066.72338939254,1.07801368825343,0.751883647276944,1.36471386482933,0.0227509815582151,0.0179714372170055,0.0326192352098378
"350","microlepidotus","microlepidotus",2024,47.445,7967.51042218761,6004.36070644703,9388.15101541059,1.34792919212152,1.01580702721254,1.58827063200034,0.0193433027913019,0.0164162215047718,0.025667672900422
"351","orthopristis","orthopristis",2000,28.976,138.640922893952,113.055942898934,205.176521906964,0.24290389467961,0.198078087433336,0.359476662645555,1.60346996328758,1.08348924855898,1.96634117448962
"352","orthopristis","orthopristis",2001,43.558,143.744581924548,113.612841859409,207.79109921924,0.251845689279439,0.199053794487349,0.364057496347727,2.24228204750672,1.55115352239269,2.8369671086533
"353","orthopristis","orthopristis",2002,45.712,143.020269110623,110.846116667766,201.886511838911,0.250576667119198,0.194206392215854,0.353712446407061,2.37706095605001,1.68395547840212,3.06702578174747
"354","orthopristis","orthopristis",2003,33.544,139.289865620545,105.710017705249,194.568310666052,0.244040865729882,0.185207761685894,0.34089069414351,1.83899728472905,1.31652314700983,2.42317322640784
"355","orthopristis","orthopristis",2004,29.517,131.122155092607,98.6794214241788,178.437416525945,0.229730742452865,0.172889903560424,0.312628786118752,1.82610327578187,1.34188558433524,2.42646940452691
"356","orthopristis","orthopristis",2005,16.412,123.637188505868,91.5638238700952,165.314230842996,0.216616811172586,0.160423120140483,0.289636491733708,1.14200641716332,0.854097447955515,1.54203326931878
"357","orthopristis","orthopristis",2006,22.996,121.955187588984,90.0553477898833,158.742610409461,0.213669884932934,0.157780215669955,0.278122775838417,1.64458763355662,1.26346664477534,2.22714140002968
"358","orthopristis","orthopristis",2007,29.559,122.563085592545,88.8998272929683,157.903898466209,0.214734944148863,0.155755702104812,0.276653322279701,2.09303091384189,1.62458514028356,2.88558858720457
"359","orthopristis","orthopristis",2008,14.832,122.290246025098,87.9829925965773,156.312195776474,0.214256919391292,0.154149374666404,0.273864601789112,1.05492444680176,0.82531608935848,1.46627167740025
"360","orthopristis","orthopristis",2009,4.771,122.086686156801,86.2950270842113,156.587959740031,0.21390027516405,0.151191998240454,0.274347750194086,0.340469397820992,0.265453235272853,0.481682223440332
"361","orthopristis","orthopristis",2010,6.908,127.83986154541,87.870816343298,166.552325007084,0.223980045837077,0.153952837826896,0.291805677340377,0.449598675426181,0.345096547976968,0.654103771984205
"362","orthopristis","orthopristis",2011,7.42675,143.637052224427,96.9898346712556,191.210306408426,0.251657293368564,0.169929686662574,0.335007349633809,0.382887435136675,0.287624781058245,0.567036975608978
"363","orthopristis","orthopristis",2012,18.632,167.497282929836,108.79820775624,226.838866086126,0.293461277685165,0.190618381979227,0.397429870538102,0.70639760799433,0.521602325248189,1.08751497333742
"364","orthopristis","orthopristis",2013,29.686,194.297585486261,121.611539927321,270.751012840805,0.340416373869334,0.213067801841787,0.474365534610485,0.836415655585243,0.600232444702522,1.33633323318037
"365","orthopristis","orthopristis",2014,52.4025,227.550716676455,134.926524287072,337.826586892864,0.398677058433361,0.236396134422604,0.591884358310022,1.07646736690697,0.72507887277735,1.81543934458236
"366","orthopristis","orthopristis",2015,26.8315,260.855991261563,143.80859505159,412.859075332756,0.457029100104958,0.251957842585581,0.723343982850272,0.419419480434106,0.265001039967131,0.760789605682464
"367","orthopristis","orthopristis",2016,19.492,307.083165371252,153.613161103767,506.651209233557,0.538020775556116,0.269135795746921,0.887671182491336,0.236580368953836,0.143392233629413,0.472940261374916
"368","orthopristis","orthopristis",2017,18.031,377.562559063936,172.182826838662,600.47979680132,0.661503213967936,0.301670519519315,1.05206225027101,0.177995573855486,0.111917944158856,0.390308752625504
"369","orthopristis","orthopristis",2018,50.717,470.246528935768,206.065441471384,740.516592426309,0.82388887028282,0.361034081766458,1.29741176429424,0.401981686985791,0.255268409829215,0.917332337004519
"370","orthopristis","orthopristis",2019,47.217,563.868018813561,256.837081166541,860.13375704272,0.987917095444148,0.449987824743608,1.50698534869747,0.312103930170556,0.204602392742105,0.685202557083581
"371","orthopristis","orthopristis",2020,103.2,658.478693937925,333.39405041862,925.591952090376,1.15367840881591,0.584118394621748,1.62167046607754,0.584139104660726,0.415564497775048,1.15371931272347
"372","orthopristis","orthopristis",2021,125.668,710.845157432261,409.749526662153,941.260700550813,1.24542634057991,0.717895941485436,1.64912267821194,0.658912891985151,0.497614569654548,1.14310086518666
"373","orthopristis","orthopristis",2022,71.723,747.913738929103,479.702505560966,914.085982348798,1.31037183162168,0.840456082202037,1.60151159231966,0.357425263704051,0.292448708903416,0.557268853645049
"374","orthopristis","orthopristis",2023,68.132,763.893221549076,532.592862582637,898.356720089363,1.33836846120503,0.933121894311395,1.57395335782798,0.332427384083896,0.282670591403512,0.4767976501367
"375","orthopristis","orthopristis",2024,116.732,794.256978701013,585.361567845735,907.469572241137,1.39156685829701,1.02557456815439,1.5899194033007,0.547781294125236,0.479442098081973,0.743265597811677
"376","xenichthys","xenichthys",2000,0.2,9.75109926798878,9.56137992898639,9.944299363766,0.199617546049254,0.195733747120649,0.203572600546765,0.386560873650679,0.379050681621951,0.39423111309079
"377","xenichthys","xenichthys",2001,0.851,10.4472569540965,10.1846058458512,10.7170123113369,0.213868789436793,0.208491983370716,0.219391028618865,1.43291378571712,1.39684625505358,1.46986724268295
"378","xenichthys","xenichthys",2002,0.619,10.9320147905936,10.5791682671571,11.2975315869032,0.223792405953278,0.216569183708823,0.231275004982766,0.951886749996654,0.921089704409138,0.983634985960002
"379","xenichthys","xenichthys",2003,0.387,11.4908498493651,11.0342933884353,11.9316915684561,0.235232478504324,0.225886180424587,0.244257075602825,0.538643866920085,0.51874252376949,0.560930870620774
"380","xenichthys","xenichthys",2004,0.298,12.0812140459944,11.5151740087748,12.654566865401,0.247317993067114,0.235730425338588,0.259055262854335,0.375223612253922,0.358222989610575,0.393668108818546
"381","xenichthys","xenichthys",2005,0.209,12.9852951384968,12.2770801769012,13.6466646558444,0.2658256960609,0.251327624733375,0.279364780881634,0.227791592026068,0.216751941014376,0.24093196508497
"382","xenichthys","xenichthys",2006,0.12,14.2101719498864,13.3385326113741,15.0803238786945,0.290900500099137,0.273056921543332,0.308713629464862,0.109213828996938,0.102912066202011,0.116350676237698
"383","xenichthys","xenichthys",2007,0.155,15.8053867165586,14.7387843252744,16.8136047956111,0.32355659849309,0.301721875442186,0.344196119565719,0.114029310751802,0.107191609138174,0.122281275964143
"384","xenichthys","xenichthys",2008,0.1315,17.826943918344,16.4928826086966,19.0812904403656,0.364940474990313,0.337630523815342,0.390618561915687,0.0760443601698724,0.0710454331320735,0.0821953673119487
"385","xenichthys","xenichthys",2009,0.108,20.4386843066014,18.6088009622729,21.9600874517644,0.418406160539548,0.380946094478032,0.449551240088275,0.0475130530678948,0.044221330822591,0.0521852156980074
"386","xenichthys","xenichthys",2010,1.317,23.7867137658496,21.4320350358861,25.7298656837711,0.486944630550795,0.438741327836736,0.526723450025,0.427771587647255,0.39546573766012,0.474769675184401
"387","xenichthys","xenichthys",2011,0.823,27.796468746114,24.4688306045538,30.0044402833825,0.569029473235844,0.500908439729519,0.614229490988001,0.222782150887263,0.206388022434116,0.253079405158716
"388","xenichthys","xenichthys",2012,0.007,32.1397071184188,28.3778994008021,34.3926194113815,0.657941149956499,0.580932106702787,0.704061162790516,0.00163880133617689,0.00153145052256673,0.00185604276856764
"389","xenichthys","xenichthys",2013,6.603,37.0369557092106,32.7476935568086,39.0006826449849,0.758194128540797,0.670387414477774,0.798394145098615,1.34145528018582,1.27391154278982,1.51715783317507
"390","xenichthys","xenichthys",2014,2.001,40.4923826800017,35.5125253233058,43.1887773603098,0.828931163771901,0.726987077479773,0.884129831580601,0.37182958359587,0.348615235506673,0.423970575272738
"391","xenichthys","xenichthys",2015,2.636,43.6235576205306,38.5085015167565,46.863092938274,0.893030342818431,0.788318564250901,0.959347798183769,0.45466812597203,0.423237988531494,0.515061360747286
"392","xenichthys","xenichthys",2016,5.024,46.2061179589789,40.7157496006013,50.1785322169358,0.945898675210203,0.833503771980809,1.02721910527367,0.818126259397068,0.753358792632846,0.928447561885998
"393","xenichthys","xenichthys",2017,9.176,49.3644521220583,43.4786699860968,53.7315300345509,1.01055383848058,0.890064306554859,1.0999535412566,1.39865070241723,1.28497412209482,1.58798844714055
"394","xenichthys","xenichthys",2018,10.924,50.1477313613704,44.1006151213971,54.8644356220875,1.02658857213733,0.902796323558673,1.12314557602871,1.6390816374867,1.49816952829361,1.86383399437341
"395","xenichthys","xenichthys",2019,18.31,48.0628836308149,42.4023511246083,53.1399815016862,0.983909057097826,0.868030674859385,1.08784378180751,2.86647860661791,2.59260962850966,3.24914123972104
"396","xenichthys","xenichthys",2020,13.202,41.954865434185,35.6497554786985,47.9756193053532,0.858870067120759,0.72979635529662,0.982122644096834,2.367704939234,2.07056716623424,2.78646349125097
"397","xenichthys","xenichthys",2021,11.073,34.1607149369404,27.5435468878119,41.3417013291226,0.699313779871572,0.563851837432029,0.846317809102029,2.43898164969993,2.01533449744934,3.02493201805815
"398","xenichthys","xenichthys",2022,12.134,25.8765167303663,19.2637966959841,34.379424890171,0.52972558560401,0.394354699748351,0.703791053967609,3.52832319537026,2.65567892676531,4.73949739171465
"399","xenichthys","xenichthys",2023,4,18.6349955676499,10.4368869124893,28.7315648981169,0.381482331747429,0.213656501344838,0.588172094396076,2.11688106140158,1.372987142759,3.77967774559816
"400","xenichthys","xenichthys",2024,4,12.7065755489979,1.75085153835773,25.9134757366861,0.260119947512704,0.0358421833250005,0.530482184008275,4.55300365739321,2.23254825155033,33.0428272643812
"401","haemulopsis","haemulopsis",2000,54.2582,359.105733156621,292.794480699573,475.060162522284,0.242269815408031,0.197533089121243,0.320498191076739,1.22487708578215,0.925904587707693,1.50228372770412
"402","haemulopsis","haemulopsis",2001,66.8584,383.981493280229,307.491536173026,501.809688005973,0.259052186884826,0.20744842209378,0.338544693827391,1.32010111650425,1.0101327457635,1.64848244054096
"403","haemulopsis","haemulopsis",2002,57.3122,406.792535946427,322.753189452718,530.210675540021,0.274441601716569,0.217744659612438,0.357705351460998,1.00826091925277,0.773566122222586,1.27079461843273
"404","haemulopsis","haemulopsis",2003,115.2437,440.29073025768,344.128011610591,571.416973917973,0.297041077589459,0.232165131747615,0.38550508112257,1.73065266206017,1.33351013214783,2.21426416534532
"405","haemulopsis","haemulopsis",2004,116.9396,466.275706806909,360.908934673514,608.538047991785,0.314571779248344,0.243486340955538,0.410548724075739,1.56584161637026,1.19978349559266,2.02298651065869
"406","haemulopsis","haemulopsis",2005,126.7223,486.923819048267,372.793147315392,633.808901583393,0.328501978293805,0.251503996306537,0.42759764440632,1.55597571022464,1.19537865952366,2.03233788127532
"407","haemulopsis","haemulopsis",2006,97.5338,495.990390394369,378.718647476106,649.827672442228,0.334618718750984,0.255501620676155,0.438404669470832,1.15419828866382,0.880958574194571,1.51160040204516
"408","haemulopsis","haemulopsis",2007,158.1617,516.078852049773,388.57184138391,661.607933828977,0.348171350880539,0.262149054144398,0.446352194358666,1.72878507386339,1.34851680389738,2.29607326455422
"409","haemulopsis","haemulopsis",2008,114.8474,529.11735248451,391.37824477017,669.942961417443,0.35696774370266,0.26404238740971,0.451975400586893,1.19423271553589,0.943198584186638,1.61452319115438
"410","haemulopsis","haemulopsis",2009,132.727,548.904459339577,403.552622322521,706.69958500847,0.37031706754413,0.272255801816629,0.476773167902228,1.28244150699834,0.996092083491343,1.74435209460977
"411","haemulopsis","haemulopsis",2010,116.2355,568.391160737771,408.533355265804,733.632745941081,0.383463723569788,0.275616041265213,0.4949435598649,1.04740818374219,0.811492612096786,1.45725568218566
"412","haemulopsis","haemulopsis",2011,109.9972,604.877830897248,427.014750098503,793.138822396357,0.408079367454634,0.288084469644908,0.535089190600871,0.875221747607317,0.667477391470131,1.23977504787526
"413","haemulopsis","haemulopsis",2012,150.5742,663.800218814004,446.270850859329,881.609296796596,0.447831214128068,0.301075551507611,0.594775582443184,0.994827054762245,0.749046566356285,1.4797435578902
"414","haemulopsis","haemulopsis",2013,175.5045,741.320486454839,477.882463587663,1009.07093142584,0.500130075431781,0.322402249672866,0.680767266345829,0.929953054662003,0.683196026554917,1.44260001860423
"415","haemulopsis","haemulopsis",2014,212.9724,837.442034858482,513.926755299488,1142.01253745028,0.564978245868336,0.346719444006626,0.770455999712671,0.998958254208307,0.73253979768966,1.62779934011292
"416","haemulopsis","haemulopsis",2015,180.6284,916.937216974869,543.506128655469,1247.88492699726,0.61860947845232,0.366675096788458,0.841882551572167,0.773793728576283,0.568578282054131,1.30545035388757
"417","haemulopsis","haemulopsis",2016,203.0817,995.256248161211,556.725843006755,1366.3098677303,0.671447223652494,0.375593745141633,0.921777651767038,0.801520525699646,0.583848752082275,1.43287458495501
"418","haemulopsis","haemulopsis",2017,188.9753,1075.33560619889,585.854599727662,1468.49318235654,0.725472569110624,0.395245390499135,0.990715378142693,0.690303043448463,0.505489198456056,1.26705063343815
"419","haemulopsis","haemulopsis",2018,138.49485,1172.66865738031,636.693946728452,1598.37255860675,0.791138076969666,0.429544033144237,1.07833818558956,0.463913571306072,0.340356759676978,0.854440202548394
"420","haemulopsis","haemulopsis",2019,203.5251,1296.81933346822,721.036957520293,1743.7632473245,0.874896030690454,0.486445841633563,1.17642566252309,0.6164775578546,0.458468210579476,1.10876426976022
"421","haemulopsis","haemulopsis",2020,132.1576,1443.05280602354,844.845627085963,1868.4896878993,0.973552089704135,0.569973061480277,1.26057205436412,0.359739967022107,0.277830684435675,0.614459911026141
"422","haemulopsis","haemulopsis",2021,131.1882,1602.77963934447,1011.74717338486,2008.13990260647,1.08131141196339,0.682572786518677,1.35478673437325,0.321513880677333,0.256613546221257,0.509332682385695
"423","haemulopsis","haemulopsis",2022,144.6013,1769.56489296786,1168.46634623154,2118.31151329385,1.19383268042918,0.78830299790437,1.4291137453898,0.320984805583242,0.26813971390497,0.486110228992137
"424","haemulopsis","haemulopsis",2023,120.997,1939.12851329773,1374.87877031395,2256.94515216392,1.308228367282,0.92755864119581,1.52264259496611,0.245101958290823,0.210587393110175,0.345691712061507
"425","haemulopsis","haemulopsis",2024,105.4584,2104.46486258939,1518.25987119177,2364.36282429112,1.4197721359404,1.02429035454755,1.59511166798552,0.196842227090613,0.175204730056706,0.272843640437436
"426","haemulon","haemulon",2000,218.4201,1221.4486426367,1040.5697258305,1407.70838920655,0.279819376521065,0.238382165033189,0.322489272198086,1.15573718422584,1.00281679482858,1.35663529302731
"427","haemulon","haemulon",2001,309.3575,1310.77755392457,1105.74045559257,1539.19242938277,0.300283569111201,0.253312005169636,0.352610704127603,1.42141064964248,1.21047449226855,1.68498237089665
"428","haemulon","haemulon",2002,337.228,1399.78445778587,1175.36401725273,1659.02489832886,0.320673993624488,0.269261936206332,0.380062899477454,1.35868318250173,1.1463743575137,1.61810602843393
"429","haemulon","haemulon",2003,439.5764,1521.36044112283,1251.40144968544,1811.00012204384,0.348525607413052,0.286681208857579,0.41487861817585,1.49929480544173,1.25950726276361,1.82273067300135
"430","haemulon","haemulon",2004,366.7222,1612.77653208667,1278.43425682086,1954.45258154729,0.369467948076903,0.292874103895654,0.447741872820776,1.11302704685846,0.918448427809871,1.40411123307577
"431","haemulon","haemulon",2005,344.2797,1743.25843561503,1352.88956383945,2182.7721665743,0.399359802403066,0.309930930405896,0.500047177931184,0.894344359226797,0.714262978262949,1.15240252437327
"432","haemulon","haemulon",2006,346.4657,1925.60373667173,1440.93747816605,2527.84487991282,0.441132945106054,0.330101661806986,0.579099238026301,0.737638053559892,0.561901010435096,0.985746164402636
"433","haemulon","haemulon",2007,415.7885,2296.82788478339,1601.28078192817,2930.67722258872,0.526175988299367,0.366834408254016,0.671383343174404,0.654777123072827,0.51316137546648,0.939192158904818
"434","haemulon","haemulon",2008,529.0734,2838.25927627727,1825.78698743135,3452.11700277918,0.650211489349749,0.418266113408151,0.790839003521456,0.6742381736038,0.554344696054799,1.04813034807719
"435","haemulon","haemulon",2009,698.80615,3363.05522743281,2108.52497535982,4214.03460942738,0.770436008602663,0.483038028279808,0.965385277683662,0.751574774732947,0.599802258224864,1.19874675638639
"436","haemulon","haemulon",2010,735.11085,3864.39999446605,2420.61622113652,4881.69164316123,0.885288140109815,0.554534425887165,1.11833757415191,0.688050375528984,0.544668131816854,1.09844007660916
"437","haemulon","haemulon",2011,866.2324,4308.12206782171,2677.03934379264,5473.888573789,0.986939596897216,0.613277917674369,1.25400285726054,0.72727037927075,0.572384608852316,1.17038607500274
"438","haemulon","haemulon",2012,914.5494,4717.73022266121,3001.31051746412,5977.83840231506,1.08077596013367,0.68756459209781,1.3694517774146,0.701170349381115,0.553366003876608,1.10216271500763
"439","haemulon","haemulon",2013,1100.33255,4972.75106363477,3291.24777433773,6224.58065891068,1.13919820584272,0.753985773976953,1.42597749776986,0.800344044578515,0.639386316450764,1.20924098452369
"440","haemulon","haemulon",2014,929.8396,5140.26813751258,3449.01936629519,6291.9795799116,1.17757437781826,0.790129371794517,1.44141779005424,0.65429219549098,0.534527692340776,0.975128570738675
"441","haemulon","haemulon",2015,1149.4304,5292.00951622262,3674.96106015126,6339.24557724454,1.21233652540347,0.84188993028058,1.45224586865098,0.785618205191822,0.655834983411384,1.13130423695476
"442","haemulon","haemulon",2016,1033.6937,5321.62319996248,3606.33820762441,6363.6406815883,1.21912066861779,0.826169249820607,1.45783449730826,0.702582332699777,0.587537642154507,1.03675202555164
"443","haemulon","haemulon",2017,1146.283,5382.94264396649,3823.32553045506,6495.56278474037,1.23316822492992,0.875878468258461,1.48805628426254,0.77023203126283,0.638299556825751,1.08442632305498
"444","haemulon","haemulon",2018,1184.2393,5394.03607511196,3901.00086793757,6467.8082150021,1.23570959824538,0.893672965502733,1.48169804198474,0.794099822490766,0.662265012716337,1.09802669488249
"445","haemulon","haemulon",2019,1078.7991,5359.73007875875,3862.85987035813,6408.12538923056,1.22785050194333,0.8849353159692,1.46802541547106,0.728026407946625,0.608918334113737,1.01013890427261
"446","haemulon","haemulon",2020,785.20355,5362.82050772022,3802.85318212836,6379.83941587486,1.22855848251247,0.871188496412954,1.46154543493615,0.529588406474734,0.445165995844131,0.746830716536904
"447","haemulon","haemulon",2021,724.73245,5443.4675962232,3814.20771516718,6415.70211286905,1.24703377261916,0.873789685070999,1.46976115286565,0.48156125936792,0.408585539797367,0.687262809663424
"448","haemulon","haemulon",2022,745.13825,5678.97226612678,3973.11071549637,6598.16394284266,1.30098509533542,0.910192475108454,1.51156099095945,0.474587817597768,0.408472883869904,0.678352869319084
"449","haemulon","haemulon",2023,629.067,5972.79191798824,4222.25478460888,6763.95118109748,1.36829568779392,0.967268422184292,1.54954087813954,0.380950891770936,0.336392198376375,0.538892256292541
"450","haemulon","haemulon",2024,784.24565,6337.20714332794,4507.98357295779,6954.81583633207,1.45177888765177,1.03272549390965,1.59326570369779,0.447614031026599,0.407864550497083,0.629244270518583
"451","lutjanus","lutjanus",2000,1990.91265,12313.7824360301,8924.91774394195,14150.5877071942,0.276630408953046,0.200499209581205,0.317894431276722,1.20979015724323,1.05275435181891,1.66915743281282
"452","lutjanus","lutjanus",2001,2340.45175,12490.462803384,9164.17976349036,14338.9510765568,0.280599551864981,0.205874255848138,0.322126034049409,1.38223989726369,1.20405013797363,1.88394558680609
"453","lutjanus","lutjanus",2002,2124.0026,12693.5979238786,9331.23347482939,14634.487678644,0.285163003570181,0.209627134926919,0.328765294692568,1.21458066005455,1.05349766137356,1.65223585782516
"454","lutjanus","lutjanus",2003,2592.79465,13009.1702419728,9574.54755358718,15006.6519465878,0.292252368666743,0.215093211127345,0.337126003855154,1.41159373016243,1.22370154339189,1.91796667627436
"455","lutjanus","lutjanus",2004,2710.1999,13295.0439661706,9844.82444504653,15288.4575660146,0.298674551748554,0.22116500973215,0.343456796538253,1.41274104164102,1.22853820801278,1.90785060376383
"456","lutjanus","lutjanus",2005,2910.6874,13590.8584571409,10055.2691052843,15617.026414912,0.305320055194507,0.22589267101137,0.350838130057171,1.45191963929258,1.26354619531965,1.96243721596654
"457","lutjanus","lutjanus",2006,2875.9879,13811.2155375874,10208.5496122187,16061.4174528536,0.310270400029352,0.229336133614195,0.360821421153915,1.38919765512921,1.19457129457099,1.87945486558991
"458","lutjanus","lutjanus",2007,2703.4797,13966.8652207681,10240.1384307243,16153.2682514715,0.313767086424079,0.230045779722281,0.362884858941315,1.27692685659495,1.10409020795009,1.74164298886136
"459","lutjanus","lutjanus",2008,2477.38435,14202.240872133,10292.2483052421,16448.0968439082,0.319054825023727,0.231216433497694,0.369508214073705,1.13167164522055,0.977150940082039,1.56159012267507
"460","lutjanus","lutjanus",2009,2865.5777,14557.0720666238,10606.9965869512,17200.5092918896,0.327026144880254,0.23828728653077,0.38641123832866,1.24596234552828,1.05447829179727,1.7099622411935
"461","lutjanus","lutjanus",2010,3074.13605,15265.0693088763,10960.1305151115,18079.9327750494,0.342931376898068,0.246220477121856,0.406167578758841,1.21553177393578,1.026285717272,1.69297042135472
"462","lutjanus","lutjanus",2011,2804.5945,16001.4150303296,11465.577167515,19265.8105184809,0.359473460462938,0.257575388976496,0.432808446163963,1.00923915544878,0.838233853473429,1.40849905375459
"463","lutjanus","lutjanus",2012,2861.94855,16870.8028446976,12063.0744617911,20785.3928572701,0.379004348545201,0.270998228118132,0.466946022168805,0.926469474193236,0.751984047069757,1.29571311942511
"464","lutjanus","lutjanus",2013,3144.56075,18324.8473503511,12878.8859413136,23210.2652305785,0.411669610281344,0.289325518240504,0.521421033382623,0.862819697305377,0.681208899895156,1.22767134642272
"465","lutjanus","lutjanus",2014,3376.1367,20189.0644499471,13670.3501198167,26193.2911435896,0.453549442194695,0.307105843701703,0.588435022181001,0.763182541467242,0.588239997497507,1.12710657603575
"466","lutjanus","lutjanus",2015,4761.400435,22852.8553830765,15191.5327821073,30119.0907213801,0.513391783816785,0.341279371141204,0.67662851985839,0.862528525976628,0.654443384438893,1.29751486901559
"467","lutjanus","lutjanus",2016,7551.63537,25855.3904712083,16888.2949908159,33985.3938646756,0.580844048272543,0.379397311435303,0.76348542391874,1.20911926883436,0.919873135690452,1.85111941963207
"468","lutjanus","lutjanus",2017,9469.46079,27969.5857666546,18455.7161399717,36408.626350774,0.62833966647306,0.414609591313169,0.817923594895051,1.401581791925,1.07671357223271,2.12409325332676
"469","lutjanus","lutjanus",2018,8732.722768,28938.01749688,19426.7005818093,37064.4202838844,0.650095586473033,0.436422858246216,0.832656074118855,1.24928098423728,0.975375163120971,1.86092923129878
"470","lutjanus","lutjanus",2019,8000.241883,28616.925213647,19488.7830486151,36406.9316527423,0.64288221478291,0.4378175473493,0.817885523326709,1.15733578173708,0.909700158995769,1.69940788146858
"471","lutjanus","lutjanus",2020,6286.44772,28241.4637244832,20040.4188342322,35920.472411466,0.634447433201128,0.450210102907363,0.806957165646821,0.921504239214013,0.72450685630217,1.29860701809614
"472","lutjanus","lutjanus",2021,5270.3564,28892.8419710596,20891.8229515714,36196.812255134,0.649080713565599,0.469336985356958,0.813165169106442,0.755142570192837,0.602766199200506,1.04434232459166
"473","lutjanus","lutjanus",2022,5134.19335,30648.8527448216,22372.5768945984,38117.6965183804,0.688529679063835,0.502602277394265,0.856318034771709,0.693485250366484,0.557602616646552,0.950025891935577
"474","lutjanus","lutjanus",2023,5078.1,33675.95074013,25364.0546358834,40671.0192341103,0.756533751795616,0.569806137397854,0.913678696348346,0.62425296616077,0.516886779178108,0.828823011131237
"475","lutjanus","lutjanus",2024,5144.2365895,37411.1996802182,27579.3746243059,44111.7121503069,0.840446509488544,0.619573532391454,0.990974222189729,0.56924408978484,0.482776643018526,0.772175025714915
"476","hoplopagrus","hoplopagrus",2000,31.1221,456.244445309531,322.081153931991,636.294491148197,0.396706916452292,0.280051237307825,0.553261367089587,0.646906805534758,0.463853829891833,0.916376612089784
"477","hoplopagrus","hoplopagrus",2001,51.8247,484.456527390033,341.683872962198,675.106387442845,0.421237468448957,0.297095903386505,0.587008512636248,0.955421872519274,0.685610995781545,1.35464503647902
"478","hoplopagrus","hoplopagrus",2002,59.2359,510.609036778762,357.49979380282,713.850296890857,0.443977211285834,0.310847928758081,0.620696543266407,0.983050897757635,0.703165179302669,1.40406982244408
"479","hoplopagrus","hoplopagrus",2003,73.013,539.32920799755,375.580884117402,753.824857578212,0.468949549428949,0.32656953076011,0.655454631545284,1.08607625382383,0.777040767376099,1.55959121076208
"480","hoplopagrus","hoplopagrus",2004,70.205,563.445524991901,386.995251921828,776.122432377727,0.489918812396138,0.336494382890363,0.674842488721449,0.956824268329381,0.694630550159719,1.39308776920793
"481","hoplopagrus","hoplopagrus",2005,66.5693,590.494994998811,397.534877418547,799.149099677295,0.513438467152328,0.345658642037734,0.694864295615749,0.848257979064158,0.626781774899649,1.25999533514596
"482","hoplopagrus","hoplopagrus",2006,66.0111,621.540345888451,409.238716121394,820.449517343736,0.540432561103989,0.355835190618641,0.713385119482145,0.79913072523857,0.605390065903074,1.21369745287622
"483","hoplopagrus","hoplopagrus",2007,86.6597,656.921750553856,423.99470904495,847.073996159799,0.571196876349604,0.368665603157526,0.736535242189073,0.992598749954032,0.769778922943542,1.5378958616869
"484","hoplopagrus","hoplopagrus",2008,84.7714,691.505719471738,439.401786315032,872.200342569329,0.601267817068207,0.382062136919618,0.758382730982222,0.92240949170016,0.731312988626783,1.45163597206764
"485","hoplopagrus","hoplopagrus",2009,98.6775,722.401103168648,456.512752682899,889.536322943463,0.628131513766359,0.396940211107919,0.773456456018446,1.0278030964782,0.834688895310235,1.62643011914226
"486","hoplopagrus","hoplopagrus",2010,101.1825,750.281519568078,465.647750621504,898.67118071315,0.652373680729554,0.40488313929319,0.781399262326114,1.01473196328072,0.847178206783478,1.63500121786994
"487","hoplopagrus","hoplopagrus",2011,95.0136,770.134556407806,478.619744288625,907.436868097801,0.6696359994446,0.41616235520656,0.78902107306529,0.928302129729486,0.787842740388401,1.49370676287963
"488","hoplopagrus","hoplopagrus",2012,93.4871,788.936605940847,490.287786913234,915.257418267723,0.685984479234146,0.426307778911395,0.795821082084064,0.891619924472825,0.768561481134112,1.43473204060722
"489","hoplopagrus","hoplopagrus",2013,113.8179,811.594527282715,510.2608937115,944.287980012723,0.70568565960173,0.443674499079433,0.821063306402923,1.05521666823089,0.90693526885956,1.67837293350938
"490","hoplopagrus","hoplopagrus",2014,121.9664,829.130653595557,534.901268650094,981.117574648936,0.720933412571885,0.465099433152847,0.853086830354886,1.10684655522552,0.935382701805644,1.71568186794571
"491","hoplopagrus","hoplopagrus",2015,143.4462,840.079758083947,551.313158786837,1010.61687774142,0.730453715830715,0.479369656924851,0.878736627711588,1.28480941881345,1.06800352291063,1.95776641376721
"492","hoplopagrus","hoplopagrus",2016,168.50675,838.589022353843,569.451051001605,1016.68217583637,0.729157513365535,0.495140648474311,0.884010435928536,1.51195307873023,1.24710286485964,2.22654300471857
"493","hoplopagrus","hoplopagrus",2017,202.39255,816.630382450866,574.599649803685,1008.18894519538,0.710064361843468,0.499617381891717,0.876625527744024,1.86482968043845,1.51050711515891,2.65032631966009
"494","hoplopagrus","hoplopagrus",2018,198.1593,777.80699939677,564.798323454524,965.270985538385,0.676307228499767,0.491095077690337,0.839308138763215,1.91695887796129,1.54466886001183,2.63992290861345
"495","hoplopagrus","hoplopagrus",2019,158.8077,717.11160246209,532.485482289624,894.527887943474,0.623532265410695,0.462998894356765,0.777796647728796,1.66630689323648,1.33581973520086,2.2440574365791
"496","hoplopagrus","hoplopagrus",2020,143.0982,656.058408446654,492.994371683042,825.710552364588,0.570446195900313,0.428661168435774,0.717959616776143,1.64120128767658,1.30399678392178,2.18404908165148
"497","hoplopagrus","hoplopagrus",2021,143.3069,612.566412258027,451.670613396063,787.338566778232,0.532629679171787,0.392729945831791,0.684594975876706,1.76028952832411,1.36954327705961,2.38734646204519
"498","hoplopagrus","hoplopagrus",2022,186.5113,580.54261726097,408.355239033432,758.602977817561,0.504784822983426,0.355067002698931,0.659609231926894,2.41735941699717,1.84995340624868,3.43666501285929
"499","hoplopagrus","hoplopagrus",2023,159.474,539.576440498991,340.689606268692,720.700787472579,0.469164519373902,0.296231383328965,0.626653080431515,2.37001959173924,1.77439342019893,3.75358306121899
"500","hoplopagrus","hoplopagrus",2024,183.84008,478.022320505883,244.875238141513,679.60476580616,0.415642892122454,0.212920292262923,0.590919876002734,3.48106277411682,2.44851977036398,6.79540209022004
"501","merluccius","merluccius",2000,214.7089,26205.4906556166,20073.2578906798,32482.2395470787,1.29783652517279,0.994135450929005,1.60869481352663,0.0289758111007327,0.0233766315878134,0.0378277084454599
"502","merluccius","merluccius",2001,655.8593,31378.6273310942,24851.3654093121,36615.8262523047,1.55403801421863,1.23077297626207,1.81341220945378,0.0739187459240559,0.0633460724100632,0.0933336556334107
"503","merluccius","merluccius",2002,38.754,35104.680846252,28913.5215183326,38687.2204629187,1.73857217960675,1.43195274574334,1.91599876659538,0.00390417572012077,0.00354263865386483,0.00474016430463603
"504","merluccius","merluccius",2003,969.2683,37484.1510807029,32374.750019724,39589.5441394511,1.85641631469338,1.6033713553053,1.9606866772444,0.0914479933238519,0.0865847402966815,0.105880366510629
"505","merluccius","merluccius",2004,2412.7171,38461.4988651441,34721.4476643533,39584.2184313949,1.90481982177187,1.71959241587469,1.96042291960183,0.221849292317993,0.21555702355245,0.245745983497155
"506","merluccius","merluccius",2005,1547.7781,38294.0710704566,35872.2403445519,39039.7811134581,1.89652789890234,1.77658584495758,1.93345946197491,0.14294040516743,0.140210059539357,0.152590693576593
"507","merluccius","merluccius",2006,1886.7811,37663.6611423743,36064.8108441219,38426.2941723094,1.86530661626166,1.78612296949751,1.9030762964619,0.177164553376054,0.173648431328677,0.185018735676618
"508","merluccius","merluccius",2007,1050.4302,37076.4933274349,35874.0614110906,37961.5435574058,1.83622691511625,1.77667603394506,1.88005935199613,0.100195080267557,0.0978590930941524,0.103553433284625
"509","merluccius","merluccius",2008,1552.2204,37287.8206909768,36141.0121906987,38215.4894387947,1.84669298021601,1.78989686910331,1.89263611480569,0.147219126192993,0.143645429127853,0.15189060978152
"510","merluccius","merluccius",2009,1675.1642,37387.5711880729,36294.9358844016,38295.3995704947,1.85163316012857,1.79751999642431,1.89659369335343,0.158455741652794,0.154699399605355,0.163225948106682
"511","merluccius","merluccius",2010,1112.6362,37514.0587888954,36434.3336269823,38424.712227746,1.85789750489838,1.80442372069436,1.90299795007784,0.104890699444914,0.102404823283063,0.107999117142376
"512","merluccius","merluccius",2011,2000.969,37549.3597346186,36538.4417897215,38408.7487581315,1.85964579716792,1.80957971559433,1.90220735339692,0.188458475917938,0.184241750540818,0.193672602351403
"513","merluccius","merluccius",2012,2591.4173,37417.7617238551,36404.6924034616,38252.0109257125,1.85312835747357,1.80295572824036,1.89444485482504,0.244927415056149,0.239585722016261,0.251743252068772
"514","merluccius","merluccius",2013,6277.2315,37039.2126646739,35955.3028883562,37927.3441012909,1.83438057663513,1.78069954786968,1.87836561140298,0.599355161037665,0.585320269514688,0.617423341983112
"515","merluccius","merluccius",2014,7262.581,35093.1448260167,33570.0145985474,36158.0977430672,1.73800085397835,1.66256727145999,1.79074303734369,0.731891242824608,0.710335083550183,0.765098427524924
"516","merluccius","merluccius",2015,4980.9376,32258.2338669447,29921.4349953002,34000.5242325316,1.5976008501529,1.48187002994203,1.68388841880144,0.546070059486591,0.518087767299794,0.588716941196895
"517","merluccius","merluccius",2016,6342.9653,29717.5963862539,26672.5719003685,32088.4290606847,1.47177484815218,1.32096889493563,1.58919120491441,0.754842780862692,0.699071713804751,0.841018000834222
"518","merluccius","merluccius",2017,4798.1866,27939.1859241492,24269.268324849,30910.7222322986,1.38369841849089,1.20194440490117,1.53086484278247,0.607353077104319,0.548966485328216,0.699194978426583
"519","merluccius","merluccius",2018,2805.796,27350.8342645589,23389.454356327,30979.0153396832,1.35456008700544,1.15837129578786,1.53424708394506,0.36279673020969,0.320306928121706,0.424242185752612
"520","merluccius","merluccius",2019,2768.7574,27631.1260378072,23334.8301774338,31702.2236195823,1.36844163976122,1.15566601331645,1.5700642389564,0.354375893123889,0.308868080837658,0.419621865392272
"521","merluccius","merluccius",2020,4945.3535,29070.9189602944,24604.1122965134,33266.7479483813,1.43974791171948,1.21852767526886,1.64754787950795,0.601611917647749,0.525732522175676,0.710832851545853
"522","merluccius","merluccius",2021,8074.2322,30090.5613789539,25552.2786357857,34145.6776553543,1.49024607605239,1.26548596058466,1.69107719524409,0.948961940927517,0.836263898991416,1.1175049371049
"523","merluccius","merluccius",2022,18466.9211,29078.9500814671,24667.6381992159,32786.6738521456,1.44014565593778,1.22167381887309,1.62377203401541,2.24591658440709,1.9919341784906,2.64755367812995
"524","merluccius","merluccius",2023,19807.54,22935.3038351118,18453.9755864763,26809.8866836726,1.13587932484538,0.913939901584815,1.32776945988441,3.05424515879626,2.61284359499261,3.79593223019361
"525","merluccius","merluccius",2024,27453.1177,12687.2363268841,8261.21948919055,16017.4360136135,0.628340027092767,0.409139921722582,0.793269386605829,7.65248510192516,6.06144996574776,11.7523674444337
"526","mugil","mugil",2000,1580.6248,5774.26069977495,4827.06170368478,6826.75569952908,0.476112150390314,0.398011597899913,0.56289480251884,1.08764175345489,0.919957782119273,1.30106624235085
"527","mugil","mugil",2001,1926.283,6102.58137099766,5067.68206371829,7257.56022151753,0.503183574581385,0.417851761515613,0.598416452479984,1.19426097433728,1.00420451937722,1.43814759538264
"528","mugil","mugil",2002,2694.964,6436.67689760902,5158.06957477581,7775.99932860675,0.530731159957451,0.425304593054671,0.641163943623275,1.58410507989862,1.31126201794509,1.97678073615587
"529","mugil","mugil",2003,2033.5602,6574.05079421093,5269.1739584716,7709.42265290407,0.542058217172098,0.434465618126028,0.635674415892759,1.17035255078217,0.99799394356438,1.46018278702039
"530","mugil","mugil",2004,2490.8985,6652.58725199714,5260.29463382213,7796.80633621079,0.548533879381476,0.4337334803559,0.64287956916369,1.41663569243785,1.20873754481586,1.79159024432601
"531","mugil","mugil",2005,2135.3837,6517.26330404072,5182.23422030996,7525.27561762627,0.537375849079285,0.42729707000486,0.620490716106303,1.23966227157038,1.07360923937267,1.55901973713303
"532","mugil","mugil",2006,2314.511,6566.8595241121,5151.83170496776,7598.61396465322,0.541465266619843,0.424790254377811,0.626537772158073,1.33350377947183,1.15243806770538,1.69977058571614
"533","mugil","mugil",2007,1407.688,6484.46269004806,4991.59342804913,7305.8620592483,0.534671300103383,0.411577932564641,0.602399142736885,0.821344097605147,0.729000234800457,1.06698897524058
"534","mugil","mugil",2008,1797.6477,6787.74789189934,5100.64885861634,7244.47089793401,0.559678444245767,0.420570012808112,0.597337182540069,1.00200896633167,0.938837955829414,1.333435105495
"535","mugil","mugil",2009,2127.322,7268.2360229613,5225.06297176114,8202.55499752426,0.599296717339299,0.430828481212661,0.676335257727159,1.10738066781223,0.981243534892855,1.5404032648837
"536","mugil","mugil",2010,2010.3777,7868.57108397368,5507.27034166922,9274.943473083,0.648796875318734,0.454097669205536,0.764758210845981,0.966661703900194,0.820085465034696,1.3811281922631
"537","mugil","mugil",2011,2472.965,8426.14287156733,5818.7527589999,10524.0036158413,0.694771021030328,0.479780708339856,0.867748488122286,1.11040620263162,0.88905721153162,1.60798055809759
"538","mugil","mugil",2012,2601.354,8792.92581235965,6008.21629878239,11393.248208751,0.725013821580348,0.495402776347613,0.939421371260642,1.11933162751701,0.863862506973664,1.6381234414246
"539","mugil","mugil",2013,2868.447,9101.52021444771,6396.80870567796,12134.3743013272,0.750458731676334,0.527443859369653,1.00053034364573,1.19241002808853,0.894380188467642,1.69658723183715
"540","mugil","mugil",2014,2142.2968,9214.87569969335,6456.91659093398,12173.1032865025,0.75980536956557,0.532400008042638,1.00372371183137,0.879595270631326,0.665841806656894,1.25529902249107
"541","mugil","mugil",2015,3220.9402,9443.07765245927,6883.02197954047,12595.1560684113,0.778621583121512,0.567534194635607,1.03852374390831,1.29051135047154,0.967546478002473,1.77050123188716
"542","mugil","mugil",2016,3611.1015,9407.25553310381,6905.13777607046,12515.0382510809,0.77566789828381,0.569357735343406,1.03191769193438,1.45234395833093,1.09169228762033,1.97860943272207
"543","mugil","mugil",2017,3408.3575,9228.02894440645,6901.77058059852,12051.7878695734,0.760889910072238,0.569080095873995,0.993720744000031,1.39742632758863,1.07000643707147,1.86843223026187
"544","mugil","mugil",2018,3706.8854,8653.80911535318,6609.45506547286,11115.1304661918,0.713543063121256,0.544977448672015,0.91648939029264,1.62066993777268,1.26179070260443,2.12195531122394
"545","mugil","mugil",2019,3873.00283,7805.53574161009,6192.29231138445,10162.911181257,0.643599345459286,0.510580620014882,0.837974893811534,1.87731791893434,1.44185773675085,2.3664051013333
"546","mugil","mugil",2020,2557.9882,6921.50869850593,5672.40875232527,8751.64661661012,0.570707586950371,0.467714027714003,0.721610177776137,1.39826824745709,1.1058634176625,1.70617567601269
"547","mugil","mugil",2021,1802.0257,6061.52267699818,5031.16721496374,7343.91823441469,0.499798112076536,0.41484095821704,0.605537034899393,1.12524571327899,0.928755221738819,1.35568986615062
"548","mugil","mugil",2022,2402.3933,5512.92522748816,4228.14604202864,6721.31931854605,0.454563938393481,0.348628475384392,0.55420112817865,1.81355094051335,1.4875012266868,2.36462284696626
"549","mugil","mugil",2023,434.81,5181.97641841893,3369.64049616354,6594.3815207529,0.427275813151542,0.277841071971904,0.543734571330002,0.371499740056293,0.291930772637595,0.571308094917625
"550","mugil","mugil",2024,370.1615,5405.9975766173,2629.04674246918,7176.79064148417,0.445747302560898,0.21677599317302,0.591756659922072,0.290595850231814,0.218894564521301,0.597539951173632
"551","aetobatus","aetobatus",2000,6.3977,390.881382870096,310.297170484268,471.300613263759,1.50210604973093,1.19243145727846,1.8111466379576,0.115982215532315,0.0961918731267115,0.14610281081473
"552","aetobatus","aetobatus",2001,3.52175,412.349645895809,332.806012556422,478.604349353703,1.58460577773373,1.27892999450928,1.83921394084572,0.0605209048562863,0.0521428058906764,0.0749859460022609
"553","aetobatus","aetobatus",2002,5.1253,432.30320009185,354.056392626092,487.704990225865,1.66128467774025,1.36059242679846,1.87418651388087,0.0840123931375992,0.0744688431093125,0.102579213812174
"554","aetobatus","aetobatus",2003,4.2393,449.434033215675,372.435900980647,494.252782786049,1.72711622971462,1.43122247443016,1.89934882461774,0.066840657031324,0.0607795587979065,0.0806594262080405
"555","aetobatus","aetobatus",2004,4.33,463.002479556459,387.938663388103,499.515905012249,1.77925799503558,1.49079756349885,1.91957431522156,0.0662700189512964,0.0614258380700638,0.0790928721224355
"556","aetobatus","aetobatus",2005,1.729,472.826173804954,402.942655696924,503.145353990006,1.81700916766248,1.54845594428873,1.93352181312143,0.0259123021529662,0.0243508453060429,0.030406348169503
"557","aetobatus","aetobatus",2006,2.571,481.706024883138,417.917248131208,506.765260002245,1.85113327438588,1.60600134520456,1.94743263865248,0.0378209569902976,0.0359507335782876,0.0435937567318412
"558","aetobatus","aetobatus",2007,15.0297,488.388787490459,430.807269963368,509.454464862715,1.87681425736764,1.65553601383748,1.95776690133907,0.21807061202009,0.209053505538506,0.2472178378068
"559","aetobatus","aetobatus",2008,4.2786,490.288291113993,439.006639007491,506.676199165779,1.88411380144785,1.68704511707161,1.94709038950194,0.061839031669599,0.0598389133165336,0.0690626301916005
"560","aetobatus","aetobatus",2009,4.6089,490.767736989877,445.815524254051,504.493841214336,1.88595624926513,1.71321077286643,1.93870387322053,0.066547814294441,0.0647372030237131,0.0732579249624652
"561","aetobatus","aetobatus",2010,8.7301,490.465598889124,450.721928532424,502.814217361542,1.8847951720461,1.7320654430348,1.93224929835173,0.12613139011406,0.123033728273694,0.137253379245247
"562","aetobatus","aetobatus",2011,1.4424,492.397921827247,457.250291660561,504.083025648185,1.89222083646141,1.75715308900456,1.93712516271069,0.0207578331914918,0.0202766477049771,0.0223534333636135
"563","aetobatus","aetobatus",2012,4.8326,494.593293557896,462.960738401024,505.88402754286,1.90065736299486,1.77909758923256,1.94404617752521,0.0692380999885757,0.0676927873753421,0.0739689072367454
"564","aetobatus","aetobatus",2013,13.0698,496.246762876075,468.14363007216,506.737694509742,1.90701142940664,1.79901476430278,1.94732670806876,0.186630994523832,0.182767194720727,0.197834640771506
"565","aetobatus","aetobatus",2014,39.2385,496.138228937821,470.87767027922,505.587667085702,1.90659434767188,1.80952132336446,1.94290730303514,0.560431090438047,0.549956628203298,0.590495804328003
"566","aetobatus","aetobatus",2015,42.9641,483.545005980238,462.182715938425,492.021157164488,1.85820023830985,1.77610775062906,1.89077297912142,0.629624083552965,0.618777418031109,0.658725587841933
"567","aetobatus","aetobatus",2016,146.4932,461.104105421517,443.666292494756,471.37694488134,1.77196279143235,1.70495155621046,1.81143997038421,2.25128766674017,2.20222477338182,2.33977203853275
"568","aetobatus","aetobatus",2017,111.8227,400.908868566509,380.946395323446,419.104154547012,1.54064036624807,1.46392719150993,1.6105624713819,1.9765000336298,1.89069085478441,2.08007321222031
"569","aetobatus","aetobatus",2018,27.4662,329.348058042975,300.914591712382,354.038863645358,1.26564152741421,1.15637543375582,1.36052506521728,0.59095714294947,0.549743566039674,0.646796774823945
"570","aetobatus","aetobatus",2019,117.8678,270.361117542815,239.800647853919,299.692506259706,1.03896242714646,0.921522537670919,1.15167911913916,3.08932401076506,2.78696688958416,3.48303100711845
"571","aetobatus","aetobatus",2020,75.4615,223.17024476875,194.128632026457,254.013089622633,0.857614072907843,0.746010952099608,0.976139093224111,2.39608190404536,2.1051442105058,2.75453537909286
"572","aetobatus","aetobatus",2021,20.0292,186.77055830528,158.462144546117,218.928871786349,0.71773483679887,0.608949303822855,0.841315031062331,0.759919696915827,0.648295608076112,0.895675282362736
"573","aetobatus","aetobatus",2022,91.50845,151.2246120682,120.686833867779,183.878767031517,0.581136412760155,0.463783723708097,0.706622061012558,4.28796503496895,3.52648573537607,5.37296263555642
"574","aetobatus","aetobatus",2023,64.079,121.235241316319,83.0488717495542,155.238994968197,0.465891181832914,0.319145956152616,0.596563161396138,4.01961884453813,3.13915624561367,5.8678637090554
"575","aetobatus","aetobatus",2024,32.7518,88.5284854649094,38.5726425033222,127.84719473537,0.340203395244718,0.148229622073365,0.491300054361887,3.85297343674273,2.66801241589538,8.84300065420674
"576","mobula","mobula",2000,1238.2261,10291.413122949,7891.50039627493,11261.4936663774,1.66125907346149,1.27386069142466,1.81785128149999,0.852584547555975,0.779141742745712,1.11186711785289
"577","mobula","mobula",2001,858.5864,9537.62055306434,7578.82857824471,10430.6237149217,1.53958047293613,1.22338862422525,1.68373070648931,0.637905695710358,0.583292297815345,0.80277610339262
"578","mobula","mobula",2002,718.80465,9111.80341582544,7507.56253528974,9976.83948358927,1.47084427758351,1.21188472684262,1.61048001072104,0.559009324031964,0.51054074555084,0.678460291772467
"579","mobula","mobula",2003,1098.31325,8862.6902978609,7525.84241956283,9639.06968789306,1.43063197412306,1.2148354998072,1.55595658122326,0.878159016565542,0.807427651018021,1.03415019371966
"580","mobula","mobula",2004,1031.23685,8722.11280021281,7652.43048927546,9416.9740661368,1.40793969263534,1.23526958178309,1.52010549231926,0.837817138148858,0.775996146274155,0.954930018002385
"581","mobula","mobula",2005,1187.54255,8545.20449531595,7659.65390395371,9180.01482953306,1.37938282457752,1.23643559883364,1.48185509102397,0.984780033065731,0.916681173365676,1.09863276735088
"582","mobula","mobula",2006,811.9979,8223.02386326089,7473.76607139379,8801.13897580884,1.32737582690861,1.2064292386966,1.42069624508168,0.699738662824423,0.65377535092527,0.769888656868067
"583","mobula","mobula",2007,1259.3554,8058.97583084393,7433.19765266815,8619.34710673469,1.30089488798599,1.1998806089896,1.39135106299901,1.10733995574035,1.03534824962166,1.20056352014748
"584","mobula","mobula",2008,872.1884,7813.35076158227,7361.04834173879,8356.99530035858,1.26124563184345,1.18823413284551,1.34900174579888,0.791016422749902,0.739558722601153,0.839620728215067
"585","mobula","mobula",2009,1018.7991,7681.10396263379,7446.39690944048,8253.65784822453,1.23989810725526,1.20201125760063,1.33232082181544,0.939890856398885,0.874690896361995,0.969515789895116
"586","mobula","mobula",2010,739.37875,7485.61561384462,7080.33657371501,8061.96654389144,1.20834201390809,1.14292111644186,1.30137765445615,0.699925727822101,0.649887955772597,0.739989533289603
"587","mobula","mobula",2011,1013.0765,7481.42035779644,6970.12698047342,8149.34726683941,1.20766480786338,1.12513087864188,1.3154828134959,0.959556826540871,0.880910794629767,1.02994507799596
"588","mobula","mobula",2012,1349.8407,7394.12411490669,6822.35952235856,8159.31278716644,1.19357328575197,1.10127798034473,1.31709146634729,1.29362469570464,1.17230725278646,1.40204008991331
"589","mobula","mobula",2013,1046.4975,7209.72785356621,6571.62746519132,8032.29780941413,1.16380769781913,1.060804344703,1.29658847208054,1.02856522906677,0.923232125746258,1.12843818681017
"590","mobula","mobula",2014,1071.65865,6929.69002310166,6219.78394730177,7836.97311964032,1.11860346967146,1.0040091087573,1.26505879687644,1.09586026669166,0.968992982478833,1.22093822247654
"591","mobula","mobula",2015,1557.2559,6642.96755478887,5856.67935057762,7560.66117119458,1.07232019483259,0.94539608849301,1.22045600754349,1.66115580786642,1.45952898632041,1.88417420086647
"592","mobula","mobula",2016,1822.0368,6306.80697639829,5477.96091285557,7180.49232858353,1.01805652818936,0.884262652934975,1.15908844492697,2.0471992801308,1.79810660762219,2.35695195847538
"593","mobula","mobula",2017,1702.94325,5697.68252537163,4774.38350994955,6460.32968539237,0.919730524845971,0.77068987818612,1.04283844980225,2.1179438595299,1.86791886882298,2.52752458888439
"594","mobula","mobula",2018,1115.929,4887.09679262821,3918.0921327185,5541.41624724195,0.788884266198007,0.632465729280873,0.894505731193474,1.61807310216463,1.42701423517183,2.01824755517939
"595","mobula","mobula",2019,632.068,4192.60502076115,3042.97583874049,4727.80980489564,0.676778110932917,0.491202827254026,0.763171863975517,1.06829788565218,0.947362788244128,1.47189833781517
"596","mobula","mobula",2020,632.068,3835.78521349874,2490.4949880441,4600.77835621204,0.619179593088596,0.402020339371341,0.742666210940365,1.1676751511768,0.973520289888845,1.79841802555539
"597","mobula","mobula",2021,632.068,3834.08679822634,2114.08144900803,4755.74663949612,0.618905431732126,0.341258964851935,0.767681479847446,1.16819240532735,0.941797664715044,2.11862749240597
"598","mobula","mobula",2022,632.068,3971.95661640529,1825.87527351812,5164.32399282422,0.641160634557045,0.294736187237208,0.833634797173094,1.12764350460288,0.867287003154203,2.45304328505625
"599","mobula","mobula",2023,632.068,4108.60115236362,1302.35292835219,5619.64518212081,0.663218050043895,0.210228235250774,0.907133591558437,1.09014015061481,0.797016703706468,3.4391223619552
"600","mobula","mobula",2024,632.068,4246.79274622639,777.702237848878,6195.68113974474,0.685525194498985,0.125538143658501,1.00011838867137,1.05466674422334,0.722915040014212,5.75921073783024
"601","nematistius","nematistius",2000,0.6984,44.5439676849996,35.4770414621012,53.8341338105094,1.49884815470274,1.19375755895427,1.8114504907266,0.0558663619961864,0.0462254938882441,0.0701442206249074
"602","nematistius","nematistius",2001,1.5341,50.3419252938078,41.6831747045486,56.2600787263024,1.69394209254998,1.40258609044169,1.89308046779016,0.108582267842161,0.0971601984870094,0.131137814110542
"603","nematistius","nematistius",2002,0.5319,53.7105113145683,46.3669572494213,57.10055558917,1.80729075014777,1.56018944706354,1.92136145083792,0.0352862707793289,0.0331913345918744,0.0408748763855044
"604","nematistius","nematistius",2003,0.4215,55.699600170521,50.0439217540603,57.7470134028749,1.87422107351653,1.68391465047737,1.94311393835805,0.0269637666645388,0.0260077696456465,0.0300110576802303
"605","nematistius","nematistius",2004,0.099,56.8158878402174,52.8520177045337,58.0619256161768,1.91178274125286,1.77840352635298,1.95371033590258,0.00620869686043212,0.00607545514057047,0.0066743454607214
"606","nematistius","nematistius",2005,0.035,57.8190935401009,55.0999114067148,58.7264187856963,1.94553934377851,1.85404230535238,1.97606969032718,0.00215690900984395,0.002123584689418,0.0022633525284118
"607","nematistius","nematistius",2006,0.123,58.4708178711528,56.7171261927734,59.066108270673,1.96746904294406,1.90845953677153,1.98749981171488,0.00749550678714567,0.00741996425758745,0.00772726761073142
"608","nematistius","nematistius",2007,0.65,58.8964254122618,57.7268581138726,59.2504735825748,1.9817901982154,1.94243573838399,1.99370347119778,0.0393241621813501,0.0390891826642667,0.0401208841167989
"609","nematistius","nematistius",2008,0.3863,58.9192534115227,58.2147273627462,59.1055104340457,1.9825583315081,1.95885192134689,1.98882564465998,0.0233615972240856,0.0232879786814423,0.0236443238558335
"610","nematistius","nematistius",2009,1.1687,58.8024636073533,58.3673086708408,58.9555237931787,1.97862850236254,1.96398608931542,1.98377878396083,0.0708178244928851,0.0706339674311676,0.0713458037097262
"611","nematistius","nematistius",2010,0.7513,58.3929993600582,58.1377308932741,58.5879831094452,1.96485054850322,1.95626108756659,1.97141150497285,0.0458445447502278,0.0456919718035258,0.0460458368624069
"612","nematistius","nematistius",2011,7.3257,58.1970021413828,57.9237813883373,58.4336428343159,1.9582554900743,1.94906195741855,1.96621814998908,0.448521819027727,0.446705425099468,0.450637452127205
"613","nematistius","nematistius",2012,4.3367,55.7912418889475,54.7730946090454,56.5177017416564,1.87730470139469,1.8430453336058,1.90174915630716,0.276967244444062,0.273407199052907,0.282115637985918
"614","nematistius","nematistius",2013,0.654,53.6014735322787,52.1843926653118,54.6238181193685,1.80362176673046,1.7559387884754,1.8380223685957,0.0434746484105783,0.0426609727465839,0.0446552138883805
"615","nematistius","nematistius",2014,8.412,52.4592528660589,51.0003694533463,53.6979212993791,1.76518748647205,1.71609790544204,1.80686711206579,0.571363143158738,0.558183312873548,0.587707185782824
"616","nematistius","nematistius",2015,18.34,51.4349442989306,49.8604546774436,52.8510213443656,1.73072079916338,1.67774121547535,1.77837000009394,1.27050423327336,1.23646266065845,1.31062411870732
"617","nematistius","nematistius",2016,24.151,46.1543838664003,43.5634836256111,48.275133360628,1.55303662167688,1.46585610663189,1.62439715894398,1.86447781054337,1.78257041643695,1.97536600419193
"618","nematistius","nematistius",2017,9.961,35.0059574990382,30.8734158156042,38.6436876554838,1.17790617962182,1.03885138054668,1.30031119685901,1.0139021357661,0.918458284551828,1.14961736935093
"619","nematistius","nematistius",2018,5.17,25.4751249940301,20.7268905535571,29.9772844648325,0.857205724423646,0.697433643060638,1.00869769439609,0.723118176972315,0.614516166914181,0.888774218024876
"620","nematistius","nematistius",2019,6.8185,20.2798323021072,15.8452345389607,25.1929219215131,0.682390698526177,0.533172094535959,0.847709948082284,1.19800752061298,0.964373711409306,1.53329327849053
"621","nematistius","nematistius",2020,7.3135,20.2403476415458,15.5037954819775,25.2100210948173,0.681062089655049,0.521683102263835,0.848285313629765,1.28748553130016,1.03368238522945,1.68082420638663
"622","nematistius","nematistius",2021,8.8411,21.0830346178201,16.293612420564,26.1530371852596,0.709417440222667,0.54825944295546,0.880016611950779,1.49419830674864,1.20453446396754,1.93341008819573
"623","nematistius","nematistius",2022,3.1752,20.8794710101577,15.9050524887326,25.9834268954122,0.702567782377475,0.535184892862944,0.874309440291666,0.541859451966918,0.435421346247473,0.71132985741091
"624","nematistius","nematistius",2023,3.041,22.009080188125,16.4691195015178,26.982856120333,0.740577702012492,0.55416503417457,0.907938969212885,0.492322389054272,0.40157212753099,0.657932134022475
"625","nematistius","nematistius",2024,2.762,24.7763136322327,18.2142017070444,29.4675119239882,0.83369160624894,0.612884842478466,0.991544493370853,0.397211710048064,0.333976004894218,0.540316949643756
"626","brotula","brotula",2000,837.7082,8103.32046571872,6437.89819439252,9767.17173259623,1.50203976758615,1.19333539239349,1.81045293978777,0.732558424896423,0.607766080019559,0.922064235493553
"627","brotula","brotula",2001,316.4278,7866.50013321984,6306.17098254437,9233.54320359652,1.45814250859323,1.16891830170749,1.71153900998986,0.285039857801173,0.242839182091282,0.355566965369721
"628","brotula","brotula",2002,32.2466,7893.13905161618,6419.60030238821,9077.33424815467,1.46308032574684,1.18994367642104,1.6825839582775,0.0289498749425472,0.0251731821481485,0.035594955711404
"629","brotula","brotula",2003,180.127,8114.80096661494,6682.33517202949,9121.12170846961,1.50416780497168,1.23864448051762,1.6907004466964,0.157294471645761,0.139940390157163,0.191013066195323
"630","brotula","brotula",2004,256.7794,8534.1249734942,7051.70887068363,9443.57345455248,1.58189413166711,1.30711196700369,1.75047043207376,0.213213007718568,0.192679864523919,0.25803482350349
"631","brotula","brotula",2005,341.9154,8899.55025824806,7428.9512279565,9745.43271353989,1.64962973611517,1.37703799609744,1.80642337298623,0.27224700910724,0.248616558281846,0.326139702073944
"632","brotula","brotula",2006,1715.5102,9082.71926881795,7693.52662388551,9837.19691535996,1.6835821312141,1.42607996202874,1.8234328792692,1.33841232971013,1.23576091454472,1.58008466740605
"633","brotula","brotula",2007,358.7405,8693.56119299058,7531.67347982138,9304.03902896951,1.61144739234466,1.39607869774188,1.7246061882666,0.292412011943488,0.273225607876428,0.337521498536404
"634","brotula","brotula",2008,912.4252,8339.20419579178,7337.6345095681,8942.09476072986,1.5457634169957,1.36011143580094,1.65751582859913,0.775327482685737,0.723053643439342,0.881157842938969
"635","brotula","brotula",2009,463.6373,7850.22917080059,6975.61431282091,8482.79299975827,1.45512650636131,1.29300700194767,1.57237918452584,0.418512610034199,0.387304028252486,0.470986461163698
"636","brotula","brotula",2010,174.9069,7869.0940965005,6990.12283013637,8548.67855447099,1.4586233282794,1.29569631555297,1.58459179831875,0.157505135733714,0.144984131275173,0.177310580069807
"637","brotula","brotula",2011,586.0064,7950.61930958741,7058.69467628114,8685.44108616605,1.47373492514089,1.30840686307259,1.60994224104044,0.52229265125288,0.478104680822811,0.588288660828508
"638","brotula","brotula",2012,1043.7788,8138.83498414061,7212.91263926797,8927.99654815364,1.50862277503625,1.3369928623876,1.65490256949986,0.908779964599577,0.828451280068955,1.02544014307093
"639","brotula","brotula",2013,730.0868,8093.13429068362,7183.98349324006,8864.61396423049,1.50015164776576,1.33163052629833,1.64315390893192,0.639249305621135,0.583615992359482,0.720147879026484
"640","brotula","brotula",2014,1060.7692,7871.20658063163,7011.04647445872,8618.13799641146,1.45901490049806,1.29957474366006,1.59746687150267,0.954975227420989,0.872207813050362,1.07213770751628
"641","brotula","brotula",2015,907.4831,7515.6220537301,6715.55976668346,8282.83733989902,1.39310338898819,1.24480302535653,1.53531519894942,0.85563024770674,0.776375690553127,0.95756627636703
"642","brotula","brotula",2016,970.29925,7260.73685003075,6448.0876277561,8044.34192923897,1.34585760699729,1.19522411618098,1.49110744575569,0.946972819848838,0.854727522715393,1.06631932535425
"643","brotula","brotula",2017,980.1114,6946.73422419577,6117.3227819141,7771.02522220978,1.28765375918874,1.1339132061317,1.44044518146042,0.99978650970187,0.893736793439496,1.13534162107138
"644","brotula","brotula",2018,853.489,6701.99663286889,5833.91929782436,7556.68727192334,1.24228894900366,1.08138124652624,1.40071527982378,0.902414859899581,0.800348239230297,1.03669266641266
"645","brotula","brotula",2019,783.67585,6482.11287607967,5551.09258096953,7401.37489742862,1.2015310710028,1.02895619708521,1.37192641927258,0.856707146166921,0.750302815376557,1.00039268706056
"646","brotula","brotula",2020,931.2635,6345.44134165376,5368.62458806142,7353.33859848252,1.17619749562796,0.995133743336887,1.36302236178035,1.03997587073856,0.897429894751302,1.22919861060536
"647","brotula","brotula",2021,1596.9793,6226.37779618048,5195.06364555537,7271.31581327244,1.15412775509046,0.962962309559006,1.34781853444131,1.81750800955811,1.55631962710747,2.17831624156802
"648","brotula","brotula",2022,1581.3021,5875.71456897592,4801.71480941404,6930.09315380124,1.0891284607247,0.890050767072503,1.28456915336407,1.90707016766486,1.61691909755376,2.33362463473235
"649","brotula","brotula",2023,1535.933,5257.902858309,4155.74370085125,6277.38652179014,0.974610250291335,0.770312901850734,1.1635827846285,2.07000897586011,1.7338276164961,2.61900321443566
"650","brotula","brotula",2024,1230.265575,4427.57657232314,3279.46689280776,5366.4149490166,0.820700120869807,0.607885336673841,0.994724162384071,1.96899814201534,1.62452775779712,2.65832537100899
"651","pseudobatos","pseudobatos",2000,1266.53075,9406.13302681066,7801.92460975693,10233.1222507561,1.67384303482692,1.38837045245515,1.82100767181775,1.1253191947181,1.03437658456194,1.3567039637764
"652","pseudobatos","pseudobatos",2001,925.43615,8631.74658351172,7389.32628954321,9424.15826374181,1.53603918379848,1.31494763114245,1.67705066725168,0.896022434108178,0.820682162577805,1.04667709630146
"653","pseudobatos","pseudobatos",2002,712.1369,8110.17806980445,7079.18006075341,8881.33008939244,1.44322486559083,1.25975639544995,1.5804531434709,0.733844772076743,0.670126176736281,0.840720496732788
"654","pseudobatos","pseudobatos",2003,1223.6544,7762.96339933149,6863.85519325223,8461.91246641828,1.38143721533069,1.22143883937621,1.50581681152684,1.31735353870499,1.20854089965259,1.48991594621638
"655","pseudobatos","pseudobatos",2004,1341.03535,7435.1913149571,6690.64843986438,8121.43139063918,1.32310941804386,1.19061629870866,1.44522741995022,1.50736762404824,1.37999893463225,1.67510918672603
"656","pseudobatos","pseudobatos",2005,1040.064,7035.16954466638,6413.07139260344,7705.37264823958,1.25192462275426,1.14122082387738,1.37118880854005,1.23553940491552,1.1280738245259,1.35539255070857
"657","pseudobatos","pseudobatos",2006,936.3287,6558.34150821035,6059.49365931548,7235.24161968811,1.1670719755126,1.07830085193492,1.28752790927848,1.1931784818361,1.08154950110241,1.29140690692844
"658","pseudobatos","pseudobatos",2007,1042.3567,6169.67161303123,5797.31503495984,6864.13217363344,1.09790727254294,1.03164556192283,1.22148812867294,1.41196983346275,1.26911749069079,1.50265944621585
"659","pseudobatos","pseudobatos",2008,889.46345,5890.92313661132,5630.77945233497,6553.54402399454,1.04830333919496,1.00201017145653,1.16621825214759,1.26187360234284,1.13428709295365,1.32017253782475
"660","pseudobatos","pseudobatos",2009,651.74545,5654.60071421535,5283.64277825528,6314.08149275016,1.00624921986947,0.940236400834203,1.12360534322073,0.963268079533204,0.86265854768638,1.03089792385774
"661","pseudobatos","pseudobatos",2010,546.0394,5488.85614132151,5055.98865889995,6149.98859143053,0.976754591406539,0.89972482599825,1.09440463351829,0.831406158511161,0.742028823506323,0.902586834534039
"662","pseudobatos","pseudobatos",2011,649.0587,5454.53278242588,5009.8289255901,6091.85953931921,0.970646670642975,0.891510595148023,1.08406043482152,0.994483367645836,0.890441103474245,1.08275995267894
"663","pseudobatos","pseudobatos",2012,604.39435,5511.45347766054,5009.97196738532,6130.30058174557,0.980775839450651,0.891536049764914,1.09090110685257,0.916484986105704,0.82396683434039,1.00822208123694
"664","pseudobatos","pseudobatos",2013,662.14695,5560.90138202001,5023.57707629816,6188.02313284581,0.989575207911949,0.893957110229071,1.10117296775824,0.995131089303496,0.894280084446603,1.10157080617079
"665","pseudobatos","pseudobatos",2014,718.8365,5577.34860499015,5003.47930968468,6219.96359488904,0.992502029118108,0.89038066637423,1.10685684653901,1.07714317838673,0.965858225968771,1.20068508961786
"666","pseudobatos","pseudobatos",2015,871.77885,5585.58696786223,4932.90948532645,6209.35905695751,0.993968064764479,0.877822603604514,1.10496974459141,1.30439346732615,1.17335832655673,1.47697888512532
"667","pseudobatos","pseudobatos",2016,960.9034,5510.10820292127,4808.65983149451,6144.11352094551,0.980536444712577,0.855712091553128,1.09335915119496,1.45744007675476,1.30704820065837,1.67003963757127
"668","pseudobatos","pseudobatos",2017,1042.341,5365.71965627753,4610.38521022656,5999.67169234865,0.954842170304643,0.820428666063999,1.06765539514076,1.62350244642866,1.45195594617725,1.88948614738178
"669","pseudobatos","pseudobatos",2018,985.8503,5124.37181382659,4307.38238283385,5738.65595471083,0.911893765906626,0.766508615101663,1.02120704349827,1.60783487289187,1.43572707075619,1.91279597947234
"670","pseudobatos","pseudobatos",2019,962.11285,4851.23658666447,3949.07721497457,5444.02517437821,0.863288723191617,0.702747385289766,0.968776817591444,1.65746613961709,1.47698809614456,2.03611120774698
"671","pseudobatos","pseudobatos",2020,711.1635,4572.96662614211,3585.38019384018,5154.88751250752,0.813769942849654,0.638026662769906,0.917324104765788,1.29969824218129,1.15297892943924,1.6576977514858
"672","pseudobatos","pseudobatos",2021,969.59555,4374.98789643062,3294.64574630726,4959.94403495811,0.778539171944449,0.586289798258195,0.882633463973133,1.85218713157262,1.63374752324664,2.45953492621693
"673","pseudobatos","pseudobatos",2022,709.063,4176.7197791082,2978.20186440222,4760.2776431071,0.743256903847405,0.529977880690095,0.847102369703445,1.41879807208676,1.24486897919202,1.98976504617654
"674","pseudobatos","pseudobatos",2023,714.372,4029.46457382424,2713.25342039019,4629.36965071731,0.717052500932413,0.482829694891139,0.823806990971264,1.48165873874378,1.28965536319618,2.20041790176997
"675","pseudobatos","pseudobatos",2024,904.5235,3885.82782208206,2401.36173843149,4478.89693930528,0.691492010158624,0.427327851787391,0.797030025430735,1.94539325548417,1.68779575406433,3.14799020741824
"676","menticirrhus","menticirrhus",2000,115.5232,299.353317333837,290.093430085456,352.748114569009,0.609510849085689,0.590656868146156,0.718227560460143,1.63393957680058,1.38661331538488,1.68609551927533
"677","menticirrhus","menticirrhus",2001,128.288,285.805411163137,260.221163771443,325.191868522587,0.581926067774487,0.529834190223856,0.662120512524414,1.90049374520895,1.67031051154554,2.08734519664008
"678","menticirrhus","menticirrhus",2002,80.4358,258.651715543179,232.56812392254,290.223621853044,0.526638649480478,0.473530061215961,0.590921950542813,1.3166940693098,1.17345782434262,1.46436740396091
"679","menticirrhus","menticirrhus",2003,73.2465,236.728914017743,213.874679553338,266.383675994761,0.482001812009911,0.435468491525381,0.542381631124759,1.35896340512034,1.20767884849791,1.50417960534577
"680","menticirrhus","menticirrhus",2004,54.6431,221.556683304937,196.040419662235,255.73991590598,0.451109756740073,0.399156300346558,0.52070995797626,1.15741502453887,1.00271024621127,1.30806205417205
"681","menticirrhus","menticirrhus",2005,54.1273,222.668909095053,194.589232137546,261.750614057525,0.453374350604428,0.396201549257665,0.53294829148322,1.13506490892781,0.96558957820624,1.29885740462955
"682","menticirrhus","menticirrhus",2006,52.3944,231.502451590251,195.786302316217,279.454564416626,0.471360254467582,0.398638894089903,0.56899516048622,1.01647611624851,0.842057145803655,1.20190590511488
"683","menticirrhus","menticirrhus",2007,58.5177,250.884202735793,208.958852877462,301.640720827247,0.510823279974372,0.425459416904604,0.614168212691635,0.987562951523064,0.821387586744855,1.18570685248529
"684","menticirrhus","menticirrhus",2008,63.128,278.629102890533,225.332215642456,328.214738435249,0.567314445002131,0.458797087354236,0.668275353311054,0.959282254885125,0.814356952316388,1.18617727756053
"685","menticirrhus","menticirrhus",2009,83.0734,308.471825054234,250.960552413683,351.805008211753,0.628076968320824,0.510978734931119,0.716307309294366,1.14024280272049,0.999794687824436,1.40154607956212
"686","menticirrhus","menticirrhus",2010,72.727,332.685731908603,278.107112884259,373.823937110789,0.677378706674468,0.566251625405635,0.761139870926686,0.925576575375873,0.823719644055648,1.10722130485218
"687","menticirrhus","menticirrhus",2011,107.0308,358.391320685716,302.161535780671,389.000417004013,0.729717646430774,0.615228639772602,0.792040577918135,1.26445140995346,1.16495610530788,1.49975545227926
"688","menticirrhus","menticirrhus",2012,130.0245,375.57670204108,329.284684935592,392.252100548612,0.764708661312656,0.670453862658164,0.798661304275465,1.46580907262958,1.40349468250173,1.67187774745063
"689","menticirrhus","menticirrhus",2013,109.6356,382.534697405871,327.321094115072,417.987862332206,0.778875778953108,0.666455811395759,0.851061679044295,1.21347720139009,1.1105517070583,1.41817054381313
"690","menticirrhus","menticirrhus",2014,136.099,381.692173479732,320.029408221143,424.947058301506,0.777160322855378,0.651609269189183,0.865231241225799,1.50970653987627,1.35603520312661,1.80059443200841
"691","menticirrhus","menticirrhus",2015,110.3258,369.853290280874,310.919510389441,413.575039893075,0.753055269285135,0.633060680478231,0.842076767249449,1.26298576527702,1.12946719653677,1.50238060094886
"692","menticirrhus","menticirrhus",2016,117.9853,361.469929291838,308.189077966472,412.042765907404,0.735985976316783,0.627501269280397,0.83895691667837,1.38199535739745,1.21237358219356,1.6209197529526
"693","menticirrhus","menticirrhus",2017,104.4457,353.375022053892,297.597305901242,411.286072917995,0.719504001679543,0.605935448522843,0.837416220251219,1.25142715152856,1.07522020897221,1.48597816075995
"694","menticirrhus","menticirrhus",2018,96.8802,347.848186230382,295.654321916054,411.086675103765,0.708250856314234,0.601979354669868,0.837010227987163,1.17922354135033,0.997820641876411,1.3873998775345
"695","menticirrhus","menticirrhus",2019,113.4494,350.710544923288,294.145755219164,417.611375180869,0.714078881514822,0.598907774316215,0.850295116624593,1.36963307868163,1.15021953882687,1.63301613178642
"696","menticirrhus","menticirrhus",2020,80.6216,353.851596826253,289.288034815989,424.466016514883,0.720474351688494,0.5890170094036,0.864251795965525,0.964675191917504,0.804191251590367,1.17997226292407
"697","menticirrhus","menticirrhus",2021,84.6887,360.280667381104,295.629803594802,439.01179662082,0.733564529835239,0.601929433115842,0.893868340261563,0.995257284328596,0.816770668519221,1.21290869274222
"698","menticirrhus","menticirrhus",2022,127.8669,367.058475494275,298.721195480733,458.468003258016,0.74736476968156,0.60822379093366,0.933482963987944,1.47493790497385,1.18086421517128,1.81235368309626
"699","menticirrhus","menticirrhus",2023,129.626,379.217094841886,303.228349437676,474.216148482581,0.77212083541778,0.617400770362932,0.965547634100301,1.44728836271399,1.15735512184278,1.80997749492969
"700","menticirrhus","menticirrhus",2024,96.255732,376.39615360999,297.994463875672,478.471123400706,0.766377139971919,0.606744098636935,0.974211153844406,1.08276019448493,0.85176879555346,1.36763202639954
"701","micropogonias","micropogonias",2000,1897.9067,29448.4909269477,28891.7695088802,31446.3367011318,0.599075230212931,0.58774975983414,0.639717717465276,0.522701907273047,0.489493657723081,0.532773957271721
"702","micropogonias","micropogonias",2001,2208.5908,32297.7746480995,31363.3742159554,34158.2654684221,0.657038652020361,0.638029998728538,0.694886906087394,0.554606466638436,0.524398836774259,0.571129705449686
"703","micropogonias","micropogonias",2002,1131.4342,35245.7592632877,33810.4132739671,37046.7200593862,0.717009961463317,0.687810494804041,0.753647186990548,0.260354268214391,0.247697605778434,0.271407030322204
"704","micropogonias","micropogonias",2003,2114.931,38662.3356305948,36973.9662900663,40482.3281901044,0.786513905786372,0.752167145747949,0.823538297436143,0.443660114227136,0.423714173789799,0.463919291416836
"705","micropogonias","micropogonias",2004,2536.4356,42109.2140074299,40315.9169879843,44316.4306912094,0.856634288601265,0.820152968474215,0.90153604082501,0.488527454310061,0.464195938192466,0.510257701150104
"706","micropogonias","micropogonias",2005,2203.1779,45601.0164678194,43962.724682288,47866.3331454646,0.927668569033668,0.894340544483688,0.973752258467263,0.391847710383293,0.373303169886932,0.406450101152736
"707","micropogonias","micropogonias",2006,2577.9099,48968.2112286916,47205.0629513939,51050.4273773375,0.996167935658102,0.960299936080741,1.03852678255785,0.426968430281699,0.409553481844084,0.44291605549908
"708","micropogonias","micropogonias",2007,2554.7666,52156.6750018358,50410.5585786609,53988.7345940143,1.06103135000624,1.02550983208578,1.09830122317804,0.397268017228907,0.383787081120604,0.411028551308351
"709","micropogonias","micropogonias",2008,3086.4603,55320.3847061249,53704.6689689068,56818.8327650071,1.12539118848236,1.09252243199383,1.1558743503552,0.45249915642187,0.440565675046241,0.466112684298413
"710","micropogonias","micropogonias",2009,3685.0604,58314.0973338256,56205.1832117161,58953.5945432031,1.18629274999463,1.14339078206914,1.19930214116781,0.512522957402701,0.506963381204836,0.53175369095801
"711","micropogonias","micropogonias",2010,7534.0747,60977.7761722251,58736.2144689252,62525.9851293314,1.24048038281039,1.19487994451383,1.2719758383737,1.00207588375653,0.977263434089039,1.04031830276734
"712","micropogonias","micropogonias",2011,10633.7003,61886.1693571045,59662.4403318208,64395.7819614645,1.25895996662694,1.21372230127228,1.31001340608609,1.39358378623077,1.3392734676256,1.44552522036204
"713","micropogonias","micropogonias",2012,10679.6902,60368.703127137,57433.5587609713,63611.5322521154,1.22808991514236,1.16837981688195,1.29405929229675,1.43479243719196,1.36164867632193,1.50811756329407
"714","micropogonias","micropogonias",2013,5768.7195,56718.6176519391,53761.140764912,60533.2547585269,1.15383565872645,1.09367124652141,1.23143741456776,0.824890030596028,0.772907758502478,0.870268405480123
"715","micropogonias","micropogonias",2014,8857.54066,53744.3219886288,49685.9330058051,58037.6363976595,1.09332909954014,1.01076866137677,1.1806686621801,1.33666580065359,1.23778640276281,1.44584579247252
"716","micropogonias","micropogonias",2015,8110.5183,51455.1974355847,47413.8688712205,56453.0209612008,1.04676108279514,0.964547707377419,1.14843258394606,1.27838489328224,1.1652086276785,1.38734823056031
"717","micropogonias","micropogonias",2016,6114.56229,50022.0416835876,45930.1276977178,55139.876828453,1.01760617247432,0.934363729960799,1.12171908865763,0.991393872026351,0.899377155767701,1.07971712854218
"718","micropogonias","micropogonias",2017,6102.43765,48739.1320958062,44509.6339889317,53892.2214185984,0.991507743235654,0.905466405553988,1.0963378406426,1.01547171202423,0.918373906458106,1.11196623014718
"719","micropogonias","micropogonias",2018,5871.89215,47749.2767643775,43009.5433250047,54586.9687771909,0.971370962304361,0.874949827911295,1.11047119419274,0.997363665610943,0.872431548605981,1.10727503763808
"720","micropogonias","micropogonias",2019,9896.3371,47862.3776318394,43200.1400110315,55267.9343046109,0.973671790838497,0.878827165933218,1.12432418180824,1.67695914266938,1.45225713190644,1.85793962100844
"721","micropogonias","micropogonias",2020,4429.37435,46802.3877063065,41802.5074199141,54376.1787923833,0.952108250953305,0.850394908798081,1.10618306075363,0.767567621975932,0.660656894845236,0.859374225418153
"722","micropogonias","micropogonias",2021,11873.0831,46135.9661339054,40798.2529282784,54054.0467202634,0.938551133276359,0.829965203511604,1.09962987791846,2.08721005446032,1.78146611085881,2.36028372480095
"723","micropogonias","micropogonias",2022,10798.5259,43596.8010599737,38322.6834915182,51841.9440372528,0.886896503333259,0.779604309504703,1.05462872905257,2.00887133032589,1.68937267630953,2.28534005878493
"724","micropogonias","micropogonias",2023,14658.283,40401.1999704336,35546.9620472752,49981.3511939804,0.821887893447815,0.723137376535475,1.01677839951681,2.9425991692871,2.378577902182,3.34443594119495
"725","micropogonias","micropogonias",2024,12953.73425,33986.331342621,29694.356638542,44769.5421246818,0.691389223430199,0.604076914616394,0.91075375717567,3.09124172135866,2.34668393770123,3.53804484404508
"726","cynoscion","cynoscion",2000,1560.29255,10197.1082039577,7833.01162642434,11235.0588740994,0.919556266582021,0.706366430876231,1.01315672899169,0.54521031788364,0.494841074503875,0.709761311552081
"727","cynoscion","cynoscion",2001,4493.59985,11691.4411338809,9153.59841106835,13327.7811552822,1.0543124329957,0.825454492814565,1.20187453499973,1.36949801779493,1.20135566989485,1.74919247480371
"728","cynoscion","cynoscion",2002,4635.87225,11803.6318494673,9332.62717473805,13747.8709538963,1.06442958322166,0.841598973998653,1.23975745230493,1.39942897946182,1.20152018653926,1.76995653675695
"729","cynoscion","cynoscion",2003,3784.7091,11312.2363556764,8935.81509045045,13413.3267942578,1.02011645084652,0.805815197709949,1.2095888817366,1.19211758070127,1.00538188948196,1.50915341243595
"730","cynoscion","cynoscion",2004,955.2041,10264.1448611447,8092.21827649853,12364.7885130605,0.925601507740005,0.729741204846263,1.11503364823894,0.331595374706805,0.275260911877398,0.420594557015445
"731","cynoscion","cynoscion",2005,1281.9314,10231.7463180998,7972.97310501381,12423.0907787004,0.922679867340678,0.718987896898048,1.12029123820002,0.446426617136709,0.367680151224663,0.572900953763141
"732","cynoscion","cynoscion",2006,1107.6898,11315.6744161172,9073.52410038894,14013.4662342571,1.02042648874745,0.818233540295015,1.26370834108099,0.348797025343288,0.281648630689697,0.434987942107922
"733","cynoscion","cynoscion",2007,4132.16635,13374.1361399575,10744.6937834278,16403.8587501488,1.20605474136735,0.968936516454845,1.47926949563712,1.10089808425708,0.897566912720403,1.37030995502
"734","cynoscion","cynoscion",2008,4882.36135,14175.8490430453,11652.7825911653,16992.743855092,1.27835172099025,1.05082627746022,1.53237405996225,1.22720155844742,1.02376780267464,1.49291586810605
"735","cynoscion","cynoscion",2009,5118.76245,13814.509168362,11605.6283861261,16007.7418635247,1.24576676263881,1.04657399888553,1.4435484109817,1.3202755338201,1.13938359465186,1.57156147516541
"736","cynoscion","cynoscion",2010,4525.48185,12081.7684299304,10558.9996810678,14038.7834895895,1.08951142313302,0.952190967415153,1.26599140411493,1.33465611009191,1.14860422683203,1.52713387089444
"737","cynoscion","cynoscion",2011,1620.8325,10344.1209727226,9149.32095918916,12226.5939594553,0.932813604847083,0.825068760153713,1.10257152022839,0.558315396449527,0.47235411766833,0.631225205407952
"738","cynoscion","cynoscion",2012,2680.66315,9740.39318284694,8895.6962079816,11699.3253577509,0.878370554779775,0.802197351449557,1.05502341765152,0.980620155047573,0.816425356258658,1.07373561887349
"739","cynoscion","cynoscion",2013,1984.6582,9822.45206792342,8484.73270856537,12318.8899257724,0.885770472530135,0.765137426844854,1.11089459893948,0.719947559122024,0.574049320474887,0.833455882912574
"740","cynoscion","cynoscion",2014,2063.36318,10806.8842041038,9090.51064630595,13809.8054284925,0.974544733010967,0.819765355436441,1.24534258811925,0.680315298768745,0.532381769905693,0.808765199462332
"741","cynoscion","cynoscion",2015,2178.115651,11636.0290249838,9658.08034888584,15055.9827851278,1.04931547199835,0.870947736390961,1.35772054612914,0.666977523357721,0.515474142841639,0.803572712220969
"742","cynoscion","cynoscion",2016,2347.38176,12625.3690521476,10397.2474935468,15914.9016179396,1.1385323169668,0.937604455759765,1.43517625017774,0.6624829457794,0.525550951052733,0.804452494413556
"743","cynoscion","cynoscion",2017,2583.28877,13410.9645204514,11046.3924160398,16571.9438419365,1.20937585627501,0.996143138439105,1.49442709682963,0.686353735058686,0.555436687279754,0.833273456407884
"744","cynoscion","cynoscion",2018,3201.676485,13950.2596415291,11503.4696545501,16958.9516697259,1.25800848801776,1.03736151433326,1.52932674348846,0.817768192615551,0.672687724792324,0.991707628755168
"745","cynoscion","cynoscion",2019,3333.52962,14007.8216116442,11492.3725184747,16836.0244144841,1.26319931950425,1.03636079522593,1.51824139207016,0.847947130703884,0.705504568690633,1.03354569510439
"746","cynoscion","cynoscion",2020,3166.539391,13723.320473095,11348.9319399694,16139.9341272679,1.23754353557316,1.02342559043958,1.4554692636477,0.822168339239411,0.699066025502091,0.994179863082793
"747","cynoscion","cynoscion",2021,4559.3333,13258.852058345,10989.8080239636,15503.0938853214,1.19565863714215,0.991040463123343,1.39804019419189,1.22526626310591,1.04789561585408,1.47824457708256
"748","cynoscion","cynoscion",2022,3392.20065,12442.1690335579,10068.6132014483,14124.3001981924,1.12201167976627,0.907968826062744,1.27370314196456,0.971450094426572,0.855755408262141,1.2004579022643
"749","cynoscion","cynoscion",2023,4635.977,11617.116442422,9099.93969337978,13092.7532365824,1.04760997045183,0.820615649377744,1.18068015408904,1.42192925376076,1.26166875792559,1.81525573469926
"750","cynoscion","cynoscion",2024,6404.138104,10363.9165908205,7620.65807712493,11059.0800805561,0.934598736897146,0.687216782457927,0.997287288445248,2.20176943566942,2.0633682564263,2.99435489068745
"751","scorpaena","scorpaena",2000,35.9917,423.569255189397,390.926063476679,436.933389084742,1.77255513884388,1.63594971597679,1.82848144586963,1.96937947456916,1.90914363165494,2.1338270204087
"752","scorpaena","scorpaena",2001,45.1498,394.315403403491,367.828249177532,407.761596288234,1.65013344586501,1.53928984529353,1.70640315383775,2.65377173799222,2.56626196025459,2.84486870094127
"753","scorpaena","scorpaena",2002,57.6402,362.473051517043,340.632174431755,376.45765063315,1.51687938226693,1.42547954991349,1.57540221583955,3.68554086859598,3.54863088287339,3.92185279432083
"754","scorpaena","scorpaena",2003,55.7123,327.093199746035,309.581162769113,342.173655221354,1.36882156810808,1.29553709159151,1.43193034789176,3.94758099175809,3.77360114710023,4.17088328728122
"755","scorpaena","scorpaena",2004,6.2875,287.267216684392,274.075803028869,301.188970835587,1.20215755727505,1.14695405093638,1.26041739686465,0.507274939605567,0.483827344639992,0.531690351296297
"756","scorpaena","scorpaena",2005,17.6838,260.360578732944,252.077370052782,271.94704961583,1.08955849871372,1.05489487775385,1.13804563098998,1.57417076510341,1.50710225393432,1.6258976811008
"757","scorpaena","scorpaena",2006,15.376,245.533289442963,239.953147880413,256.897557356081,1.02750917028848,1.00415736068239,1.07506642625501,1.45139112956144,1.38718655785274,1.48514341844418
"758","scorpaena","scorpaena",2007,21.3409,242.808886077488,239.0425282537,253.695688592137,1.01610807087772,1.00034659425143,1.06166722680439,2.03704034473723,1.94962515817811,2.06913598435342
"759","scorpaena","scorpaena",2008,10.2352,235.682122058943,229.859806157291,246.362207893347,0.986283946417241,0.961918684196238,1.03097803315071,1.00651712827782,0.962883449980626,1.03201206268687
"760","scorpaena","scorpaena",2009,16.2007,230.749247816923,223.92426759205,241.150040403761,0.965640824944572,0.937079607099104,1.00916612363417,1.62721508711548,1.55703335881502,1.67681092105792
"761","scorpaena","scorpaena",2010,15.2904,225.304297204456,217.465821070005,235.835821337461,0.942854763230616,0.910052261673666,0.986927148072312,1.57289904253197,1.5026593981418,1.62959361433238
"762","scorpaena","scorpaena",2011,20.0978,221.783831630673,212.56315322958,232.111540468294,0.928122297954917,0.889535548130082,0.971341755336029,2.10024574813413,2.00679616553079,2.19135133399214
"763","scorpaena","scorpaena",2012,12.3674,215.403792431472,204.926112858766,225.82557857369,0.901423071960547,0.8575760161551,0.945036224605584,1.33068891311111,1.2692779987149,1.39872578673366
"764","scorpaena","scorpaena",2013,12.4987,210.268192933657,197.901059028965,220.702371264945,0.879931584631452,0.828177529097537,0.92359659618303,1.37766218579009,1.31253024885431,1.46375436139893
"765","scorpaena","scorpaena",2014,5.08,205.680627294179,191.951580243047,216.433869988293,0.860733512652871,0.803280114881985,0.905733746648053,0.572429227857775,0.543988806713468,0.61337136437341
"766","scorpaena","scorpaena",2015,5.64435,205.654923787434,191.470835975037,216.296785260954,0.860625948464939,0.801268293409369,0.905160073665594,0.636101325463575,0.604804964860994,0.683223473398071
"767","scorpaena","scorpaena",2016,7.3827,208.201818125194,192.203976089578,217.783782685332,0.871284207040553,0.804336342522004,0.911382869332975,0.821830357625086,0.785671791252001,0.89023431319795
"768","scorpaena","scorpaena",2017,12.5226,212.098596005652,195.571505003952,221.388264604859,0.887591466295835,0.818428797555618,0.926466926712143,1.36838464147381,1.31096588055519,1.48402223139014
"769","scorpaena","scorpaena",2018,8.2192,213.621143612273,196.358943132997,223.424749943901,0.893963032577346,0.821724073322353,0.934989222673604,0.89173700453094,0.852608669169875,0.970130902468026
"770","scorpaena","scorpaena",2019,14.9706,214.486169946853,196.044472539082,223.874554821737,0.897582999928164,0.820408074910218,0.936871568802167,1.61767542809676,1.54983672470456,1.7698484547706
"771","scorpaena","scorpaena",2020,1.2803,212.807089004484,193.072777848181,221.742484367768,0.890556372012028,0.807972109289729,0.927949267683146,0.13943671119254,0.133817931614897,0.153688784819661
"772","scorpaena","scorpaena",2021,3.4467,214.600246558693,193.8063440531,223.382344646506,0.898060388412009,0.811041941507911,0.934811764732802,0.372241460833767,0.357607085737714,0.412180053571454
"773","scorpaena","scorpaena",2022,3.2647,218.028363246718,196.278597489666,226.275766931725,0.912406391521224,0.821387842396182,0.946920175524369,0.347041779068331,0.334392639983086,0.385497716186203
"774","scorpaena","scorpaena",2023,4.096,225.172168634646,202.127771640948,232.741209167465,0.94230183080567,0.845865501180014,0.973976796654092,0.421596225232924,0.407885379058813,0.469662014047784
"775","scorpaena","scorpaena",2024,2.1446,231.058772695205,207.323797072308,238.673173236798,0.966936126496505,0.867609859315268,0.998800915179485,0.215117288853861,0.208254392707884,0.239744483990699
"776","hyporthodus","hyporthodus",2000,359.9484,1563.13614082772,1517.33106314796,1824.98112884319,0.243078283234306,0.235955282649141,0.283796956738078,1.8886891051275,1.61770341202582,1.94570471185593
"777","hyporthodus","hyporthodus",2001,263.1036,1574.30535289631,1463.91568356485,1851.85300283805,0.244815171547359,0.2276488284458,0.287975715598134,1.36101428253477,1.15703139886325,1.46364445330973
"778","hyporthodus","hyporthodus",2002,258.92125,1616.30197476907,1471.5014111335,1898.19667132808,0.251345931395995,0.228828460588075,0.295182470711205,1.27068096564784,1.0819764806779,1.39572013899465
"779","hyporthodus","hyporthodus",2003,378.3578,1673.06249601012,1511.77010438184,1973.4307747008,0.26017257783989,0.235090515803375,0.306881884607956,1.73297461055505,1.46920523619431,1.917867550796
"780","hyporthodus","hyporthodus",2004,365.1381,1744.90779876947,1560.84425214661,2066.58864624898,0.271345010232083,0.242721878982996,0.321368566154262,1.53753857474579,1.2982085500433,1.71885378460606
"781","hyporthodus","hyporthodus",2005,289.48275,1811.42246010815,1608.04510308904,2184.23617557968,0.281688491689531,0.250061931787488,0.339663555764907,1.13108965277177,0.938030980501891,1.27414411292993
"782","hyporthodus","hyporthodus",2006,327.9529,1888.27157296314,1647.91034177779,2305.37692331504,0.293639050526318,0.256261247079408,0.358501764555625,1.17922425084227,0.965870530105039,1.35122377386869
"783","hyporthodus","hyporthodus",2007,387.452,2008.96310954172,1733.41293933098,2496.76581967932,0.312407403932117,0.269557481541941,0.388264037426947,1.23080094127805,0.990334642811796,1.42645392226687
"784","hyporthodus","hyporthodus",2008,450.896,2164.7755849667,1850.35649573205,2754.8120196591,0.336637301791645,0.287742998582211,0.428391973598268,1.23357186841181,0.969360611171609,1.44318474261532
"785","hyporthodus","hyporthodus",2009,461.82535,2363.16030670028,1974.8106505553,3078.46433433221,0.36748747300794,0.307096464672371,0.478722106054862,1.06024257051719,0.813887343172223,1.26874095874233
"786","hyporthodus","hyporthodus",2010,536.0115,2604.52619782646,2129.67692756834,3473.46489666364,0.405021507897059,0.331179222254373,0.540147375460551,1.01304907329166,0.759619840582325,1.23892634460973
"787","hyporthodus","hyporthodus",2011,415.55125,2921.09162176542,2294.72961932984,3985.20243109753,0.454249580726132,0.356846036493176,0.619726036645415,0.624378688739357,0.457659902607036,0.794807083641543
"788","hyporthodus","hyporthodus",2012,626.08185,3470.71408881663,2556.9208783443,4559.16316563795,0.539719606162987,0.397618557488391,0.708980827928093,0.719292386226006,0.547569395556785,0.976353331851895
"789","hyporthodus","hyporthodus",2013,816.5737,4105.59389014615,2876.306844316,5109.58229695279,0.638447725957848,0.447285243754387,0.79457474006711,0.79307194685533,0.637240218519889,1.13201807584957
"790","hyporthodus","hyporthodus",2014,972.097,4777.85147431761,3294.5535523592,5888.95999092554,0.742988344771199,0.512325446654249,0.915773263275517,0.811278834905936,0.65820956219959,1.17653870724375
"791","hyporthodus","hyporthodus",2015,1161.16683,5397.37912949313,3747.03508336404,6697.28215406025,0.839329101601565,0.582689396971235,1.04147284796491,0.857837216958682,0.691336065109376,1.23566302111013
"792","hyporthodus","hyporthodus",2016,1585.1532,5783.00342978267,4148.96860226008,7293.98279559152,0.899296298597071,0.645192788195904,1.13426384918341,1.09297689194998,0.866562109063402,1.52343623699077
"793","hyporthodus","hyporthodus",2017,1507.615892,5960.57112222704,4429.58894327596,7679.22192151878,0.926909280416044,0.688831156571576,1.19417114895034,1.0085467182284,0.78282858674048,1.35712693007653
"794","hyporthodus","hyporthodus",2018,2048.291492,6002.46830329811,4675.82667539619,7703.1818612876,0.933424576544838,0.727122795813952,1.19789708226688,1.36067709411017,1.06026591030721,1.7467330796063
"795","hyporthodus","hyporthodus",2019,2384.94842,5828.95919330643,4594.2339510346,7415.3900064707,0.906442731854102,0.714434573179855,1.15314349480222,1.63147778299692,1.28244332578284,2.06994626813324
"796","hyporthodus","hyporthodus",2020,2575.09335,5406.91639285998,4310.93837494125,6907.4155711922,0.840812210810938,0.670380187585403,1.0741500210866,1.89905048956392,1.48651939601192,2.38184968789582
"797","hyporthodus","hyporthodus",2021,1873.19565,4703.77401592936,3629.92060198333,5941.17436385248,0.731468797022887,0.564477299936089,0.923892952789264,1.58792461183767,1.25719900999058,2.05768647510793
"798","hyporthodus","hyporthodus",2022,1592.6582,3972.25697200783,2929.51054838128,5014.84034824922,0.617712929860271,0.455558780977477,0.77984172376762,1.59874218353098,1.26636429955164,2.16780744772638
"799","hyporthodus","hyporthodus",2023,2101.483,3343.93055979652,2291.56400083621,4418.48679407653,0.520003906569299,0.356353761323594,0.687104696990019,2.50588893819687,1.89646795168115,3.65668102520148
"800","hyporthodus","hyporthodus",2024,2216.053841,2768.34888478658,1383.62103346448,3804.57609173431,0.430497048037798,0.21516246517295,0.591637414463051,3.70725535099456,2.69753475001902,7.41747629468103
"801","mycteroperca","mycteroperca",2000,378.64135,4356.56887093419,3087.39865812255,6272.29692216502,0.278790022888958,0.19757198108537,0.401383256939481,1.20857957768389,0.839446893462279,1.70540339917951
"802","mycteroperca","mycteroperca",2001,431.1863,4423.68891440092,3129.7452971399,6403.86123920743,0.283085237542682,0.200281870636223,0.409802455636037,1.33484910865571,0.92209324714991,1.88672132833123
"803","mycteroperca","mycteroperca",2002,432.05875,4470.69460139116,3162.24256494537,6505.50691057465,0.286093273669312,0.202361469123868,0.416307069676708,1.30957138498726,0.899959649797946,1.8514372635105
"804","mycteroperca","mycteroperca",2003,505.17195,4524.36660300265,3191.84942357363,6583.0104283666,0.289527907437549,0.204256101583305,0.421266754267798,1.49506485195723,1.02752708037206,2.11921697670345
"805","mycteroperca","mycteroperca",2004,464.42675,4553.6155604482,3222.52471209907,6626.64906897728,0.291399636717471,0.206219106104406,0.424059322909571,1.35687824911882,0.932402160504746,1.91734818529802
"806","mycteroperca","mycteroperca",2005,400.1651,4588.66746861573,3244.13832887261,6707.10420480058,0.293642714370971,0.207602226833935,0.429207890468633,1.15133687915205,0.787687490974306,1.62850703244166
"807","mycteroperca","mycteroperca",2006,342.27075,4625.51887370551,3269.52741596921,6795.48813107045,0.296000947276921,0.209226951332155,0.434863845316997,0.969137171132907,0.659667442547456,1.37107346290778
"808","mycteroperca","mycteroperca",2007,445.3082,4720.00196155131,3338.0483925181,6967.70878186433,0.302047205927596,0.213611815932343,0.445884765816408,1.21091236404661,0.820285249068265,1.71223063942915
"809","mycteroperca","mycteroperca",2008,518.5314,4833.17423194807,3412.10580639585,7149.70692649265,0.309289441913996,0.218350973907745,0.457531377728181,1.34476543324011,0.909056232202646,1.90483121237552
"810","mycteroperca","mycteroperca",2009,574.52875,4951.58513196273,3492.60292569535,7359.29208129642,0.316866913659165,0.22350222811647,0.470943365885825,1.41957925804856,0.955141808498199,2.01258708686344
"811","mycteroperca","mycteroperca",2010,388.11345,5008.37740982593,3541.22625506581,7455.90714867583,0.320501223345173,0.226613782073202,0.477126056357179,0.937348258444202,0.629647573275558,1.32569723157787
"812","mycteroperca","mycteroperca",2011,367.2742,5097.74275068961,3603.60364275379,7599.06326401315,0.326219981882674,0.230605499834697,0.486287049297714,0.856191613237922,0.574366134080563,1.21118886045123
"813","mycteroperca","mycteroperca",2012,433.2772,5249.67595174725,3701.17462577355,7881.87787210378,0.335942647093604,0.236849362240009,0.504385211727547,0.952439114782659,0.63436617485211,1.3509215916374
"814","mycteroperca","mycteroperca",2013,452.7661,5486.42448772762,3853.19193544921,8332.97992839383,0.35109290219579,0.246577409815877,0.533252597122832,0.91123726001389,0.599957573452798,1.2974786881171
"815","mycteroperca","mycteroperca",2014,471.42225,5759.3909028159,4008.99310231268,8769.70422277849,0.368560848959606,0.256547597861287,0.561199906033744,0.860980555929597,0.565437950397743,1.23690000326061
"816","mycteroperca","mycteroperca",2015,735.09627,6058.31253347731,4190.8148616581,9245.46375528783,0.387689748495683,0.268182922345151,0.591645197933715,1.21332529294639,0.795060585818424,1.75400347476429
"817","mycteroperca","mycteroperca",2016,687.61058,6333.01781913614,4313.73410644973,9676.42542169707,0.405268970848277,0.276048896712636,0.619223738845598,1.03862198154185,0.679756338709782,1.52480689679423
"818","mycteroperca","mycteroperca",2017,675.73826,6600.90184348656,4422.21677774484,10038.7980748128,0.422411680051959,0.282991031064097,0.642413061280157,0.939524996244219,0.617774382300825,1.40239897576274
"819","mycteroperca","mycteroperca",2018,667.09723,6884.84236378438,4539.64243804819,10385.215362477,0.440581893010388,0.290505454339289,0.66458135160638,0.852584660520994,0.565218032037769,1.29303377293993
"820","mycteroperca","mycteroperca",2019,2440.10958,7253.93637918571,4660.69836154955,10899.4001132639,0.464201335753146,0.298252189139914,0.697485589479773,2.80930068370521,1.86968899369068,4.37241092401981
"821","mycteroperca","mycteroperca",2020,921.9739,7254.74583301611,4562.00150902844,10377.6703474615,0.464253135152763,0.291936278938883,0.664098523268029,1.06123264950226,0.741878753522016,1.68763055571123
"822","mycteroperca","mycteroperca",2021,1172.5121,7116.11254191086,4314.00585146535,9815.37537875174,0.455381571418682,0.276066286498353,0.628115566991858,1.40271065822064,1.01696028144217,2.31382321937403
"823","mycteroperca","mycteroperca",2022,1135.45955,6608.59244849408,3996.50439564213,9171.25262365294,0.422903825134384,0.255748407736745,0.58689620309396,1.57503463095206,1.13493351403078,2.60446653820183
"824","mycteroperca","mycteroperca",2023,1202.714,6455.53549737613,3735.74711193196,9115.0825130818,0.41310924775718,0.23906176022865,0.583301707775343,1.74837343313091,1.23824296094385,3.02126627474228
"825","mycteroperca","mycteroperca",2024,1018.660974,6157.14928805228,3235.93357007829,9218.60020536911,0.394014611452416,0.207077179495115,0.589926118098507,1.62782112460081,1.08722988904269,3.09732491763416
"826","paralabrax","paralabrax",2000,1445.3143,9980.23292980589,7094.17541378549,15359.5079241137,0.278591703803555,0.198029287443317,0.428750662660762,1.68325323967497,1.09373682378409,2.36803552660427
"827","paralabrax","paralabrax",2001,1429.4719,9887.165238082,7002.79284063347,15110.5001944599,0.275993779788276,0.19547840241574,0.421799774023953,1.69629175926911,1.10992466828065,2.39497544730645
"828","paralabrax","paralabrax",2002,1706.3872,9832.12936953073,6953.25263569732,14886.2594845478,0.274457489353189,0.194095519852076,0.415540240616676,2.04762739084352,1.35242418878067,2.89541290417231
"829","paralabrax","paralabrax",2003,2213.3829,9665.59463018258,6846.05424680267,14618.3099756176,0.269808780540098,0.1911031466262,0.408060604544931,2.74832387378923,1.81718574314042,3.88021822773404
"830","paralabrax","paralabrax",2004,1576.0431,9137.98565008401,6514.4253899724,13569.9056042051,0.255080919402836,0.181845943021377,0.378795079164796,2.18945317126824,1.47437957522564,3.07121357032916
"831","paralabrax","paralabrax",2005,710.8336,8604.80458678141,6118.48055123164,12441.0729441121,0.240197517191085,0.170793400659607,0.347284450475437,1.11366465964876,0.770260476289328,1.5662167577787
"832","paralabrax","paralabrax",2006,503.5623,8267.46818769697,5788.37757378178,11461.6040002189,0.23078099126059,0.161578790984142,0.319943212668559,0.854627095632043,0.616458422865316,1.22065332390982
"833","paralabrax","paralabrax",2007,698.8401,8309.18145691332,5775.07168945629,11307.0833263454,0.231945390009992,0.16120736588706,0.315629868670471,1.17416693140014,0.86285435528529,1.68939307048314
"834","paralabrax","paralabrax",2008,540.7956,8668.70743549903,5949.11316731272,11704.3980219001,0.241981323603957,0.166065620417744,0.326720649693247,0.834820243670543,0.618298560940181,1.21645230979543
"835","paralabrax","paralabrax",2009,748.9664,9086.2210666664,6271.16459857893,12168.2391324233,0.253635944762222,0.175055476424098,0.339668472272504,1.05235980378173,0.785814094773649,1.52475248712198
"836","paralabrax","paralabrax",2010,802.3554,9502.93239362397,6568.13491654063,12721.2115893742,0.265268170120874,0.183345209483629,0.355104338351173,1.03067090146658,0.769926341363067,1.49119895086914
"837","paralabrax","paralabrax",2011,772.7125,10022.5367595893,6859.8267350579,13410.4152964255,0.279772587666655,0.19148759666816,0.374343011072097,0.892341593240579,0.666908982509147,1.30375398181084
"838","paralabrax","paralabrax",2012,1164.6043,10577.311808649,7210.94943414491,14139.0718358682,0.295258771930317,0.201288958186549,0.394682983920296,1.20752544048657,0.903338864755009,1.77124707606791
"839","paralabrax","paralabrax",2013,783.9933,11148.1389682214,7527.44107536692,14911.8368323968,0.311193040406926,0.210123616273967,0.416254215627694,0.731772555946344,0.547075604334467,1.08375503243946
"840","paralabrax","paralabrax",2014,906.88225,11801.5190663945,7993.47440538375,15918.8865463681,0.329431720411853,0.223132633232968,0.444365352672629,0.755341925959979,0.559975229102793,1.11518242115844
"841","paralabrax","paralabrax",2015,1010.41654,12521.1315825687,8438.69296168838,17051.0901235347,0.349519235239348,0.235560619336924,0.475970078317189,0.747621534080285,0.549001121591664,1.10930302176893
"842","paralabrax","paralabrax",2016,1065.27126,13527.2926151382,9102.47947844374,18577.1787414804,0.377605565321599,0.254089787740641,0.518569848404618,0.675315869535047,0.491742879905082,1.00359417414571
"843","paralabrax","paralabrax",2017,1063.3143,14686.2798287726,9781.16267990226,20536.0445051996,0.409957938738521,0.273034787398165,0.573250310722004,0.571882189233158,0.408979531479038,0.858673159319455
"844","paralabrax","paralabrax",2018,1041.4117,16127.0753597927,10655.684955985,22674.8457578358,0.450176807841334,0.297446507307069,0.63295355505106,0.464493601777529,0.330362702353514,0.702997822378404
"845","paralabrax","paralabrax",2019,1451.98385,18085.810176799,11933.7484192168,24980.2342401809,0.504853614866493,0.333122816697352,0.697306973427448,0.51993592904958,0.376436122514929,0.78797224363688
"846","paralabrax","paralabrax",2020,1865.1618,20423.707615735,13514.4542166795,27383.223553642,0.570114499598549,0.377247189788095,0.764384855453584,0.591436250011041,0.441121222266239,0.893807537463406
"847","paralabrax","paralabrax",2021,2228.0755,22788.4295212202,15272.8124863249,29360.8156593992,0.636124171848106,0.426330615964915,0.819588051415671,0.63320089275524,0.491459572673934,0.944793496957197
"848","paralabrax","paralabrax",2022,2103.828,24899.2096334253,17344.1469353668,31429.8717685169,0.695045224287442,0.484150568401316,0.877344405476584,0.547205786331745,0.433504523557921,0.785567121708041
"849","paralabrax","paralabrax",2023,2430.064,27397.7498613792,19863.7178241254,33301.8700731395,0.764790347875548,0.554482749192085,0.929600019235323,0.574419040577265,0.472579742662651,0.792288197440815
"850","paralabrax","paralabrax",2024,2566.90686,29626.5765260617,21856.5039593702,35526.5944350025,0.827006592963605,0.610110076594025,0.991701751211306,0.561118584112235,0.467931782845409,0.760598433459418
"851","epinephelus","epinephelus",2000,38.5603,996.020504770788,700.926107244596,1414.5182963478,0.283119719456744,0.199238872987525,0.402078091073618,2.2041475580153,1.55203094155235,3.13210785078889
"852","epinephelus","epinephelus",2001,31.1699,999.021762827691,699.539128718171,1390.20663305341,0.28397282974415,0.198844623100687,0.395167479034545,1.77101537066311,1.27267620188863,2.52921219837526
"853","epinephelus","epinephelus",2002,17.1478,1008.02154079066,699.045216785838,1372.24343834292,0.286531024680744,0.1987042281921,0.390061424869373,0.956986042156633,0.702982078671681,1.37997159778209
"854","epinephelus","epinephelus",2003,35.6572,1023.57343238652,700.492483674718,1364.98103887665,0.290951663778586,0.199115615099896,0.387997081324612,1.92994995125591,1.44723292095468,2.82008093160144
"855","epinephelus","epinephelus",2004,37.2458,1039.32729848915,703.030769681318,1358.81285507019,0.295429714310651,0.199837125167859,0.386243769559965,1.9552822495251,1.49555416008906,2.89059640889387
"856","epinephelus","epinephelus",2005,16.2486,1051.57791660039,704.819334203711,1350.96100215172,0.298911963467383,0.200345526233283,0.384011873344131,0.833239505863096,0.648587384986741,1.24317852970731
"857","epinephelus","epinephelus",2006,13.311,1058.5516755391,706.976003419449,1340.74604867424,0.300894260683984,0.200958561387074,0.381108263680519,0.67363303247169,0.531849693628778,1.00862740994382
"858","epinephelus","epinephelus",2007,19.89005,1071.76249109103,712.613823319619,1351.47736932784,0.304649446822164,0.202561116736927,0.38415865117585,0.981918826444836,0.778691372392796,1.47679392827002
"859","epinephelus","epinephelus",2008,14.4784,1090.35689347356,721.106786075442,1372.60601636677,0.309934922332752,0.204975248997526,0.39016448799699,0.690589615045492,0.548583598168423,1.04421309279889
"860","epinephelus","epinephelus",2009,20.5051,1110.40648284872,730.944023635697,1396.15151175522,0.315634036047707,0.207771492573786,0.396857316123437,0.943050031536359,0.750039562219272,1.43262525557028
"861","epinephelus","epinephelus",2010,24.5995,1130.51030196357,740.948151181123,1417.52091477241,0.321348564614683,0.21061517477762,0.402931588046763,1.09147564891134,0.870480606372392,1.66533172863671
"862","epinephelus","epinephelus",2011,16.3594,1149.97641933058,750.470107583599,1445.46418355286,0.326881825889389,0.213321799402751,0.410874487193849,0.701497812043787,0.558094729182098,1.07493414315971
"863","epinephelus","epinephelus",2012,17.198,1169.86673099456,760.730329901958,1477.1841019038,0.332535664772462,0.216238276774877,0.419890902359696,0.712593707622067,0.564343787743668,1.0958412442561
"864","epinephelus","epinephelus",2013,16.65935,1191.05882542838,771.371360465773,1514.79691059167,0.338559536572356,0.219262999231421,0.430582376875214,0.665929799057013,0.52360917739976,1.02824865549023
"865","epinephelus","epinephelus",2014,16.9256,1214.47927662425,785.42642687685,1560.95782639651,0.345216820775205,0.223258164431525,0.443703658485315,0.650729769885534,0.506290308965527,1.00620222743328
"866","epinephelus","epinephelus",2015,84.4176,1241.40788862197,797.840396675819,1611.56529235447,0.352871302824156,0.226786846451618,0.458088875954037,3.10628156272929,2.39280558755354,4.83325042492173
"867","epinephelus","epinephelus",2016,39.7009,1242.52175425471,799.200952911446,1647.014203904,0.353187920126654,0.22717358577866,0.4681652607723,1.45824054561533,1.10010927444856,2.26713393454133
"868","epinephelus","epinephelus",2017,24.033,1232.50807008127,794.754347072624,1678.71041987666,0.350341521442759,0.225909634091329,0.477174938515917,0.897150416101225,0.65868723683908,1.39130428414063
"869","epinephelus","epinephelus",2018,33.6186,1216.31960075813,788.736689793623,1710.45043012409,0.345739934556495,0.224199109626765,0.486197064821313,1.28860862169155,0.916343377548591,1.98717765326659
"870","epinephelus","epinephelus",2019,29.0846,1219.91410206844,790.126138096531,1765.3934185089,0.346761674769361,0.224594061549777,0.501814658418144,1.10825936913179,0.765824330700901,1.71109544155869
"871","epinephelus","epinephelus",2020,52.6844,1229.36641734117,792.554224327124,1827.32692461924,0.349448503841066,0.225284247232832,0.519419312931725,1.9767701181056,1.32990696150824,3.06625682307829
"872","epinephelus","epinephelus",2021,64.6608,1232.67858023797,785.407808405191,1887.04785466881,0.350389989107329,0.2232528721143,0.536395040720806,2.41311597182175,1.5763227004208,3.78732721811727
"873","epinephelus","epinephelus",2022,71.5439,1229.11617216897,773.418325187618,1943.02303310226,0.349377371427015,0.219844850784688,0.552306035262295,2.68549015374168,1.69878551202471,4.26778015295115
"874","epinephelus","epinephelus",2023,24.522,1207.1742606863,747.668986651207,1993.2170529276,0.343140363460247,0.212525578272017,0.566573730297978,0.954229357933677,0.577920562136886,1.54068329736155
"875","epinephelus","epinephelus",2024,9.3519,1199.07389190902,715.961471730958,2056.91893367195,0.340837826389239,0.20351268879244,0.584681046883151,0.368845746833064,0.215017372794405,0.617733387384576
"876","diplectrum","diplectrum",2000,16.63365,110.909654531881,93.0790517103317,114.715496237997,0.23510527139912,0.197308122600273,0.243172859843022,1.36061078693091,1.31547068425507,1.62125493930131
"877","diplectrum","diplectrum",2001,6.88515,109.243643201844,92.2661412662519,117.160487305395,0.231573675817513,0.195584922475043,0.248355729548056,0.580505196548444,0.541278924551163,0.687321499503851
"878","diplectrum","diplectrum",2002,20.35645,114.41547050263,95.8220971222371,123.806812880963,0.242536868032951,0.203122805179063,0.262444549721973,1.56465141404422,1.44596507691865,1.86825725053903
"879","diplectrum","diplectrum",2003,12.3588,117.895587933546,100.708972294016,128.9656899591,0.249913989137058,0.213481958477341,0.273380290173867,0.894676963022927,0.817880062516157,1.04735917926207
"880","diplectrum","diplectrum",2004,21.7446,124.805912431288,106.421232808547,137.528634577619,0.264562431811907,0.22559075607697,0.2915319418674,1.40464364789351,1.27470059347692,1.64730127146284
"881","diplectrum","diplectrum",2005,20.9587,129.428813494674,109.712898085648,143.90602657065,0.274362015209277,0.232568398028829,0.305050679092472,1.25888905370415,1.13224248091075,1.48511724132165
"882","diplectrum","diplectrum",2006,36.5438,136.078214230367,114.608624663761,151.991421743193,0.288457354079502,0.242946314457305,0.32219002583765,1.98573622492618,1.77783348771528,2.3577234279991
"883","diplectrum","diplectrum",2007,21.0188,136.300221109517,115.31559542778,153.790908450356,0.288927962231654,0.244444944617571,0.326004561303046,1.13841301675233,1.00894095405765,1.34557641853804
"884","diplectrum","diplectrum",2008,34.9695,138.371283340867,117.43003346973,156.795707221748,0.293318181009641,0.248927111042192,0.33237410625952,1.8377335366816,1.62178896613257,2.16545580713584
"885","diplectrum","diplectrum",2009,15.50665,138.151767837802,116.709045996826,155.725523011047,0.292852854053732,0.247398768390618,0.330105539556595,0.817504490781503,0.725248427059675,0.967702971540681
"886","diplectrum","diplectrum",2010,16.38725,144.73148283079,119.287026828388,162.17915212328,0.306800473723855,0.252863548581524,0.343785883529758,0.787163796719828,0.702478598749698,0.9550693529639
"887","diplectrum","diplectrum",2011,15.4043,153.508851477584,125.89661434346,170.676072618073,0.325406659511598,0.266874491750774,0.361797577889612,0.657748973491166,0.591590185620997,0.802009569580087
"888","diplectrum","diplectrum",2012,48.6311,168.566235301276,141.081530848298,188.170443633899,0.357325164040095,0.299063338890466,0.398881985581553,1.72209844206346,1.54268462990718,2.05758790290539
"889","diplectrum","diplectrum",2013,37.6368,180.908654621094,152.750089435462,210.988545829984,0.383488511641843,0.323798242673647,0.447251589943464,1.15712175624902,0.992154997477876,1.37043022972666
"890","diplectrum","diplectrum",2014,36.46955,197.232941237235,165.80504913591,238.52705915334,0.418092585123847,0.351472026858018,0.505627478644433,0.9433146039089,0.780006740121603,1.12211729866249
"891","diplectrum","diplectrum",2015,92.06358,211.572128262036,176.890587411085,264.522651198334,0.448488662646021,0.374971049515609,0.560732696929668,2.06945508607167,1.65520425158068,2.47519680561273
"892","diplectrum","diplectrum",2016,37.54319,223.844369818763,181.246278129794,283.95942762768,0.474503248067353,0.384204202867992,0.601934597853737,0.753917590396978,0.594310987761836,0.931109922140523
"893","diplectrum","diplectrum",2017,68.08855,236.289116683769,190.767704972468,308.502540626002,0.500883508663598,0.40438763641489,0.653960864338871,1.2292449493184,0.941506681510772,1.52257009803808
"894","diplectrum","diplectrum",2018,35.4774,241.571736303418,192.020559692276,321.151728848654,0.512081557423355,0.407043426392485,0.680774497855421,0.626489403169415,0.471248071563859,0.788155878421882
"895","diplectrum","diplectrum",2019,84.4837,267.761164598755,207.32542668066,357.558241361697,0.567597668019418,0.439486543470243,0.757948690140135,1.34596387300819,1.00793888226997,1.73831478325925
"896","diplectrum","diplectrum",2020,122.3883,287.117830677234,218.714718066791,385.132771748872,0.608629751754335,0.463629459194592,0.816400927483607,1.81839322269738,1.35561851838329,2.38709640592006
"897","diplectrum","diplectrum",2021,122.1471,290.815791098144,226.416623572466,388.359100839967,0.61646865443644,0.479955888050988,0.823240070385877,1.79173278914141,1.34170716582578,2.30135128900494
"898","diplectrum","diplectrum",2022,146.37415,273.170339394342,215.540990752184,365.003086615895,0.579063987283772,0.456901821057075,0.773730205026286,2.28580358538276,1.71070811207935,2.89696052258444
"899","diplectrum","diplectrum",2023,128.561,241.054490399391,172.793402592264,322.064821135779,0.510985104286253,0.366285874605751,0.682710062535368,2.2751083354616,1.7028406842885,3.17387742923384
"900","diplectrum","diplectrum",2024,160.1618,200.122195485644,105.382237922825,277.939679282392,0.424217199857166,0.223388304219906,0.589173990362471,4.02395837258095,2.89733148625228,7.64154756946302
