"year","OHI_region_est","estimated_genus_name","annual_Catch_kg","n_landings_records","mean_Catch_2018.22_kg","n.years_Catch_2018.22","status_adjusted","control_adjusted","carta_provenance","Year_of_Recommendation","n_species","n_species_original","carta_recommendation_source","catch_vs_reference_expectation","Stock_Status"
2019,"region_1","carcharhinus",100,1,1612.6875,4,"maximally harvested","no increase","genus aggregation; mode across 9 original and 0 gapfilled species-level recommendations in this region (ties: most conservative status_adjusted and control_adjusted)",2023,9,9,"genus aggregation; mode across 9 original and 0 gapfilled species-level recommendations in this region (ties: most conservative status_adjusted and control_adjusted)","penalized if catch exceeds 2018-2022 mean; not penalized below mean",1
2020,"region_1","carcharhinus",2453.25,4,1612.6875,4,"maximally harvested","no increase","genus aggregation; mode across 9 original and 0 gapfilled species-level recommendations in this region (ties: most conservative status_adjusted and control_adjusted)",2023,9,9,"genus aggregation; mode across 9 original and 0 gapfilled species-level recommendations in this region (ties: most conservative status_adjusted and control_adjusted)","penalized if catch exceeds 2018-2022 mean; not penalized below mean",0.657367777438092
2021,"region_1","carcharhinus",1790,3,1612.6875,4,"maximally harvested","no increase","genus aggregation; mode across 9 original and 0 gapfilled species-level recommendations in this region (ties: most conservative status_adjusted and control_adjusted)",2023,9,9,"genus aggregation; mode across 9 original and 0 gapfilled species-level recommendations in this region (ties: most conservative status_adjusted and control_adjusted)","penalized if catch exceeds 2018-2022 mean; not penalized below mean",0.900942737430168
2022,"region_1","carcharhinus",2107.5,3,1612.6875,4,"maximally harvested","no increase","genus aggregation; mode across 9 original and 0 gapfilled species-level recommendations in this region (ties: most conservative status_adjusted and control_adjusted)",2023,9,9,"genus aggregation; mode across 9 original and 0 gapfilled species-level recommendations in this region (ties: most conservative status_adjusted and control_adjusted)","penalized if catch exceeds 2018-2022 mean; not penalized below mean",0.765213523131673
2023,"region_1","carcharhinus",35,2,1612.6875,4,"maximally harvested","no increase","genus aggregation; mode across 9 original and 0 gapfilled species-level recommendations in this region (ties: most conservative status_adjusted and control_adjusted)",2023,9,9,"genus aggregation; mode across 9 original and 0 gapfilled species-level recommendations in this region (ties: most conservative status_adjusted and control_adjusted)","penalized if catch exceeds 2018-2022 mean; not penalized below mean",1
2024,"region_1","carcharhinus",50,1,1612.6875,4,"maximally harvested","no increase","genus aggregation; mode across 9 original and 0 gapfilled species-level recommendations in this region (ties: most conservative status_adjusted and control_adjusted)",2023,9,9,"genus aggregation; mode across 9 original and 0 gapfilled species-level recommendations in this region (ties: most conservative status_adjusted and control_adjusted)","penalized if catch exceeds 2018-2022 mean; not penalized below mean",1
2018,"region_1","chione",147740,63,166104.6,5,"maximally harvested","no increase","genus aggregation; mode across 2 original and 0 gapfilled species-level recommendations in this region (ties: most conservative status_adjusted and control_adjusted)",2023,2,2,"genus aggregation; mode across 2 original and 0 gapfilled species-level recommendations in this region (ties: most conservative status_adjusted and control_adjusted)","penalized if catch exceeds 2018-2022 mean; not penalized below mean",1
2019,"region_1","chione",147278,88,166104.6,5,"maximally harvested","no increase","genus aggregation; mode across 2 original and 0 gapfilled species-level recommendations in this region (ties: most conservative status_adjusted and control_adjusted)",2023,2,2,"genus aggregation; mode across 2 original and 0 gapfilled species-level recommendations in this region (ties: most conservative status_adjusted and control_adjusted)","penalized if catch exceeds 2018-2022 mean; not penalized below mean",1
2020,"region_1","chione",142635,75,166104.6,5,"maximally harvested","no increase","genus aggregation; mode across 2 original and 0 gapfilled species-level recommendations in this region (ties: most conservative status_adjusted and control_adjusted)",2023,2,2,"genus aggregation; mode across 2 original and 0 gapfilled species-level recommendations in this region (ties: most conservative status_adjusted and control_adjusted)","penalized if catch exceeds 2018-2022 mean; not penalized below mean",1
2021,"region_1","chione",185189,148,166104.6,5,"maximally harvested","no increase","genus aggregation; mode across 2 original and 0 gapfilled species-level recommendations in this region (ties: most conservative status_adjusted and control_adjusted)",2023,2,2,"genus aggregation; mode across 2 original and 0 gapfilled species-level recommendations in this region (ties: most conservative status_adjusted and control_adjusted)","penalized if catch exceeds 2018-2022 mean; not penalized below mean",0.896946362904924
2022,"region_1","chione",207681,153,166104.6,5,"maximally harvested","no increase","genus aggregation; mode across 2 original and 0 gapfilled species-level recommendations in this region (ties: most conservative status_adjusted and control_adjusted)",2023,2,2,"genus aggregation; mode across 2 original and 0 gapfilled species-level recommendations in this region (ties: most conservative status_adjusted and control_adjusted)","penalized if catch exceeds 2018-2022 mean; not penalized below mean",0.799806433905846
2023,"region_1","chione",214703,191,166104.6,5,"maximally harvested","no increase","genus aggregation; mode across 2 original and 0 gapfilled species-level recommendations in this region (ties: most conservative status_adjusted and control_adjusted)",2023,2,2,"genus aggregation; mode across 2 original and 0 gapfilled species-level recommendations in this region (ties: most conservative status_adjusted and control_adjusted)","penalized if catch exceeds 2018-2022 mean; not penalized below mean",0.773648248976493
2018,"region_1","cynoscion",24626.01,99,41298.162,5,"maximally harvested","no increase","genus aggregation; mode across 1 original and 0 gapfilled species-level recommendations in this region (ties: most conservative status_adjusted and control_adjusted)",2023,1,1,"genus aggregation; mode across 1 original and 0 gapfilled species-level recommendations in this region (ties: most conservative status_adjusted and control_adjusted)","penalized if catch exceeds 2018-2022 mean; not penalized below mean",1
2019,"region_1","cynoscion",28335.5,58,41298.162,5,"maximally harvested","no increase","genus aggregation; mode across 1 original and 0 gapfilled species-level recommendations in this region (ties: most conservative status_adjusted and control_adjusted)",2023,1,1,"genus aggregation; mode across 1 original and 0 gapfilled species-level recommendations in this region (ties: most conservative status_adjusted and control_adjusted)","penalized if catch exceeds 2018-2022 mean; not penalized below mean",1
2020,"region_1","cynoscion",24638,35,41298.162,5,"maximally harvested","no increase","genus aggregation; mode across 1 original and 0 gapfilled species-level recommendations in this region (ties: most conservative status_adjusted and control_adjusted)",2023,1,1,"genus aggregation; mode across 1 original and 0 gapfilled species-level recommendations in this region (ties: most conservative status_adjusted and control_adjusted)","penalized if catch exceeds 2018-2022 mean; not penalized below mean",1
2021,"region_1","cynoscion",64304.6,62,41298.162,5,"maximally harvested","no increase","genus aggregation; mode across 1 original and 0 gapfilled species-level recommendations in this region (ties: most conservative status_adjusted and control_adjusted)",2023,1,1,"genus aggregation; mode across 1 original and 0 gapfilled species-level recommendations in this region (ties: most conservative status_adjusted and control_adjusted)","penalized if catch exceeds 2018-2022 mean; not penalized below mean",0.642227181259195
2022,"region_1","cynoscion",64586.7,76,41298.162,5,"maximally harvested","no increase","genus aggregation; mode across 1 original and 0 gapfilled species-level recommendations in this region (ties: most conservative status_adjusted and control_adjusted)",2023,1,1,"genus aggregation; mode across 1 original and 0 gapfilled species-level recommendations in this region (ties: most conservative status_adjusted and control_adjusted)","penalized if catch exceeds 2018-2022 mean; not penalized below mean",0.639422079158712
2023,"region_1","cynoscion",180478,100,41298.162,5,"maximally harvested","no increase","genus aggregation; mode across 1 original and 0 gapfilled species-level recommendations in this region (ties: most conservative status_adjusted and control_adjusted)",2023,1,1,"genus aggregation; mode across 1 original and 0 gapfilled species-level recommendations in this region (ties: most conservative status_adjusted and control_adjusted)","penalized if catch exceeds 2018-2022 mean; not penalized below mean",0.228826571659704
2024,"region_1","cynoscion",50375.5,58,41298.162,5,"maximally harvested","no increase","genus aggregation; mode across 1 original and 0 gapfilled species-level recommendations in this region (ties: most conservative status_adjusted and control_adjusted)",2023,1,1,"genus aggregation; mode across 1 original and 0 gapfilled species-level recommendations in this region (ties: most conservative status_adjusted and control_adjusted)","penalized if catch exceeds 2018-2022 mean; not penalized below mean",0.819806493235799
2018,"region_1","lutjanus",3901.568,29,3504.8736,5,"maximally harvested","no increase","genus aggregation; mode across 8 original and 0 gapfilled species-level recommendations in this region (ties: most conservative status_adjusted and control_adjusted)",2023,8,8,"genus aggregation; mode across 8 original and 0 gapfilled species-level recommendations in this region (ties: most conservative status_adjusted and control_adjusted)","penalized if catch exceeds 2018-2022 mean; not penalized below mean",0.898324365998491
2019,"region_1","lutjanus",536,8,3504.8736,5,"maximally harvested","no increase","genus aggregation; mode across 8 original and 0 gapfilled species-level recommendations in this region (ties: most conservative status_adjusted and control_adjusted)",2023,8,8,"genus aggregation; mode across 8 original and 0 gapfilled species-level recommendations in this region (ties: most conservative status_adjusted and control_adjusted)","penalized if catch exceeds 2018-2022 mean; not penalized below mean",1
2020,"region_1","lutjanus",12228.5,5,3504.8736,5,"maximally harvested","no increase","genus aggregation; mode across 8 original and 0 gapfilled species-level recommendations in this region (ties: most conservative status_adjusted and control_adjusted)",2023,8,8,"genus aggregation; mode across 8 original and 0 gapfilled species-level recommendations in this region (ties: most conservative status_adjusted and control_adjusted)","penalized if catch exceeds 2018-2022 mean; not penalized below mean",0.28661516948113
2021,"region_1","lutjanus",183.8,3,3504.8736,5,"maximally harvested","no increase","genus aggregation; mode across 8 original and 0 gapfilled species-level recommendations in this region (ties: most conservative status_adjusted and control_adjusted)",2023,8,8,"genus aggregation; mode across 8 original and 0 gapfilled species-level recommendations in this region (ties: most conservative status_adjusted and control_adjusted)","penalized if catch exceeds 2018-2022 mean; not penalized below mean",1
2022,"region_1","lutjanus",674.5,6,3504.8736,5,"maximally harvested","no increase","genus aggregation; mode across 8 original and 0 gapfilled species-level recommendations in this region (ties: most conservative status_adjusted and control_adjusted)",2023,8,8,"genus aggregation; mode across 8 original and 0 gapfilled species-level recommendations in this region (ties: most conservative status_adjusted and control_adjusted)","penalized if catch exceeds 2018-2022 mean; not penalized below mean",1
2023,"region_1","lutjanus",2835,26,3504.8736,5,"maximally harvested","no increase","genus aggregation; mode across 8 original and 0 gapfilled species-level recommendations in this region (ties: most conservative status_adjusted and control_adjusted)",2023,8,8,"genus aggregation; mode across 8 original and 0 gapfilled species-level recommendations in this region (ties: most conservative status_adjusted and control_adjusted)","penalized if catch exceeds 2018-2022 mean; not penalized below mean",1
2024,"region_1","lutjanus",1023.5,21,3504.8736,5,"maximally harvested","no increase","genus aggregation; mode across 8 original and 0 gapfilled species-level recommendations in this region (ties: most conservative status_adjusted and control_adjusted)",2023,8,8,"genus aggregation; mode across 8 original and 0 gapfilled species-level recommendations in this region (ties: most conservative status_adjusted and control_adjusted)","penalized if catch exceeds 2018-2022 mean; not penalized below mean",1
2018,"region_1","merluccius",363059.1,35,1274813.56,5,"maximally harvested","no increase","genus aggregation; mode across 1 original and 0 gapfilled species-level recommendations in this region (ties: most conservative status_adjusted and control_adjusted)",2022,1,1,"genus aggregation; mode across 1 original and 0 gapfilled species-level recommendations in this region (ties: most conservative status_adjusted and control_adjusted)","penalized if catch exceeds 2018-2022 mean; not penalized below mean",1
2019,"region_1","merluccius",185483.1,21,1274813.56,5,"maximally harvested","no increase","genus aggregation; mode across 1 original and 0 gapfilled species-level recommendations in this region (ties: most conservative status_adjusted and control_adjusted)",2022,1,1,"genus aggregation; mode across 1 original and 0 gapfilled species-level recommendations in this region (ties: most conservative status_adjusted and control_adjusted)","penalized if catch exceeds 2018-2022 mean; not penalized below mean",1
2020,"region_1","merluccius",691727.2,36,1274813.56,5,"maximally harvested","no increase","genus aggregation; mode across 1 original and 0 gapfilled species-level recommendations in this region (ties: most conservative status_adjusted and control_adjusted)",2022,1,1,"genus aggregation; mode across 1 original and 0 gapfilled species-level recommendations in this region (ties: most conservative status_adjusted and control_adjusted)","penalized if catch exceeds 2018-2022 mean; not penalized below mean",1
2021,"region_1","merluccius",1709119.4,71,1274813.56,5,"maximally harvested","no increase","genus aggregation; mode across 1 original and 0 gapfilled species-level recommendations in this region (ties: most conservative status_adjusted and control_adjusted)",2022,1,1,"genus aggregation; mode across 1 original and 0 gapfilled species-level recommendations in this region (ties: most conservative status_adjusted and control_adjusted)","penalized if catch exceeds 2018-2022 mean; not penalized below mean",0.745889116933551
2022,"region_1","merluccius",3424679,146,1274813.56,5,"maximally harvested","no increase","genus aggregation; mode across 1 original and 0 gapfilled species-level recommendations in this region (ties: most conservative status_adjusted and control_adjusted)",2022,1,1,"genus aggregation; mode across 1 original and 0 gapfilled species-level recommendations in this region (ties: most conservative status_adjusted and control_adjusted)","penalized if catch exceeds 2018-2022 mean; not penalized below mean",0.372243226299458
2023,"region_1","merluccius",4571684,179,1274813.56,5,"maximally harvested","no increase","genus aggregation; mode across 1 original and 0 gapfilled species-level recommendations in this region (ties: most conservative status_adjusted and control_adjusted)",2022,1,1,"genus aggregation; mode across 1 original and 0 gapfilled species-level recommendations in this region (ties: most conservative status_adjusted and control_adjusted)","penalized if catch exceeds 2018-2022 mean; not penalized below mean",0.278849885512647
2024,"region_1","merluccius",6000282.2,185,1274813.56,5,"maximally harvested","no increase","genus aggregation; mode across 1 original and 0 gapfilled species-level recommendations in this region (ties: most conservative status_adjusted and control_adjusted)",2022,1,1,"genus aggregation; mode across 1 original and 0 gapfilled species-level recommendations in this region (ties: most conservative status_adjusted and control_adjusted)","penalized if catch exceeds 2018-2022 mean; not penalized below mean",0.212458934014804
2018,"region_1","panopea",607862.81,387,976694.762,5,"maximally harvested","no increase","genus aggregation; mode across 2 original and 0 gapfilled species-level recommendations in this region (ties: most conservative status_adjusted and control_adjusted)",2023,2,2,"genus aggregation; mode across 2 original and 0 gapfilled species-level recommendations in this region (ties: most conservative status_adjusted and control_adjusted)","penalized if catch exceeds 2018-2022 mean; not penalized below mean",1
2019,"region_1","panopea",771393,533,976694.762,5,"maximally harvested","no increase","genus aggregation; mode across 2 original and 0 gapfilled species-level recommendations in this region (ties: most conservative status_adjusted and control_adjusted)",2023,2,2,"genus aggregation; mode across 2 original and 0 gapfilled species-level recommendations in this region (ties: most conservative status_adjusted and control_adjusted)","penalized if catch exceeds 2018-2022 mean; not penalized below mean",1
2020,"region_1","panopea",960523,682,976694.762,5,"maximally harvested","no increase","genus aggregation; mode across 2 original and 0 gapfilled species-level recommendations in this region (ties: most conservative status_adjusted and control_adjusted)",2023,2,2,"genus aggregation; mode across 2 original and 0 gapfilled species-level recommendations in this region (ties: most conservative status_adjusted and control_adjusted)","penalized if catch exceeds 2018-2022 mean; not penalized below mean",1
2021,"region_1","panopea",1238398,708,976694.762,5,"maximally harvested","no increase","genus aggregation; mode across 2 original and 0 gapfilled species-level recommendations in this region (ties: most conservative status_adjusted and control_adjusted)",2023,2,2,"genus aggregation; mode across 2 original and 0 gapfilled species-level recommendations in this region (ties: most conservative status_adjusted and control_adjusted)","penalized if catch exceeds 2018-2022 mean; not penalized below mean",0.788675984618838
2022,"region_1","panopea",1305297,733,976694.762,5,"maximally harvested","no increase","genus aggregation; mode across 2 original and 0 gapfilled species-level recommendations in this region (ties: most conservative status_adjusted and control_adjusted)",2023,2,2,"genus aggregation; mode across 2 original and 0 gapfilled species-level recommendations in this region (ties: most conservative status_adjusted and control_adjusted)","penalized if catch exceeds 2018-2022 mean; not penalized below mean",0.748254812506272
2023,"region_1","panopea",1422499,726,976694.762,5,"maximally harvested","no increase","genus aggregation; mode across 2 original and 0 gapfilled species-level recommendations in this region (ties: most conservative status_adjusted and control_adjusted)",2023,2,2,"genus aggregation; mode across 2 original and 0 gapfilled species-level recommendations in this region (ties: most conservative status_adjusted and control_adjusted)","penalized if catch exceeds 2018-2022 mean; not penalized below mean",0.68660488478375
2024,"region_1","panopea",937541,532,976694.762,5,"maximally harvested","no increase","genus aggregation; mode across 2 original and 0 gapfilled species-level recommendations in this region (ties: most conservative status_adjusted and control_adjusted)",2023,2,2,"genus aggregation; mode across 2 original and 0 gapfilled species-level recommendations in this region (ties: most conservative status_adjusted and control_adjusted)","penalized if catch exceeds 2018-2022 mean; not penalized below mean",1
2018,"region_1","panulirus",23056,27,34025,5,"maximally harvested","no increase","genus aggregation; mode across 2 original and 2 gapfilled species-level recommendations in this region (ties: most conservative status_adjusted and control_adjusted)",2023,4,2,"genus aggregation; mode across 2 original and 2 gapfilled species-level recommendations in this region (ties: most conservative status_adjusted and control_adjusted)","penalized if catch exceeds 2018-2022 mean; not penalized below mean",1
2019,"region_1","panulirus",42925,50,34025,5,"maximally harvested","no increase","genus aggregation; mode across 2 original and 2 gapfilled species-level recommendations in this region (ties: most conservative status_adjusted and control_adjusted)",2023,4,2,"genus aggregation; mode across 2 original and 2 gapfilled species-level recommendations in this region (ties: most conservative status_adjusted and control_adjusted)","penalized if catch exceeds 2018-2022 mean; not penalized below mean",0.792661619103087
2020,"region_1","panulirus",39741,42,34025,5,"maximally harvested","no increase","genus aggregation; mode across 2 original and 2 gapfilled species-level recommendations in this region (ties: most conservative status_adjusted and control_adjusted)",2023,4,2,"genus aggregation; mode across 2 original and 2 gapfilled species-level recommendations in this region (ties: most conservative status_adjusted and control_adjusted)","penalized if catch exceeds 2018-2022 mean; not penalized below mean",0.856168692282529
2021,"region_1","panulirus",32255,31,34025,5,"maximally harvested","no increase","genus aggregation; mode across 2 original and 2 gapfilled species-level recommendations in this region (ties: most conservative status_adjusted and control_adjusted)",2023,4,2,"genus aggregation; mode across 2 original and 2 gapfilled species-level recommendations in this region (ties: most conservative status_adjusted and control_adjusted)","penalized if catch exceeds 2018-2022 mean; not penalized below mean",1
2022,"region_1","panulirus",32148,42,34025,5,"maximally harvested","no increase","genus aggregation; mode across 2 original and 2 gapfilled species-level recommendations in this region (ties: most conservative status_adjusted and control_adjusted)",2023,4,2,"genus aggregation; mode across 2 original and 2 gapfilled species-level recommendations in this region (ties: most conservative status_adjusted and control_adjusted)","penalized if catch exceeds 2018-2022 mean; not penalized below mean",1
2023,"region_1","panulirus",46792,49,34025,5,"maximally harvested","no increase","genus aggregation; mode across 2 original and 2 gapfilled species-level recommendations in this region (ties: most conservative status_adjusted and control_adjusted)",2023,4,2,"genus aggregation; mode across 2 original and 2 gapfilled species-level recommendations in this region (ties: most conservative status_adjusted and control_adjusted)","penalized if catch exceeds 2018-2022 mean; not penalized below mean",0.727154214395623
2024,"region_1","panulirus",43120,34,34025,5,"maximally harvested","no increase","genus aggregation; mode across 2 original and 2 gapfilled species-level recommendations in this region (ties: most conservative status_adjusted and control_adjusted)",2023,4,2,"genus aggregation; mode across 2 original and 2 gapfilled species-level recommendations in this region (ties: most conservative status_adjusted and control_adjusted)","penalized if catch exceeds 2018-2022 mean; not penalized below mean",0.789076994434137
2018,"region_1","paralabrax",2514.1,14,16450.46,5,"maximally harvested","no increase","genus aggregation; mode across 1 original and 0 gapfilled species-level recommendations in this region (ties: most conservative status_adjusted and control_adjusted)",2023,1,1,"genus aggregation; mode across 1 original and 0 gapfilled species-level recommendations in this region (ties: most conservative status_adjusted and control_adjusted)","penalized if catch exceeds 2018-2022 mean; not penalized below mean",1
2019,"region_1","paralabrax",32885.9,26,16450.46,5,"maximally harvested","no increase","genus aggregation; mode across 1 original and 0 gapfilled species-level recommendations in this region (ties: most conservative status_adjusted and control_adjusted)",2023,1,1,"genus aggregation; mode across 1 original and 0 gapfilled species-level recommendations in this region (ties: most conservative status_adjusted and control_adjusted)","penalized if catch exceeds 2018-2022 mean; not penalized below mean",0.500228365348067
2020,"region_1","paralabrax",7847.9,18,16450.46,5,"maximally harvested","no increase","genus aggregation; mode across 1 original and 0 gapfilled species-level recommendations in this region (ties: most conservative status_adjusted and control_adjusted)",2023,1,1,"genus aggregation; mode across 1 original and 0 gapfilled species-level recommendations in this region (ties: most conservative status_adjusted and control_adjusted)","penalized if catch exceeds 2018-2022 mean; not penalized below mean",1
2021,"region_1","paralabrax",6908.5,14,16450.46,5,"maximally harvested","no increase","genus aggregation; mode across 1 original and 0 gapfilled species-level recommendations in this region (ties: most conservative status_adjusted and control_adjusted)",2023,1,1,"genus aggregation; mode across 1 original and 0 gapfilled species-level recommendations in this region (ties: most conservative status_adjusted and control_adjusted)","penalized if catch exceeds 2018-2022 mean; not penalized below mean",1
2022,"region_1","paralabrax",32095.9,33,16450.46,5,"maximally harvested","no increase","genus aggregation; mode across 1 original and 0 gapfilled species-level recommendations in this region (ties: most conservative status_adjusted and control_adjusted)",2023,1,1,"genus aggregation; mode across 1 original and 0 gapfilled species-level recommendations in this region (ties: most conservative status_adjusted and control_adjusted)","penalized if catch exceeds 2018-2022 mean; not penalized below mean",0.512540854127786
2023,"region_1","paralabrax",16678,25,16450.46,5,"maximally harvested","no increase","genus aggregation; mode across 1 original and 0 gapfilled species-level recommendations in this region (ties: most conservative status_adjusted and control_adjusted)",2023,1,1,"genus aggregation; mode across 1 original and 0 gapfilled species-level recommendations in this region (ties: most conservative status_adjusted and control_adjusted)","penalized if catch exceeds 2018-2022 mean; not penalized below mean",1
2024,"region_1","paralabrax",8616.5,15,16450.46,5,"maximally harvested","no increase","genus aggregation; mode across 1 original and 0 gapfilled species-level recommendations in this region (ties: most conservative status_adjusted and control_adjusted)",2023,1,1,"genus aggregation; mode across 1 original and 0 gapfilled species-level recommendations in this region (ties: most conservative status_adjusted and control_adjusted)","penalized if catch exceeds 2018-2022 mean; not penalized below mean",1
2018,"region_1","rhizoprionodon",1298.75,6,2875.15,5,"maximally harvested","no increase","genus aggregation; mode across 1 original and 0 gapfilled species-level recommendations in this region (ties: most conservative status_adjusted and control_adjusted)",2023,1,1,"genus aggregation; mode across 1 original and 0 gapfilled species-level recommendations in this region (ties: most conservative status_adjusted and control_adjusted)","penalized if catch exceeds 2018-2022 mean; not penalized below mean",1
2019,"region_1","rhizoprionodon",1848,6,2875.15,5,"maximally harvested","no increase","genus aggregation; mode across 1 original and 0 gapfilled species-level recommendations in this region (ties: most conservative status_adjusted and control_adjusted)",2023,1,1,"genus aggregation; mode across 1 original and 0 gapfilled species-level recommendations in this region (ties: most conservative status_adjusted and control_adjusted)","penalized if catch exceeds 2018-2022 mean; not penalized below mean",1
2020,"region_1","rhizoprionodon",1985.5,8,2875.15,5,"maximally harvested","no increase","genus aggregation; mode across 1 original and 0 gapfilled species-level recommendations in this region (ties: most conservative status_adjusted and control_adjusted)",2023,1,1,"genus aggregation; mode across 1 original and 0 gapfilled species-level recommendations in this region (ties: most conservative status_adjusted and control_adjusted)","penalized if catch exceeds 2018-2022 mean; not penalized below mean",1
2021,"region_1","rhizoprionodon",332,2,2875.15,5,"maximally harvested","no increase","genus aggregation; mode across 1 original and 0 gapfilled species-level recommendations in this region (ties: most conservative status_adjusted and control_adjusted)",2023,1,1,"genus aggregation; mode across 1 original and 0 gapfilled species-level recommendations in this region (ties: most conservative status_adjusted and control_adjusted)","penalized if catch exceeds 2018-2022 mean; not penalized below mean",1
2022,"region_1","rhizoprionodon",8911.5,14,2875.15,5,"maximally harvested","no increase","genus aggregation; mode across 1 original and 0 gapfilled species-level recommendations in this region (ties: most conservative status_adjusted and control_adjusted)",2023,1,1,"genus aggregation; mode across 1 original and 0 gapfilled species-level recommendations in this region (ties: most conservative status_adjusted and control_adjusted)","penalized if catch exceeds 2018-2022 mean; not penalized below mean",0.322633675587724
2018,"region_1","scomberomorus",11000,2,405880.2,5,"maximally harvested","no increase","genus aggregation; mode across 2 original and 0 gapfilled species-level recommendations in this region (ties: most conservative status_adjusted and control_adjusted)",2023,2,2,"genus aggregation; mode across 2 original and 0 gapfilled species-level recommendations in this region (ties: most conservative status_adjusted and control_adjusted)","penalized if catch exceeds 2018-2022 mean; not penalized below mean",1
2019,"region_1","scomberomorus",104305,16,405880.2,5,"maximally harvested","no increase","genus aggregation; mode across 2 original and 0 gapfilled species-level recommendations in this region (ties: most conservative status_adjusted and control_adjusted)",2023,2,2,"genus aggregation; mode across 2 original and 0 gapfilled species-level recommendations in this region (ties: most conservative status_adjusted and control_adjusted)","penalized if catch exceeds 2018-2022 mean; not penalized below mean",1
2020,"region_1","scomberomorus",59181,76,405880.2,5,"maximally harvested","no increase","genus aggregation; mode across 2 original and 0 gapfilled species-level recommendations in this region (ties: most conservative status_adjusted and control_adjusted)",2023,2,2,"genus aggregation; mode across 2 original and 0 gapfilled species-level recommendations in this region (ties: most conservative status_adjusted and control_adjusted)","penalized if catch exceeds 2018-2022 mean; not penalized below mean",1
2021,"region_1","scomberomorus",818398,112,405880.2,5,"maximally harvested","no increase","genus aggregation; mode across 2 original and 0 gapfilled species-level recommendations in this region (ties: most conservative status_adjusted and control_adjusted)",2023,2,2,"genus aggregation; mode across 2 original and 0 gapfilled species-level recommendations in this region (ties: most conservative status_adjusted and control_adjusted)","penalized if catch exceeds 2018-2022 mean; not penalized below mean",0.495944760373315
2022,"region_1","scomberomorus",1036517,96,405880.2,5,"maximally harvested","no increase","genus aggregation; mode across 2 original and 0 gapfilled species-level recommendations in this region (ties: most conservative status_adjusted and control_adjusted)",2023,2,2,"genus aggregation; mode across 2 original and 0 gapfilled species-level recommendations in this region (ties: most conservative status_adjusted and control_adjusted)","penalized if catch exceeds 2018-2022 mean; not penalized below mean",0.391580842378851
2023,"region_1","scomberomorus",723256,113,405880.2,5,"maximally harvested","no increase","genus aggregation; mode across 2 original and 0 gapfilled species-level recommendations in this region (ties: most conservative status_adjusted and control_adjusted)",2023,2,2,"genus aggregation; mode across 2 original and 0 gapfilled species-level recommendations in this region (ties: most conservative status_adjusted and control_adjusted)","penalized if catch exceeds 2018-2022 mean; not penalized below mean",0.561184698087537
2024,"region_1","scomberomorus",1441634,137,405880.2,5,"maximally harvested","no increase","genus aggregation; mode across 2 original and 0 gapfilled species-level recommendations in this region (ties: most conservative status_adjusted and control_adjusted)",2023,2,2,"genus aggregation; mode across 2 original and 0 gapfilled species-level recommendations in this region (ties: most conservative status_adjusted and control_adjusted)","penalized if catch exceeds 2018-2022 mean; not penalized below mean",0.281541778287693
2018,"region_2","carcharhinus",164543.9,10,74710.475,4,"maximally harvested","no increase","genus aggregation; mode across 9 original and 0 gapfilled species-level recommendations in this region (ties: most conservative status_adjusted and control_adjusted)",2023,9,9,"genus aggregation; mode across 9 original and 0 gapfilled species-level recommendations in this region (ties: most conservative status_adjusted and control_adjusted)","penalized if catch exceeds 2018-2022 mean; not penalized below mean",0.454045850377923
2020,"region_2","carcharhinus",79547.2,8,74710.475,4,"maximally harvested","no increase","genus aggregation; mode across 9 original and 0 gapfilled species-level recommendations in this region (ties: most conservative status_adjusted and control_adjusted)",2023,9,9,"genus aggregation; mode across 9 original and 0 gapfilled species-level recommendations in this region (ties: most conservative status_adjusted and control_adjusted)","penalized if catch exceeds 2018-2022 mean; not penalized below mean",0.939196791338979
2021,"region_2","carcharhinus",13147.2,3,74710.475,4,"maximally harvested","no increase","genus aggregation; mode across 9 original and 0 gapfilled species-level recommendations in this region (ties: most conservative status_adjusted and control_adjusted)",2023,9,9,"genus aggregation; mode across 9 original and 0 gapfilled species-level recommendations in this region (ties: most conservative status_adjusted and control_adjusted)","penalized if catch exceeds 2018-2022 mean; not penalized below mean",1
2022,"region_2","carcharhinus",41603.6,12,74710.475,4,"maximally harvested","no increase","genus aggregation; mode across 9 original and 0 gapfilled species-level recommendations in this region (ties: most conservative status_adjusted and control_adjusted)",2023,9,9,"genus aggregation; mode across 9 original and 0 gapfilled species-level recommendations in this region (ties: most conservative status_adjusted and control_adjusted)","penalized if catch exceeds 2018-2022 mean; not penalized below mean",1
2023,"region_2","carcharhinus",30693,7,74710.475,4,"maximally harvested","no increase","genus aggregation; mode across 9 original and 0 gapfilled species-level recommendations in this region (ties: most conservative status_adjusted and control_adjusted)",2023,9,9,"genus aggregation; mode across 9 original and 0 gapfilled species-level recommendations in this region (ties: most conservative status_adjusted and control_adjusted)","penalized if catch exceeds 2018-2022 mean; not penalized below mean",1
2024,"region_2","carcharhinus",31.4,2,74710.475,4,"maximally harvested","no increase","genus aggregation; mode across 9 original and 0 gapfilled species-level recommendations in this region (ties: most conservative status_adjusted and control_adjusted)",2023,9,9,"genus aggregation; mode across 9 original and 0 gapfilled species-level recommendations in this region (ties: most conservative status_adjusted and control_adjusted)","penalized if catch exceeds 2018-2022 mean; not penalized below mean",1
2018,"region_2","cynoscion",276480.65,237,270662.79,5,"maximally harvested","no increase","genus aggregation; mode across 1 original and 0 gapfilled species-level recommendations in this region (ties: most conservative status_adjusted and control_adjusted)",2023,1,1,"genus aggregation; mode across 1 original and 0 gapfilled species-level recommendations in this region (ties: most conservative status_adjusted and control_adjusted)","penalized if catch exceeds 2018-2022 mean; not penalized below mean",1
2019,"region_2","cynoscion",272714.5,344,270662.79,5,"maximally harvested","no increase","genus aggregation; mode across 1 original and 0 gapfilled species-level recommendations in this region (ties: most conservative status_adjusted and control_adjusted)",2023,1,1,"genus aggregation; mode across 1 original and 0 gapfilled species-level recommendations in this region (ties: most conservative status_adjusted and control_adjusted)","penalized if catch exceeds 2018-2022 mean; not penalized below mean",1
2020,"region_2","cynoscion",273585.35,332,270662.79,5,"maximally harvested","no increase","genus aggregation; mode across 1 original and 0 gapfilled species-level recommendations in this region (ties: most conservative status_adjusted and control_adjusted)",2023,1,1,"genus aggregation; mode across 1 original and 0 gapfilled species-level recommendations in this region (ties: most conservative status_adjusted and control_adjusted)","penalized if catch exceeds 2018-2022 mean; not penalized below mean",1
2021,"region_2","cynoscion",347719.15,341,270662.79,5,"maximally harvested","no increase","genus aggregation; mode across 1 original and 0 gapfilled species-level recommendations in this region (ties: most conservative status_adjusted and control_adjusted)",2023,1,1,"genus aggregation; mode across 1 original and 0 gapfilled species-level recommendations in this region (ties: most conservative status_adjusted and control_adjusted)","penalized if catch exceeds 2018-2022 mean; not penalized below mean",0.778394833876708
2022,"region_2","cynoscion",182814.3,450,270662.79,5,"maximally harvested","no increase","genus aggregation; mode across 1 original and 0 gapfilled species-level recommendations in this region (ties: most conservative status_adjusted and control_adjusted)",2023,1,1,"genus aggregation; mode across 1 original and 0 gapfilled species-level recommendations in this region (ties: most conservative status_adjusted and control_adjusted)","penalized if catch exceeds 2018-2022 mean; not penalized below mean",1
2023,"region_2","cynoscion",444548,573,270662.79,5,"maximally harvested","no increase","genus aggregation; mode across 1 original and 0 gapfilled species-level recommendations in this region (ties: most conservative status_adjusted and control_adjusted)",2023,1,1,"genus aggregation; mode across 1 original and 0 gapfilled species-level recommendations in this region (ties: most conservative status_adjusted and control_adjusted)","penalized if catch exceeds 2018-2022 mean; not penalized below mean",0.608849415586168
2024,"region_2","cynoscion",463793.7,664,270662.79,5,"maximally harvested","no increase","genus aggregation; mode across 1 original and 0 gapfilled species-level recommendations in this region (ties: most conservative status_adjusted and control_adjusted)",2023,1,1,"genus aggregation; mode across 1 original and 0 gapfilled species-level recommendations in this region (ties: most conservative status_adjusted and control_adjusted)","penalized if catch exceeds 2018-2022 mean; not penalized below mean",0.583584447136733
2018,"region_2","dosidicus",9577.1,6,9084.275,4,"maximally harvested","no increase","genus aggregation; mode across 1 original and 0 gapfilled species-level recommendations in this region (ties: most conservative status_adjusted and control_adjusted)",2022,1,1,"genus aggregation; mode across 1 original and 0 gapfilled species-level recommendations in this region (ties: most conservative status_adjusted and control_adjusted)","penalized if catch exceeds 2018-2022 mean; not penalized below mean",0.94854131208821
2019,"region_2","dosidicus",25700,5,9084.275,4,"maximally harvested","no increase","genus aggregation; mode across 1 original and 0 gapfilled species-level recommendations in this region (ties: most conservative status_adjusted and control_adjusted)",2022,1,1,"genus aggregation; mode across 1 original and 0 gapfilled species-level recommendations in this region (ties: most conservative status_adjusted and control_adjusted)","penalized if catch exceeds 2018-2022 mean; not penalized below mean",0.35347373540856
2021,"region_2","dosidicus",138,2,9084.275,4,"maximally harvested","no increase","genus aggregation; mode across 1 original and 0 gapfilled species-level recommendations in this region (ties: most conservative status_adjusted and control_adjusted)",2022,1,1,"genus aggregation; mode across 1 original and 0 gapfilled species-level recommendations in this region (ties: most conservative status_adjusted and control_adjusted)","penalized if catch exceeds 2018-2022 mean; not penalized below mean",1
2022,"region_2","dosidicus",922,15,9084.275,4,"maximally harvested","no increase","genus aggregation; mode across 1 original and 0 gapfilled species-level recommendations in this region (ties: most conservative status_adjusted and control_adjusted)",2022,1,1,"genus aggregation; mode across 1 original and 0 gapfilled species-level recommendations in this region (ties: most conservative status_adjusted and control_adjusted)","penalized if catch exceeds 2018-2022 mean; not penalized below mean",1
2023,"region_2","dosidicus",1209,27,9084.275,4,"maximally harvested","no increase","genus aggregation; mode across 1 original and 0 gapfilled species-level recommendations in this region (ties: most conservative status_adjusted and control_adjusted)",2022,1,1,"genus aggregation; mode across 1 original and 0 gapfilled species-level recommendations in this region (ties: most conservative status_adjusted and control_adjusted)","penalized if catch exceeds 2018-2022 mean; not penalized below mean",1
2024,"region_2","dosidicus",485,6,9084.275,4,"maximally harvested","no increase","genus aggregation; mode across 1 original and 0 gapfilled species-level recommendations in this region (ties: most conservative status_adjusted and control_adjusted)",2022,1,1,"genus aggregation; mode across 1 original and 0 gapfilled species-level recommendations in this region (ties: most conservative status_adjusted and control_adjusted)","penalized if catch exceeds 2018-2022 mean; not penalized below mean",1
2018,"region_2","dosinia",28139,32,31932.6,5,"maximally harvested","no increase","genus aggregation; mode across 0 original and 1 gapfilled species-level recommendations in this region (ties: most conservative status_adjusted and control_adjusted)",2023,1,0,"genus aggregation; mode across 0 original and 1 gapfilled species-level recommendations in this region (ties: most conservative status_adjusted and control_adjusted)","penalized if catch exceeds 2018-2022 mean; not penalized below mean",1
2019,"region_2","dosinia",36131,27,31932.6,5,"maximally harvested","no increase","genus aggregation; mode across 0 original and 1 gapfilled species-level recommendations in this region (ties: most conservative status_adjusted and control_adjusted)",2023,1,0,"genus aggregation; mode across 0 original and 1 gapfilled species-level recommendations in this region (ties: most conservative status_adjusted and control_adjusted)","penalized if catch exceeds 2018-2022 mean; not penalized below mean",0.883800614430821
2020,"region_2","dosinia",32397,46,31932.6,5,"maximally harvested","no increase","genus aggregation; mode across 0 original and 1 gapfilled species-level recommendations in this region (ties: most conservative status_adjusted and control_adjusted)",2023,1,0,"genus aggregation; mode across 0 original and 1 gapfilled species-level recommendations in this region (ties: most conservative status_adjusted and control_adjusted)","penalized if catch exceeds 2018-2022 mean; not penalized below mean",1
2021,"region_2","dosinia",9731,19,31932.6,5,"maximally harvested","no increase","genus aggregation; mode across 0 original and 1 gapfilled species-level recommendations in this region (ties: most conservative status_adjusted and control_adjusted)",2023,1,0,"genus aggregation; mode across 0 original and 1 gapfilled species-level recommendations in this region (ties: most conservative status_adjusted and control_adjusted)","penalized if catch exceeds 2018-2022 mean; not penalized below mean",1
2022,"region_2","dosinia",53265,56,31932.6,5,"maximally harvested","no increase","genus aggregation; mode across 0 original and 1 gapfilled species-level recommendations in this region (ties: most conservative status_adjusted and control_adjusted)",2023,1,0,"genus aggregation; mode across 0 original and 1 gapfilled species-level recommendations in this region (ties: most conservative status_adjusted and control_adjusted)","penalized if catch exceeds 2018-2022 mean; not penalized below mean",0.599504364967615
2023,"region_2","dosinia",26313,35,31932.6,5,"maximally harvested","no increase","genus aggregation; mode across 0 original and 1 gapfilled species-level recommendations in this region (ties: most conservative status_adjusted and control_adjusted)",2023,1,0,"genus aggregation; mode across 0 original and 1 gapfilled species-level recommendations in this region (ties: most conservative status_adjusted and control_adjusted)","penalized if catch exceeds 2018-2022 mean; not penalized below mean",1
2024,"region_2","dosinia",49876,24,31932.6,5,"maximally harvested","no increase","genus aggregation; mode across 0 original and 1 gapfilled species-level recommendations in this region (ties: most conservative status_adjusted and control_adjusted)",2023,1,0,"genus aggregation; mode across 0 original and 1 gapfilled species-level recommendations in this region (ties: most conservative status_adjusted and control_adjusted)","penalized if catch exceeds 2018-2022 mean; not penalized below mean",0.640239794690833
2018,"region_2","galeorhinus",440,3,2162.3875,4,"maximally harvested","no increase","genus aggregation; mode across 1 original and 0 gapfilled species-level recommendations in this region (ties: most conservative status_adjusted and control_adjusted)",2023,1,1,"genus aggregation; mode across 1 original and 0 gapfilled species-level recommendations in this region (ties: most conservative status_adjusted and control_adjusted)","penalized if catch exceeds 2018-2022 mean; not penalized below mean",1
2020,"region_2","galeorhinus",2010,4,2162.3875,4,"maximally harvested","no increase","genus aggregation; mode across 1 original and 0 gapfilled species-level recommendations in this region (ties: most conservative status_adjusted and control_adjusted)",2023,1,1,"genus aggregation; mode across 1 original and 0 gapfilled species-level recommendations in this region (ties: most conservative status_adjusted and control_adjusted)","penalized if catch exceeds 2018-2022 mean; not penalized below mean",1
2021,"region_2","galeorhinus",1050,3,2162.3875,4,"maximally harvested","no increase","genus aggregation; mode across 1 original and 0 gapfilled species-level recommendations in this region (ties: most conservative status_adjusted and control_adjusted)",2023,1,1,"genus aggregation; mode across 1 original and 0 gapfilled species-level recommendations in this region (ties: most conservative status_adjusted and control_adjusted)","penalized if catch exceeds 2018-2022 mean; not penalized below mean",1
2022,"region_2","galeorhinus",5149.55,6,2162.3875,4,"maximally harvested","no increase","genus aggregation; mode across 1 original and 0 gapfilled species-level recommendations in this region (ties: most conservative status_adjusted and control_adjusted)",2023,1,1,"genus aggregation; mode across 1 original and 0 gapfilled species-level recommendations in this region (ties: most conservative status_adjusted and control_adjusted)","penalized if catch exceeds 2018-2022 mean; not penalized below mean",0.419917759804255
2023,"region_2","galeorhinus",250,1,2162.3875,4,"maximally harvested","no increase","genus aggregation; mode across 1 original and 0 gapfilled species-level recommendations in this region (ties: most conservative status_adjusted and control_adjusted)",2023,1,1,"genus aggregation; mode across 1 original and 0 gapfilled species-level recommendations in this region (ties: most conservative status_adjusted and control_adjusted)","penalized if catch exceeds 2018-2022 mean; not penalized below mean",1
2024,"region_2","galeorhinus",3749.9,9,2162.3875,4,"maximally harvested","no increase","genus aggregation; mode across 1 original and 0 gapfilled species-level recommendations in this region (ties: most conservative status_adjusted and control_adjusted)",2023,1,1,"genus aggregation; mode across 1 original and 0 gapfilled species-level recommendations in this region (ties: most conservative status_adjusted and control_adjusted)","penalized if catch exceeds 2018-2022 mean; not penalized below mean",0.576652044054508
2018,"region_2","gelidium",72900,2,233980,5,"maximally harvested","no increase","genus aggregation; mode across 1 original and 0 gapfilled species-level recommendations in this region (ties: most conservative status_adjusted and control_adjusted)",2012,1,1,"genus aggregation; mode across 1 original and 0 gapfilled species-level recommendations in this region (ties: most conservative status_adjusted and control_adjusted)","penalized if catch exceeds 2018-2022 mean; not penalized below mean",1
2019,"region_2","gelidium",825000,15,233980,5,"maximally harvested","no increase","genus aggregation; mode across 1 original and 0 gapfilled species-level recommendations in this region (ties: most conservative status_adjusted and control_adjusted)",2012,1,1,"genus aggregation; mode across 1 original and 0 gapfilled species-level recommendations in this region (ties: most conservative status_adjusted and control_adjusted)","penalized if catch exceeds 2018-2022 mean; not penalized below mean",0.283612121212121
2020,"region_2","gelidium",120600,4,233980,5,"maximally harvested","no increase","genus aggregation; mode across 1 original and 0 gapfilled species-level recommendations in this region (ties: most conservative status_adjusted and control_adjusted)",2012,1,1,"genus aggregation; mode across 1 original and 0 gapfilled species-level recommendations in this region (ties: most conservative status_adjusted and control_adjusted)","penalized if catch exceeds 2018-2022 mean; not penalized below mean",1
2021,"region_2","gelidium",150000,2,233980,5,"maximally harvested","no increase","genus aggregation; mode across 1 original and 0 gapfilled species-level recommendations in this region (ties: most conservative status_adjusted and control_adjusted)",2012,1,1,"genus aggregation; mode across 1 original and 0 gapfilled species-level recommendations in this region (ties: most conservative status_adjusted and control_adjusted)","penalized if catch exceeds 2018-2022 mean; not penalized below mean",1
2022,"region_2","gelidium",1400,1,233980,5,"maximally harvested","no increase","genus aggregation; mode across 1 original and 0 gapfilled species-level recommendations in this region (ties: most conservative status_adjusted and control_adjusted)",2012,1,1,"genus aggregation; mode across 1 original and 0 gapfilled species-level recommendations in this region (ties: most conservative status_adjusted and control_adjusted)","penalized if catch exceeds 2018-2022 mean; not penalized below mean",1
2018,"region_2","hoplopagrus",43,2,1030.68,5,"maximally harvested","no increase","genus aggregation; mode across 1 original and 0 gapfilled species-level recommendations in this region (ties: most conservative status_adjusted and control_adjusted)",2023,1,1,"genus aggregation; mode across 1 original and 0 gapfilled species-level recommendations in this region (ties: most conservative status_adjusted and control_adjusted)","penalized if catch exceeds 2018-2022 mean; not penalized below mean",1
2019,"region_2","hoplopagrus",415,1,1030.68,5,"maximally harvested","no increase","genus aggregation; mode across 1 original and 0 gapfilled species-level recommendations in this region (ties: most conservative status_adjusted and control_adjusted)",2023,1,1,"genus aggregation; mode across 1 original and 0 gapfilled species-level recommendations in this region (ties: most conservative status_adjusted and control_adjusted)","penalized if catch exceeds 2018-2022 mean; not penalized below mean",1
2020,"region_2","hoplopagrus",3044,9,1030.68,5,"maximally harvested","no increase","genus aggregation; mode across 1 original and 0 gapfilled species-level recommendations in this region (ties: most conservative status_adjusted and control_adjusted)",2023,1,1,"genus aggregation; mode across 1 original and 0 gapfilled species-level recommendations in this region (ties: most conservative status_adjusted and control_adjusted)","penalized if catch exceeds 2018-2022 mean; not penalized below mean",0.338593955321945
2021,"region_2","hoplopagrus",452.5,16,1030.68,5,"maximally harvested","no increase","genus aggregation; mode across 1 original and 0 gapfilled species-level recommendations in this region (ties: most conservative status_adjusted and control_adjusted)",2023,1,1,"genus aggregation; mode across 1 original and 0 gapfilled species-level recommendations in this region (ties: most conservative status_adjusted and control_adjusted)","penalized if catch exceeds 2018-2022 mean; not penalized below mean",1
2022,"region_2","hoplopagrus",1198.9,34,1030.68,5,"maximally harvested","no increase","genus aggregation; mode across 1 original and 0 gapfilled species-level recommendations in this region (ties: most conservative status_adjusted and control_adjusted)",2023,1,1,"genus aggregation; mode across 1 original and 0 gapfilled species-level recommendations in this region (ties: most conservative status_adjusted and control_adjusted)","penalized if catch exceeds 2018-2022 mean; not penalized below mean",0.859688047376762
2023,"region_2","hoplopagrus",2907,27,1030.68,5,"maximally harvested","no increase","genus aggregation; mode across 1 original and 0 gapfilled species-level recommendations in this region (ties: most conservative status_adjusted and control_adjusted)",2023,1,1,"genus aggregation; mode across 1 original and 0 gapfilled species-level recommendations in this region (ties: most conservative status_adjusted and control_adjusted)","penalized if catch exceeds 2018-2022 mean; not penalized below mean",0.354551083591331
2024,"region_2","hoplopagrus",13651.9,109,1030.68,5,"maximally harvested","no increase","genus aggregation; mode across 1 original and 0 gapfilled species-level recommendations in this region (ties: most conservative status_adjusted and control_adjusted)",2023,1,1,"genus aggregation; mode across 1 original and 0 gapfilled species-level recommendations in this region (ties: most conservative status_adjusted and control_adjusted)","penalized if catch exceeds 2018-2022 mean; not penalized below mean",0.0754971835422176
2018,"region_2","isurus",765,8,6726.68,5,"maximally harvested","no increase","genus aggregation; mode across 1 original and 0 gapfilled species-level recommendations in this region (ties: most conservative status_adjusted and control_adjusted)",2023,1,1,"genus aggregation; mode across 1 original and 0 gapfilled species-level recommendations in this region (ties: most conservative status_adjusted and control_adjusted)","penalized if catch exceeds 2018-2022 mean; not penalized below mean",1
2019,"region_2","isurus",12278,4,6726.68,5,"maximally harvested","no increase","genus aggregation; mode across 1 original and 0 gapfilled species-level recommendations in this region (ties: most conservative status_adjusted and control_adjusted)",2023,1,1,"genus aggregation; mode across 1 original and 0 gapfilled species-level recommendations in this region (ties: most conservative status_adjusted and control_adjusted)","penalized if catch exceeds 2018-2022 mean; not penalized below mean",0.547864473041212
2020,"region_2","isurus",4455,5,6726.68,5,"maximally harvested","no increase","genus aggregation; mode across 1 original and 0 gapfilled species-level recommendations in this region (ties: most conservative status_adjusted and control_adjusted)",2023,1,1,"genus aggregation; mode across 1 original and 0 gapfilled species-level recommendations in this region (ties: most conservative status_adjusted and control_adjusted)","penalized if catch exceeds 2018-2022 mean; not penalized below mean",1
2021,"region_2","isurus",8762.2,14,6726.68,5,"maximally harvested","no increase","genus aggregation; mode across 1 original and 0 gapfilled species-level recommendations in this region (ties: most conservative status_adjusted and control_adjusted)",2023,1,1,"genus aggregation; mode across 1 original and 0 gapfilled species-level recommendations in this region (ties: most conservative status_adjusted and control_adjusted)","penalized if catch exceeds 2018-2022 mean; not penalized below mean",0.767693045125653
2022,"region_2","isurus",7373.2,19,6726.68,5,"maximally harvested","no increase","genus aggregation; mode across 1 original and 0 gapfilled species-level recommendations in this region (ties: most conservative status_adjusted and control_adjusted)",2023,1,1,"genus aggregation; mode across 1 original and 0 gapfilled species-level recommendations in this region (ties: most conservative status_adjusted and control_adjusted)","penalized if catch exceeds 2018-2022 mean; not penalized below mean",0.912314870069983
2023,"region_2","isurus",3663,11,6726.68,5,"maximally harvested","no increase","genus aggregation; mode across 1 original and 0 gapfilled species-level recommendations in this region (ties: most conservative status_adjusted and control_adjusted)",2023,1,1,"genus aggregation; mode across 1 original and 0 gapfilled species-level recommendations in this region (ties: most conservative status_adjusted and control_adjusted)","penalized if catch exceeds 2018-2022 mean; not penalized below mean",1
2024,"region_2","isurus",6581.5,17,6726.68,5,"maximally harvested","no increase","genus aggregation; mode across 1 original and 0 gapfilled species-level recommendations in this region (ties: most conservative status_adjusted and control_adjusted)",2023,1,1,"genus aggregation; mode across 1 original and 0 gapfilled species-level recommendations in this region (ties: most conservative status_adjusted and control_adjusted)","penalized if catch exceeds 2018-2022 mean; not penalized below mean",1
2018,"region_2","lutjanus",18461.56,162,25689.312,5,"maximally harvested","no increase","genus aggregation; mode across 8 original and 0 gapfilled species-level recommendations in this region (ties: most conservative status_adjusted and control_adjusted)",2023,8,8,"genus aggregation; mode across 8 original and 0 gapfilled species-level recommendations in this region (ties: most conservative status_adjusted and control_adjusted)","penalized if catch exceeds 2018-2022 mean; not penalized below mean",1
2019,"region_2","lutjanus",18469.9,130,25689.312,5,"maximally harvested","no increase","genus aggregation; mode across 8 original and 0 gapfilled species-level recommendations in this region (ties: most conservative status_adjusted and control_adjusted)",2023,8,8,"genus aggregation; mode across 8 original and 0 gapfilled species-level recommendations in this region (ties: most conservative status_adjusted and control_adjusted)","penalized if catch exceeds 2018-2022 mean; not penalized below mean",1
2020,"region_2","lutjanus",31110.55,171,25689.312,5,"maximally harvested","no increase","genus aggregation; mode across 8 original and 0 gapfilled species-level recommendations in this region (ties: most conservative status_adjusted and control_adjusted)",2023,8,8,"genus aggregation; mode across 8 original and 0 gapfilled species-level recommendations in this region (ties: most conservative status_adjusted and control_adjusted)","penalized if catch exceeds 2018-2022 mean; not penalized below mean",0.825742778575114
2021,"region_2","lutjanus",31924.6,218,25689.312,5,"maximally harvested","no increase","genus aggregation; mode across 8 original and 0 gapfilled species-level recommendations in this region (ties: most conservative status_adjusted and control_adjusted)",2023,8,8,"genus aggregation; mode across 8 original and 0 gapfilled species-level recommendations in this region (ties: most conservative status_adjusted and control_adjusted)","penalized if catch exceeds 2018-2022 mean; not penalized below mean",0.804687043847065
2022,"region_2","lutjanus",28479.95,148,25689.312,5,"maximally harvested","no increase","genus aggregation; mode across 8 original and 0 gapfilled species-level recommendations in this region (ties: most conservative status_adjusted and control_adjusted)",2023,8,8,"genus aggregation; mode across 8 original and 0 gapfilled species-level recommendations in this region (ties: most conservative status_adjusted and control_adjusted)","penalized if catch exceeds 2018-2022 mean; not penalized below mean",0.902013943142456
2023,"region_2","lutjanus",37390,271,25689.312,5,"maximally harvested","no increase","genus aggregation; mode across 8 original and 0 gapfilled species-level recommendations in this region (ties: most conservative status_adjusted and control_adjusted)",2023,8,8,"genus aggregation; mode across 8 original and 0 gapfilled species-level recommendations in this region (ties: most conservative status_adjusted and control_adjusted)","penalized if catch exceeds 2018-2022 mean; not penalized below mean",0.687063706873496
2024,"region_2","lutjanus",31745.4,279,25689.312,5,"maximally harvested","no increase","genus aggregation; mode across 8 original and 0 gapfilled species-level recommendations in this region (ties: most conservative status_adjusted and control_adjusted)",2023,8,8,"genus aggregation; mode across 8 original and 0 gapfilled species-level recommendations in this region (ties: most conservative status_adjusted and control_adjusted)","penalized if catch exceeds 2018-2022 mean; not penalized below mean",0.80922943166569
2018,"region_2","megapitaria",1311,6,2097.25,4,"maximally harvested","no increase","genus aggregation; mode across 2 original and 0 gapfilled species-level recommendations in this region (ties: most conservative status_adjusted and control_adjusted)",2023,2,2,"genus aggregation; mode across 2 original and 0 gapfilled species-level recommendations in this region (ties: most conservative status_adjusted and control_adjusted)","penalized if catch exceeds 2018-2022 mean; not penalized below mean",1
2019,"region_2","megapitaria",4753,15,2097.25,4,"maximally harvested","no increase","genus aggregation; mode across 2 original and 0 gapfilled species-level recommendations in this region (ties: most conservative status_adjusted and control_adjusted)",2023,2,2,"genus aggregation; mode across 2 original and 0 gapfilled species-level recommendations in this region (ties: most conservative status_adjusted and control_adjusted)","penalized if catch exceeds 2018-2022 mean; not penalized below mean",0.441247633073848
2021,"region_2","megapitaria",900,1,2097.25,4,"maximally harvested","no increase","genus aggregation; mode across 2 original and 0 gapfilled species-level recommendations in this region (ties: most conservative status_adjusted and control_adjusted)",2023,2,2,"genus aggregation; mode across 2 original and 0 gapfilled species-level recommendations in this region (ties: most conservative status_adjusted and control_adjusted)","penalized if catch exceeds 2018-2022 mean; not penalized below mean",1
2022,"region_2","megapitaria",1425,7,2097.25,4,"maximally harvested","no increase","genus aggregation; mode across 2 original and 0 gapfilled species-level recommendations in this region (ties: most conservative status_adjusted and control_adjusted)",2023,2,2,"genus aggregation; mode across 2 original and 0 gapfilled species-level recommendations in this region (ties: most conservative status_adjusted and control_adjusted)","penalized if catch exceeds 2018-2022 mean; not penalized below mean",1
2023,"region_2","megapitaria",1015,7,2097.25,4,"maximally harvested","no increase","genus aggregation; mode across 2 original and 0 gapfilled species-level recommendations in this region (ties: most conservative status_adjusted and control_adjusted)",2023,2,2,"genus aggregation; mode across 2 original and 0 gapfilled species-level recommendations in this region (ties: most conservative status_adjusted and control_adjusted)","penalized if catch exceeds 2018-2022 mean; not penalized below mean",1
2018,"region_2","merluccius",80,1,4954.2,5,"maximally harvested","no increase","genus aggregation; mode across 1 original and 0 gapfilled species-level recommendations in this region (ties: most conservative status_adjusted and control_adjusted)",2022,1,1,"genus aggregation; mode across 1 original and 0 gapfilled species-level recommendations in this region (ties: most conservative status_adjusted and control_adjusted)","penalized if catch exceeds 2018-2022 mean; not penalized below mean",1
2019,"region_2","merluccius",930,3,4954.2,5,"maximally harvested","no increase","genus aggregation; mode across 1 original and 0 gapfilled species-level recommendations in this region (ties: most conservative status_adjusted and control_adjusted)",2022,1,1,"genus aggregation; mode across 1 original and 0 gapfilled species-level recommendations in this region (ties: most conservative status_adjusted and control_adjusted)","penalized if catch exceeds 2018-2022 mean; not penalized below mean",1
2020,"region_2","merluccius",3887,5,4954.2,5,"maximally harvested","no increase","genus aggregation; mode across 1 original and 0 gapfilled species-level recommendations in this region (ties: most conservative status_adjusted and control_adjusted)",2022,1,1,"genus aggregation; mode across 1 original and 0 gapfilled species-level recommendations in this region (ties: most conservative status_adjusted and control_adjusted)","penalized if catch exceeds 2018-2022 mean; not penalized below mean",1
2021,"region_2","merluccius",18756.1,28,4954.2,5,"maximally harvested","no increase","genus aggregation; mode across 1 original and 0 gapfilled species-level recommendations in this region (ties: most conservative status_adjusted and control_adjusted)",2022,1,1,"genus aggregation; mode across 1 original and 0 gapfilled species-level recommendations in this region (ties: most conservative status_adjusted and control_adjusted)","penalized if catch exceeds 2018-2022 mean; not penalized below mean",0.264138067082176
2022,"region_2","merluccius",1117.9,13,4954.2,5,"maximally harvested","no increase","genus aggregation; mode across 1 original and 0 gapfilled species-level recommendations in this region (ties: most conservative status_adjusted and control_adjusted)",2022,1,1,"genus aggregation; mode across 1 original and 0 gapfilled species-level recommendations in this region (ties: most conservative status_adjusted and control_adjusted)","penalized if catch exceeds 2018-2022 mean; not penalized below mean",1
2023,"region_2","merluccius",9356,20,4954.2,5,"maximally harvested","no increase","genus aggregation; mode across 1 original and 0 gapfilled species-level recommendations in this region (ties: most conservative status_adjusted and control_adjusted)",2022,1,1,"genus aggregation; mode across 1 original and 0 gapfilled species-level recommendations in this region (ties: most conservative status_adjusted and control_adjusted)","penalized if catch exceeds 2018-2022 mean; not penalized below mean",0.529521162890124
2024,"region_2","merluccius",220.4,4,4954.2,5,"maximally harvested","no increase","genus aggregation; mode across 1 original and 0 gapfilled species-level recommendations in this region (ties: most conservative status_adjusted and control_adjusted)",2022,1,1,"genus aggregation; mode across 1 original and 0 gapfilled species-level recommendations in this region (ties: most conservative status_adjusted and control_adjusted)","penalized if catch exceeds 2018-2022 mean; not penalized below mean",1
2018,"region_2","mugil",50060.5,74,33802.7,5,"decreasing","decrease","genus aggregation; mode across 3 original and 0 gapfilled species-level recommendations in this region (ties: most conservative status_adjusted and control_adjusted)",2023,3,3,"genus aggregation; mode across 3 original and 0 gapfilled species-level recommendations in this region (ties: most conservative status_adjusted and control_adjusted)","decreasing stock penalized at/above reference; not penalized below mean",0.337618481637219
2019,"region_2","mugil",36503,96,33802.7,5,"decreasing","decrease","genus aggregation; mode across 3 original and 0 gapfilled species-level recommendations in this region (ties: most conservative status_adjusted and control_adjusted)",2023,3,3,"genus aggregation; mode across 3 original and 0 gapfilled species-level recommendations in this region (ties: most conservative status_adjusted and control_adjusted)","decreasing stock penalized at/above reference; not penalized below mean",0.463012629098978
2020,"region_2","mugil",33814,80,33802.7,5,"decreasing","decrease","genus aggregation; mode across 3 original and 0 gapfilled species-level recommendations in this region (ties: most conservative status_adjusted and control_adjusted)",2023,3,3,"genus aggregation; mode across 3 original and 0 gapfilled species-level recommendations in this region (ties: most conservative status_adjusted and control_adjusted)","decreasing stock penalized at/above reference; not penalized below mean",0.5
2021,"region_2","mugil",23173,68,33802.7,5,"decreasing","decrease","genus aggregation; mode across 3 original and 0 gapfilled species-level recommendations in this region (ties: most conservative status_adjusted and control_adjusted)",2023,3,3,"genus aggregation; mode across 3 original and 0 gapfilled species-level recommendations in this region (ties: most conservative status_adjusted and control_adjusted)","decreasing stock penalized at/above reference; not penalized below mean",1
2022,"region_2","mugil",25463,58,33802.7,5,"decreasing","decrease","genus aggregation; mode across 3 original and 0 gapfilled species-level recommendations in this region (ties: most conservative status_adjusted and control_adjusted)",2023,3,3,"genus aggregation; mode across 3 original and 0 gapfilled species-level recommendations in this region (ties: most conservative status_adjusted and control_adjusted)","decreasing stock penalized at/above reference; not penalized below mean",1
2024,"region_2","mugil",3321,2,33802.7,5,"decreasing","decrease","genus aggregation; mode across 3 original and 0 gapfilled species-level recommendations in this region (ties: most conservative status_adjusted and control_adjusted)",2023,3,3,"genus aggregation; mode across 3 original and 0 gapfilled species-level recommendations in this region (ties: most conservative status_adjusted and control_adjusted)","decreasing stock penalized at/above reference; not penalized below mean",1
2019,"region_2","mustelus",4212.5,6,18238.6875,4,"maximally harvested","no increase","genus aggregation; mode across 4 original and 0 gapfilled species-level recommendations in this region (ties: most conservative status_adjusted and control_adjusted)",2023,4,4,"genus aggregation; mode across 4 original and 0 gapfilled species-level recommendations in this region (ties: most conservative status_adjusted and control_adjusted)","penalized if catch exceeds 2018-2022 mean; not penalized below mean",1
2020,"region_2","mustelus",1028.75,4,18238.6875,4,"maximally harvested","no increase","genus aggregation; mode across 4 original and 0 gapfilled species-level recommendations in this region (ties: most conservative status_adjusted and control_adjusted)",2023,4,4,"genus aggregation; mode across 4 original and 0 gapfilled species-level recommendations in this region (ties: most conservative status_adjusted and control_adjusted)","penalized if catch exceeds 2018-2022 mean; not penalized below mean",1
2021,"region_2","mustelus",1981.25,6,18238.6875,4,"maximally harvested","no increase","genus aggregation; mode across 4 original and 0 gapfilled species-level recommendations in this region (ties: most conservative status_adjusted and control_adjusted)",2023,4,4,"genus aggregation; mode across 4 original and 0 gapfilled species-level recommendations in this region (ties: most conservative status_adjusted and control_adjusted)","penalized if catch exceeds 2018-2022 mean; not penalized below mean",1
2022,"region_2","mustelus",65732.25,31,18238.6875,4,"maximally harvested","no increase","genus aggregation; mode across 4 original and 0 gapfilled species-level recommendations in this region (ties: most conservative status_adjusted and control_adjusted)",2023,4,4,"genus aggregation; mode across 4 original and 0 gapfilled species-level recommendations in this region (ties: most conservative status_adjusted and control_adjusted)","penalized if catch exceeds 2018-2022 mean; not penalized below mean",0.277469392877925
2023,"region_2","mustelus",14935,32,18238.6875,4,"maximally harvested","no increase","genus aggregation; mode across 4 original and 0 gapfilled species-level recommendations in this region (ties: most conservative status_adjusted and control_adjusted)",2023,4,4,"genus aggregation; mode across 4 original and 0 gapfilled species-level recommendations in this region (ties: most conservative status_adjusted and control_adjusted)","penalized if catch exceeds 2018-2022 mean; not penalized below mean",1
2024,"region_2","mustelus",40101,46,18238.6875,4,"maximally harvested","no increase","genus aggregation; mode across 4 original and 0 gapfilled species-level recommendations in this region (ties: most conservative status_adjusted and control_adjusted)",2023,4,4,"genus aggregation; mode across 4 original and 0 gapfilled species-level recommendations in this region (ties: most conservative status_adjusted and control_adjusted)","penalized if catch exceeds 2018-2022 mean; not penalized below mean",0.454818770105484
2018,"region_2","panopea",309851.28,153,338923.856,5,"maximally harvested","no increase","genus aggregation; mode across 2 original and 0 gapfilled species-level recommendations in this region (ties: most conservative status_adjusted and control_adjusted)",2023,2,2,"genus aggregation; mode across 2 original and 0 gapfilled species-level recommendations in this region (ties: most conservative status_adjusted and control_adjusted)","penalized if catch exceeds 2018-2022 mean; not penalized below mean",1
2019,"region_2","panopea",309718,156,338923.856,5,"maximally harvested","no increase","genus aggregation; mode across 2 original and 0 gapfilled species-level recommendations in this region (ties: most conservative status_adjusted and control_adjusted)",2023,2,2,"genus aggregation; mode across 2 original and 0 gapfilled species-level recommendations in this region (ties: most conservative status_adjusted and control_adjusted)","penalized if catch exceeds 2018-2022 mean; not penalized below mean",1
2020,"region_2","panopea",372669,201,338923.856,5,"maximally harvested","no increase","genus aggregation; mode across 2 original and 0 gapfilled species-level recommendations in this region (ties: most conservative status_adjusted and control_adjusted)",2023,2,2,"genus aggregation; mode across 2 original and 0 gapfilled species-level recommendations in this region (ties: most conservative status_adjusted and control_adjusted)","penalized if catch exceeds 2018-2022 mean; not penalized below mean",0.909450091099609
2021,"region_2","panopea",397944,192,338923.856,5,"maximally harvested","no increase","genus aggregation; mode across 2 original and 0 gapfilled species-level recommendations in this region (ties: most conservative status_adjusted and control_adjusted)",2023,2,2,"genus aggregation; mode across 2 original and 0 gapfilled species-level recommendations in this region (ties: most conservative status_adjusted and control_adjusted)","penalized if catch exceeds 2018-2022 mean; not penalized below mean",0.851687312787729
2022,"region_2","panopea",304437,174,338923.856,5,"maximally harvested","no increase","genus aggregation; mode across 2 original and 0 gapfilled species-level recommendations in this region (ties: most conservative status_adjusted and control_adjusted)",2023,2,2,"genus aggregation; mode across 2 original and 0 gapfilled species-level recommendations in this region (ties: most conservative status_adjusted and control_adjusted)","penalized if catch exceeds 2018-2022 mean; not penalized below mean",1
2023,"region_2","panopea",457782,288,338923.856,5,"maximally harvested","no increase","genus aggregation; mode across 2 original and 0 gapfilled species-level recommendations in this region (ties: most conservative status_adjusted and control_adjusted)",2023,2,2,"genus aggregation; mode across 2 original and 0 gapfilled species-level recommendations in this region (ties: most conservative status_adjusted and control_adjusted)","penalized if catch exceeds 2018-2022 mean; not penalized below mean",0.74036081803129
2024,"region_2","panopea",339651,206,338923.856,5,"maximally harvested","no increase","genus aggregation; mode across 2 original and 0 gapfilled species-level recommendations in this region (ties: most conservative status_adjusted and control_adjusted)",2023,2,2,"genus aggregation; mode across 2 original and 0 gapfilled species-level recommendations in this region (ties: most conservative status_adjusted and control_adjusted)","penalized if catch exceeds 2018-2022 mean; not penalized below mean",1
2018,"region_2","panulirus",8360,24,8785,5,"maximally harvested","no increase","genus aggregation; mode across 2 original and 2 gapfilled species-level recommendations in this region (ties: most conservative status_adjusted and control_adjusted)",2023,4,2,"genus aggregation; mode across 2 original and 2 gapfilled species-level recommendations in this region (ties: most conservative status_adjusted and control_adjusted)","penalized if catch exceeds 2018-2022 mean; not penalized below mean",1
2019,"region_2","panulirus",12850,36,8785,5,"maximally harvested","no increase","genus aggregation; mode across 2 original and 2 gapfilled species-level recommendations in this region (ties: most conservative status_adjusted and control_adjusted)",2023,4,2,"genus aggregation; mode across 2 original and 2 gapfilled species-level recommendations in this region (ties: most conservative status_adjusted and control_adjusted)","penalized if catch exceeds 2018-2022 mean; not penalized below mean",0.683657587548638
2020,"region_2","panulirus",8312,29,8785,5,"maximally harvested","no increase","genus aggregation; mode across 2 original and 2 gapfilled species-level recommendations in this region (ties: most conservative status_adjusted and control_adjusted)",2023,4,2,"genus aggregation; mode across 2 original and 2 gapfilled species-level recommendations in this region (ties: most conservative status_adjusted and control_adjusted)","penalized if catch exceeds 2018-2022 mean; not penalized below mean",1
2021,"region_2","panulirus",6335,27,8785,5,"maximally harvested","no increase","genus aggregation; mode across 2 original and 2 gapfilled species-level recommendations in this region (ties: most conservative status_adjusted and control_adjusted)",2023,4,2,"genus aggregation; mode across 2 original and 2 gapfilled species-level recommendations in this region (ties: most conservative status_adjusted and control_adjusted)","penalized if catch exceeds 2018-2022 mean; not penalized below mean",1
2022,"region_2","panulirus",8068,30,8785,5,"maximally harvested","no increase","genus aggregation; mode across 2 original and 2 gapfilled species-level recommendations in this region (ties: most conservative status_adjusted and control_adjusted)",2023,4,2,"genus aggregation; mode across 2 original and 2 gapfilled species-level recommendations in this region (ties: most conservative status_adjusted and control_adjusted)","penalized if catch exceeds 2018-2022 mean; not penalized below mean",1
2023,"region_2","panulirus",7094,32,8785,5,"maximally harvested","no increase","genus aggregation; mode across 2 original and 2 gapfilled species-level recommendations in this region (ties: most conservative status_adjusted and control_adjusted)",2023,4,2,"genus aggregation; mode across 2 original and 2 gapfilled species-level recommendations in this region (ties: most conservative status_adjusted and control_adjusted)","penalized if catch exceeds 2018-2022 mean; not penalized below mean",1
2024,"region_2","panulirus",5442,19,8785,5,"maximally harvested","no increase","genus aggregation; mode across 2 original and 2 gapfilled species-level recommendations in this region (ties: most conservative status_adjusted and control_adjusted)",2023,4,2,"genus aggregation; mode across 2 original and 2 gapfilled species-level recommendations in this region (ties: most conservative status_adjusted and control_adjusted)","penalized if catch exceeds 2018-2022 mean; not penalized below mean",1
2018,"region_2","paralabrax",294586.1,289,393207.89,5,"maximally harvested","no increase","genus aggregation; mode across 1 original and 0 gapfilled species-level recommendations in this region (ties: most conservative status_adjusted and control_adjusted)",2023,1,1,"genus aggregation; mode across 1 original and 0 gapfilled species-level recommendations in this region (ties: most conservative status_adjusted and control_adjusted)","penalized if catch exceeds 2018-2022 mean; not penalized below mean",1
2019,"region_2","paralabrax",405487.05,385,393207.89,5,"maximally harvested","no increase","genus aggregation; mode across 1 original and 0 gapfilled species-level recommendations in this region (ties: most conservative status_adjusted and control_adjusted)",2023,1,1,"genus aggregation; mode across 1 original and 0 gapfilled species-level recommendations in this region (ties: most conservative status_adjusted and control_adjusted)","penalized if catch exceeds 2018-2022 mean; not penalized below mean",1
2020,"region_2","paralabrax",439887.9,427,393207.89,5,"maximally harvested","no increase","genus aggregation; mode across 1 original and 0 gapfilled species-level recommendations in this region (ties: most conservative status_adjusted and control_adjusted)",2023,1,1,"genus aggregation; mode across 1 original and 0 gapfilled species-level recommendations in this region (ties: most conservative status_adjusted and control_adjusted)","penalized if catch exceeds 2018-2022 mean; not penalized below mean",0.893882032217754
2021,"region_2","paralabrax",423408.2,440,393207.89,5,"maximally harvested","no increase","genus aggregation; mode across 1 original and 0 gapfilled species-level recommendations in this region (ties: most conservative status_adjusted and control_adjusted)",2023,1,1,"genus aggregation; mode across 1 original and 0 gapfilled species-level recommendations in this region (ties: most conservative status_adjusted and control_adjusted)","penalized if catch exceeds 2018-2022 mean; not penalized below mean",0.928673299194489
2022,"region_2","paralabrax",402670.2,544,393207.89,5,"maximally harvested","no increase","genus aggregation; mode across 1 original and 0 gapfilled species-level recommendations in this region (ties: most conservative status_adjusted and control_adjusted)",2023,1,1,"genus aggregation; mode across 1 original and 0 gapfilled species-level recommendations in this region (ties: most conservative status_adjusted and control_adjusted)","penalized if catch exceeds 2018-2022 mean; not penalized below mean",1
2023,"region_2","paralabrax",454153,705,393207.89,5,"maximally harvested","no increase","genus aggregation; mode across 1 original and 0 gapfilled species-level recommendations in this region (ties: most conservative status_adjusted and control_adjusted)",2023,1,1,"genus aggregation; mode across 1 original and 0 gapfilled species-level recommendations in this region (ties: most conservative status_adjusted and control_adjusted)","penalized if catch exceeds 2018-2022 mean; not penalized below mean",0.865804893945432
2024,"region_2","paralabrax",552339.3,751,393207.89,5,"maximally harvested","no increase","genus aggregation; mode across 1 original and 0 gapfilled species-level recommendations in this region (ties: most conservative status_adjusted and control_adjusted)",2023,1,1,"genus aggregation; mode across 1 original and 0 gapfilled species-level recommendations in this region (ties: most conservative status_adjusted and control_adjusted)","penalized if catch exceeds 2018-2022 mean; not penalized below mean",0.711895550434307
2018,"region_2","rhizoprionodon",44782.21,94,76542.962,5,"maximally harvested","no increase","genus aggregation; mode across 1 original and 0 gapfilled species-level recommendations in this region (ties: most conservative status_adjusted and control_adjusted)",2023,1,1,"genus aggregation; mode across 1 original and 0 gapfilled species-level recommendations in this region (ties: most conservative status_adjusted and control_adjusted)","penalized if catch exceeds 2018-2022 mean; not penalized below mean",1
2019,"region_2","rhizoprionodon",15778.35,56,76542.962,5,"maximally harvested","no increase","genus aggregation; mode across 1 original and 0 gapfilled species-level recommendations in this region (ties: most conservative status_adjusted and control_adjusted)",2023,1,1,"genus aggregation; mode across 1 original and 0 gapfilled species-level recommendations in this region (ties: most conservative status_adjusted and control_adjusted)","penalized if catch exceeds 2018-2022 mean; not penalized below mean",1
2020,"region_2","rhizoprionodon",94920.25,115,76542.962,5,"maximally harvested","no increase","genus aggregation; mode across 1 original and 0 gapfilled species-level recommendations in this region (ties: most conservative status_adjusted and control_adjusted)",2023,1,1,"genus aggregation; mode across 1 original and 0 gapfilled species-level recommendations in this region (ties: most conservative status_adjusted and control_adjusted)","penalized if catch exceeds 2018-2022 mean; not penalized below mean",0.806392334617745
2021,"region_2","rhizoprionodon",53479.45,112,76542.962,5,"maximally harvested","no increase","genus aggregation; mode across 1 original and 0 gapfilled species-level recommendations in this region (ties: most conservative status_adjusted and control_adjusted)",2023,1,1,"genus aggregation; mode across 1 original and 0 gapfilled species-level recommendations in this region (ties: most conservative status_adjusted and control_adjusted)","penalized if catch exceeds 2018-2022 mean; not penalized below mean",1
2022,"region_2","rhizoprionodon",173754.55,208,76542.962,5,"maximally harvested","no increase","genus aggregation; mode across 1 original and 0 gapfilled species-level recommendations in this region (ties: most conservative status_adjusted and control_adjusted)",2023,1,1,"genus aggregation; mode across 1 original and 0 gapfilled species-level recommendations in this region (ties: most conservative status_adjusted and control_adjusted)","penalized if catch exceeds 2018-2022 mean; not penalized below mean",0.440523497082522
2018,"region_2","sarda",2150,6,271543.31,5,"development potential","no increase","genus aggregation; mode across 0 original and 1 gapfilled species-level recommendations in this region (ties: most conservative status_adjusted and control_adjusted)",2012,1,0,"genus aggregation; mode across 0 original and 1 gapfilled species-level recommendations in this region (ties: most conservative status_adjusted and control_adjusted)","development potential (score = 1; no underfishing penalty)",1
2019,"region_2","sarda",1281655,8,271543.31,5,"development potential","no increase","genus aggregation; mode across 0 original and 1 gapfilled species-level recommendations in this region (ties: most conservative status_adjusted and control_adjusted)",2012,1,0,"genus aggregation; mode across 0 original and 1 gapfilled species-level recommendations in this region (ties: most conservative status_adjusted and control_adjusted)","development potential (score = 1; no underfishing penalty)",1
2020,"region_2","sarda",4976,9,271543.31,5,"development potential","no increase","genus aggregation; mode across 0 original and 1 gapfilled species-level recommendations in this region (ties: most conservative status_adjusted and control_adjusted)",2012,1,0,"genus aggregation; mode across 0 original and 1 gapfilled species-level recommendations in this region (ties: most conservative status_adjusted and control_adjusted)","development potential (score = 1; no underfishing penalty)",1
2021,"region_2","sarda",67945.55,11,271543.31,5,"development potential","no increase","genus aggregation; mode across 0 original and 1 gapfilled species-level recommendations in this region (ties: most conservative status_adjusted and control_adjusted)",2012,1,0,"genus aggregation; mode across 0 original and 1 gapfilled species-level recommendations in this region (ties: most conservative status_adjusted and control_adjusted)","development potential (score = 1; no underfishing penalty)",1
2022,"region_2","sarda",990,10,271543.31,5,"development potential","no increase","genus aggregation; mode across 0 original and 1 gapfilled species-level recommendations in this region (ties: most conservative status_adjusted and control_adjusted)",2012,1,0,"genus aggregation; mode across 0 original and 1 gapfilled species-level recommendations in this region (ties: most conservative status_adjusted and control_adjusted)","development potential (score = 1; no underfishing penalty)",1
2018,"region_2","scomberomorus",2943897,416,2317395.82,5,"maximally harvested","no increase","genus aggregation; mode across 2 original and 0 gapfilled species-level recommendations in this region (ties: most conservative status_adjusted and control_adjusted)",2023,2,2,"genus aggregation; mode across 2 original and 0 gapfilled species-level recommendations in this region (ties: most conservative status_adjusted and control_adjusted)","penalized if catch exceeds 2018-2022 mean; not penalized below mean",0.78718644708018
2019,"region_2","scomberomorus",3060744,488,2317395.82,5,"maximally harvested","no increase","genus aggregation; mode across 2 original and 0 gapfilled species-level recommendations in this region (ties: most conservative status_adjusted and control_adjusted)",2023,2,2,"genus aggregation; mode across 2 original and 0 gapfilled species-level recommendations in this region (ties: most conservative status_adjusted and control_adjusted)","penalized if catch exceeds 2018-2022 mean; not penalized below mean",0.75713480774609
2020,"region_2","scomberomorus",2280518.8,492,2317395.82,5,"maximally harvested","no increase","genus aggregation; mode across 2 original and 0 gapfilled species-level recommendations in this region (ties: most conservative status_adjusted and control_adjusted)",2023,2,2,"genus aggregation; mode across 2 original and 0 gapfilled species-level recommendations in this region (ties: most conservative status_adjusted and control_adjusted)","penalized if catch exceeds 2018-2022 mean; not penalized below mean",1
2021,"region_2","scomberomorus",1760539.3,348,2317395.82,5,"maximally harvested","no increase","genus aggregation; mode across 2 original and 0 gapfilled species-level recommendations in this region (ties: most conservative status_adjusted and control_adjusted)",2023,2,2,"genus aggregation; mode across 2 original and 0 gapfilled species-level recommendations in this region (ties: most conservative status_adjusted and control_adjusted)","penalized if catch exceeds 2018-2022 mean; not penalized below mean",1
2022,"region_2","scomberomorus",1541280,357,2317395.82,5,"maximally harvested","no increase","genus aggregation; mode across 2 original and 0 gapfilled species-level recommendations in this region (ties: most conservative status_adjusted and control_adjusted)",2023,2,2,"genus aggregation; mode across 2 original and 0 gapfilled species-level recommendations in this region (ties: most conservative status_adjusted and control_adjusted)","penalized if catch exceeds 2018-2022 mean; not penalized below mean",1
2023,"region_2","scomberomorus",1153887,400,2317395.82,5,"maximally harvested","no increase","genus aggregation; mode across 2 original and 0 gapfilled species-level recommendations in this region (ties: most conservative status_adjusted and control_adjusted)",2023,2,2,"genus aggregation; mode across 2 original and 0 gapfilled species-level recommendations in this region (ties: most conservative status_adjusted and control_adjusted)","penalized if catch exceeds 2018-2022 mean; not penalized below mean",1
2024,"region_2","scomberomorus",2564847,629,2317395.82,5,"maximally harvested","no increase","genus aggregation; mode across 2 original and 0 gapfilled species-level recommendations in this region (ties: most conservative status_adjusted and control_adjusted)",2023,2,2,"genus aggregation; mode across 2 original and 0 gapfilled species-level recommendations in this region (ties: most conservative status_adjusted and control_adjusted)","penalized if catch exceeds 2018-2022 mean; not penalized below mean",0.903522050243153
2019,"region_2","sphoeroides",28,3,2777.825,4,"maximally harvested","no increase","genus aggregation; mode across 0 original and 3 gapfilled species-level recommendations in this region (ties: most conservative status_adjusted and control_adjusted)",2023,3,0,"genus aggregation; mode across 0 original and 3 gapfilled species-level recommendations in this region (ties: most conservative status_adjusted and control_adjusted)","penalized if catch exceeds 2018-2022 mean; not penalized below mean",1
2020,"region_2","sphoeroides",842,4,2777.825,4,"maximally harvested","no increase","genus aggregation; mode across 0 original and 3 gapfilled species-level recommendations in this region (ties: most conservative status_adjusted and control_adjusted)",2023,3,0,"genus aggregation; mode across 0 original and 3 gapfilled species-level recommendations in this region (ties: most conservative status_adjusted and control_adjusted)","penalized if catch exceeds 2018-2022 mean; not penalized below mean",1
2021,"region_2","sphoeroides",4261.5,15,2777.825,4,"maximally harvested","no increase","genus aggregation; mode across 0 original and 3 gapfilled species-level recommendations in this region (ties: most conservative status_adjusted and control_adjusted)",2023,3,0,"genus aggregation; mode across 0 original and 3 gapfilled species-level recommendations in this region (ties: most conservative status_adjusted and control_adjusted)","penalized if catch exceeds 2018-2022 mean; not penalized below mean",0.651842074386953
2022,"region_2","sphoeroides",5979.8,19,2777.825,4,"maximally harvested","no increase","genus aggregation; mode across 0 original and 3 gapfilled species-level recommendations in this region (ties: most conservative status_adjusted and control_adjusted)",2023,3,0,"genus aggregation; mode across 0 original and 3 gapfilled species-level recommendations in this region (ties: most conservative status_adjusted and control_adjusted)","penalized if catch exceeds 2018-2022 mean; not penalized below mean",0.464534767049065
2023,"region_2","sphoeroides",1293,9,2777.825,4,"maximally harvested","no increase","genus aggregation; mode across 0 original and 3 gapfilled species-level recommendations in this region (ties: most conservative status_adjusted and control_adjusted)",2023,3,0,"genus aggregation; mode across 0 original and 3 gapfilled species-level recommendations in this region (ties: most conservative status_adjusted and control_adjusted)","penalized if catch exceeds 2018-2022 mean; not penalized below mean",1
2024,"region_2","sphoeroides",2533.2,20,2777.825,4,"maximally harvested","no increase","genus aggregation; mode across 0 original and 3 gapfilled species-level recommendations in this region (ties: most conservative status_adjusted and control_adjusted)",2023,3,0,"genus aggregation; mode across 0 original and 3 gapfilled species-level recommendations in this region (ties: most conservative status_adjusted and control_adjusted)","penalized if catch exceeds 2018-2022 mean; not penalized below mean",1
2018,"region_3","alopias",71009,32,53274.6,5,"maximally harvested","no increase","genus aggregation; mode across 3 original and 0 gapfilled species-level recommendations in this region (ties: most conservative status_adjusted and control_adjusted)",2023,3,3,"genus aggregation; mode across 3 original and 0 gapfilled species-level recommendations in this region (ties: most conservative status_adjusted and control_adjusted)","penalized if catch exceeds 2018-2022 mean; not penalized below mean",0.750251376586067
2019,"region_3","alopias",95070.1,36,53274.6,5,"maximally harvested","no increase","genus aggregation; mode across 3 original and 0 gapfilled species-level recommendations in this region (ties: most conservative status_adjusted and control_adjusted)",2023,3,3,"genus aggregation; mode across 3 original and 0 gapfilled species-level recommendations in this region (ties: most conservative status_adjusted and control_adjusted)","penalized if catch exceeds 2018-2022 mean; not penalized below mean",0.560371767779775
2020,"region_3","alopias",31390.5,18,53274.6,5,"maximally harvested","no increase","genus aggregation; mode across 3 original and 0 gapfilled species-level recommendations in this region (ties: most conservative status_adjusted and control_adjusted)",2023,3,3,"genus aggregation; mode across 3 original and 0 gapfilled species-level recommendations in this region (ties: most conservative status_adjusted and control_adjusted)","penalized if catch exceeds 2018-2022 mean; not penalized below mean",1
2021,"region_3","alopias",60675.4,35,53274.6,5,"maximally harvested","no increase","genus aggregation; mode across 3 original and 0 gapfilled species-level recommendations in this region (ties: most conservative status_adjusted and control_adjusted)",2023,3,3,"genus aggregation; mode across 3 original and 0 gapfilled species-level recommendations in this region (ties: most conservative status_adjusted and control_adjusted)","penalized if catch exceeds 2018-2022 mean; not penalized below mean",0.878026350052904
2022,"region_3","alopias",8228,16,53274.6,5,"maximally harvested","no increase","genus aggregation; mode across 3 original and 0 gapfilled species-level recommendations in this region (ties: most conservative status_adjusted and control_adjusted)",2023,3,3,"genus aggregation; mode across 3 original and 0 gapfilled species-level recommendations in this region (ties: most conservative status_adjusted and control_adjusted)","penalized if catch exceeds 2018-2022 mean; not penalized below mean",1
2023,"region_3","alopias",8218,16,53274.6,5,"maximally harvested","no increase","genus aggregation; mode across 3 original and 0 gapfilled species-level recommendations in this region (ties: most conservative status_adjusted and control_adjusted)",2023,3,3,"genus aggregation; mode across 3 original and 0 gapfilled species-level recommendations in this region (ties: most conservative status_adjusted and control_adjusted)","penalized if catch exceeds 2018-2022 mean; not penalized below mean",1
2024,"region_3","alopias",81419.15,15,53274.6,5,"maximally harvested","no increase","genus aggregation; mode across 3 original and 0 gapfilled species-level recommendations in this region (ties: most conservative status_adjusted and control_adjusted)",2023,3,3,"genus aggregation; mode across 3 original and 0 gapfilled species-level recommendations in this region (ties: most conservative status_adjusted and control_adjusted)","penalized if catch exceeds 2018-2022 mean; not penalized below mean",0.654325180255505
2019,"region_3","carcharhinus",22834,15,49089.375,4,"maximally harvested","no increase","genus aggregation; mode across 9 original and 0 gapfilled species-level recommendations in this region (ties: most conservative status_adjusted and control_adjusted)",2023,9,9,"genus aggregation; mode across 9 original and 0 gapfilled species-level recommendations in this region (ties: most conservative status_adjusted and control_adjusted)","penalized if catch exceeds 2018-2022 mean; not penalized below mean",1
2020,"region_3","carcharhinus",10937.5,8,49089.375,4,"maximally harvested","no increase","genus aggregation; mode across 9 original and 0 gapfilled species-level recommendations in this region (ties: most conservative status_adjusted and control_adjusted)",2023,9,9,"genus aggregation; mode across 9 original and 0 gapfilled species-level recommendations in this region (ties: most conservative status_adjusted and control_adjusted)","penalized if catch exceeds 2018-2022 mean; not penalized below mean",1
2021,"region_3","carcharhinus",9167.5,9,49089.375,4,"maximally harvested","no increase","genus aggregation; mode across 9 original and 0 gapfilled species-level recommendations in this region (ties: most conservative status_adjusted and control_adjusted)",2023,9,9,"genus aggregation; mode across 9 original and 0 gapfilled species-level recommendations in this region (ties: most conservative status_adjusted and control_adjusted)","penalized if catch exceeds 2018-2022 mean; not penalized below mean",1
2022,"region_3","carcharhinus",153418.5,20,49089.375,4,"maximally harvested","no increase","genus aggregation; mode across 9 original and 0 gapfilled species-level recommendations in this region (ties: most conservative status_adjusted and control_adjusted)",2023,9,9,"genus aggregation; mode across 9 original and 0 gapfilled species-level recommendations in this region (ties: most conservative status_adjusted and control_adjusted)","penalized if catch exceeds 2018-2022 mean; not penalized below mean",0.319970375150324
2023,"region_3","carcharhinus",960276,37,49089.375,4,"maximally harvested","no increase","genus aggregation; mode across 9 original and 0 gapfilled species-level recommendations in this region (ties: most conservative status_adjusted and control_adjusted)",2023,9,9,"genus aggregation; mode across 9 original and 0 gapfilled species-level recommendations in this region (ties: most conservative status_adjusted and control_adjusted)","penalized if catch exceeds 2018-2022 mean; not penalized below mean",0.051120068605276
2024,"region_3","carcharhinus",876008.65,51,49089.375,4,"maximally harvested","no increase","genus aggregation; mode across 9 original and 0 gapfilled species-level recommendations in this region (ties: most conservative status_adjusted and control_adjusted)",2023,9,9,"genus aggregation; mode across 9 original and 0 gapfilled species-level recommendations in this region (ties: most conservative status_adjusted and control_adjusted)","penalized if catch exceeds 2018-2022 mean; not penalized below mean",0.0560375459762869
2018,"region_3","centropomus",242,4,203.32,5,"maximally harvested","no increase","genus aggregation; mode across 5 original and 0 gapfilled species-level recommendations in this region (ties: most conservative status_adjusted and control_adjusted)",2023,5,5,"genus aggregation; mode across 5 original and 0 gapfilled species-level recommendations in this region (ties: most conservative status_adjusted and control_adjusted)","penalized if catch exceeds 2018-2022 mean; not penalized below mean",0.840165289256198
2019,"region_3","centropomus",185.4,4,203.32,5,"maximally harvested","no increase","genus aggregation; mode across 5 original and 0 gapfilled species-level recommendations in this region (ties: most conservative status_adjusted and control_adjusted)",2023,5,5,"genus aggregation; mode across 5 original and 0 gapfilled species-level recommendations in this region (ties: most conservative status_adjusted and control_adjusted)","penalized if catch exceeds 2018-2022 mean; not penalized below mean",1
2020,"region_3","centropomus",294.8,3,203.32,5,"maximally harvested","no increase","genus aggregation; mode across 5 original and 0 gapfilled species-level recommendations in this region (ties: most conservative status_adjusted and control_adjusted)",2023,5,5,"genus aggregation; mode across 5 original and 0 gapfilled species-level recommendations in this region (ties: most conservative status_adjusted and control_adjusted)","penalized if catch exceeds 2018-2022 mean; not penalized below mean",0.689687924016282
2021,"region_3","centropomus",222.9,7,203.32,5,"maximally harvested","no increase","genus aggregation; mode across 5 original and 0 gapfilled species-level recommendations in this region (ties: most conservative status_adjusted and control_adjusted)",2023,5,5,"genus aggregation; mode across 5 original and 0 gapfilled species-level recommendations in this region (ties: most conservative status_adjusted and control_adjusted)","penalized if catch exceeds 2018-2022 mean; not penalized below mean",0.912157918349035
2022,"region_3","centropomus",71.5,4,203.32,5,"maximally harvested","no increase","genus aggregation; mode across 5 original and 0 gapfilled species-level recommendations in this region (ties: most conservative status_adjusted and control_adjusted)",2023,5,5,"genus aggregation; mode across 5 original and 0 gapfilled species-level recommendations in this region (ties: most conservative status_adjusted and control_adjusted)","penalized if catch exceeds 2018-2022 mean; not penalized below mean",1
2023,"region_3","centropomus",5,1,203.32,5,"maximally harvested","no increase","genus aggregation; mode across 5 original and 0 gapfilled species-level recommendations in this region (ties: most conservative status_adjusted and control_adjusted)",2023,5,5,"genus aggregation; mode across 5 original and 0 gapfilled species-level recommendations in this region (ties: most conservative status_adjusted and control_adjusted)","penalized if catch exceeds 2018-2022 mean; not penalized below mean",1
2024,"region_3","centropomus",29.7,2,203.32,5,"maximally harvested","no increase","genus aggregation; mode across 5 original and 0 gapfilled species-level recommendations in this region (ties: most conservative status_adjusted and control_adjusted)",2023,5,5,"genus aggregation; mode across 5 original and 0 gapfilled species-level recommendations in this region (ties: most conservative status_adjusted and control_adjusted)","penalized if catch exceeds 2018-2022 mean; not penalized below mean",1
2018,"region_3","crassostrea",1057150,104,1239376.6,5,"maximally harvested","no increase","genus aggregation; mode across 3 original and 2 gapfilled species-level recommendations in this region (ties: most conservative status_adjusted and control_adjusted)",2023,5,3,"genus aggregation; mode across 3 original and 2 gapfilled species-level recommendations in this region (ties: most conservative status_adjusted and control_adjusted)","penalized if catch exceeds 2018-2022 mean; not penalized below mean",1
2019,"region_3","crassostrea",944925,97,1239376.6,5,"maximally harvested","no increase","genus aggregation; mode across 3 original and 2 gapfilled species-level recommendations in this region (ties: most conservative status_adjusted and control_adjusted)",2023,5,3,"genus aggregation; mode across 3 original and 2 gapfilled species-level recommendations in this region (ties: most conservative status_adjusted and control_adjusted)","penalized if catch exceeds 2018-2022 mean; not penalized below mean",1
2020,"region_3","crassostrea",1261587,129,1239376.6,5,"maximally harvested","no increase","genus aggregation; mode across 3 original and 2 gapfilled species-level recommendations in this region (ties: most conservative status_adjusted and control_adjusted)",2023,5,3,"genus aggregation; mode across 3 original and 2 gapfilled species-level recommendations in this region (ties: most conservative status_adjusted and control_adjusted)","penalized if catch exceeds 2018-2022 mean; not penalized below mean",1
2021,"region_3","crassostrea",1492916,133,1239376.6,5,"maximally harvested","no increase","genus aggregation; mode across 3 original and 2 gapfilled species-level recommendations in this region (ties: most conservative status_adjusted and control_adjusted)",2023,5,3,"genus aggregation; mode across 3 original and 2 gapfilled species-level recommendations in this region (ties: most conservative status_adjusted and control_adjusted)","penalized if catch exceeds 2018-2022 mean; not penalized below mean",0.830171690838601
2022,"region_3","crassostrea",1440305,117,1239376.6,5,"maximally harvested","no increase","genus aggregation; mode across 3 original and 2 gapfilled species-level recommendations in this region (ties: most conservative status_adjusted and control_adjusted)",2023,5,3,"genus aggregation; mode across 3 original and 2 gapfilled species-level recommendations in this region (ties: most conservative status_adjusted and control_adjusted)","penalized if catch exceeds 2018-2022 mean; not penalized below mean",0.860495936624534
2023,"region_3","crassostrea",1187540,139,1239376.6,5,"maximally harvested","no increase","genus aggregation; mode across 3 original and 2 gapfilled species-level recommendations in this region (ties: most conservative status_adjusted and control_adjusted)",2023,5,3,"genus aggregation; mode across 3 original and 2 gapfilled species-level recommendations in this region (ties: most conservative status_adjusted and control_adjusted)","penalized if catch exceeds 2018-2022 mean; not penalized below mean",1
2024,"region_3","crassostrea",1663461,151,1239376.6,5,"maximally harvested","no increase","genus aggregation; mode across 3 original and 2 gapfilled species-level recommendations in this region (ties: most conservative status_adjusted and control_adjusted)",2023,5,3,"genus aggregation; mode across 3 original and 2 gapfilled species-level recommendations in this region (ties: most conservative status_adjusted and control_adjusted)","penalized if catch exceeds 2018-2022 mean; not penalized below mean",0.745059006493089
2018,"region_3","cynoscion",56681.8,120,59956.29,5,"maximally harvested","no increase","genus aggregation; mode across 0 original and 1 gapfilled species-level recommendations in this region (ties: most conservative status_adjusted and control_adjusted)",2023,1,0,"genus aggregation; mode across 0 original and 1 gapfilled species-level recommendations in this region (ties: most conservative status_adjusted and control_adjusted)","penalized if catch exceeds 2018-2022 mean; not penalized below mean",1
2019,"region_3","cynoscion",37111.3,127,59956.29,5,"maximally harvested","no increase","genus aggregation; mode across 0 original and 1 gapfilled species-level recommendations in this region (ties: most conservative status_adjusted and control_adjusted)",2023,1,0,"genus aggregation; mode across 0 original and 1 gapfilled species-level recommendations in this region (ties: most conservative status_adjusted and control_adjusted)","penalized if catch exceeds 2018-2022 mean; not penalized below mean",1
2020,"region_3","cynoscion",34901.3,94,59956.29,5,"maximally harvested","no increase","genus aggregation; mode across 0 original and 1 gapfilled species-level recommendations in this region (ties: most conservative status_adjusted and control_adjusted)",2023,1,0,"genus aggregation; mode across 0 original and 1 gapfilled species-level recommendations in this region (ties: most conservative status_adjusted and control_adjusted)","penalized if catch exceeds 2018-2022 mean; not penalized below mean",1
2021,"region_3","cynoscion",60444.15,179,59956.29,5,"maximally harvested","no increase","genus aggregation; mode across 0 original and 1 gapfilled species-level recommendations in this region (ties: most conservative status_adjusted and control_adjusted)",2023,1,0,"genus aggregation; mode across 0 original and 1 gapfilled species-level recommendations in this region (ties: most conservative status_adjusted and control_adjusted)","penalized if catch exceeds 2018-2022 mean; not penalized below mean",1
2022,"region_3","cynoscion",110642.9,272,59956.29,5,"maximally harvested","no increase","genus aggregation; mode across 0 original and 1 gapfilled species-level recommendations in this region (ties: most conservative status_adjusted and control_adjusted)",2023,1,0,"genus aggregation; mode across 0 original and 1 gapfilled species-level recommendations in this region (ties: most conservative status_adjusted and control_adjusted)","penalized if catch exceeds 2018-2022 mean; not penalized below mean",0.541890080610685
2023,"region_3","cynoscion",147116,270,59956.29,5,"maximally harvested","no increase","genus aggregation; mode across 0 original and 1 gapfilled species-level recommendations in this region (ties: most conservative status_adjusted and control_adjusted)",2023,1,0,"genus aggregation; mode across 0 original and 1 gapfilled species-level recommendations in this region (ties: most conservative status_adjusted and control_adjusted)","penalized if catch exceeds 2018-2022 mean; not penalized below mean",0.407544318768863
2024,"region_3","cynoscion",77130.75,199,59956.29,5,"maximally harvested","no increase","genus aggregation; mode across 0 original and 1 gapfilled species-level recommendations in this region (ties: most conservative status_adjusted and control_adjusted)",2023,1,0,"genus aggregation; mode across 0 original and 1 gapfilled species-level recommendations in this region (ties: most conservative status_adjusted and control_adjusted)","penalized if catch exceeds 2018-2022 mean; not penalized below mean",0.777333164788363
2018,"region_3","dosidicus",726,3,10708.02,5,"maximally harvested","no increase","genus aggregation; mode across 1 original and 0 gapfilled species-level recommendations in this region (ties: most conservative status_adjusted and control_adjusted)",2022,1,1,"genus aggregation; mode across 1 original and 0 gapfilled species-level recommendations in this region (ties: most conservative status_adjusted and control_adjusted)","penalized if catch exceeds 2018-2022 mean; not penalized below mean",1
2019,"region_3","dosidicus",15415,32,10708.02,5,"maximally harvested","no increase","genus aggregation; mode across 1 original and 0 gapfilled species-level recommendations in this region (ties: most conservative status_adjusted and control_adjusted)",2022,1,1,"genus aggregation; mode across 1 original and 0 gapfilled species-level recommendations in this region (ties: most conservative status_adjusted and control_adjusted)","penalized if catch exceeds 2018-2022 mean; not penalized below mean",0.694649367499189
2020,"region_3","dosidicus",17696,95,10708.02,5,"maximally harvested","no increase","genus aggregation; mode across 1 original and 0 gapfilled species-level recommendations in this region (ties: most conservative status_adjusted and control_adjusted)",2022,1,1,"genus aggregation; mode across 1 original and 0 gapfilled species-level recommendations in this region (ties: most conservative status_adjusted and control_adjusted)","penalized if catch exceeds 2018-2022 mean; not penalized below mean",0.605109629294756
2021,"region_3","dosidicus",15622.1,80,10708.02,5,"maximally harvested","no increase","genus aggregation; mode across 1 original and 0 gapfilled species-level recommendations in this region (ties: most conservative status_adjusted and control_adjusted)",2022,1,1,"genus aggregation; mode across 1 original and 0 gapfilled species-level recommendations in this region (ties: most conservative status_adjusted and control_adjusted)","penalized if catch exceeds 2018-2022 mean; not penalized below mean",0.685440497756384
2022,"region_3","dosidicus",4081,27,10708.02,5,"maximally harvested","no increase","genus aggregation; mode across 1 original and 0 gapfilled species-level recommendations in this region (ties: most conservative status_adjusted and control_adjusted)",2022,1,1,"genus aggregation; mode across 1 original and 0 gapfilled species-level recommendations in this region (ties: most conservative status_adjusted and control_adjusted)","penalized if catch exceeds 2018-2022 mean; not penalized below mean",1
2023,"region_3","dosidicus",10413,50,10708.02,5,"maximally harvested","no increase","genus aggregation; mode across 1 original and 0 gapfilled species-level recommendations in this region (ties: most conservative status_adjusted and control_adjusted)",2022,1,1,"genus aggregation; mode across 1 original and 0 gapfilled species-level recommendations in this region (ties: most conservative status_adjusted and control_adjusted)","penalized if catch exceeds 2018-2022 mean; not penalized below mean",1
2024,"region_3","dosidicus",3226,37,10708.02,5,"maximally harvested","no increase","genus aggregation; mode across 1 original and 0 gapfilled species-level recommendations in this region (ties: most conservative status_adjusted and control_adjusted)",2022,1,1,"genus aggregation; mode across 1 original and 0 gapfilled species-level recommendations in this region (ties: most conservative status_adjusted and control_adjusted)","penalized if catch exceeds 2018-2022 mean; not penalized below mean",1
2018,"region_3","hoplopagrus",12399.2,76,13187.28,5,"maximally harvested","no increase","genus aggregation; mode across 1 original and 0 gapfilled species-level recommendations in this region (ties: most conservative status_adjusted and control_adjusted)",2023,1,1,"genus aggregation; mode across 1 original and 0 gapfilled species-level recommendations in this region (ties: most conservative status_adjusted and control_adjusted)","penalized if catch exceeds 2018-2022 mean; not penalized below mean",1
2019,"region_3","hoplopagrus",10054.8,41,13187.28,5,"maximally harvested","no increase","genus aggregation; mode across 1 original and 0 gapfilled species-level recommendations in this region (ties: most conservative status_adjusted and control_adjusted)",2023,1,1,"genus aggregation; mode across 1 original and 0 gapfilled species-level recommendations in this region (ties: most conservative status_adjusted and control_adjusted)","penalized if catch exceeds 2018-2022 mean; not penalized below mean",1
2020,"region_3","hoplopagrus",5956.9,40,13187.28,5,"maximally harvested","no increase","genus aggregation; mode across 1 original and 0 gapfilled species-level recommendations in this region (ties: most conservative status_adjusted and control_adjusted)",2023,1,1,"genus aggregation; mode across 1 original and 0 gapfilled species-level recommendations in this region (ties: most conservative status_adjusted and control_adjusted)","penalized if catch exceeds 2018-2022 mean; not penalized below mean",1
2021,"region_3","hoplopagrus",17891.9,71,13187.28,5,"maximally harvested","no increase","genus aggregation; mode across 1 original and 0 gapfilled species-level recommendations in this region (ties: most conservative status_adjusted and control_adjusted)",2023,1,1,"genus aggregation; mode across 1 original and 0 gapfilled species-level recommendations in this region (ties: most conservative status_adjusted and control_adjusted)","penalized if catch exceeds 2018-2022 mean; not penalized below mean",0.737053079885311
2022,"region_3","hoplopagrus",19633.6,124,13187.28,5,"maximally harvested","no increase","genus aggregation; mode across 1 original and 0 gapfilled species-level recommendations in this region (ties: most conservative status_adjusted and control_adjusted)",2023,1,1,"genus aggregation; mode across 1 original and 0 gapfilled species-level recommendations in this region (ties: most conservative status_adjusted and control_adjusted)","penalized if catch exceeds 2018-2022 mean; not penalized below mean",0.671668975633608
2023,"region_3","hoplopagrus",20657,199,13187.28,5,"maximally harvested","no increase","genus aggregation; mode across 1 original and 0 gapfilled species-level recommendations in this region (ties: most conservative status_adjusted and control_adjusted)",2023,1,1,"genus aggregation; mode across 1 original and 0 gapfilled species-level recommendations in this region (ties: most conservative status_adjusted and control_adjusted)","penalized if catch exceeds 2018-2022 mean; not penalized below mean",0.638392796630682
2024,"region_3","hoplopagrus",26461.5,165,13187.28,5,"maximally harvested","no increase","genus aggregation; mode across 1 original and 0 gapfilled species-level recommendations in this region (ties: most conservative status_adjusted and control_adjusted)",2023,1,1,"genus aggregation; mode across 1 original and 0 gapfilled species-level recommendations in this region (ties: most conservative status_adjusted and control_adjusted)","penalized if catch exceeds 2018-2022 mean; not penalized below mean",0.498357235984355
2018,"region_3","isurus",7627,17,28664.99,5,"maximally harvested","no increase","genus aggregation; mode across 1 original and 0 gapfilled species-level recommendations in this region (ties: most conservative status_adjusted and control_adjusted)",2023,1,1,"genus aggregation; mode across 1 original and 0 gapfilled species-level recommendations in this region (ties: most conservative status_adjusted and control_adjusted)","penalized if catch exceeds 2018-2022 mean; not penalized below mean",1
2019,"region_3","isurus",54464.45,25,28664.99,5,"maximally harvested","no increase","genus aggregation; mode across 1 original and 0 gapfilled species-level recommendations in this region (ties: most conservative status_adjusted and control_adjusted)",2023,1,1,"genus aggregation; mode across 1 original and 0 gapfilled species-level recommendations in this region (ties: most conservative status_adjusted and control_adjusted)","penalized if catch exceeds 2018-2022 mean; not penalized below mean",0.526306425567503
2020,"region_3","isurus",32320.4,21,28664.99,5,"maximally harvested","no increase","genus aggregation; mode across 1 original and 0 gapfilled species-level recommendations in this region (ties: most conservative status_adjusted and control_adjusted)",2023,1,1,"genus aggregation; mode across 1 original and 0 gapfilled species-level recommendations in this region (ties: most conservative status_adjusted and control_adjusted)","penalized if catch exceeds 2018-2022 mean; not penalized below mean",0.886900842811351
2021,"region_3","isurus",28353.65,52,28664.99,5,"maximally harvested","no increase","genus aggregation; mode across 1 original and 0 gapfilled species-level recommendations in this region (ties: most conservative status_adjusted and control_adjusted)",2023,1,1,"genus aggregation; mode across 1 original and 0 gapfilled species-level recommendations in this region (ties: most conservative status_adjusted and control_adjusted)","penalized if catch exceeds 2018-2022 mean; not penalized below mean",1
2022,"region_3","isurus",20559.45,36,28664.99,5,"maximally harvested","no increase","genus aggregation; mode across 1 original and 0 gapfilled species-level recommendations in this region (ties: most conservative status_adjusted and control_adjusted)",2023,1,1,"genus aggregation; mode across 1 original and 0 gapfilled species-level recommendations in this region (ties: most conservative status_adjusted and control_adjusted)","penalized if catch exceeds 2018-2022 mean; not penalized below mean",1
2023,"region_3","isurus",126042,34,28664.99,5,"maximally harvested","no increase","genus aggregation; mode across 1 original and 0 gapfilled species-level recommendations in this region (ties: most conservative status_adjusted and control_adjusted)",2023,1,1,"genus aggregation; mode across 1 original and 0 gapfilled species-level recommendations in this region (ties: most conservative status_adjusted and control_adjusted)","penalized if catch exceeds 2018-2022 mean; not penalized below mean",0.227424112597388
2024,"region_3","isurus",73400.6,64,28664.99,5,"maximally harvested","no increase","genus aggregation; mode across 1 original and 0 gapfilled species-level recommendations in this region (ties: most conservative status_adjusted and control_adjusted)",2023,1,1,"genus aggregation; mode across 1 original and 0 gapfilled species-level recommendations in this region (ties: most conservative status_adjusted and control_adjusted)","penalized if catch exceeds 2018-2022 mean; not penalized below mean",0.390528006583052
2018,"region_3","lutjanus",485027.95,1004,436490.69,5,"maximally harvested","no increase","genus aggregation; mode across 8 original and 0 gapfilled species-level recommendations in this region (ties: most conservative status_adjusted and control_adjusted)",2023,8,8,"genus aggregation; mode across 8 original and 0 gapfilled species-level recommendations in this region (ties: most conservative status_adjusted and control_adjusted)","penalized if catch exceeds 2018-2022 mean; not penalized below mean",0.899928942239308
2019,"region_3","lutjanus",410545.55,948,436490.69,5,"maximally harvested","no increase","genus aggregation; mode across 8 original and 0 gapfilled species-level recommendations in this region (ties: most conservative status_adjusted and control_adjusted)",2023,8,8,"genus aggregation; mode across 8 original and 0 gapfilled species-level recommendations in this region (ties: most conservative status_adjusted and control_adjusted)","penalized if catch exceeds 2018-2022 mean; not penalized below mean",1
2020,"region_3","lutjanus",404461.15,1125,436490.69,5,"maximally harvested","no increase","genus aggregation; mode across 8 original and 0 gapfilled species-level recommendations in this region (ties: most conservative status_adjusted and control_adjusted)",2023,8,8,"genus aggregation; mode across 8 original and 0 gapfilled species-level recommendations in this region (ties: most conservative status_adjusted and control_adjusted)","penalized if catch exceeds 2018-2022 mean; not penalized below mean",1
2021,"region_3","lutjanus",456604.5,1461,436490.69,5,"maximally harvested","no increase","genus aggregation; mode across 8 original and 0 gapfilled species-level recommendations in this region (ties: most conservative status_adjusted and control_adjusted)",2023,8,8,"genus aggregation; mode across 8 original and 0 gapfilled species-level recommendations in this region (ties: most conservative status_adjusted and control_adjusted)","penalized if catch exceeds 2018-2022 mean; not penalized below mean",1
2022,"region_3","lutjanus",425814.3,1473,436490.69,5,"maximally harvested","no increase","genus aggregation; mode across 8 original and 0 gapfilled species-level recommendations in this region (ties: most conservative status_adjusted and control_adjusted)",2023,8,8,"genus aggregation; mode across 8 original and 0 gapfilled species-level recommendations in this region (ties: most conservative status_adjusted and control_adjusted)","penalized if catch exceeds 2018-2022 mean; not penalized below mean",1
2023,"region_3","lutjanus",441346,1740,436490.69,5,"maximally harvested","no increase","genus aggregation; mode across 8 original and 0 gapfilled species-level recommendations in this region (ties: most conservative status_adjusted and control_adjusted)",2023,8,8,"genus aggregation; mode across 8 original and 0 gapfilled species-level recommendations in this region (ties: most conservative status_adjusted and control_adjusted)","penalized if catch exceeds 2018-2022 mean; not penalized below mean",1
2024,"region_3","lutjanus",315654.16,1292,436490.69,5,"maximally harvested","no increase","genus aggregation; mode across 8 original and 0 gapfilled species-level recommendations in this region (ties: most conservative status_adjusted and control_adjusted)",2023,8,8,"genus aggregation; mode across 8 original and 0 gapfilled species-level recommendations in this region (ties: most conservative status_adjusted and control_adjusted)","penalized if catch exceeds 2018-2022 mean; not penalized below mean",1
2018,"region_3","mugil",26081,76,75526.6,5,"maximally harvested","no increase","genus aggregation; mode across 3 original and 0 gapfilled species-level recommendations in this region (ties: most conservative status_adjusted and control_adjusted)",2023,3,3,"genus aggregation; mode across 3 original and 0 gapfilled species-level recommendations in this region (ties: most conservative status_adjusted and control_adjusted)","penalized if catch exceeds 2018-2022 mean; not penalized below mean",1
2019,"region_3","mugil",50466,86,75526.6,5,"maximally harvested","no increase","genus aggregation; mode across 3 original and 0 gapfilled species-level recommendations in this region (ties: most conservative status_adjusted and control_adjusted)",2023,3,3,"genus aggregation; mode across 3 original and 0 gapfilled species-level recommendations in this region (ties: most conservative status_adjusted and control_adjusted)","penalized if catch exceeds 2018-2022 mean; not penalized below mean",1
2020,"region_3","mugil",77756,61,75526.6,5,"maximally harvested","no increase","genus aggregation; mode across 3 original and 0 gapfilled species-level recommendations in this region (ties: most conservative status_adjusted and control_adjusted)",2023,3,3,"genus aggregation; mode across 3 original and 0 gapfilled species-level recommendations in this region (ties: most conservative status_adjusted and control_adjusted)","penalized if catch exceeds 2018-2022 mean; not penalized below mean",1
2021,"region_3","mugil",100767,102,75526.6,5,"maximally harvested","no increase","genus aggregation; mode across 3 original and 0 gapfilled species-level recommendations in this region (ties: most conservative status_adjusted and control_adjusted)",2023,3,3,"genus aggregation; mode across 3 original and 0 gapfilled species-level recommendations in this region (ties: most conservative status_adjusted and control_adjusted)","penalized if catch exceeds 2018-2022 mean; not penalized below mean",0.749517203052587
2022,"region_3","mugil",122563,115,75526.6,5,"maximally harvested","no increase","genus aggregation; mode across 3 original and 0 gapfilled species-level recommendations in this region (ties: most conservative status_adjusted and control_adjusted)",2023,3,3,"genus aggregation; mode across 3 original and 0 gapfilled species-level recommendations in this region (ties: most conservative status_adjusted and control_adjusted)","penalized if catch exceeds 2018-2022 mean; not penalized below mean",0.616226756851578
2023,"region_3","mugil",49202,47,75526.6,5,"maximally harvested","no increase","genus aggregation; mode across 3 original and 0 gapfilled species-level recommendations in this region (ties: most conservative status_adjusted and control_adjusted)",2023,3,3,"genus aggregation; mode across 3 original and 0 gapfilled species-level recommendations in this region (ties: most conservative status_adjusted and control_adjusted)","penalized if catch exceeds 2018-2022 mean; not penalized below mean",1
2024,"region_3","mugil",14619,22,75526.6,5,"maximally harvested","no increase","genus aggregation; mode across 3 original and 0 gapfilled species-level recommendations in this region (ties: most conservative status_adjusted and control_adjusted)",2023,3,3,"genus aggregation; mode across 3 original and 0 gapfilled species-level recommendations in this region (ties: most conservative status_adjusted and control_adjusted)","penalized if catch exceeds 2018-2022 mean; not penalized below mean",1
2019,"region_3","mustelus",5282,11,9987.5625,4,"maximally harvested","no increase","genus aggregation; mode across 4 original and 0 gapfilled species-level recommendations in this region (ties: most conservative status_adjusted and control_adjusted)",2023,4,4,"genus aggregation; mode across 4 original and 0 gapfilled species-level recommendations in this region (ties: most conservative status_adjusted and control_adjusted)","penalized if catch exceeds 2018-2022 mean; not penalized below mean",1
2020,"region_3","mustelus",13773,25,9987.5625,4,"maximally harvested","no increase","genus aggregation; mode across 4 original and 0 gapfilled species-level recommendations in this region (ties: most conservative status_adjusted and control_adjusted)",2023,4,4,"genus aggregation; mode across 4 original and 0 gapfilled species-level recommendations in this region (ties: most conservative status_adjusted and control_adjusted)","penalized if catch exceeds 2018-2022 mean; not penalized below mean",0.725155194946635
2021,"region_3","mustelus",8576,23,9987.5625,4,"maximally harvested","no increase","genus aggregation; mode across 4 original and 0 gapfilled species-level recommendations in this region (ties: most conservative status_adjusted and control_adjusted)",2023,4,4,"genus aggregation; mode across 4 original and 0 gapfilled species-level recommendations in this region (ties: most conservative status_adjusted and control_adjusted)","penalized if catch exceeds 2018-2022 mean; not penalized below mean",1
2022,"region_3","mustelus",12319.25,38,9987.5625,4,"maximally harvested","no increase","genus aggregation; mode across 4 original and 0 gapfilled species-level recommendations in this region (ties: most conservative status_adjusted and control_adjusted)",2023,4,4,"genus aggregation; mode across 4 original and 0 gapfilled species-level recommendations in this region (ties: most conservative status_adjusted and control_adjusted)","penalized if catch exceeds 2018-2022 mean; not penalized below mean",0.810728128741604
2023,"region_3","mustelus",25366,60,9987.5625,4,"maximally harvested","no increase","genus aggregation; mode across 4 original and 0 gapfilled species-level recommendations in this region (ties: most conservative status_adjusted and control_adjusted)",2023,4,4,"genus aggregation; mode across 4 original and 0 gapfilled species-level recommendations in this region (ties: most conservative status_adjusted and control_adjusted)","penalized if catch exceeds 2018-2022 mean; not penalized below mean",0.393738173145155
2024,"region_3","mustelus",30964.2,45,9987.5625,4,"maximally harvested","no increase","genus aggregation; mode across 4 original and 0 gapfilled species-level recommendations in this region (ties: most conservative status_adjusted and control_adjusted)",2023,4,4,"genus aggregation; mode across 4 original and 0 gapfilled species-level recommendations in this region (ties: most conservative status_adjusted and control_adjusted)","penalized if catch exceeds 2018-2022 mean; not penalized below mean",0.322551930939601
2018,"region_3","panulirus",12722.1,43,3646.025,4,"maximally harvested","no increase","genus aggregation; mode across 2 original and 2 gapfilled species-level recommendations in this region (ties: most conservative status_adjusted and control_adjusted)",2023,4,2,"genus aggregation; mode across 2 original and 2 gapfilled species-level recommendations in this region (ties: most conservative status_adjusted and control_adjusted)","penalized if catch exceeds 2018-2022 mean; not penalized below mean",0.286589871169068
2019,"region_3","panulirus",1054,4,3646.025,4,"maximally harvested","no increase","genus aggregation; mode across 2 original and 2 gapfilled species-level recommendations in this region (ties: most conservative status_adjusted and control_adjusted)",2023,4,2,"genus aggregation; mode across 2 original and 2 gapfilled species-level recommendations in this region (ties: most conservative status_adjusted and control_adjusted)","penalized if catch exceeds 2018-2022 mean; not penalized below mean",1
2021,"region_3","panulirus",588,3,3646.025,4,"maximally harvested","no increase","genus aggregation; mode across 2 original and 2 gapfilled species-level recommendations in this region (ties: most conservative status_adjusted and control_adjusted)",2023,4,2,"genus aggregation; mode across 2 original and 2 gapfilled species-level recommendations in this region (ties: most conservative status_adjusted and control_adjusted)","penalized if catch exceeds 2018-2022 mean; not penalized below mean",1
2022,"region_3","panulirus",220,3,3646.025,4,"maximally harvested","no increase","genus aggregation; mode across 2 original and 2 gapfilled species-level recommendations in this region (ties: most conservative status_adjusted and control_adjusted)",2023,4,2,"genus aggregation; mode across 2 original and 2 gapfilled species-level recommendations in this region (ties: most conservative status_adjusted and control_adjusted)","penalized if catch exceeds 2018-2022 mean; not penalized below mean",1
2023,"region_3","panulirus",1600,4,3646.025,4,"maximally harvested","no increase","genus aggregation; mode across 2 original and 2 gapfilled species-level recommendations in this region (ties: most conservative status_adjusted and control_adjusted)",2023,4,2,"genus aggregation; mode across 2 original and 2 gapfilled species-level recommendations in this region (ties: most conservative status_adjusted and control_adjusted)","penalized if catch exceeds 2018-2022 mean; not penalized below mean",1
2018,"region_3","paralabrax",185667,340,276637.26,5,"maximally harvested","no increase","genus aggregation; mode across 1 original and 0 gapfilled species-level recommendations in this region (ties: most conservative status_adjusted and control_adjusted)",2023,1,1,"genus aggregation; mode across 1 original and 0 gapfilled species-level recommendations in this region (ties: most conservative status_adjusted and control_adjusted)","penalized if catch exceeds 2018-2022 mean; not penalized below mean",1
2019,"region_3","paralabrax",142949.7,294,276637.26,5,"maximally harvested","no increase","genus aggregation; mode across 1 original and 0 gapfilled species-level recommendations in this region (ties: most conservative status_adjusted and control_adjusted)",2023,1,1,"genus aggregation; mode across 1 original and 0 gapfilled species-level recommendations in this region (ties: most conservative status_adjusted and control_adjusted)","penalized if catch exceeds 2018-2022 mean; not penalized below mean",1
2020,"region_3","paralabrax",242275.3,384,276637.26,5,"maximally harvested","no increase","genus aggregation; mode across 1 original and 0 gapfilled species-level recommendations in this region (ties: most conservative status_adjusted and control_adjusted)",2023,1,1,"genus aggregation; mode across 1 original and 0 gapfilled species-level recommendations in this region (ties: most conservative status_adjusted and control_adjusted)","penalized if catch exceeds 2018-2022 mean; not penalized below mean",1
2021,"region_3","paralabrax",398860,584,276637.26,5,"maximally harvested","no increase","genus aggregation; mode across 1 original and 0 gapfilled species-level recommendations in this region (ties: most conservative status_adjusted and control_adjusted)",2023,1,1,"genus aggregation; mode across 1 original and 0 gapfilled species-level recommendations in this region (ties: most conservative status_adjusted and control_adjusted)","penalized if catch exceeds 2018-2022 mean; not penalized below mean",0.693569823998395
2022,"region_3","paralabrax",413434.3,533,276637.26,5,"maximally harvested","no increase","genus aggregation; mode across 1 original and 0 gapfilled species-level recommendations in this region (ties: most conservative status_adjusted and control_adjusted)",2023,1,1,"genus aggregation; mode across 1 original and 0 gapfilled species-level recommendations in this region (ties: most conservative status_adjusted and control_adjusted)","penalized if catch exceeds 2018-2022 mean; not penalized below mean",0.669120244740216
2023,"region_3","paralabrax",431306,532,276637.26,5,"maximally harvested","no increase","genus aggregation; mode across 1 original and 0 gapfilled species-level recommendations in this region (ties: most conservative status_adjusted and control_adjusted)",2023,1,1,"genus aggregation; mode across 1 original and 0 gapfilled species-level recommendations in this region (ties: most conservative status_adjusted and control_adjusted)","penalized if catch exceeds 2018-2022 mean; not penalized below mean",0.641394416029455
2024,"region_3","paralabrax",440004.7,478,276637.26,5,"maximally harvested","no increase","genus aggregation; mode across 1 original and 0 gapfilled species-level recommendations in this region (ties: most conservative status_adjusted and control_adjusted)",2023,1,1,"genus aggregation; mode across 1 original and 0 gapfilled species-level recommendations in this region (ties: most conservative status_adjusted and control_adjusted)","penalized if catch exceeds 2018-2022 mean; not penalized below mean",0.628714329642388
2018,"region_3","prionace",72.8,2,2394.76,5,"maximally harvested","no increase","genus aggregation; mode across 1 original and 0 gapfilled species-level recommendations in this region (ties: most conservative status_adjusted and control_adjusted)",2023,1,1,"genus aggregation; mode across 1 original and 0 gapfilled species-level recommendations in this region (ties: most conservative status_adjusted and control_adjusted)","penalized if catch exceeds 2018-2022 mean; not penalized below mean",1
2019,"region_3","prionace",6620,3,2394.76,5,"maximally harvested","no increase","genus aggregation; mode across 1 original and 0 gapfilled species-level recommendations in this region (ties: most conservative status_adjusted and control_adjusted)",2023,1,1,"genus aggregation; mode across 1 original and 0 gapfilled species-level recommendations in this region (ties: most conservative status_adjusted and control_adjusted)","penalized if catch exceeds 2018-2022 mean; not penalized below mean",0.361746223564955
2020,"region_3","prionace",1300.5,4,2394.76,5,"maximally harvested","no increase","genus aggregation; mode across 1 original and 0 gapfilled species-level recommendations in this region (ties: most conservative status_adjusted and control_adjusted)",2023,1,1,"genus aggregation; mode across 1 original and 0 gapfilled species-level recommendations in this region (ties: most conservative status_adjusted and control_adjusted)","penalized if catch exceeds 2018-2022 mean; not penalized below mean",1
2021,"region_3","prionace",3539,11,2394.76,5,"maximally harvested","no increase","genus aggregation; mode across 1 original and 0 gapfilled species-level recommendations in this region (ties: most conservative status_adjusted and control_adjusted)",2023,1,1,"genus aggregation; mode across 1 original and 0 gapfilled species-level recommendations in this region (ties: most conservative status_adjusted and control_adjusted)","penalized if catch exceeds 2018-2022 mean; not penalized below mean",0.676677027408873
2022,"region_3","prionace",441.5,5,2394.76,5,"maximally harvested","no increase","genus aggregation; mode across 1 original and 0 gapfilled species-level recommendations in this region (ties: most conservative status_adjusted and control_adjusted)",2023,1,1,"genus aggregation; mode across 1 original and 0 gapfilled species-level recommendations in this region (ties: most conservative status_adjusted and control_adjusted)","penalized if catch exceeds 2018-2022 mean; not penalized below mean",1
2023,"region_3","prionace",171092,10,2394.76,5,"maximally harvested","no increase","genus aggregation; mode across 1 original and 0 gapfilled species-level recommendations in this region (ties: most conservative status_adjusted and control_adjusted)",2023,1,1,"genus aggregation; mode across 1 original and 0 gapfilled species-level recommendations in this region (ties: most conservative status_adjusted and control_adjusted)","penalized if catch exceeds 2018-2022 mean; not penalized below mean",0.0139969139410376
2024,"region_3","prionace",204996.2,29,2394.76,5,"maximally harvested","no increase","genus aggregation; mode across 1 original and 0 gapfilled species-level recommendations in this region (ties: most conservative status_adjusted and control_adjusted)",2023,1,1,"genus aggregation; mode across 1 original and 0 gapfilled species-level recommendations in this region (ties: most conservative status_adjusted and control_adjusted)","penalized if catch exceeds 2018-2022 mean; not penalized below mean",0.0116819726414441
2018,"region_3","rhizoprionodon",88941,199,181907.44,5,"maximally harvested","no increase","genus aggregation; mode across 1 original and 0 gapfilled species-level recommendations in this region (ties: most conservative status_adjusted and control_adjusted)",2023,1,1,"genus aggregation; mode across 1 original and 0 gapfilled species-level recommendations in this region (ties: most conservative status_adjusted and control_adjusted)","penalized if catch exceeds 2018-2022 mean; not penalized below mean",1
2019,"region_3","rhizoprionodon",172644.05,201,181907.44,5,"maximally harvested","no increase","genus aggregation; mode across 1 original and 0 gapfilled species-level recommendations in this region (ties: most conservative status_adjusted and control_adjusted)",2023,1,1,"genus aggregation; mode across 1 original and 0 gapfilled species-level recommendations in this region (ties: most conservative status_adjusted and control_adjusted)","penalized if catch exceeds 2018-2022 mean; not penalized below mean",1
2020,"region_3","rhizoprionodon",229955.45,230,181907.44,5,"maximally harvested","no increase","genus aggregation; mode across 1 original and 0 gapfilled species-level recommendations in this region (ties: most conservative status_adjusted and control_adjusted)",2023,1,1,"genus aggregation; mode across 1 original and 0 gapfilled species-level recommendations in this region (ties: most conservative status_adjusted and control_adjusted)","penalized if catch exceeds 2018-2022 mean; not penalized below mean",0.791055136984142
2021,"region_3","rhizoprionodon",170485.5,253,181907.44,5,"maximally harvested","no increase","genus aggregation; mode across 1 original and 0 gapfilled species-level recommendations in this region (ties: most conservative status_adjusted and control_adjusted)",2023,1,1,"genus aggregation; mode across 1 original and 0 gapfilled species-level recommendations in this region (ties: most conservative status_adjusted and control_adjusted)","penalized if catch exceeds 2018-2022 mean; not penalized below mean",1
2022,"region_3","rhizoprionodon",247511.2,353,181907.44,5,"maximally harvested","no increase","genus aggregation; mode across 1 original and 0 gapfilled species-level recommendations in this region (ties: most conservative status_adjusted and control_adjusted)",2023,1,1,"genus aggregation; mode across 1 original and 0 gapfilled species-level recommendations in this region (ties: most conservative status_adjusted and control_adjusted)","penalized if catch exceeds 2018-2022 mean; not penalized below mean",0.734946297379674
2018,"region_3","sarda",20675,25,8196.8,5,"development potential","no increase","genus aggregation; mode across 0 original and 1 gapfilled species-level recommendations in this region (ties: most conservative status_adjusted and control_adjusted)",2012,1,0,"genus aggregation; mode across 0 original and 1 gapfilled species-level recommendations in this region (ties: most conservative status_adjusted and control_adjusted)","development potential (score = 1; no underfishing penalty)",1
2019,"region_3","sarda",9371,22,8196.8,5,"development potential","no increase","genus aggregation; mode across 0 original and 1 gapfilled species-level recommendations in this region (ties: most conservative status_adjusted and control_adjusted)",2012,1,0,"genus aggregation; mode across 0 original and 1 gapfilled species-level recommendations in this region (ties: most conservative status_adjusted and control_adjusted)","development potential (score = 1; no underfishing penalty)",1
2020,"region_3","sarda",8483,3,8196.8,5,"development potential","no increase","genus aggregation; mode across 0 original and 1 gapfilled species-level recommendations in this region (ties: most conservative status_adjusted and control_adjusted)",2012,1,0,"genus aggregation; mode across 0 original and 1 gapfilled species-level recommendations in this region (ties: most conservative status_adjusted and control_adjusted)","development potential (score = 1; no underfishing penalty)",1
2021,"region_3","sarda",986,16,8196.8,5,"development potential","no increase","genus aggregation; mode across 0 original and 1 gapfilled species-level recommendations in this region (ties: most conservative status_adjusted and control_adjusted)",2012,1,0,"genus aggregation; mode across 0 original and 1 gapfilled species-level recommendations in this region (ties: most conservative status_adjusted and control_adjusted)","development potential (score = 1; no underfishing penalty)",1
2022,"region_3","sarda",1469,5,8196.8,5,"development potential","no increase","genus aggregation; mode across 0 original and 1 gapfilled species-level recommendations in this region (ties: most conservative status_adjusted and control_adjusted)",2012,1,0,"genus aggregation; mode across 0 original and 1 gapfilled species-level recommendations in this region (ties: most conservative status_adjusted and control_adjusted)","development potential (score = 1; no underfishing penalty)",1
2018,"region_3","sardinops",1653000,9,426880,4,"maximally harvested","no increase","genus aggregation; mode across 1 original and 0 gapfilled species-level recommendations in this region (ties: most conservative status_adjusted and control_adjusted)",2022,1,1,"genus aggregation; mode across 1 original and 0 gapfilled species-level recommendations in this region (ties: most conservative status_adjusted and control_adjusted)","penalized if catch exceeds 2018-2022 mean; not penalized below mean",0.258245614035088
2020,"region_3","sardinops",8120,1,426880,4,"maximally harvested","no increase","genus aggregation; mode across 1 original and 0 gapfilled species-level recommendations in this region (ties: most conservative status_adjusted and control_adjusted)",2022,1,1,"genus aggregation; mode across 1 original and 0 gapfilled species-level recommendations in this region (ties: most conservative status_adjusted and control_adjusted)","penalized if catch exceeds 2018-2022 mean; not penalized below mean",1
2021,"region_3","sardinops",23200,2,426880,4,"maximally harvested","no increase","genus aggregation; mode across 1 original and 0 gapfilled species-level recommendations in this region (ties: most conservative status_adjusted and control_adjusted)",2022,1,1,"genus aggregation; mode across 1 original and 0 gapfilled species-level recommendations in this region (ties: most conservative status_adjusted and control_adjusted)","penalized if catch exceeds 2018-2022 mean; not penalized below mean",1
2022,"region_3","sardinops",23200,2,426880,4,"maximally harvested","no increase","genus aggregation; mode across 1 original and 0 gapfilled species-level recommendations in this region (ties: most conservative status_adjusted and control_adjusted)",2022,1,1,"genus aggregation; mode across 1 original and 0 gapfilled species-level recommendations in this region (ties: most conservative status_adjusted and control_adjusted)","penalized if catch exceeds 2018-2022 mean; not penalized below mean",1
2024,"region_3","sardinops",6960,1,426880,4,"maximally harvested","no increase","genus aggregation; mode across 1 original and 0 gapfilled species-level recommendations in this region (ties: most conservative status_adjusted and control_adjusted)",2022,1,1,"genus aggregation; mode across 1 original and 0 gapfilled species-level recommendations in this region (ties: most conservative status_adjusted and control_adjusted)","penalized if catch exceeds 2018-2022 mean; not penalized below mean",1
2018,"region_3","scomberomorus",84861,63,142697.72,5,"maximally harvested","no increase","genus aggregation; mode across 2 original and 0 gapfilled species-level recommendations in this region (ties: most conservative status_adjusted and control_adjusted)",2023,2,2,"genus aggregation; mode across 2 original and 0 gapfilled species-level recommendations in this region (ties: most conservative status_adjusted and control_adjusted)","penalized if catch exceeds 2018-2022 mean; not penalized below mean",1
2019,"region_3","scomberomorus",229247,96,142697.72,5,"maximally harvested","no increase","genus aggregation; mode across 2 original and 0 gapfilled species-level recommendations in this region (ties: most conservative status_adjusted and control_adjusted)",2023,2,2,"genus aggregation; mode across 2 original and 0 gapfilled species-level recommendations in this region (ties: most conservative status_adjusted and control_adjusted)","penalized if catch exceeds 2018-2022 mean; not penalized below mean",0.622462758509381
2020,"region_3","scomberomorus",152205.5,74,142697.72,5,"maximally harvested","no increase","genus aggregation; mode across 2 original and 0 gapfilled species-level recommendations in this region (ties: most conservative status_adjusted and control_adjusted)",2023,2,2,"genus aggregation; mode across 2 original and 0 gapfilled species-level recommendations in this region (ties: most conservative status_adjusted and control_adjusted)","penalized if catch exceeds 2018-2022 mean; not penalized below mean",0.9375332691657
2021,"region_3","scomberomorus",141102,91,142697.72,5,"maximally harvested","no increase","genus aggregation; mode across 2 original and 0 gapfilled species-level recommendations in this region (ties: most conservative status_adjusted and control_adjusted)",2023,2,2,"genus aggregation; mode across 2 original and 0 gapfilled species-level recommendations in this region (ties: most conservative status_adjusted and control_adjusted)","penalized if catch exceeds 2018-2022 mean; not penalized below mean",1
2022,"region_3","scomberomorus",106073.1,70,142697.72,5,"maximally harvested","no increase","genus aggregation; mode across 2 original and 0 gapfilled species-level recommendations in this region (ties: most conservative status_adjusted and control_adjusted)",2023,2,2,"genus aggregation; mode across 2 original and 0 gapfilled species-level recommendations in this region (ties: most conservative status_adjusted and control_adjusted)","penalized if catch exceeds 2018-2022 mean; not penalized below mean",1
2023,"region_3","scomberomorus",76777,46,142697.72,5,"maximally harvested","no increase","genus aggregation; mode across 2 original and 0 gapfilled species-level recommendations in this region (ties: most conservative status_adjusted and control_adjusted)",2023,2,2,"genus aggregation; mode across 2 original and 0 gapfilled species-level recommendations in this region (ties: most conservative status_adjusted and control_adjusted)","penalized if catch exceeds 2018-2022 mean; not penalized below mean",1
2024,"region_3","scomberomorus",166886.07,64,142697.72,5,"maximally harvested","no increase","genus aggregation; mode across 2 original and 0 gapfilled species-level recommendations in this region (ties: most conservative status_adjusted and control_adjusted)",2023,2,2,"genus aggregation; mode across 2 original and 0 gapfilled species-level recommendations in this region (ties: most conservative status_adjusted and control_adjusted)","penalized if catch exceeds 2018-2022 mean; not penalized below mean",0.855060700992
2018,"region_3","sphoeroides",5775,11,12506.1,5,"maximally harvested","no increase","genus aggregation; mode across 3 original and 0 gapfilled species-level recommendations in this region (ties: most conservative status_adjusted and control_adjusted)",2023,3,3,"genus aggregation; mode across 3 original and 0 gapfilled species-level recommendations in this region (ties: most conservative status_adjusted and control_adjusted)","penalized if catch exceeds 2018-2022 mean; not penalized below mean",1
2019,"region_3","sphoeroides",1450,2,12506.1,5,"maximally harvested","no increase","genus aggregation; mode across 3 original and 0 gapfilled species-level recommendations in this region (ties: most conservative status_adjusted and control_adjusted)",2023,3,3,"genus aggregation; mode across 3 original and 0 gapfilled species-level recommendations in this region (ties: most conservative status_adjusted and control_adjusted)","penalized if catch exceeds 2018-2022 mean; not penalized below mean",1
2020,"region_3","sphoeroides",12509.3,14,12506.1,5,"maximally harvested","no increase","genus aggregation; mode across 3 original and 0 gapfilled species-level recommendations in this region (ties: most conservative status_adjusted and control_adjusted)",2023,3,3,"genus aggregation; mode across 3 original and 0 gapfilled species-level recommendations in this region (ties: most conservative status_adjusted and control_adjusted)","penalized if catch exceeds 2018-2022 mean; not penalized below mean",1
2021,"region_3","sphoeroides",18872.05,28,12506.1,5,"maximally harvested","no increase","genus aggregation; mode across 3 original and 0 gapfilled species-level recommendations in this region (ties: most conservative status_adjusted and control_adjusted)",2023,3,3,"genus aggregation; mode across 3 original and 0 gapfilled species-level recommendations in this region (ties: most conservative status_adjusted and control_adjusted)","penalized if catch exceeds 2018-2022 mean; not penalized below mean",0.662678405366667
2022,"region_3","sphoeroides",23924.15,40,12506.1,5,"maximally harvested","no increase","genus aggregation; mode across 3 original and 0 gapfilled species-level recommendations in this region (ties: most conservative status_adjusted and control_adjusted)",2023,3,3,"genus aggregation; mode across 3 original and 0 gapfilled species-level recommendations in this region (ties: most conservative status_adjusted and control_adjusted)","penalized if catch exceeds 2018-2022 mean; not penalized below mean",0.522739574864729
2023,"region_3","sphoeroides",39385,71,12506.1,5,"maximally harvested","no increase","genus aggregation; mode across 3 original and 0 gapfilled species-level recommendations in this region (ties: most conservative status_adjusted and control_adjusted)",2023,3,3,"genus aggregation; mode across 3 original and 0 gapfilled species-level recommendations in this region (ties: most conservative status_adjusted and control_adjusted)","penalized if catch exceeds 2018-2022 mean; not penalized below mean",0.317534594388727
2024,"region_3","sphoeroides",19498.8,61,12506.1,5,"maximally harvested","no increase","genus aggregation; mode across 3 original and 0 gapfilled species-level recommendations in this region (ties: most conservative status_adjusted and control_adjusted)",2023,3,3,"genus aggregation; mode across 3 original and 0 gapfilled species-level recommendations in this region (ties: most conservative status_adjusted and control_adjusted)","penalized if catch exceeds 2018-2022 mean; not penalized below mean",0.641377930949597
2018,"region_3","sphyrna",10592,20,12452.53,5,"maximally harvested","no increase","genus aggregation; mode across 3 original and 0 gapfilled species-level recommendations in this region (ties: most conservative status_adjusted and control_adjusted)",2023,3,3,"genus aggregation; mode across 3 original and 0 gapfilled species-level recommendations in this region (ties: most conservative status_adjusted and control_adjusted)","penalized if catch exceeds 2018-2022 mean; not penalized below mean",1
2019,"region_3","sphyrna",12272.95,28,12452.53,5,"maximally harvested","no increase","genus aggregation; mode across 3 original and 0 gapfilled species-level recommendations in this region (ties: most conservative status_adjusted and control_adjusted)",2023,3,3,"genus aggregation; mode across 3 original and 0 gapfilled species-level recommendations in this region (ties: most conservative status_adjusted and control_adjusted)","penalized if catch exceeds 2018-2022 mean; not penalized below mean",1
2020,"region_3","sphyrna",11068,7,12452.53,5,"maximally harvested","no increase","genus aggregation; mode across 3 original and 0 gapfilled species-level recommendations in this region (ties: most conservative status_adjusted and control_adjusted)",2023,3,3,"genus aggregation; mode across 3 original and 0 gapfilled species-level recommendations in this region (ties: most conservative status_adjusted and control_adjusted)","penalized if catch exceeds 2018-2022 mean; not penalized below mean",1
2021,"region_3","sphyrna",6298.9,16,12452.53,5,"maximally harvested","no increase","genus aggregation; mode across 3 original and 0 gapfilled species-level recommendations in this region (ties: most conservative status_adjusted and control_adjusted)",2023,3,3,"genus aggregation; mode across 3 original and 0 gapfilled species-level recommendations in this region (ties: most conservative status_adjusted and control_adjusted)","penalized if catch exceeds 2018-2022 mean; not penalized below mean",1
2022,"region_3","sphyrna",22030.8,40,12452.53,5,"maximally harvested","no increase","genus aggregation; mode across 3 original and 0 gapfilled species-level recommendations in this region (ties: most conservative status_adjusted and control_adjusted)",2023,3,3,"genus aggregation; mode across 3 original and 0 gapfilled species-level recommendations in this region (ties: most conservative status_adjusted and control_adjusted)","penalized if catch exceeds 2018-2022 mean; not penalized below mean",0.565232765038038
2023,"region_3","sphyrna",621814,83,12452.53,5,"maximally harvested","no increase","genus aggregation; mode across 3 original and 0 gapfilled species-level recommendations in this region (ties: most conservative status_adjusted and control_adjusted)",2023,3,3,"genus aggregation; mode across 3 original and 0 gapfilled species-level recommendations in this region (ties: most conservative status_adjusted and control_adjusted)","penalized if catch exceeds 2018-2022 mean; not penalized below mean",0.0200261332166854
2024,"region_3","sphyrna",296459.25,73,12452.53,5,"maximally harvested","no increase","genus aggregation; mode across 3 original and 0 gapfilled species-level recommendations in this region (ties: most conservative status_adjusted and control_adjusted)",2023,3,3,"genus aggregation; mode across 3 original and 0 gapfilled species-level recommendations in this region (ties: most conservative status_adjusted and control_adjusted)","penalized if catch exceeds 2018-2022 mean; not penalized below mean",0.0420041877593632
2018,"region_4","alopias",3874.5,4,73453.14,5,"maximally harvested","no increase","genus aggregation; mode across 3 original and 0 gapfilled species-level recommendations in this region (ties: most conservative status_adjusted and control_adjusted)",2023,3,3,"genus aggregation; mode across 3 original and 0 gapfilled species-level recommendations in this region (ties: most conservative status_adjusted and control_adjusted)","penalized if catch exceeds 2018-2022 mean; not penalized below mean",1
2019,"region_4","alopias",33410,7,73453.14,5,"maximally harvested","no increase","genus aggregation; mode across 3 original and 0 gapfilled species-level recommendations in this region (ties: most conservative status_adjusted and control_adjusted)",2023,3,3,"genus aggregation; mode across 3 original and 0 gapfilled species-level recommendations in this region (ties: most conservative status_adjusted and control_adjusted)","penalized if catch exceeds 2018-2022 mean; not penalized below mean",1
2020,"region_4","alopias",66051.95,22,73453.14,5,"maximally harvested","no increase","genus aggregation; mode across 3 original and 0 gapfilled species-level recommendations in this region (ties: most conservative status_adjusted and control_adjusted)",2023,3,3,"genus aggregation; mode across 3 original and 0 gapfilled species-level recommendations in this region (ties: most conservative status_adjusted and control_adjusted)","penalized if catch exceeds 2018-2022 mean; not penalized below mean",1
2021,"region_4","alopias",259691.45,53,73453.14,5,"maximally harvested","no increase","genus aggregation; mode across 3 original and 0 gapfilled species-level recommendations in this region (ties: most conservative status_adjusted and control_adjusted)",2023,3,3,"genus aggregation; mode across 3 original and 0 gapfilled species-level recommendations in this region (ties: most conservative status_adjusted and control_adjusted)","penalized if catch exceeds 2018-2022 mean; not penalized below mean",0.282847741040377
2022,"region_4","alopias",4237.8,4,73453.14,5,"maximally harvested","no increase","genus aggregation; mode across 3 original and 0 gapfilled species-level recommendations in this region (ties: most conservative status_adjusted and control_adjusted)",2023,3,3,"genus aggregation; mode across 3 original and 0 gapfilled species-level recommendations in this region (ties: most conservative status_adjusted and control_adjusted)","penalized if catch exceeds 2018-2022 mean; not penalized below mean",1
2023,"region_4","alopias",66664,13,73453.14,5,"maximally harvested","no increase","genus aggregation; mode across 3 original and 0 gapfilled species-level recommendations in this region (ties: most conservative status_adjusted and control_adjusted)",2023,3,3,"genus aggregation; mode across 3 original and 0 gapfilled species-level recommendations in this region (ties: most conservative status_adjusted and control_adjusted)","penalized if catch exceeds 2018-2022 mean; not penalized below mean",1
2024,"region_4","alopias",900,2,73453.14,5,"maximally harvested","no increase","genus aggregation; mode across 3 original and 0 gapfilled species-level recommendations in this region (ties: most conservative status_adjusted and control_adjusted)",2023,3,3,"genus aggregation; mode across 3 original and 0 gapfilled species-level recommendations in this region (ties: most conservative status_adjusted and control_adjusted)","penalized if catch exceeds 2018-2022 mean; not penalized below mean",1
2018,"region_4","carcharhinus",206325,112,371961.71,5,"maximally harvested","no increase","genus aggregation; mode across 9 original and 0 gapfilled species-level recommendations in this region (ties: most conservative status_adjusted and control_adjusted)",2023,9,9,"genus aggregation; mode across 9 original and 0 gapfilled species-level recommendations in this region (ties: most conservative status_adjusted and control_adjusted)","penalized if catch exceeds 2018-2022 mean; not penalized below mean",1
2019,"region_4","carcharhinus",218173.95,62,371961.71,5,"maximally harvested","no increase","genus aggregation; mode across 9 original and 0 gapfilled species-level recommendations in this region (ties: most conservative status_adjusted and control_adjusted)",2023,9,9,"genus aggregation; mode across 9 original and 0 gapfilled species-level recommendations in this region (ties: most conservative status_adjusted and control_adjusted)","penalized if catch exceeds 2018-2022 mean; not penalized below mean",1
2020,"region_4","carcharhinus",439948.75,63,371961.71,5,"maximally harvested","no increase","genus aggregation; mode across 9 original and 0 gapfilled species-level recommendations in this region (ties: most conservative status_adjusted and control_adjusted)",2023,9,9,"genus aggregation; mode across 9 original and 0 gapfilled species-level recommendations in this region (ties: most conservative status_adjusted and control_adjusted)","penalized if catch exceeds 2018-2022 mean; not penalized below mean",0.845466000301171
2021,"region_4","carcharhinus",198930.05,66,371961.71,5,"maximally harvested","no increase","genus aggregation; mode across 9 original and 0 gapfilled species-level recommendations in this region (ties: most conservative status_adjusted and control_adjusted)",2023,9,9,"genus aggregation; mode across 9 original and 0 gapfilled species-level recommendations in this region (ties: most conservative status_adjusted and control_adjusted)","penalized if catch exceeds 2018-2022 mean; not penalized below mean",1
2022,"region_4","carcharhinus",796430.8,155,371961.71,5,"maximally harvested","no increase","genus aggregation; mode across 9 original and 0 gapfilled species-level recommendations in this region (ties: most conservative status_adjusted and control_adjusted)",2023,9,9,"genus aggregation; mode across 9 original and 0 gapfilled species-level recommendations in this region (ties: most conservative status_adjusted and control_adjusted)","penalized if catch exceeds 2018-2022 mean; not penalized below mean",0.46703581780112
2023,"region_4","carcharhinus",1011339,123,371961.71,5,"maximally harvested","no increase","genus aggregation; mode across 9 original and 0 gapfilled species-level recommendations in this region (ties: most conservative status_adjusted and control_adjusted)",2023,9,9,"genus aggregation; mode across 9 original and 0 gapfilled species-level recommendations in this region (ties: most conservative status_adjusted and control_adjusted)","penalized if catch exceeds 2018-2022 mean; not penalized below mean",0.367791324175178
2024,"region_4","carcharhinus",1422572.75,169,371961.71,5,"maximally harvested","no increase","genus aggregation; mode across 9 original and 0 gapfilled species-level recommendations in this region (ties: most conservative status_adjusted and control_adjusted)",2023,9,9,"genus aggregation; mode across 9 original and 0 gapfilled species-level recommendations in this region (ties: most conservative status_adjusted and control_adjusted)","penalized if catch exceeds 2018-2022 mean; not penalized below mean",0.261471133901588
2018,"region_4","centropomus",5777.54,19,2542.568,5,"maximally harvested","no increase","genus aggregation; mode across 5 original and 0 gapfilled species-level recommendations in this region (ties: most conservative status_adjusted and control_adjusted)",2023,5,5,"genus aggregation; mode across 5 original and 0 gapfilled species-level recommendations in this region (ties: most conservative status_adjusted and control_adjusted)","penalized if catch exceeds 2018-2022 mean; not penalized below mean",0.440077957054387
2019,"region_4","centropomus",1421.2,7,2542.568,5,"maximally harvested","no increase","genus aggregation; mode across 5 original and 0 gapfilled species-level recommendations in this region (ties: most conservative status_adjusted and control_adjusted)",2023,5,5,"genus aggregation; mode across 5 original and 0 gapfilled species-level recommendations in this region (ties: most conservative status_adjusted and control_adjusted)","penalized if catch exceeds 2018-2022 mean; not penalized below mean",1
2020,"region_4","centropomus",591,6,2542.568,5,"maximally harvested","no increase","genus aggregation; mode across 5 original and 0 gapfilled species-level recommendations in this region (ties: most conservative status_adjusted and control_adjusted)",2023,5,5,"genus aggregation; mode across 5 original and 0 gapfilled species-level recommendations in this region (ties: most conservative status_adjusted and control_adjusted)","penalized if catch exceeds 2018-2022 mean; not penalized below mean",1
2021,"region_4","centropomus",2269.4,11,2542.568,5,"maximally harvested","no increase","genus aggregation; mode across 5 original and 0 gapfilled species-level recommendations in this region (ties: most conservative status_adjusted and control_adjusted)",2023,5,5,"genus aggregation; mode across 5 original and 0 gapfilled species-level recommendations in this region (ties: most conservative status_adjusted and control_adjusted)","penalized if catch exceeds 2018-2022 mean; not penalized below mean",1
2022,"region_4","centropomus",2653.7,11,2542.568,5,"maximally harvested","no increase","genus aggregation; mode across 5 original and 0 gapfilled species-level recommendations in this region (ties: most conservative status_adjusted and control_adjusted)",2023,5,5,"genus aggregation; mode across 5 original and 0 gapfilled species-level recommendations in this region (ties: most conservative status_adjusted and control_adjusted)","penalized if catch exceeds 2018-2022 mean; not penalized below mean",1
2023,"region_4","centropomus",1039,15,2542.568,5,"maximally harvested","no increase","genus aggregation; mode across 5 original and 0 gapfilled species-level recommendations in this region (ties: most conservative status_adjusted and control_adjusted)",2023,5,5,"genus aggregation; mode across 5 original and 0 gapfilled species-level recommendations in this region (ties: most conservative status_adjusted and control_adjusted)","penalized if catch exceeds 2018-2022 mean; not penalized below mean",1
2024,"region_4","centropomus",1728.5,21,2542.568,5,"maximally harvested","no increase","genus aggregation; mode across 5 original and 0 gapfilled species-level recommendations in this region (ties: most conservative status_adjusted and control_adjusted)",2023,5,5,"genus aggregation; mode across 5 original and 0 gapfilled species-level recommendations in this region (ties: most conservative status_adjusted and control_adjusted)","penalized if catch exceeds 2018-2022 mean; not penalized below mean",1
2018,"region_4","crassostrea",13050,10,23156.2,5,"maximally harvested","no increase","genus aggregation; mode across 3 original and 2 gapfilled species-level recommendations in this region (ties: most conservative status_adjusted and control_adjusted)",2023,5,3,"genus aggregation; mode across 3 original and 2 gapfilled species-level recommendations in this region (ties: most conservative status_adjusted and control_adjusted)","penalized if catch exceeds 2018-2022 mean; not penalized below mean",1
2019,"region_4","crassostrea",4340,8,23156.2,5,"maximally harvested","no increase","genus aggregation; mode across 3 original and 2 gapfilled species-level recommendations in this region (ties: most conservative status_adjusted and control_adjusted)",2023,5,3,"genus aggregation; mode across 3 original and 2 gapfilled species-level recommendations in this region (ties: most conservative status_adjusted and control_adjusted)","penalized if catch exceeds 2018-2022 mean; not penalized below mean",1
2020,"region_4","crassostrea",32229,16,23156.2,5,"maximally harvested","no increase","genus aggregation; mode across 3 original and 2 gapfilled species-level recommendations in this region (ties: most conservative status_adjusted and control_adjusted)",2023,5,3,"genus aggregation; mode across 3 original and 2 gapfilled species-level recommendations in this region (ties: most conservative status_adjusted and control_adjusted)","penalized if catch exceeds 2018-2022 mean; not penalized below mean",0.718489559092743
2021,"region_4","crassostrea",49039,65,23156.2,5,"maximally harvested","no increase","genus aggregation; mode across 3 original and 2 gapfilled species-level recommendations in this region (ties: most conservative status_adjusted and control_adjusted)",2023,5,3,"genus aggregation; mode across 3 original and 2 gapfilled species-level recommendations in this region (ties: most conservative status_adjusted and control_adjusted)","penalized if catch exceeds 2018-2022 mean; not penalized below mean",0.472199677807459
2022,"region_4","crassostrea",17123,58,23156.2,5,"maximally harvested","no increase","genus aggregation; mode across 3 original and 2 gapfilled species-level recommendations in this region (ties: most conservative status_adjusted and control_adjusted)",2023,5,3,"genus aggregation; mode across 3 original and 2 gapfilled species-level recommendations in this region (ties: most conservative status_adjusted and control_adjusted)","penalized if catch exceeds 2018-2022 mean; not penalized below mean",1
2023,"region_4","crassostrea",45025,49,23156.2,5,"maximally harvested","no increase","genus aggregation; mode across 3 original and 2 gapfilled species-level recommendations in this region (ties: most conservative status_adjusted and control_adjusted)",2023,5,3,"genus aggregation; mode across 3 original and 2 gapfilled species-level recommendations in this region (ties: most conservative status_adjusted and control_adjusted)","penalized if catch exceeds 2018-2022 mean; not penalized below mean",0.514296501943365
2024,"region_4","crassostrea",86890,91,23156.2,5,"maximally harvested","no increase","genus aggregation; mode across 3 original and 2 gapfilled species-level recommendations in this region (ties: most conservative status_adjusted and control_adjusted)",2023,5,3,"genus aggregation; mode across 3 original and 2 gapfilled species-level recommendations in this region (ties: most conservative status_adjusted and control_adjusted)","penalized if catch exceeds 2018-2022 mean; not penalized below mean",0.266500172632064
2018,"region_4","cynoscion",56995.02,173,60865.354,5,"maximally harvested","no increase","genus aggregation; mode across 0 original and 1 gapfilled species-level recommendations in this region (ties: most conservative status_adjusted and control_adjusted)",2023,1,0,"genus aggregation; mode across 0 original and 1 gapfilled species-level recommendations in this region (ties: most conservative status_adjusted and control_adjusted)","penalized if catch exceeds 2018-2022 mean; not penalized below mean",1
2019,"region_4","cynoscion",65991.9,161,60865.354,5,"maximally harvested","no increase","genus aggregation; mode across 0 original and 1 gapfilled species-level recommendations in this region (ties: most conservative status_adjusted and control_adjusted)",2023,1,0,"genus aggregation; mode across 0 original and 1 gapfilled species-level recommendations in this region (ties: most conservative status_adjusted and control_adjusted)","penalized if catch exceeds 2018-2022 mean; not penalized below mean",0.922315526602507
2020,"region_4","cynoscion",62973.2,209,60865.354,5,"maximally harvested","no increase","genus aggregation; mode across 0 original and 1 gapfilled species-level recommendations in this region (ties: most conservative status_adjusted and control_adjusted)",2023,1,0,"genus aggregation; mode across 0 original and 1 gapfilled species-level recommendations in this region (ties: most conservative status_adjusted and control_adjusted)","penalized if catch exceeds 2018-2022 mean; not penalized below mean",1
2021,"region_4","cynoscion",57947.15,227,60865.354,5,"maximally harvested","no increase","genus aggregation; mode across 0 original and 1 gapfilled species-level recommendations in this region (ties: most conservative status_adjusted and control_adjusted)",2023,1,0,"genus aggregation; mode across 0 original and 1 gapfilled species-level recommendations in this region (ties: most conservative status_adjusted and control_adjusted)","penalized if catch exceeds 2018-2022 mean; not penalized below mean",1
2022,"region_4","cynoscion",60419.5,257,60865.354,5,"maximally harvested","no increase","genus aggregation; mode across 0 original and 1 gapfilled species-level recommendations in this region (ties: most conservative status_adjusted and control_adjusted)",2023,1,0,"genus aggregation; mode across 0 original and 1 gapfilled species-level recommendations in this region (ties: most conservative status_adjusted and control_adjusted)","penalized if catch exceeds 2018-2022 mean; not penalized below mean",1
2023,"region_4","cynoscion",27697,183,60865.354,5,"maximally harvested","no increase","genus aggregation; mode across 0 original and 1 gapfilled species-level recommendations in this region (ties: most conservative status_adjusted and control_adjusted)",2023,1,0,"genus aggregation; mode across 0 original and 1 gapfilled species-level recommendations in this region (ties: most conservative status_adjusted and control_adjusted)","penalized if catch exceeds 2018-2022 mean; not penalized below mean",1
2024,"region_4","cynoscion",45234.552,156,60865.354,5,"maximally harvested","no increase","genus aggregation; mode across 0 original and 1 gapfilled species-level recommendations in this region (ties: most conservative status_adjusted and control_adjusted)",2023,1,0,"genus aggregation; mode across 0 original and 1 gapfilled species-level recommendations in this region (ties: most conservative status_adjusted and control_adjusted)","penalized if catch exceeds 2018-2022 mean; not penalized below mean",1
2018,"region_4","galeocerdo",78,1,330.05,5,"maximally harvested","no increase","genus aggregation; mode across 1 original and 0 gapfilled species-level recommendations in this region (ties: most conservative status_adjusted and control_adjusted)",2023,1,1,"genus aggregation; mode across 1 original and 0 gapfilled species-level recommendations in this region (ties: most conservative status_adjusted and control_adjusted)","penalized if catch exceeds 2018-2022 mean; not penalized below mean",1
2019,"region_4","galeocerdo",30,1,330.05,5,"maximally harvested","no increase","genus aggregation; mode across 1 original and 0 gapfilled species-level recommendations in this region (ties: most conservative status_adjusted and control_adjusted)",2023,1,1,"genus aggregation; mode across 1 original and 0 gapfilled species-level recommendations in this region (ties: most conservative status_adjusted and control_adjusted)","penalized if catch exceeds 2018-2022 mean; not penalized below mean",1
2020,"region_4","galeocerdo",189.2,6,330.05,5,"maximally harvested","no increase","genus aggregation; mode across 1 original and 0 gapfilled species-level recommendations in this region (ties: most conservative status_adjusted and control_adjusted)",2023,1,1,"genus aggregation; mode across 1 original and 0 gapfilled species-level recommendations in this region (ties: most conservative status_adjusted and control_adjusted)","penalized if catch exceeds 2018-2022 mean; not penalized below mean",1
2021,"region_4","galeocerdo",674.65,11,330.05,5,"maximally harvested","no increase","genus aggregation; mode across 1 original and 0 gapfilled species-level recommendations in this region (ties: most conservative status_adjusted and control_adjusted)",2023,1,1,"genus aggregation; mode across 1 original and 0 gapfilled species-level recommendations in this region (ties: most conservative status_adjusted and control_adjusted)","penalized if catch exceeds 2018-2022 mean; not penalized below mean",0.489216630845624
2022,"region_4","galeocerdo",678.4,13,330.05,5,"maximally harvested","no increase","genus aggregation; mode across 1 original and 0 gapfilled species-level recommendations in this region (ties: most conservative status_adjusted and control_adjusted)",2023,1,1,"genus aggregation; mode across 1 original and 0 gapfilled species-level recommendations in this region (ties: most conservative status_adjusted and control_adjusted)","penalized if catch exceeds 2018-2022 mean; not penalized below mean",0.486512382075472
2023,"region_4","galeocerdo",1200,17,330.05,5,"maximally harvested","no increase","genus aggregation; mode across 1 original and 0 gapfilled species-level recommendations in this region (ties: most conservative status_adjusted and control_adjusted)",2023,1,1,"genus aggregation; mode across 1 original and 0 gapfilled species-level recommendations in this region (ties: most conservative status_adjusted and control_adjusted)","penalized if catch exceeds 2018-2022 mean; not penalized below mean",0.275041666666667
2024,"region_4","galeocerdo",383,4,330.05,5,"maximally harvested","no increase","genus aggregation; mode across 1 original and 0 gapfilled species-level recommendations in this region (ties: most conservative status_adjusted and control_adjusted)",2023,1,1,"genus aggregation; mode across 1 original and 0 gapfilled species-level recommendations in this region (ties: most conservative status_adjusted and control_adjusted)","penalized if catch exceeds 2018-2022 mean; not penalized below mean",0.861749347258486
2018,"region_4","galeorhinus",12878.35,17,9294.29,5,"maximally harvested","no increase","genus aggregation; mode across 1 original and 0 gapfilled species-level recommendations in this region (ties: most conservative status_adjusted and control_adjusted)",2023,1,1,"genus aggregation; mode across 1 original and 0 gapfilled species-level recommendations in this region (ties: most conservative status_adjusted and control_adjusted)","penalized if catch exceeds 2018-2022 mean; not penalized below mean",0.721698820112825
2019,"region_4","galeorhinus",10835,22,9294.29,5,"maximally harvested","no increase","genus aggregation; mode across 1 original and 0 gapfilled species-level recommendations in this region (ties: most conservative status_adjusted and control_adjusted)",2023,1,1,"genus aggregation; mode across 1 original and 0 gapfilled species-level recommendations in this region (ties: most conservative status_adjusted and control_adjusted)","penalized if catch exceeds 2018-2022 mean; not penalized below mean",0.857802491924319
2020,"region_4","galeorhinus",10403.8,23,9294.29,5,"maximally harvested","no increase","genus aggregation; mode across 1 original and 0 gapfilled species-level recommendations in this region (ties: most conservative status_adjusted and control_adjusted)",2023,1,1,"genus aggregation; mode across 1 original and 0 gapfilled species-level recommendations in this region (ties: most conservative status_adjusted and control_adjusted)","penalized if catch exceeds 2018-2022 mean; not penalized below mean",0.893355312481978
2021,"region_4","galeorhinus",10009.1,39,9294.29,5,"maximally harvested","no increase","genus aggregation; mode across 1 original and 0 gapfilled species-level recommendations in this region (ties: most conservative status_adjusted and control_adjusted)",2023,1,1,"genus aggregation; mode across 1 original and 0 gapfilled species-level recommendations in this region (ties: most conservative status_adjusted and control_adjusted)","penalized if catch exceeds 2018-2022 mean; not penalized below mean",0.928583988570401
2022,"region_4","galeorhinus",2345.2,26,9294.29,5,"maximally harvested","no increase","genus aggregation; mode across 1 original and 0 gapfilled species-level recommendations in this region (ties: most conservative status_adjusted and control_adjusted)",2023,1,1,"genus aggregation; mode across 1 original and 0 gapfilled species-level recommendations in this region (ties: most conservative status_adjusted and control_adjusted)","penalized if catch exceeds 2018-2022 mean; not penalized below mean",1
2023,"region_4","galeorhinus",12784,32,9294.29,5,"maximally harvested","no increase","genus aggregation; mode across 1 original and 0 gapfilled species-level recommendations in this region (ties: most conservative status_adjusted and control_adjusted)",2023,1,1,"genus aggregation; mode across 1 original and 0 gapfilled species-level recommendations in this region (ties: most conservative status_adjusted and control_adjusted)","penalized if catch exceeds 2018-2022 mean; not penalized below mean",0.727025187734668
2024,"region_4","galeorhinus",2609.45,5,9294.29,5,"maximally harvested","no increase","genus aggregation; mode across 1 original and 0 gapfilled species-level recommendations in this region (ties: most conservative status_adjusted and control_adjusted)",2023,1,1,"genus aggregation; mode across 1 original and 0 gapfilled species-level recommendations in this region (ties: most conservative status_adjusted and control_adjusted)","penalized if catch exceeds 2018-2022 mean; not penalized below mean",1
2018,"region_4","gelidium",118512,10,112379,5,"maximally harvested","no increase","genus aggregation; mode across 1 original and 0 gapfilled species-level recommendations in this region (ties: most conservative status_adjusted and control_adjusted)",2012,1,1,"genus aggregation; mode across 1 original and 0 gapfilled species-level recommendations in this region (ties: most conservative status_adjusted and control_adjusted)","penalized if catch exceeds 2018-2022 mean; not penalized below mean",0.948249966248144
2019,"region_4","gelidium",128034,10,112379,5,"maximally harvested","no increase","genus aggregation; mode across 1 original and 0 gapfilled species-level recommendations in this region (ties: most conservative status_adjusted and control_adjusted)",2012,1,1,"genus aggregation; mode across 1 original and 0 gapfilled species-level recommendations in this region (ties: most conservative status_adjusted and control_adjusted)","penalized if catch exceeds 2018-2022 mean; not penalized below mean",0.877727791055501
2020,"region_4","gelidium",222132,16,112379,5,"maximally harvested","no increase","genus aggregation; mode across 1 original and 0 gapfilled species-level recommendations in this region (ties: most conservative status_adjusted and control_adjusted)",2012,1,1,"genus aggregation; mode across 1 original and 0 gapfilled species-level recommendations in this region (ties: most conservative status_adjusted and control_adjusted)","penalized if catch exceeds 2018-2022 mean; not penalized below mean",0.505910899825329
2021,"region_4","gelidium",85195,8,112379,5,"maximally harvested","no increase","genus aggregation; mode across 1 original and 0 gapfilled species-level recommendations in this region (ties: most conservative status_adjusted and control_adjusted)",2012,1,1,"genus aggregation; mode across 1 original and 0 gapfilled species-level recommendations in this region (ties: most conservative status_adjusted and control_adjusted)","penalized if catch exceeds 2018-2022 mean; not penalized below mean",1
2022,"region_4","gelidium",8022,3,112379,5,"maximally harvested","no increase","genus aggregation; mode across 1 original and 0 gapfilled species-level recommendations in this region (ties: most conservative status_adjusted and control_adjusted)",2012,1,1,"genus aggregation; mode across 1 original and 0 gapfilled species-level recommendations in this region (ties: most conservative status_adjusted and control_adjusted)","penalized if catch exceeds 2018-2022 mean; not penalized below mean",1
2023,"region_4","gelidium",104232,6,112379,5,"maximally harvested","no increase","genus aggregation; mode across 1 original and 0 gapfilled species-level recommendations in this region (ties: most conservative status_adjusted and control_adjusted)",2012,1,1,"genus aggregation; mode across 1 original and 0 gapfilled species-level recommendations in this region (ties: most conservative status_adjusted and control_adjusted)","penalized if catch exceeds 2018-2022 mean; not penalized below mean",1
2018,"region_4","hoplopagrus",64013.6,276,65796,5,"maximally harvested","no increase","genus aggregation; mode across 1 original and 0 gapfilled species-level recommendations in this region (ties: most conservative status_adjusted and control_adjusted)",2023,1,1,"genus aggregation; mode across 1 original and 0 gapfilled species-level recommendations in this region (ties: most conservative status_adjusted and control_adjusted)","penalized if catch exceeds 2018-2022 mean; not penalized below mean",1
2019,"region_4","hoplopagrus",45441.1,166,65796,5,"maximally harvested","no increase","genus aggregation; mode across 1 original and 0 gapfilled species-level recommendations in this region (ties: most conservative status_adjusted and control_adjusted)",2023,1,1,"genus aggregation; mode across 1 original and 0 gapfilled species-level recommendations in this region (ties: most conservative status_adjusted and control_adjusted)","penalized if catch exceeds 2018-2022 mean; not penalized below mean",1
2020,"region_4","hoplopagrus",67074.8,227,65796,5,"maximally harvested","no increase","genus aggregation; mode across 1 original and 0 gapfilled species-level recommendations in this region (ties: most conservative status_adjusted and control_adjusted)",2023,1,1,"genus aggregation; mode across 1 original and 0 gapfilled species-level recommendations in this region (ties: most conservative status_adjusted and control_adjusted)","penalized if catch exceeds 2018-2022 mean; not penalized below mean",1
2021,"region_4","hoplopagrus",61088.3,236,65796,5,"maximally harvested","no increase","genus aggregation; mode across 1 original and 0 gapfilled species-level recommendations in this region (ties: most conservative status_adjusted and control_adjusted)",2023,1,1,"genus aggregation; mode across 1 original and 0 gapfilled species-level recommendations in this region (ties: most conservative status_adjusted and control_adjusted)","penalized if catch exceeds 2018-2022 mean; not penalized below mean",1
2022,"region_4","hoplopagrus",91362.2,213,65796,5,"maximally harvested","no increase","genus aggregation; mode across 1 original and 0 gapfilled species-level recommendations in this region (ties: most conservative status_adjusted and control_adjusted)",2023,1,1,"genus aggregation; mode across 1 original and 0 gapfilled species-level recommendations in this region (ties: most conservative status_adjusted and control_adjusted)","penalized if catch exceeds 2018-2022 mean; not penalized below mean",0.720166545901916
2023,"region_4","hoplopagrus",61726,245,65796,5,"maximally harvested","no increase","genus aggregation; mode across 1 original and 0 gapfilled species-level recommendations in this region (ties: most conservative status_adjusted and control_adjusted)",2023,1,1,"genus aggregation; mode across 1 original and 0 gapfilled species-level recommendations in this region (ties: most conservative status_adjusted and control_adjusted)","penalized if catch exceeds 2018-2022 mean; not penalized below mean",1
2024,"region_4","hoplopagrus",59212.03,255,65796,5,"maximally harvested","no increase","genus aggregation; mode across 1 original and 0 gapfilled species-level recommendations in this region (ties: most conservative status_adjusted and control_adjusted)",2023,1,1,"genus aggregation; mode across 1 original and 0 gapfilled species-level recommendations in this region (ties: most conservative status_adjusted and control_adjusted)","penalized if catch exceeds 2018-2022 mean; not penalized below mean",1
2018,"region_4","isurus",95926.1,78,132485.11,5,"maximally harvested","no increase","genus aggregation; mode across 1 original and 0 gapfilled species-level recommendations in this region (ties: most conservative status_adjusted and control_adjusted)",2023,1,1,"genus aggregation; mode across 1 original and 0 gapfilled species-level recommendations in this region (ties: most conservative status_adjusted and control_adjusted)","penalized if catch exceeds 2018-2022 mean; not penalized below mean",1
2019,"region_4","isurus",132488.2,66,132485.11,5,"maximally harvested","no increase","genus aggregation; mode across 1 original and 0 gapfilled species-level recommendations in this region (ties: most conservative status_adjusted and control_adjusted)",2023,1,1,"genus aggregation; mode across 1 original and 0 gapfilled species-level recommendations in this region (ties: most conservative status_adjusted and control_adjusted)","penalized if catch exceeds 2018-2022 mean; not penalized below mean",1
2020,"region_4","isurus",124471.2,137,132485.11,5,"maximally harvested","no increase","genus aggregation; mode across 1 original and 0 gapfilled species-level recommendations in this region (ties: most conservative status_adjusted and control_adjusted)",2023,1,1,"genus aggregation; mode across 1 original and 0 gapfilled species-level recommendations in this region (ties: most conservative status_adjusted and control_adjusted)","penalized if catch exceeds 2018-2022 mean; not penalized below mean",1
2021,"region_4","isurus",191349.15,149,132485.11,5,"maximally harvested","no increase","genus aggregation; mode across 1 original and 0 gapfilled species-level recommendations in this region (ties: most conservative status_adjusted and control_adjusted)",2023,1,1,"genus aggregation; mode across 1 original and 0 gapfilled species-level recommendations in this region (ties: most conservative status_adjusted and control_adjusted)","penalized if catch exceeds 2018-2022 mean; not penalized below mean",0.692373653083904
2022,"region_4","isurus",118190.9,165,132485.11,5,"maximally harvested","no increase","genus aggregation; mode across 1 original and 0 gapfilled species-level recommendations in this region (ties: most conservative status_adjusted and control_adjusted)",2023,1,1,"genus aggregation; mode across 1 original and 0 gapfilled species-level recommendations in this region (ties: most conservative status_adjusted and control_adjusted)","penalized if catch exceeds 2018-2022 mean; not penalized below mean",1
2023,"region_4","isurus",132818,96,132485.11,5,"maximally harvested","no increase","genus aggregation; mode across 1 original and 0 gapfilled species-level recommendations in this region (ties: most conservative status_adjusted and control_adjusted)",2023,1,1,"genus aggregation; mode across 1 original and 0 gapfilled species-level recommendations in this region (ties: most conservative status_adjusted and control_adjusted)","penalized if catch exceeds 2018-2022 mean; not penalized below mean",1
2024,"region_4","isurus",299445.55,96,132485.11,5,"maximally harvested","no increase","genus aggregation; mode across 1 original and 0 gapfilled species-level recommendations in this region (ties: most conservative status_adjusted and control_adjusted)",2023,1,1,"genus aggregation; mode across 1 original and 0 gapfilled species-level recommendations in this region (ties: most conservative status_adjusted and control_adjusted)","penalized if catch exceeds 2018-2022 mean; not penalized below mean",0.442434726446928
2018,"region_4","litopenaeus",2483998,85,2399318.8,5,"maximally harvested","no increase","genus aggregation; mode across 3 original and 0 gapfilled species-level recommendations in this region (ties: most conservative status_adjusted and control_adjusted)",2012,3,3,"genus aggregation; mode across 3 original and 0 gapfilled species-level recommendations in this region (ties: most conservative status_adjusted and control_adjusted)","penalized if catch exceeds 2018-2022 mean; not penalized below mean",1
2019,"region_4","litopenaeus",1844617,60,2399318.8,5,"maximally harvested","no increase","genus aggregation; mode across 3 original and 0 gapfilled species-level recommendations in this region (ties: most conservative status_adjusted and control_adjusted)",2012,3,3,"genus aggregation; mode across 3 original and 0 gapfilled species-level recommendations in this region (ties: most conservative status_adjusted and control_adjusted)","penalized if catch exceeds 2018-2022 mean; not penalized below mean",1
2020,"region_4","litopenaeus",2400308,32,2399318.8,5,"maximally harvested","no increase","genus aggregation; mode across 3 original and 0 gapfilled species-level recommendations in this region (ties: most conservative status_adjusted and control_adjusted)",2012,3,3,"genus aggregation; mode across 3 original and 0 gapfilled species-level recommendations in this region (ties: most conservative status_adjusted and control_adjusted)","penalized if catch exceeds 2018-2022 mean; not penalized below mean",1
2021,"region_4","litopenaeus",3044923,168,2399318.8,5,"maximally harvested","no increase","genus aggregation; mode across 3 original and 0 gapfilled species-level recommendations in this region (ties: most conservative status_adjusted and control_adjusted)",2012,3,3,"genus aggregation; mode across 3 original and 0 gapfilled species-level recommendations in this region (ties: most conservative status_adjusted and control_adjusted)","penalized if catch exceeds 2018-2022 mean; not penalized below mean",0.787973554667885
2022,"region_4","litopenaeus",2222748,145,2399318.8,5,"maximally harvested","no increase","genus aggregation; mode across 3 original and 0 gapfilled species-level recommendations in this region (ties: most conservative status_adjusted and control_adjusted)",2012,3,3,"genus aggregation; mode across 3 original and 0 gapfilled species-level recommendations in this region (ties: most conservative status_adjusted and control_adjusted)","penalized if catch exceeds 2018-2022 mean; not penalized below mean",1
2018,"region_4","lutjanus",1696420.82,3496,1454940.526,5,"maximally harvested","no increase","genus aggregation; mode across 8 original and 0 gapfilled species-level recommendations in this region (ties: most conservative status_adjusted and control_adjusted)",2023,8,8,"genus aggregation; mode across 8 original and 0 gapfilled species-level recommendations in this region (ties: most conservative status_adjusted and control_adjusted)","penalized if catch exceeds 2018-2022 mean; not penalized below mean",0.857653071011001
2019,"region_4","lutjanus",1528690.66,2763,1454940.526,5,"maximally harvested","no increase","genus aggregation; mode across 8 original and 0 gapfilled species-level recommendations in this region (ties: most conservative status_adjusted and control_adjusted)",2023,8,8,"genus aggregation; mode across 8 original and 0 gapfilled species-level recommendations in this region (ties: most conservative status_adjusted and control_adjusted)","penalized if catch exceeds 2018-2022 mean; not penalized below mean",0.951756011906294
2020,"region_4","lutjanus",1449955.65,3413,1454940.526,5,"maximally harvested","no increase","genus aggregation; mode across 8 original and 0 gapfilled species-level recommendations in this region (ties: most conservative status_adjusted and control_adjusted)",2023,8,8,"genus aggregation; mode across 8 original and 0 gapfilled species-level recommendations in this region (ties: most conservative status_adjusted and control_adjusted)","penalized if catch exceeds 2018-2022 mean; not penalized below mean",1
2021,"region_4","lutjanus",1152430.2,3036,1454940.526,5,"maximally harvested","no increase","genus aggregation; mode across 8 original and 0 gapfilled species-level recommendations in this region (ties: most conservative status_adjusted and control_adjusted)",2023,8,8,"genus aggregation; mode across 8 original and 0 gapfilled species-level recommendations in this region (ties: most conservative status_adjusted and control_adjusted)","penalized if catch exceeds 2018-2022 mean; not penalized below mean",1
2022,"region_4","lutjanus",1447205.3,3188,1454940.526,5,"maximally harvested","no increase","genus aggregation; mode across 8 original and 0 gapfilled species-level recommendations in this region (ties: most conservative status_adjusted and control_adjusted)",2023,8,8,"genus aggregation; mode across 8 original and 0 gapfilled species-level recommendations in this region (ties: most conservative status_adjusted and control_adjusted)","penalized if catch exceeds 2018-2022 mean; not penalized below mean",1
2023,"region_4","lutjanus",1116336,3065,1454940.526,5,"maximally harvested","no increase","genus aggregation; mode across 8 original and 0 gapfilled species-level recommendations in this region (ties: most conservative status_adjusted and control_adjusted)",2023,8,8,"genus aggregation; mode across 8 original and 0 gapfilled species-level recommendations in this region (ties: most conservative status_adjusted and control_adjusted)","penalized if catch exceeds 2018-2022 mean; not penalized below mean",1
2024,"region_4","lutjanus",869364.485,3213,1454940.526,5,"maximally harvested","no increase","genus aggregation; mode across 8 original and 0 gapfilled species-level recommendations in this region (ties: most conservative status_adjusted and control_adjusted)",2023,8,8,"genus aggregation; mode across 8 original and 0 gapfilled species-level recommendations in this region (ties: most conservative status_adjusted and control_adjusted)","penalized if catch exceeds 2018-2022 mean; not penalized below mean",1
2018,"region_4","megapitaria",523269,592,386079,5,"maximally harvested","no increase","genus aggregation; mode across 2 original and 0 gapfilled species-level recommendations in this region (ties: most conservative status_adjusted and control_adjusted)",2023,2,2,"genus aggregation; mode across 2 original and 0 gapfilled species-level recommendations in this region (ties: most conservative status_adjusted and control_adjusted)","penalized if catch exceeds 2018-2022 mean; not penalized below mean",0.737821273570573
2019,"region_4","megapitaria",590586,629,386079,5,"maximally harvested","no increase","genus aggregation; mode across 2 original and 0 gapfilled species-level recommendations in this region (ties: most conservative status_adjusted and control_adjusted)",2023,2,2,"genus aggregation; mode across 2 original and 0 gapfilled species-level recommendations in this region (ties: most conservative status_adjusted and control_adjusted)","penalized if catch exceeds 2018-2022 mean; not penalized below mean",0.653721896556979
2020,"region_4","megapitaria",278623,496,386079,5,"maximally harvested","no increase","genus aggregation; mode across 2 original and 0 gapfilled species-level recommendations in this region (ties: most conservative status_adjusted and control_adjusted)",2023,2,2,"genus aggregation; mode across 2 original and 0 gapfilled species-level recommendations in this region (ties: most conservative status_adjusted and control_adjusted)","penalized if catch exceeds 2018-2022 mean; not penalized below mean",1
2021,"region_4","megapitaria",256885,433,386079,5,"maximally harvested","no increase","genus aggregation; mode across 2 original and 0 gapfilled species-level recommendations in this region (ties: most conservative status_adjusted and control_adjusted)",2023,2,2,"genus aggregation; mode across 2 original and 0 gapfilled species-level recommendations in this region (ties: most conservative status_adjusted and control_adjusted)","penalized if catch exceeds 2018-2022 mean; not penalized below mean",1
2022,"region_4","megapitaria",281032,481,386079,5,"maximally harvested","no increase","genus aggregation; mode across 2 original and 0 gapfilled species-level recommendations in this region (ties: most conservative status_adjusted and control_adjusted)",2023,2,2,"genus aggregation; mode across 2 original and 0 gapfilled species-level recommendations in this region (ties: most conservative status_adjusted and control_adjusted)","penalized if catch exceeds 2018-2022 mean; not penalized below mean",1
2023,"region_4","megapitaria",75121,182,386079,5,"maximally harvested","no increase","genus aggregation; mode across 2 original and 0 gapfilled species-level recommendations in this region (ties: most conservative status_adjusted and control_adjusted)",2023,2,2,"genus aggregation; mode across 2 original and 0 gapfilled species-level recommendations in this region (ties: most conservative status_adjusted and control_adjusted)","penalized if catch exceeds 2018-2022 mean; not penalized below mean",1
2024,"region_4","megapitaria",2975,5,386079,5,"maximally harvested","no increase","genus aggregation; mode across 2 original and 0 gapfilled species-level recommendations in this region (ties: most conservative status_adjusted and control_adjusted)",2023,2,2,"genus aggregation; mode across 2 original and 0 gapfilled species-level recommendations in this region (ties: most conservative status_adjusted and control_adjusted)","penalized if catch exceeds 2018-2022 mean; not penalized below mean",1
2018,"region_4","megastraea",48971,9,42999.4,5,"maximally harvested","no increase","genus aggregation; mode across 2 original and 0 gapfilled species-level recommendations in this region (ties: most conservative status_adjusted and control_adjusted)",2023,2,2,"genus aggregation; mode across 2 original and 0 gapfilled species-level recommendations in this region (ties: most conservative status_adjusted and control_adjusted)","penalized if catch exceeds 2018-2022 mean; not penalized below mean",0.878058442751833
2019,"region_4","megastraea",37961,2,42999.4,5,"maximally harvested","no increase","genus aggregation; mode across 2 original and 0 gapfilled species-level recommendations in this region (ties: most conservative status_adjusted and control_adjusted)",2023,2,2,"genus aggregation; mode across 2 original and 0 gapfilled species-level recommendations in this region (ties: most conservative status_adjusted and control_adjusted)","penalized if catch exceeds 2018-2022 mean; not penalized below mean",1
2020,"region_4","megastraea",42490,2,42999.4,5,"maximally harvested","no increase","genus aggregation; mode across 2 original and 0 gapfilled species-level recommendations in this region (ties: most conservative status_adjusted and control_adjusted)",2023,2,2,"genus aggregation; mode across 2 original and 0 gapfilled species-level recommendations in this region (ties: most conservative status_adjusted and control_adjusted)","penalized if catch exceeds 2018-2022 mean; not penalized below mean",1
2021,"region_4","megastraea",39515,4,42999.4,5,"maximally harvested","no increase","genus aggregation; mode across 2 original and 0 gapfilled species-level recommendations in this region (ties: most conservative status_adjusted and control_adjusted)",2023,2,2,"genus aggregation; mode across 2 original and 0 gapfilled species-level recommendations in this region (ties: most conservative status_adjusted and control_adjusted)","penalized if catch exceeds 2018-2022 mean; not penalized below mean",1
2022,"region_4","megastraea",46060,4,42999.4,5,"maximally harvested","no increase","genus aggregation; mode across 2 original and 0 gapfilled species-level recommendations in this region (ties: most conservative status_adjusted and control_adjusted)",2023,2,2,"genus aggregation; mode across 2 original and 0 gapfilled species-level recommendations in this region (ties: most conservative status_adjusted and control_adjusted)","penalized if catch exceeds 2018-2022 mean; not penalized below mean",0.933551888840643
2024,"region_4","megastraea",55085,6,42999.4,5,"maximally harvested","no increase","genus aggregation; mode across 2 original and 0 gapfilled species-level recommendations in this region (ties: most conservative status_adjusted and control_adjusted)",2023,2,2,"genus aggregation; mode across 2 original and 0 gapfilled species-level recommendations in this region (ties: most conservative status_adjusted and control_adjusted)","penalized if catch exceeds 2018-2022 mean; not penalized below mean",0.780600889534356
2018,"region_4","mugil",85531,143,112483.34,5,"maximally harvested","no increase","genus aggregation; mode across 3 original and 0 gapfilled species-level recommendations in this region (ties: most conservative status_adjusted and control_adjusted)",2023,3,3,"genus aggregation; mode across 3 original and 0 gapfilled species-level recommendations in this region (ties: most conservative status_adjusted and control_adjusted)","penalized if catch exceeds 2018-2022 mean; not penalized below mean",1
2019,"region_4","mugil",146356,163,112483.34,5,"maximally harvested","no increase","genus aggregation; mode across 3 original and 0 gapfilled species-level recommendations in this region (ties: most conservative status_adjusted and control_adjusted)",2023,3,3,"genus aggregation; mode across 3 original and 0 gapfilled species-level recommendations in this region (ties: most conservative status_adjusted and control_adjusted)","penalized if catch exceeds 2018-2022 mean; not penalized below mean",0.768559813058569
2020,"region_4","mugil",113232,183,112483.34,5,"maximally harvested","no increase","genus aggregation; mode across 3 original and 0 gapfilled species-level recommendations in this region (ties: most conservative status_adjusted and control_adjusted)",2023,3,3,"genus aggregation; mode across 3 original and 0 gapfilled species-level recommendations in this region (ties: most conservative status_adjusted and control_adjusted)","penalized if catch exceeds 2018-2022 mean; not penalized below mean",1
2021,"region_4","mugil",113075.7,115,112483.34,5,"maximally harvested","no increase","genus aggregation; mode across 3 original and 0 gapfilled species-level recommendations in this region (ties: most conservative status_adjusted and control_adjusted)",2023,3,3,"genus aggregation; mode across 3 original and 0 gapfilled species-level recommendations in this region (ties: most conservative status_adjusted and control_adjusted)","penalized if catch exceeds 2018-2022 mean; not penalized below mean",1
2022,"region_4","mugil",104222,137,112483.34,5,"maximally harvested","no increase","genus aggregation; mode across 3 original and 0 gapfilled species-level recommendations in this region (ties: most conservative status_adjusted and control_adjusted)",2023,3,3,"genus aggregation; mode across 3 original and 0 gapfilled species-level recommendations in this region (ties: most conservative status_adjusted and control_adjusted)","penalized if catch exceeds 2018-2022 mean; not penalized below mean",1
2023,"region_4","mugil",4125,22,112483.34,5,"maximally harvested","no increase","genus aggregation; mode across 3 original and 0 gapfilled species-level recommendations in this region (ties: most conservative status_adjusted and control_adjusted)",2023,3,3,"genus aggregation; mode across 3 original and 0 gapfilled species-level recommendations in this region (ties: most conservative status_adjusted and control_adjusted)","penalized if catch exceeds 2018-2022 mean; not penalized below mean",1
2024,"region_4","mugil",3074,14,112483.34,5,"maximally harvested","no increase","genus aggregation; mode across 3 original and 0 gapfilled species-level recommendations in this region (ties: most conservative status_adjusted and control_adjusted)",2023,3,3,"genus aggregation; mode across 3 original and 0 gapfilled species-level recommendations in this region (ties: most conservative status_adjusted and control_adjusted)","penalized if catch exceeds 2018-2022 mean; not penalized below mean",1
2018,"region_4","mustelus",86600,66,54284.03,5,"maximally harvested","no increase","genus aggregation; mode across 4 original and 0 gapfilled species-level recommendations in this region (ties: most conservative status_adjusted and control_adjusted)",2023,4,4,"genus aggregation; mode across 4 original and 0 gapfilled species-level recommendations in this region (ties: most conservative status_adjusted and control_adjusted)","penalized if catch exceeds 2018-2022 mean; not penalized below mean",0.626836374133949
2019,"region_4","mustelus",59462.2,51,54284.03,5,"maximally harvested","no increase","genus aggregation; mode across 4 original and 0 gapfilled species-level recommendations in this region (ties: most conservative status_adjusted and control_adjusted)",2023,4,4,"genus aggregation; mode across 4 original and 0 gapfilled species-level recommendations in this region (ties: most conservative status_adjusted and control_adjusted)","penalized if catch exceeds 2018-2022 mean; not penalized below mean",0.912916609207194
2020,"region_4","mustelus",52058,48,54284.03,5,"maximally harvested","no increase","genus aggregation; mode across 4 original and 0 gapfilled species-level recommendations in this region (ties: most conservative status_adjusted and control_adjusted)",2023,4,4,"genus aggregation; mode across 4 original and 0 gapfilled species-level recommendations in this region (ties: most conservative status_adjusted and control_adjusted)","penalized if catch exceeds 2018-2022 mean; not penalized below mean",1
2021,"region_4","mustelus",39770.2,65,54284.03,5,"maximally harvested","no increase","genus aggregation; mode across 4 original and 0 gapfilled species-level recommendations in this region (ties: most conservative status_adjusted and control_adjusted)",2023,4,4,"genus aggregation; mode across 4 original and 0 gapfilled species-level recommendations in this region (ties: most conservative status_adjusted and control_adjusted)","penalized if catch exceeds 2018-2022 mean; not penalized below mean",1
2022,"region_4","mustelus",33529.75,71,54284.03,5,"maximally harvested","no increase","genus aggregation; mode across 4 original and 0 gapfilled species-level recommendations in this region (ties: most conservative status_adjusted and control_adjusted)",2023,4,4,"genus aggregation; mode across 4 original and 0 gapfilled species-level recommendations in this region (ties: most conservative status_adjusted and control_adjusted)","penalized if catch exceeds 2018-2022 mean; not penalized below mean",1
2023,"region_4","mustelus",34523,49,54284.03,5,"maximally harvested","no increase","genus aggregation; mode across 4 original and 0 gapfilled species-level recommendations in this region (ties: most conservative status_adjusted and control_adjusted)",2023,4,4,"genus aggregation; mode across 4 original and 0 gapfilled species-level recommendations in this region (ties: most conservative status_adjusted and control_adjusted)","penalized if catch exceeds 2018-2022 mean; not penalized below mean",1
2024,"region_4","mustelus",28540.8,75,54284.03,5,"maximally harvested","no increase","genus aggregation; mode across 4 original and 0 gapfilled species-level recommendations in this region (ties: most conservative status_adjusted and control_adjusted)",2023,4,4,"genus aggregation; mode across 4 original and 0 gapfilled species-level recommendations in this region (ties: most conservative status_adjusted and control_adjusted)","penalized if catch exceeds 2018-2022 mean; not penalized below mean",1
2018,"region_4","panulirus",41096.4,86,62739.976,5,"maximally harvested","no increase","genus aggregation; mode across 2 original and 2 gapfilled species-level recommendations in this region (ties: most conservative status_adjusted and control_adjusted)",2023,4,2,"genus aggregation; mode across 2 original and 2 gapfilled species-level recommendations in this region (ties: most conservative status_adjusted and control_adjusted)","penalized if catch exceeds 2018-2022 mean; not penalized below mean",1
2019,"region_4","panulirus",58550.48,245,62739.976,5,"maximally harvested","no increase","genus aggregation; mode across 2 original and 2 gapfilled species-level recommendations in this region (ties: most conservative status_adjusted and control_adjusted)",2023,4,2,"genus aggregation; mode across 2 original and 2 gapfilled species-level recommendations in this region (ties: most conservative status_adjusted and control_adjusted)","penalized if catch exceeds 2018-2022 mean; not penalized below mean",1
2020,"region_4","panulirus",62509,363,62739.976,5,"maximally harvested","no increase","genus aggregation; mode across 2 original and 2 gapfilled species-level recommendations in this region (ties: most conservative status_adjusted and control_adjusted)",2023,4,2,"genus aggregation; mode across 2 original and 2 gapfilled species-level recommendations in this region (ties: most conservative status_adjusted and control_adjusted)","penalized if catch exceeds 2018-2022 mean; not penalized below mean",1
2021,"region_4","panulirus",77875,334,62739.976,5,"maximally harvested","no increase","genus aggregation; mode across 2 original and 2 gapfilled species-level recommendations in this region (ties: most conservative status_adjusted and control_adjusted)",2023,4,2,"genus aggregation; mode across 2 original and 2 gapfilled species-level recommendations in this region (ties: most conservative status_adjusted and control_adjusted)","penalized if catch exceeds 2018-2022 mean; not penalized below mean",0.805649772070626
2022,"region_4","panulirus",73669,249,62739.976,5,"maximally harvested","no increase","genus aggregation; mode across 2 original and 2 gapfilled species-level recommendations in this region (ties: most conservative status_adjusted and control_adjusted)",2023,4,2,"genus aggregation; mode across 2 original and 2 gapfilled species-level recommendations in this region (ties: most conservative status_adjusted and control_adjusted)","penalized if catch exceeds 2018-2022 mean; not penalized below mean",0.851646907111539
2023,"region_4","panulirus",35933,119,62739.976,5,"maximally harvested","no increase","genus aggregation; mode across 2 original and 2 gapfilled species-level recommendations in this region (ties: most conservative status_adjusted and control_adjusted)",2023,4,2,"genus aggregation; mode across 2 original and 2 gapfilled species-level recommendations in this region (ties: most conservative status_adjusted and control_adjusted)","penalized if catch exceeds 2018-2022 mean; not penalized below mean",1
2024,"region_4","panulirus",50322.36,171,62739.976,5,"maximally harvested","no increase","genus aggregation; mode across 2 original and 2 gapfilled species-level recommendations in this region (ties: most conservative status_adjusted and control_adjusted)",2023,4,2,"genus aggregation; mode across 2 original and 2 gapfilled species-level recommendations in this region (ties: most conservative status_adjusted and control_adjusted)","penalized if catch exceeds 2018-2022 mean; not penalized below mean",1
2018,"region_4","paralabrax",253999.8,333,335113.76,5,"maximally harvested","no increase","genus aggregation; mode across 1 original and 0 gapfilled species-level recommendations in this region (ties: most conservative status_adjusted and control_adjusted)",2023,1,1,"genus aggregation; mode across 1 original and 0 gapfilled species-level recommendations in this region (ties: most conservative status_adjusted and control_adjusted)","penalized if catch exceeds 2018-2022 mean; not penalized below mean",1
2019,"region_4","paralabrax",248041.3,254,335113.76,5,"maximally harvested","no increase","genus aggregation; mode across 1 original and 0 gapfilled species-level recommendations in this region (ties: most conservative status_adjusted and control_adjusted)",2023,1,1,"genus aggregation; mode across 1 original and 0 gapfilled species-level recommendations in this region (ties: most conservative status_adjusted and control_adjusted)","penalized if catch exceeds 2018-2022 mean; not penalized below mean",1
2020,"region_4","paralabrax",357109.8,372,335113.76,5,"maximally harvested","no increase","genus aggregation; mode across 1 original and 0 gapfilled species-level recommendations in this region (ties: most conservative status_adjusted and control_adjusted)",2023,1,1,"genus aggregation; mode across 1 original and 0 gapfilled species-level recommendations in this region (ties: most conservative status_adjusted and control_adjusted)","penalized if catch exceeds 2018-2022 mean; not penalized below mean",0.938405386802603
2021,"region_4","paralabrax",454295.2,493,335113.76,5,"maximally harvested","no increase","genus aggregation; mode across 1 original and 0 gapfilled species-level recommendations in this region (ties: most conservative status_adjusted and control_adjusted)",2023,1,1,"genus aggregation; mode across 1 original and 0 gapfilled species-level recommendations in this region (ties: most conservative status_adjusted and control_adjusted)","penalized if catch exceeds 2018-2022 mean; not penalized below mean",0.73765639610544
2022,"region_4","paralabrax",362122.7,476,335113.76,5,"maximally harvested","no increase","genus aggregation; mode across 1 original and 0 gapfilled species-level recommendations in this region (ties: most conservative status_adjusted and control_adjusted)",2023,1,1,"genus aggregation; mode across 1 original and 0 gapfilled species-level recommendations in this region (ties: most conservative status_adjusted and control_adjusted)","penalized if catch exceeds 2018-2022 mean; not penalized below mean",0.925414949131883
2023,"region_4","paralabrax",527226,564,335113.76,5,"maximally harvested","no increase","genus aggregation; mode across 1 original and 0 gapfilled species-level recommendations in this region (ties: most conservative status_adjusted and control_adjusted)",2023,1,1,"genus aggregation; mode across 1 original and 0 gapfilled species-level recommendations in this region (ties: most conservative status_adjusted and control_adjusted)","penalized if catch exceeds 2018-2022 mean; not penalized below mean",0.635616908119099
2024,"region_4","paralabrax",570937.46,542,335113.76,5,"maximally harvested","no increase","genus aggregation; mode across 1 original and 0 gapfilled species-level recommendations in this region (ties: most conservative status_adjusted and control_adjusted)",2023,1,1,"genus aggregation; mode across 1 original and 0 gapfilled species-level recommendations in this region (ties: most conservative status_adjusted and control_adjusted)","penalized if catch exceeds 2018-2022 mean; not penalized below mean",0.58695353428027
2018,"region_4","prionace",7885.9,20,102319.4,5,"maximally harvested","no increase","genus aggregation; mode across 1 original and 0 gapfilled species-level recommendations in this region (ties: most conservative status_adjusted and control_adjusted)",2023,1,1,"genus aggregation; mode across 1 original and 0 gapfilled species-level recommendations in this region (ties: most conservative status_adjusted and control_adjusted)","penalized if catch exceeds 2018-2022 mean; not penalized below mean",1
2019,"region_4","prionace",208449.1,45,102319.4,5,"maximally harvested","no increase","genus aggregation; mode across 1 original and 0 gapfilled species-level recommendations in this region (ties: most conservative status_adjusted and control_adjusted)",2023,1,1,"genus aggregation; mode across 1 original and 0 gapfilled species-level recommendations in this region (ties: most conservative status_adjusted and control_adjusted)","penalized if catch exceeds 2018-2022 mean; not penalized below mean",0.490860358715869
2020,"region_4","prionace",76767.45,42,102319.4,5,"maximally harvested","no increase","genus aggregation; mode across 1 original and 0 gapfilled species-level recommendations in this region (ties: most conservative status_adjusted and control_adjusted)",2023,1,1,"genus aggregation; mode across 1 original and 0 gapfilled species-level recommendations in this region (ties: most conservative status_adjusted and control_adjusted)","penalized if catch exceeds 2018-2022 mean; not penalized below mean",1
2021,"region_4","prionace",108799.85,45,102319.4,5,"maximally harvested","no increase","genus aggregation; mode across 1 original and 0 gapfilled species-level recommendations in this region (ties: most conservative status_adjusted and control_adjusted)",2023,1,1,"genus aggregation; mode across 1 original and 0 gapfilled species-level recommendations in this region (ties: most conservative status_adjusted and control_adjusted)","penalized if catch exceeds 2018-2022 mean; not penalized below mean",0.940436958323012
2022,"region_4","prionace",109694.7,37,102319.4,5,"maximally harvested","no increase","genus aggregation; mode across 1 original and 0 gapfilled species-level recommendations in this region (ties: most conservative status_adjusted and control_adjusted)",2023,1,1,"genus aggregation; mode across 1 original and 0 gapfilled species-level recommendations in this region (ties: most conservative status_adjusted and control_adjusted)","penalized if catch exceeds 2018-2022 mean; not penalized below mean",0.932765211081301
2023,"region_4","prionace",222457,44,102319.4,5,"maximally harvested","no increase","genus aggregation; mode across 1 original and 0 gapfilled species-level recommendations in this region (ties: most conservative status_adjusted and control_adjusted)",2023,1,1,"genus aggregation; mode across 1 original and 0 gapfilled species-level recommendations in this region (ties: most conservative status_adjusted and control_adjusted)","penalized if catch exceeds 2018-2022 mean; not penalized below mean",0.459951361386695
2024,"region_4","prionace",1587321.25,98,102319.4,5,"maximally harvested","no increase","genus aggregation; mode across 1 original and 0 gapfilled species-level recommendations in this region (ties: most conservative status_adjusted and control_adjusted)",2023,1,1,"genus aggregation; mode across 1 original and 0 gapfilled species-level recommendations in this region (ties: most conservative status_adjusted and control_adjusted)","penalized if catch exceeds 2018-2022 mean; not penalized below mean",0.0644604234965039
2018,"region_4","rhizoprionodon",228159.3,248,334681.15,5,"maximally harvested","no increase","genus aggregation; mode across 1 original and 0 gapfilled species-level recommendations in this region (ties: most conservative status_adjusted and control_adjusted)",2023,1,1,"genus aggregation; mode across 1 original and 0 gapfilled species-level recommendations in this region (ties: most conservative status_adjusted and control_adjusted)","penalized if catch exceeds 2018-2022 mean; not penalized below mean",1
2019,"region_4","rhizoprionodon",212874.65,201,334681.15,5,"maximally harvested","no increase","genus aggregation; mode across 1 original and 0 gapfilled species-level recommendations in this region (ties: most conservative status_adjusted and control_adjusted)",2023,1,1,"genus aggregation; mode across 1 original and 0 gapfilled species-level recommendations in this region (ties: most conservative status_adjusted and control_adjusted)","penalized if catch exceeds 2018-2022 mean; not penalized below mean",1
2020,"region_4","rhizoprionodon",229087.2,322,334681.15,5,"maximally harvested","no increase","genus aggregation; mode across 1 original and 0 gapfilled species-level recommendations in this region (ties: most conservative status_adjusted and control_adjusted)",2023,1,1,"genus aggregation; mode across 1 original and 0 gapfilled species-level recommendations in this region (ties: most conservative status_adjusted and control_adjusted)","penalized if catch exceeds 2018-2022 mean; not penalized below mean",1
2021,"region_4","rhizoprionodon",350293.9,375,334681.15,5,"maximally harvested","no increase","genus aggregation; mode across 1 original and 0 gapfilled species-level recommendations in this region (ties: most conservative status_adjusted and control_adjusted)",2023,1,1,"genus aggregation; mode across 1 original and 0 gapfilled species-level recommendations in this region (ties: most conservative status_adjusted and control_adjusted)","penalized if catch exceeds 2018-2022 mean; not penalized below mean",1
2022,"region_4","rhizoprionodon",652990.7,363,334681.15,5,"maximally harvested","no increase","genus aggregation; mode across 1 original and 0 gapfilled species-level recommendations in this region (ties: most conservative status_adjusted and control_adjusted)",2023,1,1,"genus aggregation; mode across 1 original and 0 gapfilled species-level recommendations in this region (ties: most conservative status_adjusted and control_adjusted)","penalized if catch exceeds 2018-2022 mean; not penalized below mean",0.512535860005357
2018,"region_4","sarda",48,1,877.68,5,"development potential","no increase","genus aggregation; mode across 1 original and 0 gapfilled species-level recommendations in this region (ties: most conservative status_adjusted and control_adjusted)",2012,1,1,"genus aggregation; mode across 1 original and 0 gapfilled species-level recommendations in this region (ties: most conservative status_adjusted and control_adjusted)","development potential (score = 1; no underfishing penalty)",1
2019,"region_4","sarda",2351,9,877.68,5,"development potential","no increase","genus aggregation; mode across 1 original and 0 gapfilled species-level recommendations in this region (ties: most conservative status_adjusted and control_adjusted)",2012,1,1,"genus aggregation; mode across 1 original and 0 gapfilled species-level recommendations in this region (ties: most conservative status_adjusted and control_adjusted)","development potential (score = 1; no underfishing penalty)",1
2020,"region_4","sarda",880,8,877.68,5,"development potential","no increase","genus aggregation; mode across 1 original and 0 gapfilled species-level recommendations in this region (ties: most conservative status_adjusted and control_adjusted)",2012,1,1,"genus aggregation; mode across 1 original and 0 gapfilled species-level recommendations in this region (ties: most conservative status_adjusted and control_adjusted)","development potential (score = 1; no underfishing penalty)",1
2021,"region_4","sarda",390,6,877.68,5,"development potential","no increase","genus aggregation; mode across 1 original and 0 gapfilled species-level recommendations in this region (ties: most conservative status_adjusted and control_adjusted)",2012,1,1,"genus aggregation; mode across 1 original and 0 gapfilled species-level recommendations in this region (ties: most conservative status_adjusted and control_adjusted)","development potential (score = 1; no underfishing penalty)",1
2022,"region_4","sarda",719.4,7,877.68,5,"development potential","no increase","genus aggregation; mode across 1 original and 0 gapfilled species-level recommendations in this region (ties: most conservative status_adjusted and control_adjusted)",2012,1,1,"genus aggregation; mode across 1 original and 0 gapfilled species-level recommendations in this region (ties: most conservative status_adjusted and control_adjusted)","development potential (score = 1; no underfishing penalty)",1
2018,"region_4","scomber",27241,131,11229,5,"maximally harvested","no increase","genus aggregation; mode across 1 original and 0 gapfilled species-level recommendations in this region (ties: most conservative status_adjusted and control_adjusted)",2022,1,1,"genus aggregation; mode across 1 original and 0 gapfilled species-level recommendations in this region (ties: most conservative status_adjusted and control_adjusted)","penalized if catch exceeds 2018-2022 mean; not penalized below mean",0.41220953709482
2019,"region_4","scomber",23750,100,11229,5,"maximally harvested","no increase","genus aggregation; mode across 1 original and 0 gapfilled species-level recommendations in this region (ties: most conservative status_adjusted and control_adjusted)",2022,1,1,"genus aggregation; mode across 1 original and 0 gapfilled species-level recommendations in this region (ties: most conservative status_adjusted and control_adjusted)","penalized if catch exceeds 2018-2022 mean; not penalized below mean",0.4728
2020,"region_4","scomber",2590,26,11229,5,"maximally harvested","no increase","genus aggregation; mode across 1 original and 0 gapfilled species-level recommendations in this region (ties: most conservative status_adjusted and control_adjusted)",2022,1,1,"genus aggregation; mode across 1 original and 0 gapfilled species-level recommendations in this region (ties: most conservative status_adjusted and control_adjusted)","penalized if catch exceeds 2018-2022 mean; not penalized below mean",1
2021,"region_4","scomber",1748,13,11229,5,"maximally harvested","no increase","genus aggregation; mode across 1 original and 0 gapfilled species-level recommendations in this region (ties: most conservative status_adjusted and control_adjusted)",2022,1,1,"genus aggregation; mode across 1 original and 0 gapfilled species-level recommendations in this region (ties: most conservative status_adjusted and control_adjusted)","penalized if catch exceeds 2018-2022 mean; not penalized below mean",1
2022,"region_4","scomber",816,11,11229,5,"maximally harvested","no increase","genus aggregation; mode across 1 original and 0 gapfilled species-level recommendations in this region (ties: most conservative status_adjusted and control_adjusted)",2022,1,1,"genus aggregation; mode across 1 original and 0 gapfilled species-level recommendations in this region (ties: most conservative status_adjusted and control_adjusted)","penalized if catch exceeds 2018-2022 mean; not penalized below mean",1
2023,"region_4","scomber",985,11,11229,5,"maximally harvested","no increase","genus aggregation; mode across 1 original and 0 gapfilled species-level recommendations in this region (ties: most conservative status_adjusted and control_adjusted)",2022,1,1,"genus aggregation; mode across 1 original and 0 gapfilled species-level recommendations in this region (ties: most conservative status_adjusted and control_adjusted)","penalized if catch exceeds 2018-2022 mean; not penalized below mean",1
2024,"region_4","scomber",320,7,11229,5,"maximally harvested","no increase","genus aggregation; mode across 1 original and 0 gapfilled species-level recommendations in this region (ties: most conservative status_adjusted and control_adjusted)",2022,1,1,"genus aggregation; mode across 1 original and 0 gapfilled species-level recommendations in this region (ties: most conservative status_adjusted and control_adjusted)","penalized if catch exceeds 2018-2022 mean; not penalized below mean",1
2018,"region_4","scomberomorus",114619,181,123528.83,5,"maximally harvested","no increase","genus aggregation; mode across 2 original and 0 gapfilled species-level recommendations in this region (ties: most conservative status_adjusted and control_adjusted)",2023,2,2,"genus aggregation; mode across 2 original and 0 gapfilled species-level recommendations in this region (ties: most conservative status_adjusted and control_adjusted)","penalized if catch exceeds 2018-2022 mean; not penalized below mean",1
2019,"region_4","scomberomorus",82883.9,130,123528.83,5,"maximally harvested","no increase","genus aggregation; mode across 2 original and 0 gapfilled species-level recommendations in this region (ties: most conservative status_adjusted and control_adjusted)",2023,2,2,"genus aggregation; mode across 2 original and 0 gapfilled species-level recommendations in this region (ties: most conservative status_adjusted and control_adjusted)","penalized if catch exceeds 2018-2022 mean; not penalized below mean",1
2020,"region_4","scomberomorus",200644.9,226,123528.83,5,"maximally harvested","no increase","genus aggregation; mode across 2 original and 0 gapfilled species-level recommendations in this region (ties: most conservative status_adjusted and control_adjusted)",2023,2,2,"genus aggregation; mode across 2 original and 0 gapfilled species-level recommendations in this region (ties: most conservative status_adjusted and control_adjusted)","penalized if catch exceeds 2018-2022 mean; not penalized below mean",0.615658957690926
2021,"region_4","scomberomorus",108859.72,226,123528.83,5,"maximally harvested","no increase","genus aggregation; mode across 2 original and 0 gapfilled species-level recommendations in this region (ties: most conservative status_adjusted and control_adjusted)",2023,2,2,"genus aggregation; mode across 2 original and 0 gapfilled species-level recommendations in this region (ties: most conservative status_adjusted and control_adjusted)","penalized if catch exceeds 2018-2022 mean; not penalized below mean",1
2022,"region_4","scomberomorus",110636.63,202,123528.83,5,"maximally harvested","no increase","genus aggregation; mode across 2 original and 0 gapfilled species-level recommendations in this region (ties: most conservative status_adjusted and control_adjusted)",2023,2,2,"genus aggregation; mode across 2 original and 0 gapfilled species-level recommendations in this region (ties: most conservative status_adjusted and control_adjusted)","penalized if catch exceeds 2018-2022 mean; not penalized below mean",1
2023,"region_4","scomberomorus",97265,182,123528.83,5,"maximally harvested","no increase","genus aggregation; mode across 2 original and 0 gapfilled species-level recommendations in this region (ties: most conservative status_adjusted and control_adjusted)",2023,2,2,"genus aggregation; mode across 2 original and 0 gapfilled species-level recommendations in this region (ties: most conservative status_adjusted and control_adjusted)","penalized if catch exceeds 2018-2022 mean; not penalized below mean",1
2024,"region_4","scomberomorus",126085.5,187,123528.83,5,"maximally harvested","no increase","genus aggregation; mode across 2 original and 0 gapfilled species-level recommendations in this region (ties: most conservative status_adjusted and control_adjusted)",2023,2,2,"genus aggregation; mode across 2 original and 0 gapfilled species-level recommendations in this region (ties: most conservative status_adjusted and control_adjusted)","penalized if catch exceeds 2018-2022 mean; not penalized below mean",1
2018,"region_4","sphoeroides",11404.25,48,15332.23,5,"maximally harvested","no increase","genus aggregation; mode across 3 original and 0 gapfilled species-level recommendations in this region (ties: most conservative status_adjusted and control_adjusted)",2023,3,3,"genus aggregation; mode across 3 original and 0 gapfilled species-level recommendations in this region (ties: most conservative status_adjusted and control_adjusted)","penalized if catch exceeds 2018-2022 mean; not penalized below mean",1
2019,"region_4","sphoeroides",14120.75,32,15332.23,5,"maximally harvested","no increase","genus aggregation; mode across 3 original and 0 gapfilled species-level recommendations in this region (ties: most conservative status_adjusted and control_adjusted)",2023,3,3,"genus aggregation; mode across 3 original and 0 gapfilled species-level recommendations in this region (ties: most conservative status_adjusted and control_adjusted)","penalized if catch exceeds 2018-2022 mean; not penalized below mean",1
2020,"region_4","sphoeroides",5227.9,49,15332.23,5,"maximally harvested","no increase","genus aggregation; mode across 3 original and 0 gapfilled species-level recommendations in this region (ties: most conservative status_adjusted and control_adjusted)",2023,3,3,"genus aggregation; mode across 3 original and 0 gapfilled species-level recommendations in this region (ties: most conservative status_adjusted and control_adjusted)","penalized if catch exceeds 2018-2022 mean; not penalized below mean",1
2021,"region_4","sphoeroides",12156.2,47,15332.23,5,"maximally harvested","no increase","genus aggregation; mode across 3 original and 0 gapfilled species-level recommendations in this region (ties: most conservative status_adjusted and control_adjusted)",2023,3,3,"genus aggregation; mode across 3 original and 0 gapfilled species-level recommendations in this region (ties: most conservative status_adjusted and control_adjusted)","penalized if catch exceeds 2018-2022 mean; not penalized below mean",1
2022,"region_4","sphoeroides",33752.05,74,15332.23,5,"maximally harvested","no increase","genus aggregation; mode across 3 original and 0 gapfilled species-level recommendations in this region (ties: most conservative status_adjusted and control_adjusted)",2023,3,3,"genus aggregation; mode across 3 original and 0 gapfilled species-level recommendations in this region (ties: most conservative status_adjusted and control_adjusted)","penalized if catch exceeds 2018-2022 mean; not penalized below mean",0.454260704164636
2023,"region_4","sphoeroides",21951,50,15332.23,5,"maximally harvested","no increase","genus aggregation; mode across 3 original and 0 gapfilled species-level recommendations in this region (ties: most conservative status_adjusted and control_adjusted)",2023,3,3,"genus aggregation; mode across 3 original and 0 gapfilled species-level recommendations in this region (ties: most conservative status_adjusted and control_adjusted)","penalized if catch exceeds 2018-2022 mean; not penalized below mean",0.698475240307959
2024,"region_4","sphoeroides",38798.8,80,15332.23,5,"maximally harvested","no increase","genus aggregation; mode across 3 original and 0 gapfilled species-level recommendations in this region (ties: most conservative status_adjusted and control_adjusted)",2023,3,3,"genus aggregation; mode across 3 original and 0 gapfilled species-level recommendations in this region (ties: most conservative status_adjusted and control_adjusted)","penalized if catch exceeds 2018-2022 mean; not penalized below mean",0.39517278884914
2018,"region_4","sphyrna",101952.65,63,210372.28,5,"maximally harvested","no increase","genus aggregation; mode across 3 original and 0 gapfilled species-level recommendations in this region (ties: most conservative status_adjusted and control_adjusted)",2023,3,3,"genus aggregation; mode across 3 original and 0 gapfilled species-level recommendations in this region (ties: most conservative status_adjusted and control_adjusted)","penalized if catch exceeds 2018-2022 mean; not penalized below mean",1
2019,"region_4","sphyrna",194735.4,87,210372.28,5,"maximally harvested","no increase","genus aggregation; mode across 3 original and 0 gapfilled species-level recommendations in this region (ties: most conservative status_adjusted and control_adjusted)",2023,3,3,"genus aggregation; mode across 3 original and 0 gapfilled species-level recommendations in this region (ties: most conservative status_adjusted and control_adjusted)","penalized if catch exceeds 2018-2022 mean; not penalized below mean",1
2020,"region_4","sphyrna",263980.35,88,210372.28,5,"maximally harvested","no increase","genus aggregation; mode across 3 original and 0 gapfilled species-level recommendations in this region (ties: most conservative status_adjusted and control_adjusted)",2023,3,3,"genus aggregation; mode across 3 original and 0 gapfilled species-level recommendations in this region (ties: most conservative status_adjusted and control_adjusted)","penalized if catch exceeds 2018-2022 mean; not penalized below mean",0.796924013472973
2021,"region_4","sphyrna",318471.2,129,210372.28,5,"maximally harvested","no increase","genus aggregation; mode across 3 original and 0 gapfilled species-level recommendations in this region (ties: most conservative status_adjusted and control_adjusted)",2023,3,3,"genus aggregation; mode across 3 original and 0 gapfilled species-level recommendations in this region (ties: most conservative status_adjusted and control_adjusted)","penalized if catch exceeds 2018-2022 mean; not penalized below mean",0.660569244565914
2022,"region_4","sphyrna",172721.8,112,210372.28,5,"maximally harvested","no increase","genus aggregation; mode across 3 original and 0 gapfilled species-level recommendations in this region (ties: most conservative status_adjusted and control_adjusted)",2023,3,3,"genus aggregation; mode across 3 original and 0 gapfilled species-level recommendations in this region (ties: most conservative status_adjusted and control_adjusted)","penalized if catch exceeds 2018-2022 mean; not penalized below mean",1
2023,"region_4","sphyrna",489370,84,210372.28,5,"maximally harvested","no increase","genus aggregation; mode across 3 original and 0 gapfilled species-level recommendations in this region (ties: most conservative status_adjusted and control_adjusted)",2023,3,3,"genus aggregation; mode across 3 original and 0 gapfilled species-level recommendations in this region (ties: most conservative status_adjusted and control_adjusted)","penalized if catch exceeds 2018-2022 mean; not penalized below mean",0.429883891534013
2024,"region_4","sphyrna",355596.6,56,210372.28,5,"maximally harvested","no increase","genus aggregation; mode across 3 original and 0 gapfilled species-level recommendations in this region (ties: most conservative status_adjusted and control_adjusted)",2023,3,3,"genus aggregation; mode across 3 original and 0 gapfilled species-level recommendations in this region (ties: most conservative status_adjusted and control_adjusted)","penalized if catch exceeds 2018-2022 mean; not penalized below mean",0.591603744242774
2018,"region_4","thunnus",27244,177,9316.36,5,"decreasing","decrease","genus aggregation; mode across 2 original and 0 gapfilled species-level recommendations in this region (ties: most conservative status_adjusted and control_adjusted)",2023,2,2,"genus aggregation; mode across 2 original and 0 gapfilled species-level recommendations in this region (ties: most conservative status_adjusted and control_adjusted)","decreasing stock penalized at/above reference; not penalized below mean",0.17098003230069
2019,"region_4","thunnus",9674,43,9316.36,5,"decreasing","decrease","genus aggregation; mode across 2 original and 0 gapfilled species-level recommendations in this region (ties: most conservative status_adjusted and control_adjusted)",2023,2,2,"genus aggregation; mode across 2 original and 0 gapfilled species-level recommendations in this region (ties: most conservative status_adjusted and control_adjusted)","decreasing stock penalized at/above reference; not penalized below mean",0.5
2020,"region_4","thunnus",4794.8,38,9316.36,5,"decreasing","decrease","genus aggregation; mode across 2 original and 0 gapfilled species-level recommendations in this region (ties: most conservative status_adjusted and control_adjusted)",2023,2,2,"genus aggregation; mode across 2 original and 0 gapfilled species-level recommendations in this region (ties: most conservative status_adjusted and control_adjusted)","decreasing stock penalized at/above reference; not penalized below mean",1
2021,"region_4","thunnus",4379,17,9316.36,5,"decreasing","decrease","genus aggregation; mode across 2 original and 0 gapfilled species-level recommendations in this region (ties: most conservative status_adjusted and control_adjusted)",2023,2,2,"genus aggregation; mode across 2 original and 0 gapfilled species-level recommendations in this region (ties: most conservative status_adjusted and control_adjusted)","decreasing stock penalized at/above reference; not penalized below mean",1
2022,"region_4","thunnus",490,6,9316.36,5,"decreasing","decrease","genus aggregation; mode across 2 original and 0 gapfilled species-level recommendations in this region (ties: most conservative status_adjusted and control_adjusted)",2023,2,2,"genus aggregation; mode across 2 original and 0 gapfilled species-level recommendations in this region (ties: most conservative status_adjusted and control_adjusted)","decreasing stock penalized at/above reference; not penalized below mean",1
2023,"region_4","thunnus",3438,23,9316.36,5,"decreasing","decrease","genus aggregation; mode across 2 original and 0 gapfilled species-level recommendations in this region (ties: most conservative status_adjusted and control_adjusted)",2023,2,2,"genus aggregation; mode across 2 original and 0 gapfilled species-level recommendations in this region (ties: most conservative status_adjusted and control_adjusted)","decreasing stock penalized at/above reference; not penalized below mean",1
2024,"region_4","thunnus",6734.3,66,9316.36,5,"decreasing","decrease","genus aggregation; mode across 2 original and 0 gapfilled species-level recommendations in this region (ties: most conservative status_adjusted and control_adjusted)",2023,2,2,"genus aggregation; mode across 2 original and 0 gapfilled species-level recommendations in this region (ties: most conservative status_adjusted and control_adjusted)","decreasing stock penalized at/above reference; not penalized below mean",1
2018,"region_4","xiphias",312.5,1,15732.875,4,"development potential","increase","genus aggregation; mode across 0 original and 1 gapfilled species-level recommendations in this region (ties: most conservative status_adjusted and control_adjusted)",2012,1,0,"genus aggregation; mode across 0 original and 1 gapfilled species-level recommendations in this region (ties: most conservative status_adjusted and control_adjusted)","development potential (score = 1; no underfishing penalty)",1
2019,"region_4","xiphias",22250,2,15732.875,4,"development potential","increase","genus aggregation; mode across 0 original and 1 gapfilled species-level recommendations in this region (ties: most conservative status_adjusted and control_adjusted)",2012,1,0,"genus aggregation; mode across 0 original and 1 gapfilled species-level recommendations in this region (ties: most conservative status_adjusted and control_adjusted)","development potential (score = 1; no underfishing penalty)",1
2020,"region_4","xiphias",37125,3,15732.875,4,"development potential","increase","genus aggregation; mode across 0 original and 1 gapfilled species-level recommendations in this region (ties: most conservative status_adjusted and control_adjusted)",2012,1,0,"genus aggregation; mode across 0 original and 1 gapfilled species-level recommendations in this region (ties: most conservative status_adjusted and control_adjusted)","development potential (score = 1; no underfishing penalty)",1
2021,"region_4","xiphias",3244,1,15732.875,4,"development potential","increase","genus aggregation; mode across 0 original and 1 gapfilled species-level recommendations in this region (ties: most conservative status_adjusted and control_adjusted)",2012,1,0,"genus aggregation; mode across 0 original and 1 gapfilled species-level recommendations in this region (ties: most conservative status_adjusted and control_adjusted)","development potential (score = 1; no underfishing penalty)",1
2018,"region_5","argopecten",580050,57,1630495.6,5,"decreasing","decrease","genus aggregation; mode across 0 original and 1 gapfilled species-level recommendations in this region (ties: most conservative status_adjusted and control_adjusted)",2023,1,0,"genus aggregation; mode across 0 original and 1 gapfilled species-level recommendations in this region (ties: most conservative status_adjusted and control_adjusted)","decreasing stock penalized at/above reference; not penalized below mean",1
2019,"region_5","argopecten",393248,39,1630495.6,5,"decreasing","decrease","genus aggregation; mode across 0 original and 1 gapfilled species-level recommendations in this region (ties: most conservative status_adjusted and control_adjusted)",2023,1,0,"genus aggregation; mode across 0 original and 1 gapfilled species-level recommendations in this region (ties: most conservative status_adjusted and control_adjusted)","decreasing stock penalized at/above reference; not penalized below mean",1
2020,"region_5","argopecten",380225,97,1630495.6,5,"decreasing","decrease","genus aggregation; mode across 0 original and 1 gapfilled species-level recommendations in this region (ties: most conservative status_adjusted and control_adjusted)",2023,1,0,"genus aggregation; mode across 0 original and 1 gapfilled species-level recommendations in this region (ties: most conservative status_adjusted and control_adjusted)","decreasing stock penalized at/above reference; not penalized below mean",1
2021,"region_5","argopecten",2522164,304,1630495.6,5,"decreasing","decrease","genus aggregation; mode across 0 original and 1 gapfilled species-level recommendations in this region (ties: most conservative status_adjusted and control_adjusted)",2023,1,0,"genus aggregation; mode across 0 original and 1 gapfilled species-level recommendations in this region (ties: most conservative status_adjusted and control_adjusted)","decreasing stock penalized at/above reference; not penalized below mean",0.323233461424396
2022,"region_5","argopecten",4276791,408,1630495.6,5,"decreasing","decrease","genus aggregation; mode across 0 original and 1 gapfilled species-level recommendations in this region (ties: most conservative status_adjusted and control_adjusted)",2023,1,0,"genus aggregation; mode across 0 original and 1 gapfilled species-level recommendations in this region (ties: most conservative status_adjusted and control_adjusted)","decreasing stock penalized at/above reference; not penalized below mean",0.1906213794408
2023,"region_5","argopecten",170441,71,1630495.6,5,"decreasing","decrease","genus aggregation; mode across 0 original and 1 gapfilled species-level recommendations in this region (ties: most conservative status_adjusted and control_adjusted)",2023,1,0,"genus aggregation; mode across 0 original and 1 gapfilled species-level recommendations in this region (ties: most conservative status_adjusted and control_adjusted)","decreasing stock penalized at/above reference; not penalized below mean",1
2024,"region_5","argopecten",272242,70,1630495.6,5,"decreasing","decrease","genus aggregation; mode across 0 original and 1 gapfilled species-level recommendations in this region (ties: most conservative status_adjusted and control_adjusted)",2023,1,0,"genus aggregation; mode across 0 original and 1 gapfilled species-level recommendations in this region (ties: most conservative status_adjusted and control_adjusted)","decreasing stock penalized at/above reference; not penalized below mean",1
2018,"region_5","chione",41963,61,113820.25,4,"maximally harvested","no increase","genus aggregation; mode across 2 original and 0 gapfilled species-level recommendations in this region (ties: most conservative status_adjusted and control_adjusted)",2023,2,2,"genus aggregation; mode across 2 original and 0 gapfilled species-level recommendations in this region (ties: most conservative status_adjusted and control_adjusted)","penalized if catch exceeds 2018-2022 mean; not penalized below mean",1
2019,"region_5","chione",3749,5,113820.25,4,"maximally harvested","no increase","genus aggregation; mode across 2 original and 0 gapfilled species-level recommendations in this region (ties: most conservative status_adjusted and control_adjusted)",2023,2,2,"genus aggregation; mode across 2 original and 0 gapfilled species-level recommendations in this region (ties: most conservative status_adjusted and control_adjusted)","penalized if catch exceeds 2018-2022 mean; not penalized below mean",1
2021,"region_5","chione",24430,22,113820.25,4,"maximally harvested","no increase","genus aggregation; mode across 2 original and 0 gapfilled species-level recommendations in this region (ties: most conservative status_adjusted and control_adjusted)",2023,2,2,"genus aggregation; mode across 2 original and 0 gapfilled species-level recommendations in this region (ties: most conservative status_adjusted and control_adjusted)","penalized if catch exceeds 2018-2022 mean; not penalized below mean",1
2022,"region_5","chione",385139,103,113820.25,4,"maximally harvested","no increase","genus aggregation; mode across 2 original and 0 gapfilled species-level recommendations in this region (ties: most conservative status_adjusted and control_adjusted)",2023,2,2,"genus aggregation; mode across 2 original and 0 gapfilled species-level recommendations in this region (ties: most conservative status_adjusted and control_adjusted)","penalized if catch exceeds 2018-2022 mean; not penalized below mean",0.295530315029119
2023,"region_5","chione",53631,69,113820.25,4,"maximally harvested","no increase","genus aggregation; mode across 2 original and 0 gapfilled species-level recommendations in this region (ties: most conservative status_adjusted and control_adjusted)",2023,2,2,"genus aggregation; mode across 2 original and 0 gapfilled species-level recommendations in this region (ties: most conservative status_adjusted and control_adjusted)","penalized if catch exceeds 2018-2022 mean; not penalized below mean",1
2018,"region_5","cynoscion",55620.2,96,106379.43,5,"maximally harvested","no increase","genus aggregation; mode across 1 original and 0 gapfilled species-level recommendations in this region (ties: most conservative status_adjusted and control_adjusted)",2023,1,1,"genus aggregation; mode across 1 original and 0 gapfilled species-level recommendations in this region (ties: most conservative status_adjusted and control_adjusted)","penalized if catch exceeds 2018-2022 mean; not penalized below mean",1
2019,"region_5","cynoscion",53590.6,88,106379.43,5,"maximally harvested","no increase","genus aggregation; mode across 1 original and 0 gapfilled species-level recommendations in this region (ties: most conservative status_adjusted and control_adjusted)",2023,1,1,"genus aggregation; mode across 1 original and 0 gapfilled species-level recommendations in this region (ties: most conservative status_adjusted and control_adjusted)","penalized if catch exceeds 2018-2022 mean; not penalized below mean",1
2020,"region_5","cynoscion",53871.3,65,106379.43,5,"maximally harvested","no increase","genus aggregation; mode across 1 original and 0 gapfilled species-level recommendations in this region (ties: most conservative status_adjusted and control_adjusted)",2023,1,1,"genus aggregation; mode across 1 original and 0 gapfilled species-level recommendations in this region (ties: most conservative status_adjusted and control_adjusted)","penalized if catch exceeds 2018-2022 mean; not penalized below mean",1
2021,"region_5","cynoscion",240747.95,93,106379.43,5,"maximally harvested","no increase","genus aggregation; mode across 1 original and 0 gapfilled species-level recommendations in this region (ties: most conservative status_adjusted and control_adjusted)",2023,1,1,"genus aggregation; mode across 1 original and 0 gapfilled species-level recommendations in this region (ties: most conservative status_adjusted and control_adjusted)","penalized if catch exceeds 2018-2022 mean; not penalized below mean",0.441870553830261
2022,"region_5","cynoscion",128067.1,139,106379.43,5,"maximally harvested","no increase","genus aggregation; mode across 1 original and 0 gapfilled species-level recommendations in this region (ties: most conservative status_adjusted and control_adjusted)",2023,1,1,"genus aggregation; mode across 1 original and 0 gapfilled species-level recommendations in this region (ties: most conservative status_adjusted and control_adjusted)","penalized if catch exceeds 2018-2022 mean; not penalized below mean",0.830653852550733
2023,"region_5","cynoscion",227192,211,106379.43,5,"maximally harvested","no increase","genus aggregation; mode across 1 original and 0 gapfilled species-level recommendations in this region (ties: most conservative status_adjusted and control_adjusted)",2023,1,1,"genus aggregation; mode across 1 original and 0 gapfilled species-level recommendations in this region (ties: most conservative status_adjusted and control_adjusted)","penalized if catch exceeds 2018-2022 mean; not penalized below mean",0.468235809359485
2024,"region_5","cynoscion",1122400.9,352,106379.43,5,"maximally harvested","no increase","genus aggregation; mode across 1 original and 0 gapfilled species-level recommendations in this region (ties: most conservative status_adjusted and control_adjusted)",2023,1,1,"genus aggregation; mode across 1 original and 0 gapfilled species-level recommendations in this region (ties: most conservative status_adjusted and control_adjusted)","penalized if catch exceeds 2018-2022 mean; not penalized below mean",0.0947784610650259
2018,"region_5","dosidicus",1370,3,2905.8,5,"maximally harvested","no increase","genus aggregation; mode across 1 original and 0 gapfilled species-level recommendations in this region (ties: most conservative status_adjusted and control_adjusted)",2022,1,1,"genus aggregation; mode across 1 original and 0 gapfilled species-level recommendations in this region (ties: most conservative status_adjusted and control_adjusted)","penalized if catch exceeds 2018-2022 mean; not penalized below mean",1
2019,"region_5","dosidicus",1350,4,2905.8,5,"maximally harvested","no increase","genus aggregation; mode across 1 original and 0 gapfilled species-level recommendations in this region (ties: most conservative status_adjusted and control_adjusted)",2022,1,1,"genus aggregation; mode across 1 original and 0 gapfilled species-level recommendations in this region (ties: most conservative status_adjusted and control_adjusted)","penalized if catch exceeds 2018-2022 mean; not penalized below mean",1
2020,"region_5","dosidicus",2566,9,2905.8,5,"maximally harvested","no increase","genus aggregation; mode across 1 original and 0 gapfilled species-level recommendations in this region (ties: most conservative status_adjusted and control_adjusted)",2022,1,1,"genus aggregation; mode across 1 original and 0 gapfilled species-level recommendations in this region (ties: most conservative status_adjusted and control_adjusted)","penalized if catch exceeds 2018-2022 mean; not penalized below mean",1
2021,"region_5","dosidicus",4915,12,2905.8,5,"maximally harvested","no increase","genus aggregation; mode across 1 original and 0 gapfilled species-level recommendations in this region (ties: most conservative status_adjusted and control_adjusted)",2022,1,1,"genus aggregation; mode across 1 original and 0 gapfilled species-level recommendations in this region (ties: most conservative status_adjusted and control_adjusted)","penalized if catch exceeds 2018-2022 mean; not penalized below mean",0.591210579857579
2022,"region_5","dosidicus",4328,10,2905.8,5,"maximally harvested","no increase","genus aggregation; mode across 1 original and 0 gapfilled species-level recommendations in this region (ties: most conservative status_adjusted and control_adjusted)",2022,1,1,"genus aggregation; mode across 1 original and 0 gapfilled species-level recommendations in this region (ties: most conservative status_adjusted and control_adjusted)","penalized if catch exceeds 2018-2022 mean; not penalized below mean",0.671395563770795
2023,"region_5","dosidicus",6327,11,2905.8,5,"maximally harvested","no increase","genus aggregation; mode across 1 original and 0 gapfilled species-level recommendations in this region (ties: most conservative status_adjusted and control_adjusted)",2022,1,1,"genus aggregation; mode across 1 original and 0 gapfilled species-level recommendations in this region (ties: most conservative status_adjusted and control_adjusted)","penalized if catch exceeds 2018-2022 mean; not penalized below mean",0.459269796111901
2024,"region_5","dosidicus",4370,5,2905.8,5,"maximally harvested","no increase","genus aggregation; mode across 1 original and 0 gapfilled species-level recommendations in this region (ties: most conservative status_adjusted and control_adjusted)",2022,1,1,"genus aggregation; mode across 1 original and 0 gapfilled species-level recommendations in this region (ties: most conservative status_adjusted and control_adjusted)","penalized if catch exceeds 2018-2022 mean; not penalized below mean",0.664942791762014
2018,"region_5","dosinia",679972,260,447746.8,5,"maximally harvested","no increase","genus aggregation; mode across 1 original and 0 gapfilled species-level recommendations in this region (ties: most conservative status_adjusted and control_adjusted)",2023,1,1,"genus aggregation; mode across 1 original and 0 gapfilled species-level recommendations in this region (ties: most conservative status_adjusted and control_adjusted)","penalized if catch exceeds 2018-2022 mean; not penalized below mean",0.658478290282541
2019,"region_5","dosinia",320555,147,447746.8,5,"maximally harvested","no increase","genus aggregation; mode across 1 original and 0 gapfilled species-level recommendations in this region (ties: most conservative status_adjusted and control_adjusted)",2023,1,1,"genus aggregation; mode across 1 original and 0 gapfilled species-level recommendations in this region (ties: most conservative status_adjusted and control_adjusted)","penalized if catch exceeds 2018-2022 mean; not penalized below mean",1
2020,"region_5","dosinia",189012,113,447746.8,5,"maximally harvested","no increase","genus aggregation; mode across 1 original and 0 gapfilled species-level recommendations in this region (ties: most conservative status_adjusted and control_adjusted)",2023,1,1,"genus aggregation; mode across 1 original and 0 gapfilled species-level recommendations in this region (ties: most conservative status_adjusted and control_adjusted)","penalized if catch exceeds 2018-2022 mean; not penalized below mean",1
2021,"region_5","dosinia",506946,250,447746.8,5,"maximally harvested","no increase","genus aggregation; mode across 1 original and 0 gapfilled species-level recommendations in this region (ties: most conservative status_adjusted and control_adjusted)",2023,1,1,"genus aggregation; mode across 1 original and 0 gapfilled species-level recommendations in this region (ties: most conservative status_adjusted and control_adjusted)","penalized if catch exceeds 2018-2022 mean; not penalized below mean",0.883223854217214
2022,"region_5","dosinia",542249,210,447746.8,5,"maximally harvested","no increase","genus aggregation; mode across 1 original and 0 gapfilled species-level recommendations in this region (ties: most conservative status_adjusted and control_adjusted)",2023,1,1,"genus aggregation; mode across 1 original and 0 gapfilled species-level recommendations in this region (ties: most conservative status_adjusted and control_adjusted)","penalized if catch exceeds 2018-2022 mean; not penalized below mean",0.825721762511319
2023,"region_5","dosinia",398445,196,447746.8,5,"maximally harvested","no increase","genus aggregation; mode across 1 original and 0 gapfilled species-level recommendations in this region (ties: most conservative status_adjusted and control_adjusted)",2023,1,1,"genus aggregation; mode across 1 original and 0 gapfilled species-level recommendations in this region (ties: most conservative status_adjusted and control_adjusted)","penalized if catch exceeds 2018-2022 mean; not penalized below mean",1
2024,"region_5","dosinia",137190,70,447746.8,5,"maximally harvested","no increase","genus aggregation; mode across 1 original and 0 gapfilled species-level recommendations in this region (ties: most conservative status_adjusted and control_adjusted)",2023,1,1,"genus aggregation; mode across 1 original and 0 gapfilled species-level recommendations in this region (ties: most conservative status_adjusted and control_adjusted)","penalized if catch exceeds 2018-2022 mean; not penalized below mean",1
2018,"region_5","litopenaeus",4318.4,9,29904.56,5,"maximally harvested","no increase","genus aggregation; mode across 3 original and 0 gapfilled species-level recommendations in this region (ties: most conservative status_adjusted and control_adjusted)",2012,3,3,"genus aggregation; mode across 3 original and 0 gapfilled species-level recommendations in this region (ties: most conservative status_adjusted and control_adjusted)","penalized if catch exceeds 2018-2022 mean; not penalized below mean",1
2019,"region_5","litopenaeus",42200.2,16,29904.56,5,"maximally harvested","no increase","genus aggregation; mode across 3 original and 0 gapfilled species-level recommendations in this region (ties: most conservative status_adjusted and control_adjusted)",2012,3,3,"genus aggregation; mode across 3 original and 0 gapfilled species-level recommendations in this region (ties: most conservative status_adjusted and control_adjusted)","penalized if catch exceeds 2018-2022 mean; not penalized below mean",0.708635504097137
2020,"region_5","litopenaeus",35008,13,29904.56,5,"maximally harvested","no increase","genus aggregation; mode across 3 original and 0 gapfilled species-level recommendations in this region (ties: most conservative status_adjusted and control_adjusted)",2012,3,3,"genus aggregation; mode across 3 original and 0 gapfilled species-level recommendations in this region (ties: most conservative status_adjusted and control_adjusted)","penalized if catch exceeds 2018-2022 mean; not penalized below mean",0.854220749542962
2021,"region_5","litopenaeus",35582.4,13,29904.56,5,"maximally harvested","no increase","genus aggregation; mode across 3 original and 0 gapfilled species-level recommendations in this region (ties: most conservative status_adjusted and control_adjusted)",2012,3,3,"genus aggregation; mode across 3 original and 0 gapfilled species-level recommendations in this region (ties: most conservative status_adjusted and control_adjusted)","penalized if catch exceeds 2018-2022 mean; not penalized below mean",0.840431224425559
2022,"region_5","litopenaeus",32413.8,13,29904.56,5,"maximally harvested","no increase","genus aggregation; mode across 3 original and 0 gapfilled species-level recommendations in this region (ties: most conservative status_adjusted and control_adjusted)",2012,3,3,"genus aggregation; mode across 3 original and 0 gapfilled species-level recommendations in this region (ties: most conservative status_adjusted and control_adjusted)","penalized if catch exceeds 2018-2022 mean; not penalized below mean",0.922587293066533
2018,"region_5","lutjanus",21373.9,52,25451.42,5,"maximally harvested","no increase","genus aggregation; mode across 8 original and 0 gapfilled species-level recommendations in this region (ties: most conservative status_adjusted and control_adjusted)",2023,8,8,"genus aggregation; mode across 8 original and 0 gapfilled species-level recommendations in this region (ties: most conservative status_adjusted and control_adjusted)","penalized if catch exceeds 2018-2022 mean; not penalized below mean",1
2019,"region_5","lutjanus",24525.2,63,25451.42,5,"maximally harvested","no increase","genus aggregation; mode across 8 original and 0 gapfilled species-level recommendations in this region (ties: most conservative status_adjusted and control_adjusted)",2023,8,8,"genus aggregation; mode across 8 original and 0 gapfilled species-level recommendations in this region (ties: most conservative status_adjusted and control_adjusted)","penalized if catch exceeds 2018-2022 mean; not penalized below mean",1
2020,"region_5","lutjanus",12603.6,40,25451.42,5,"maximally harvested","no increase","genus aggregation; mode across 8 original and 0 gapfilled species-level recommendations in this region (ties: most conservative status_adjusted and control_adjusted)",2023,8,8,"genus aggregation; mode across 8 original and 0 gapfilled species-level recommendations in this region (ties: most conservative status_adjusted and control_adjusted)","penalized if catch exceeds 2018-2022 mean; not penalized below mean",1
2021,"region_5","lutjanus",33487.9,74,25451.42,5,"maximally harvested","no increase","genus aggregation; mode across 8 original and 0 gapfilled species-level recommendations in this region (ties: most conservative status_adjusted and control_adjusted)",2023,8,8,"genus aggregation; mode across 8 original and 0 gapfilled species-level recommendations in this region (ties: most conservative status_adjusted and control_adjusted)","penalized if catch exceeds 2018-2022 mean; not penalized below mean",0.760018394703759
2022,"region_5","lutjanus",35266.5,98,25451.42,5,"maximally harvested","no increase","genus aggregation; mode across 8 original and 0 gapfilled species-level recommendations in this region (ties: most conservative status_adjusted and control_adjusted)",2023,8,8,"genus aggregation; mode across 8 original and 0 gapfilled species-level recommendations in this region (ties: most conservative status_adjusted and control_adjusted)","penalized if catch exceeds 2018-2022 mean; not penalized below mean",0.721688287751833
2023,"region_5","lutjanus",73168,153,25451.42,5,"maximally harvested","no increase","genus aggregation; mode across 8 original and 0 gapfilled species-level recommendations in this region (ties: most conservative status_adjusted and control_adjusted)",2023,8,8,"genus aggregation; mode across 8 original and 0 gapfilled species-level recommendations in this region (ties: most conservative status_adjusted and control_adjusted)","penalized if catch exceeds 2018-2022 mean; not penalized below mean",0.347849059698229
2024,"region_5","lutjanus",47183,145,25451.42,5,"maximally harvested","no increase","genus aggregation; mode across 8 original and 0 gapfilled species-level recommendations in this region (ties: most conservative status_adjusted and control_adjusted)",2023,8,8,"genus aggregation; mode across 8 original and 0 gapfilled species-level recommendations in this region (ties: most conservative status_adjusted and control_adjusted)","penalized if catch exceeds 2018-2022 mean; not penalized below mean",0.53941928236865
2018,"region_5","megapitaria",4077,2,4185,5,"maximally harvested","no increase","genus aggregation; mode across 0 original and 2 gapfilled species-level recommendations in this region (ties: most conservative status_adjusted and control_adjusted)",2023,2,0,"genus aggregation; mode across 0 original and 2 gapfilled species-level recommendations in this region (ties: most conservative status_adjusted and control_adjusted)","penalized if catch exceeds 2018-2022 mean; not penalized below mean",1
2019,"region_5","megapitaria",450,1,4185,5,"maximally harvested","no increase","genus aggregation; mode across 0 original and 2 gapfilled species-level recommendations in this region (ties: most conservative status_adjusted and control_adjusted)",2023,2,0,"genus aggregation; mode across 0 original and 2 gapfilled species-level recommendations in this region (ties: most conservative status_adjusted and control_adjusted)","penalized if catch exceeds 2018-2022 mean; not penalized below mean",1
2020,"region_5","megapitaria",2024,4,4185,5,"maximally harvested","no increase","genus aggregation; mode across 0 original and 2 gapfilled species-level recommendations in this region (ties: most conservative status_adjusted and control_adjusted)",2023,2,0,"genus aggregation; mode across 0 original and 2 gapfilled species-level recommendations in this region (ties: most conservative status_adjusted and control_adjusted)","penalized if catch exceeds 2018-2022 mean; not penalized below mean",1
2021,"region_5","megapitaria",2474,2,4185,5,"maximally harvested","no increase","genus aggregation; mode across 0 original and 2 gapfilled species-level recommendations in this region (ties: most conservative status_adjusted and control_adjusted)",2023,2,0,"genus aggregation; mode across 0 original and 2 gapfilled species-level recommendations in this region (ties: most conservative status_adjusted and control_adjusted)","penalized if catch exceeds 2018-2022 mean; not penalized below mean",1
2022,"region_5","megapitaria",11900,2,4185,5,"maximally harvested","no increase","genus aggregation; mode across 0 original and 2 gapfilled species-level recommendations in this region (ties: most conservative status_adjusted and control_adjusted)",2023,2,0,"genus aggregation; mode across 0 original and 2 gapfilled species-level recommendations in this region (ties: most conservative status_adjusted and control_adjusted)","penalized if catch exceeds 2018-2022 mean; not penalized below mean",0.351680672268908
2023,"region_5","megapitaria",300,1,4185,5,"maximally harvested","no increase","genus aggregation; mode across 0 original and 2 gapfilled species-level recommendations in this region (ties: most conservative status_adjusted and control_adjusted)",2023,2,0,"genus aggregation; mode across 0 original and 2 gapfilled species-level recommendations in this region (ties: most conservative status_adjusted and control_adjusted)","penalized if catch exceeds 2018-2022 mean; not penalized below mean",1
2018,"region_5","merluccius",2237387.9,192,5893494.28,5,"maximally harvested","no increase","genus aggregation; mode across 1 original and 0 gapfilled species-level recommendations in this region (ties: most conservative status_adjusted and control_adjusted)",2022,1,1,"genus aggregation; mode across 1 original and 0 gapfilled species-level recommendations in this region (ties: most conservative status_adjusted and control_adjusted)","penalized if catch exceeds 2018-2022 mean; not penalized below mean",1
2019,"region_5","merluccius",2261037.3,212,5893494.28,5,"maximally harvested","no increase","genus aggregation; mode across 1 original and 0 gapfilled species-level recommendations in this region (ties: most conservative status_adjusted and control_adjusted)",2022,1,1,"genus aggregation; mode across 1 original and 0 gapfilled species-level recommendations in this region (ties: most conservative status_adjusted and control_adjusted)","penalized if catch exceeds 2018-2022 mean; not penalized below mean",1
2020,"region_5","merluccius",3956583.8,214,5893494.28,5,"maximally harvested","no increase","genus aggregation; mode across 1 original and 0 gapfilled species-level recommendations in this region (ties: most conservative status_adjusted and control_adjusted)",2022,1,1,"genus aggregation; mode across 1 original and 0 gapfilled species-level recommendations in this region (ties: most conservative status_adjusted and control_adjusted)","penalized if catch exceeds 2018-2022 mean; not penalized below mean",1
2021,"region_5","merluccius",6282608.8,307,5893494.28,5,"maximally harvested","no increase","genus aggregation; mode across 1 original and 0 gapfilled species-level recommendations in this region (ties: most conservative status_adjusted and control_adjusted)",2022,1,1,"genus aggregation; mode across 1 original and 0 gapfilled species-level recommendations in this region (ties: most conservative status_adjusted and control_adjusted)","penalized if catch exceeds 2018-2022 mean; not penalized below mean",0.938064817914494
2022,"region_5","merluccius",14729853.6,659,5893494.28,5,"maximally harvested","no increase","genus aggregation; mode across 1 original and 0 gapfilled species-level recommendations in this region (ties: most conservative status_adjusted and control_adjusted)",2022,1,1,"genus aggregation; mode across 1 original and 0 gapfilled species-level recommendations in this region (ties: most conservative status_adjusted and control_adjusted)","penalized if catch exceeds 2018-2022 mean; not penalized below mean",0.400105421278593
2023,"region_5","merluccius",14983802,671,5893494.28,5,"maximally harvested","no increase","genus aggregation; mode across 1 original and 0 gapfilled species-level recommendations in this region (ties: most conservative status_adjusted and control_adjusted)",2022,1,1,"genus aggregation; mode across 1 original and 0 gapfilled species-level recommendations in this region (ties: most conservative status_adjusted and control_adjusted)","penalized if catch exceeds 2018-2022 mean; not penalized below mean",0.39332435652847
2024,"region_5","merluccius",19494115.1,690,5893494.28,5,"maximally harvested","no increase","genus aggregation; mode across 1 original and 0 gapfilled species-level recommendations in this region (ties: most conservative status_adjusted and control_adjusted)",2022,1,1,"genus aggregation; mode across 1 original and 0 gapfilled species-level recommendations in this region (ties: most conservative status_adjusted and control_adjusted)","penalized if catch exceeds 2018-2022 mean; not penalized below mean",0.302321713489832
2018,"region_5","mugil",3455,8,4708,5,"decreasing","decrease","genus aggregation; mode across 3 original and 0 gapfilled species-level recommendations in this region (ties: most conservative status_adjusted and control_adjusted)",2023,3,3,"genus aggregation; mode across 3 original and 0 gapfilled species-level recommendations in this region (ties: most conservative status_adjusted and control_adjusted)","decreasing stock penalized at/above reference; not penalized below mean",1
2019,"region_5","mugil",5685,8,4708,5,"decreasing","decrease","genus aggregation; mode across 3 original and 0 gapfilled species-level recommendations in this region (ties: most conservative status_adjusted and control_adjusted)",2023,3,3,"genus aggregation; mode across 3 original and 0 gapfilled species-level recommendations in this region (ties: most conservative status_adjusted and control_adjusted)","decreasing stock penalized at/above reference; not penalized below mean",0.414072119613017
2020,"region_5","mugil",300,1,4708,5,"decreasing","decrease","genus aggregation; mode across 3 original and 0 gapfilled species-level recommendations in this region (ties: most conservative status_adjusted and control_adjusted)",2023,3,3,"genus aggregation; mode across 3 original and 0 gapfilled species-level recommendations in this region (ties: most conservative status_adjusted and control_adjusted)","decreasing stock penalized at/above reference; not penalized below mean",1
2021,"region_5","mugil",5200,5,4708,5,"decreasing","decrease","genus aggregation; mode across 3 original and 0 gapfilled species-level recommendations in this region (ties: most conservative status_adjusted and control_adjusted)",2023,3,3,"genus aggregation; mode across 3 original and 0 gapfilled species-level recommendations in this region (ties: most conservative status_adjusted and control_adjusted)","decreasing stock penalized at/above reference; not penalized below mean",0.452692307692308
2022,"region_5","mugil",8900,14,4708,5,"decreasing","decrease","genus aggregation; mode across 3 original and 0 gapfilled species-level recommendations in this region (ties: most conservative status_adjusted and control_adjusted)",2023,3,3,"genus aggregation; mode across 3 original and 0 gapfilled species-level recommendations in this region (ties: most conservative status_adjusted and control_adjusted)","decreasing stock penalized at/above reference; not penalized below mean",0.264494382022472
2023,"region_5","mugil",2767,1,4708,5,"decreasing","decrease","genus aggregation; mode across 3 original and 0 gapfilled species-level recommendations in this region (ties: most conservative status_adjusted and control_adjusted)",2023,3,3,"genus aggregation; mode across 3 original and 0 gapfilled species-level recommendations in this region (ties: most conservative status_adjusted and control_adjusted)","decreasing stock penalized at/above reference; not penalized below mean",1
2018,"region_5","mustelus",5650,6,11976.5625,4,"maximally harvested","no increase","genus aggregation; mode across 4 original and 0 gapfilled species-level recommendations in this region (ties: most conservative status_adjusted and control_adjusted)",2023,4,4,"genus aggregation; mode across 4 original and 0 gapfilled species-level recommendations in this region (ties: most conservative status_adjusted and control_adjusted)","penalized if catch exceeds 2018-2022 mean; not penalized below mean",1
2019,"region_5","mustelus",262.5,1,11976.5625,4,"maximally harvested","no increase","genus aggregation; mode across 4 original and 0 gapfilled species-level recommendations in this region (ties: most conservative status_adjusted and control_adjusted)",2023,4,4,"genus aggregation; mode across 4 original and 0 gapfilled species-level recommendations in this region (ties: most conservative status_adjusted and control_adjusted)","penalized if catch exceeds 2018-2022 mean; not penalized below mean",1
2020,"region_5","mustelus",4235,3,11976.5625,4,"maximally harvested","no increase","genus aggregation; mode across 4 original and 0 gapfilled species-level recommendations in this region (ties: most conservative status_adjusted and control_adjusted)",2023,4,4,"genus aggregation; mode across 4 original and 0 gapfilled species-level recommendations in this region (ties: most conservative status_adjusted and control_adjusted)","penalized if catch exceeds 2018-2022 mean; not penalized below mean",1
2022,"region_5","mustelus",37758.75,16,11976.5625,4,"maximally harvested","no increase","genus aggregation; mode across 4 original and 0 gapfilled species-level recommendations in this region (ties: most conservative status_adjusted and control_adjusted)",2023,4,4,"genus aggregation; mode across 4 original and 0 gapfilled species-level recommendations in this region (ties: most conservative status_adjusted and control_adjusted)","penalized if catch exceeds 2018-2022 mean; not penalized below mean",0.317186413745158
2023,"region_5","mustelus",31031,19,11976.5625,4,"maximally harvested","no increase","genus aggregation; mode across 4 original and 0 gapfilled species-level recommendations in this region (ties: most conservative status_adjusted and control_adjusted)",2023,4,4,"genus aggregation; mode across 4 original and 0 gapfilled species-level recommendations in this region (ties: most conservative status_adjusted and control_adjusted)","penalized if catch exceeds 2018-2022 mean; not penalized below mean",0.385954771035416
2024,"region_5","mustelus",183876.75,107,11976.5625,4,"maximally harvested","no increase","genus aggregation; mode across 4 original and 0 gapfilled species-level recommendations in this region (ties: most conservative status_adjusted and control_adjusted)",2023,4,4,"genus aggregation; mode across 4 original and 0 gapfilled species-level recommendations in this region (ties: most conservative status_adjusted and control_adjusted)","penalized if catch exceeds 2018-2022 mean; not penalized below mean",0.0651336425078211
2018,"region_5","panopea",14659,4,29742.6,5,"maximally harvested","no increase","genus aggregation; mode across 1 original and 1 gapfilled species-level recommendations in this region (ties: most conservative status_adjusted and control_adjusted)",2023,2,1,"genus aggregation; mode across 1 original and 1 gapfilled species-level recommendations in this region (ties: most conservative status_adjusted and control_adjusted)","penalized if catch exceeds 2018-2022 mean; not penalized below mean",1
2019,"region_5","panopea",82003,13,29742.6,5,"maximally harvested","no increase","genus aggregation; mode across 1 original and 1 gapfilled species-level recommendations in this region (ties: most conservative status_adjusted and control_adjusted)",2023,2,1,"genus aggregation; mode across 1 original and 1 gapfilled species-level recommendations in this region (ties: most conservative status_adjusted and control_adjusted)","penalized if catch exceeds 2018-2022 mean; not penalized below mean",0.362701364584223
2020,"region_5","panopea",3120,1,29742.6,5,"maximally harvested","no increase","genus aggregation; mode across 1 original and 1 gapfilled species-level recommendations in this region (ties: most conservative status_adjusted and control_adjusted)",2023,2,1,"genus aggregation; mode across 1 original and 1 gapfilled species-level recommendations in this region (ties: most conservative status_adjusted and control_adjusted)","penalized if catch exceeds 2018-2022 mean; not penalized below mean",1
2021,"region_5","panopea",44495,19,29742.6,5,"maximally harvested","no increase","genus aggregation; mode across 1 original and 1 gapfilled species-level recommendations in this region (ties: most conservative status_adjusted and control_adjusted)",2023,2,1,"genus aggregation; mode across 1 original and 1 gapfilled species-level recommendations in this region (ties: most conservative status_adjusted and control_adjusted)","penalized if catch exceeds 2018-2022 mean; not penalized below mean",0.668448140240476
2022,"region_5","panopea",4436,9,29742.6,5,"maximally harvested","no increase","genus aggregation; mode across 1 original and 1 gapfilled species-level recommendations in this region (ties: most conservative status_adjusted and control_adjusted)",2023,2,1,"genus aggregation; mode across 1 original and 1 gapfilled species-level recommendations in this region (ties: most conservative status_adjusted and control_adjusted)","penalized if catch exceeds 2018-2022 mean; not penalized below mean",1
2023,"region_5","panopea",30607,26,29742.6,5,"maximally harvested","no increase","genus aggregation; mode across 1 original and 1 gapfilled species-level recommendations in this region (ties: most conservative status_adjusted and control_adjusted)",2023,2,1,"genus aggregation; mode across 1 original and 1 gapfilled species-level recommendations in this region (ties: most conservative status_adjusted and control_adjusted)","penalized if catch exceeds 2018-2022 mean; not penalized below mean",1
2024,"region_5","panopea",37673,27,29742.6,5,"maximally harvested","no increase","genus aggregation; mode across 1 original and 1 gapfilled species-level recommendations in this region (ties: most conservative status_adjusted and control_adjusted)",2023,2,1,"genus aggregation; mode across 1 original and 1 gapfilled species-level recommendations in this region (ties: most conservative status_adjusted and control_adjusted)","penalized if catch exceeds 2018-2022 mean; not penalized below mean",0.78949380192711
2018,"region_5","paralabrax",101216,234,95291.26,5,"maximally harvested","no increase","genus aggregation; mode across 0 original and 1 gapfilled species-level recommendations in this region (ties: most conservative status_adjusted and control_adjusted)",2023,1,0,"genus aggregation; mode across 0 original and 1 gapfilled species-level recommendations in this region (ties: most conservative status_adjusted and control_adjusted)","penalized if catch exceeds 2018-2022 mean; not penalized below mean",0.941464392981347
2019,"region_5","paralabrax",101302,204,95291.26,5,"maximally harvested","no increase","genus aggregation; mode across 0 original and 1 gapfilled species-level recommendations in this region (ties: most conservative status_adjusted and control_adjusted)",2023,1,0,"genus aggregation; mode across 0 original and 1 gapfilled species-level recommendations in this region (ties: most conservative status_adjusted and control_adjusted)","penalized if catch exceeds 2018-2022 mean; not penalized below mean",0.940665139878778
2020,"region_5","paralabrax",87538.6,149,95291.26,5,"maximally harvested","no increase","genus aggregation; mode across 0 original and 1 gapfilled species-level recommendations in this region (ties: most conservative status_adjusted and control_adjusted)",2023,1,0,"genus aggregation; mode across 0 original and 1 gapfilled species-level recommendations in this region (ties: most conservative status_adjusted and control_adjusted)","penalized if catch exceeds 2018-2022 mean; not penalized below mean",1
2021,"region_5","paralabrax",101995.6,144,95291.26,5,"maximally harvested","no increase","genus aggregation; mode across 0 original and 1 gapfilled species-level recommendations in this region (ties: most conservative status_adjusted and control_adjusted)",2023,1,0,"genus aggregation; mode across 0 original and 1 gapfilled species-level recommendations in this region (ties: most conservative status_adjusted and control_adjusted)","penalized if catch exceeds 2018-2022 mean; not penalized below mean",0.934268340987258
2022,"region_5","paralabrax",84404.1,133,95291.26,5,"maximally harvested","no increase","genus aggregation; mode across 0 original and 1 gapfilled species-level recommendations in this region (ties: most conservative status_adjusted and control_adjusted)",2023,1,0,"genus aggregation; mode across 0 original and 1 gapfilled species-level recommendations in this region (ties: most conservative status_adjusted and control_adjusted)","penalized if catch exceeds 2018-2022 mean; not penalized below mean",1
2023,"region_5","paralabrax",148031,207,95291.26,5,"maximally harvested","no increase","genus aggregation; mode across 0 original and 1 gapfilled species-level recommendations in this region (ties: most conservative status_adjusted and control_adjusted)",2023,1,0,"genus aggregation; mode across 0 original and 1 gapfilled species-level recommendations in this region (ties: most conservative status_adjusted and control_adjusted)","penalized if catch exceeds 2018-2022 mean; not penalized below mean",0.643725030567922
2024,"region_5","paralabrax",152601.5,219,95291.26,5,"maximally harvested","no increase","genus aggregation; mode across 0 original and 1 gapfilled species-level recommendations in this region (ties: most conservative status_adjusted and control_adjusted)",2023,1,0,"genus aggregation; mode across 0 original and 1 gapfilled species-level recommendations in this region (ties: most conservative status_adjusted and control_adjusted)","penalized if catch exceeds 2018-2022 mean; not penalized below mean",0.624445107027126
2018,"region_5","rhizoprionodon",921553.25,289,664893.42,5,"maximally harvested","no increase","genus aggregation; mode across 1 original and 0 gapfilled species-level recommendations in this region (ties: most conservative status_adjusted and control_adjusted)",2023,1,1,"genus aggregation; mode across 1 original and 0 gapfilled species-level recommendations in this region (ties: most conservative status_adjusted and control_adjusted)","penalized if catch exceeds 2018-2022 mean; not penalized below mean",0.721492132983091
2019,"region_5","rhizoprionodon",870242.65,282,664893.42,5,"maximally harvested","no increase","genus aggregation; mode across 1 original and 0 gapfilled species-level recommendations in this region (ties: most conservative status_adjusted and control_adjusted)",2023,1,1,"genus aggregation; mode across 1 original and 0 gapfilled species-level recommendations in this region (ties: most conservative status_adjusted and control_adjusted)","penalized if catch exceeds 2018-2022 mean; not penalized below mean",0.764032215612508
2020,"region_5","rhizoprionodon",623114.2,198,664893.42,5,"maximally harvested","no increase","genus aggregation; mode across 1 original and 0 gapfilled species-level recommendations in this region (ties: most conservative status_adjusted and control_adjusted)",2023,1,1,"genus aggregation; mode across 1 original and 0 gapfilled species-level recommendations in this region (ties: most conservative status_adjusted and control_adjusted)","penalized if catch exceeds 2018-2022 mean; not penalized below mean",1
2021,"region_5","rhizoprionodon",464571.25,177,664893.42,5,"maximally harvested","no increase","genus aggregation; mode across 1 original and 0 gapfilled species-level recommendations in this region (ties: most conservative status_adjusted and control_adjusted)",2023,1,1,"genus aggregation; mode across 1 original and 0 gapfilled species-level recommendations in this region (ties: most conservative status_adjusted and control_adjusted)","penalized if catch exceeds 2018-2022 mean; not penalized below mean",1
2022,"region_5","rhizoprionodon",444985.75,217,664893.42,5,"maximally harvested","no increase","genus aggregation; mode across 1 original and 0 gapfilled species-level recommendations in this region (ties: most conservative status_adjusted and control_adjusted)",2023,1,1,"genus aggregation; mode across 1 original and 0 gapfilled species-level recommendations in this region (ties: most conservative status_adjusted and control_adjusted)","penalized if catch exceeds 2018-2022 mean; not penalized below mean",1
2023,"region_5","rhizoprionodon",5000,1,664893.42,5,"maximally harvested","no increase","genus aggregation; mode across 1 original and 0 gapfilled species-level recommendations in this region (ties: most conservative status_adjusted and control_adjusted)",2023,1,1,"genus aggregation; mode across 1 original and 0 gapfilled species-level recommendations in this region (ties: most conservative status_adjusted and control_adjusted)","penalized if catch exceeds 2018-2022 mean; not penalized below mean",1
2024,"region_5","rhizoprionodon",16500,5,664893.42,5,"maximally harvested","no increase","genus aggregation; mode across 1 original and 0 gapfilled species-level recommendations in this region (ties: most conservative status_adjusted and control_adjusted)",2023,1,1,"genus aggregation; mode across 1 original and 0 gapfilled species-level recommendations in this region (ties: most conservative status_adjusted and control_adjusted)","penalized if catch exceeds 2018-2022 mean; not penalized below mean",1
2018,"region_5","scomberomorus",156769,44,1059044.146,5,"maximally harvested","no increase","genus aggregation; mode across 2 original and 0 gapfilled species-level recommendations in this region (ties: most conservative status_adjusted and control_adjusted)",2023,2,2,"genus aggregation; mode across 2 original and 0 gapfilled species-level recommendations in this region (ties: most conservative status_adjusted and control_adjusted)","penalized if catch exceeds 2018-2022 mean; not penalized below mean",1
2019,"region_5","scomberomorus",134570.1,28,1059044.146,5,"maximally harvested","no increase","genus aggregation; mode across 2 original and 0 gapfilled species-level recommendations in this region (ties: most conservative status_adjusted and control_adjusted)",2023,2,2,"genus aggregation; mode across 2 original and 0 gapfilled species-level recommendations in this region (ties: most conservative status_adjusted and control_adjusted)","penalized if catch exceeds 2018-2022 mean; not penalized below mean",1
2020,"region_5","scomberomorus",39005,16,1059044.146,5,"maximally harvested","no increase","genus aggregation; mode across 2 original and 0 gapfilled species-level recommendations in this region (ties: most conservative status_adjusted and control_adjusted)",2023,2,2,"genus aggregation; mode across 2 original and 0 gapfilled species-level recommendations in this region (ties: most conservative status_adjusted and control_adjusted)","penalized if catch exceeds 2018-2022 mean; not penalized below mean",1
2021,"region_5","scomberomorus",1292722,167,1059044.146,5,"maximally harvested","no increase","genus aggregation; mode across 2 original and 0 gapfilled species-level recommendations in this region (ties: most conservative status_adjusted and control_adjusted)",2023,2,2,"genus aggregation; mode across 2 original and 0 gapfilled species-level recommendations in this region (ties: most conservative status_adjusted and control_adjusted)","penalized if catch exceeds 2018-2022 mean; not penalized below mean",0.819235803212137
2022,"region_5","scomberomorus",3672154.63,465,1059044.146,5,"maximally harvested","no increase","genus aggregation; mode across 2 original and 0 gapfilled species-level recommendations in this region (ties: most conservative status_adjusted and control_adjusted)",2023,2,2,"genus aggregation; mode across 2 original and 0 gapfilled species-level recommendations in this region (ties: most conservative status_adjusted and control_adjusted)","penalized if catch exceeds 2018-2022 mean; not penalized below mean",0.288398570514445
2023,"region_5","scomberomorus",4521639,532,1059044.146,5,"maximally harvested","no increase","genus aggregation; mode across 2 original and 0 gapfilled species-level recommendations in this region (ties: most conservative status_adjusted and control_adjusted)",2023,2,2,"genus aggregation; mode across 2 original and 0 gapfilled species-level recommendations in this region (ties: most conservative status_adjusted and control_adjusted)","penalized if catch exceeds 2018-2022 mean; not penalized below mean",0.234216872687094
2024,"region_5","scomberomorus",2452402.32,407,1059044.146,5,"maximally harvested","no increase","genus aggregation; mode across 2 original and 0 gapfilled species-level recommendations in this region (ties: most conservative status_adjusted and control_adjusted)",2023,2,2,"genus aggregation; mode across 2 original and 0 gapfilled species-level recommendations in this region (ties: most conservative status_adjusted and control_adjusted)","penalized if catch exceeds 2018-2022 mean; not penalized below mean",0.431839481378406
2018,"region_5","sphoeroides",8026.25,16,5222.9,5,"maximally harvested","no increase","genus aggregation; mode across 3 original and 0 gapfilled species-level recommendations in this region (ties: most conservative status_adjusted and control_adjusted)",2023,3,3,"genus aggregation; mode across 3 original and 0 gapfilled species-level recommendations in this region (ties: most conservative status_adjusted and control_adjusted)","penalized if catch exceeds 2018-2022 mean; not penalized below mean",0.650727301043451
2019,"region_5","sphoeroides",12013.75,20,5222.9,5,"maximally harvested","no increase","genus aggregation; mode across 3 original and 0 gapfilled species-level recommendations in this region (ties: most conservative status_adjusted and control_adjusted)",2023,3,3,"genus aggregation; mode across 3 original and 0 gapfilled species-level recommendations in this region (ties: most conservative status_adjusted and control_adjusted)","penalized if catch exceeds 2018-2022 mean; not penalized below mean",0.434743523046509
2020,"region_5","sphoeroides",1790.5,6,5222.9,5,"maximally harvested","no increase","genus aggregation; mode across 3 original and 0 gapfilled species-level recommendations in this region (ties: most conservative status_adjusted and control_adjusted)",2023,3,3,"genus aggregation; mode across 3 original and 0 gapfilled species-level recommendations in this region (ties: most conservative status_adjusted and control_adjusted)","penalized if catch exceeds 2018-2022 mean; not penalized below mean",1
2021,"region_5","sphoeroides",4105.8,14,5222.9,5,"maximally harvested","no increase","genus aggregation; mode across 3 original and 0 gapfilled species-level recommendations in this region (ties: most conservative status_adjusted and control_adjusted)",2023,3,3,"genus aggregation; mode across 3 original and 0 gapfilled species-level recommendations in this region (ties: most conservative status_adjusted and control_adjusted)","penalized if catch exceeds 2018-2022 mean; not penalized below mean",1
2022,"region_5","sphoeroides",178.2,2,5222.9,5,"maximally harvested","no increase","genus aggregation; mode across 3 original and 0 gapfilled species-level recommendations in this region (ties: most conservative status_adjusted and control_adjusted)",2023,3,3,"genus aggregation; mode across 3 original and 0 gapfilled species-level recommendations in this region (ties: most conservative status_adjusted and control_adjusted)","penalized if catch exceeds 2018-2022 mean; not penalized below mean",1
2023,"region_5","sphoeroides",2581,4,5222.9,5,"maximally harvested","no increase","genus aggregation; mode across 3 original and 0 gapfilled species-level recommendations in this region (ties: most conservative status_adjusted and control_adjusted)",2023,3,3,"genus aggregation; mode across 3 original and 0 gapfilled species-level recommendations in this region (ties: most conservative status_adjusted and control_adjusted)","penalized if catch exceeds 2018-2022 mean; not penalized below mean",1
2024,"region_5","sphoeroides",6180,12,5222.9,5,"maximally harvested","no increase","genus aggregation; mode across 3 original and 0 gapfilled species-level recommendations in this region (ties: most conservative status_adjusted and control_adjusted)",2023,3,3,"genus aggregation; mode across 3 original and 0 gapfilled species-level recommendations in this region (ties: most conservative status_adjusted and control_adjusted)","penalized if catch exceeds 2018-2022 mean; not penalized below mean",0.845129449838188
2018,"region_5","stomolophus",62989180,944,47477651.8,5,"maximally harvested","no increase","genus aggregation; mode across 2 original and 0 gapfilled species-level recommendations in this region (ties: most conservative status_adjusted and control_adjusted)",2017,2,2,"genus aggregation; mode across 2 original and 0 gapfilled species-level recommendations in this region (ties: most conservative status_adjusted and control_adjusted)","penalized if catch exceeds 2018-2022 mean; not penalized below mean",0.75374297299949
2019,"region_5","stomolophus",45241758,593,47477651.8,5,"maximally harvested","no increase","genus aggregation; mode across 2 original and 0 gapfilled species-level recommendations in this region (ties: most conservative status_adjusted and control_adjusted)",2017,2,2,"genus aggregation; mode across 2 original and 0 gapfilled species-level recommendations in this region (ties: most conservative status_adjusted and control_adjusted)","penalized if catch exceeds 2018-2022 mean; not penalized below mean",1
2020,"region_5","stomolophus",7362403,136,47477651.8,5,"maximally harvested","no increase","genus aggregation; mode across 2 original and 0 gapfilled species-level recommendations in this region (ties: most conservative status_adjusted and control_adjusted)",2017,2,2,"genus aggregation; mode across 2 original and 0 gapfilled species-level recommendations in this region (ties: most conservative status_adjusted and control_adjusted)","penalized if catch exceeds 2018-2022 mean; not penalized below mean",1
2021,"region_5","stomolophus",71178401,3981,47477651.8,5,"maximally harvested","no increase","genus aggregation; mode across 2 original and 0 gapfilled species-level recommendations in this region (ties: most conservative status_adjusted and control_adjusted)",2017,2,2,"genus aggregation; mode across 2 original and 0 gapfilled species-level recommendations in this region (ties: most conservative status_adjusted and control_adjusted)","penalized if catch exceeds 2018-2022 mean; not penalized below mean",0.667023298261505
2022,"region_5","stomolophus",50616517,1998,47477651.8,5,"maximally harvested","no increase","genus aggregation; mode across 2 original and 0 gapfilled species-level recommendations in this region (ties: most conservative status_adjusted and control_adjusted)",2017,2,2,"genus aggregation; mode across 2 original and 0 gapfilled species-level recommendations in this region (ties: most conservative status_adjusted and control_adjusted)","penalized if catch exceeds 2018-2022 mean; not penalized below mean",0.937987333265147
2023,"region_5","stomolophus",682962,42,47477651.8,5,"maximally harvested","no increase","genus aggregation; mode across 2 original and 0 gapfilled species-level recommendations in this region (ties: most conservative status_adjusted and control_adjusted)",2017,2,2,"genus aggregation; mode across 2 original and 0 gapfilled species-level recommendations in this region (ties: most conservative status_adjusted and control_adjusted)","penalized if catch exceeds 2018-2022 mean; not penalized below mean",1
2024,"region_5","stomolophus",34755083.57,2219,47477651.8,5,"maximally harvested","no increase","genus aggregation; mode across 2 original and 0 gapfilled species-level recommendations in this region (ties: most conservative status_adjusted and control_adjusted)",2017,2,2,"genus aggregation; mode across 2 original and 0 gapfilled species-level recommendations in this region (ties: most conservative status_adjusted and control_adjusted)","penalized if catch exceeds 2018-2022 mean; not penalized below mean",1
2018,"region_6","argopecten",19500,2,130749.75,4,"decreasing","decrease","genus aggregation; mode across 0 original and 1 gapfilled species-level recommendations in this region (ties: most conservative status_adjusted and control_adjusted)",2023,1,0,"genus aggregation; mode across 0 original and 1 gapfilled species-level recommendations in this region (ties: most conservative status_adjusted and control_adjusted)","decreasing stock penalized at/above reference; not penalized below mean",1
2020,"region_6","argopecten",12212,12,130749.75,4,"decreasing","decrease","genus aggregation; mode across 0 original and 1 gapfilled species-level recommendations in this region (ties: most conservative status_adjusted and control_adjusted)",2023,1,0,"genus aggregation; mode across 0 original and 1 gapfilled species-level recommendations in this region (ties: most conservative status_adjusted and control_adjusted)","decreasing stock penalized at/above reference; not penalized below mean",1
2021,"region_6","argopecten",115609,60,130749.75,4,"decreasing","decrease","genus aggregation; mode across 0 original and 1 gapfilled species-level recommendations in this region (ties: most conservative status_adjusted and control_adjusted)",2023,1,0,"genus aggregation; mode across 0 original and 1 gapfilled species-level recommendations in this region (ties: most conservative status_adjusted and control_adjusted)","decreasing stock penalized at/above reference; not penalized below mean",1
2022,"region_6","argopecten",375678,39,130749.75,4,"decreasing","decrease","genus aggregation; mode across 0 original and 1 gapfilled species-level recommendations in this region (ties: most conservative status_adjusted and control_adjusted)",2023,1,0,"genus aggregation; mode across 0 original and 1 gapfilled species-level recommendations in this region (ties: most conservative status_adjusted and control_adjusted)","decreasing stock penalized at/above reference; not penalized below mean",0.174018374778401
2023,"region_6","argopecten",7000,11,130749.75,4,"decreasing","decrease","genus aggregation; mode across 0 original and 1 gapfilled species-level recommendations in this region (ties: most conservative status_adjusted and control_adjusted)",2023,1,0,"genus aggregation; mode across 0 original and 1 gapfilled species-level recommendations in this region (ties: most conservative status_adjusted and control_adjusted)","decreasing stock penalized at/above reference; not penalized below mean",1
2024,"region_6","argopecten",20797,16,130749.75,4,"decreasing","decrease","genus aggregation; mode across 0 original and 1 gapfilled species-level recommendations in this region (ties: most conservative status_adjusted and control_adjusted)",2023,1,0,"genus aggregation; mode across 0 original and 1 gapfilled species-level recommendations in this region (ties: most conservative status_adjusted and control_adjusted)","decreasing stock penalized at/above reference; not penalized below mean",1
2019,"region_6","callinectes",19400,7,13711.25,4,"maximally harvested","no increase","genus aggregation; mode across 3 original and 0 gapfilled species-level recommendations in this region (ties: most conservative status_adjusted and control_adjusted)",2023,3,3,"genus aggregation; mode across 3 original and 0 gapfilled species-level recommendations in this region (ties: most conservative status_adjusted and control_adjusted)","penalized if catch exceeds 2018-2022 mean; not penalized below mean",0.706765463917526
2020,"region_6","callinectes",33600,9,13711.25,4,"maximally harvested","no increase","genus aggregation; mode across 3 original and 0 gapfilled species-level recommendations in this region (ties: most conservative status_adjusted and control_adjusted)",2023,3,3,"genus aggregation; mode across 3 original and 0 gapfilled species-level recommendations in this region (ties: most conservative status_adjusted and control_adjusted)","penalized if catch exceeds 2018-2022 mean; not penalized below mean",0.408072916666667
2021,"region_6","callinectes",1780,2,13711.25,4,"maximally harvested","no increase","genus aggregation; mode across 3 original and 0 gapfilled species-level recommendations in this region (ties: most conservative status_adjusted and control_adjusted)",2023,3,3,"genus aggregation; mode across 3 original and 0 gapfilled species-level recommendations in this region (ties: most conservative status_adjusted and control_adjusted)","penalized if catch exceeds 2018-2022 mean; not penalized below mean",1
2022,"region_6","callinectes",65,1,13711.25,4,"maximally harvested","no increase","genus aggregation; mode across 3 original and 0 gapfilled species-level recommendations in this region (ties: most conservative status_adjusted and control_adjusted)",2023,3,3,"genus aggregation; mode across 3 original and 0 gapfilled species-level recommendations in this region (ties: most conservative status_adjusted and control_adjusted)","penalized if catch exceeds 2018-2022 mean; not penalized below mean",1
2023,"region_6","callinectes",300,1,13711.25,4,"maximally harvested","no increase","genus aggregation; mode across 3 original and 0 gapfilled species-level recommendations in this region (ties: most conservative status_adjusted and control_adjusted)",2023,3,3,"genus aggregation; mode across 3 original and 0 gapfilled species-level recommendations in this region (ties: most conservative status_adjusted and control_adjusted)","penalized if catch exceeds 2018-2022 mean; not penalized below mean",1
2018,"region_6","carcharhinus",16240.3,8,41686.16,5,"maximally harvested","no increase","genus aggregation; mode across 9 original and 0 gapfilled species-level recommendations in this region (ties: most conservative status_adjusted and control_adjusted)",2023,9,9,"genus aggregation; mode across 9 original and 0 gapfilled species-level recommendations in this region (ties: most conservative status_adjusted and control_adjusted)","penalized if catch exceeds 2018-2022 mean; not penalized below mean",1
2019,"region_6","carcharhinus",54957,12,41686.16,5,"maximally harvested","no increase","genus aggregation; mode across 9 original and 0 gapfilled species-level recommendations in this region (ties: most conservative status_adjusted and control_adjusted)",2023,9,9,"genus aggregation; mode across 9 original and 0 gapfilled species-level recommendations in this region (ties: most conservative status_adjusted and control_adjusted)","penalized if catch exceeds 2018-2022 mean; not penalized below mean",0.758523209054352
2020,"region_6","carcharhinus",28037,13,41686.16,5,"maximally harvested","no increase","genus aggregation; mode across 9 original and 0 gapfilled species-level recommendations in this region (ties: most conservative status_adjusted and control_adjusted)",2023,9,9,"genus aggregation; mode across 9 original and 0 gapfilled species-level recommendations in this region (ties: most conservative status_adjusted and control_adjusted)","penalized if catch exceeds 2018-2022 mean; not penalized below mean",1
2021,"region_6","carcharhinus",51709,24,41686.16,5,"maximally harvested","no increase","genus aggregation; mode across 9 original and 0 gapfilled species-level recommendations in this region (ties: most conservative status_adjusted and control_adjusted)",2023,9,9,"genus aggregation; mode across 9 original and 0 gapfilled species-level recommendations in this region (ties: most conservative status_adjusted and control_adjusted)","penalized if catch exceeds 2018-2022 mean; not penalized below mean",0.806168365274904
2022,"region_6","carcharhinus",57487.5,25,41686.16,5,"maximally harvested","no increase","genus aggregation; mode across 9 original and 0 gapfilled species-level recommendations in this region (ties: most conservative status_adjusted and control_adjusted)",2023,9,9,"genus aggregation; mode across 9 original and 0 gapfilled species-level recommendations in this region (ties: most conservative status_adjusted and control_adjusted)","penalized if catch exceeds 2018-2022 mean; not penalized below mean",0.725134333550772
2024,"region_6","carcharhinus",510,1,41686.16,5,"maximally harvested","no increase","genus aggregation; mode across 9 original and 0 gapfilled species-level recommendations in this region (ties: most conservative status_adjusted and control_adjusted)",2023,9,9,"genus aggregation; mode across 9 original and 0 gapfilled species-level recommendations in this region (ties: most conservative status_adjusted and control_adjusted)","penalized if catch exceeds 2018-2022 mean; not penalized below mean",1
2018,"region_6","chione",6202,3,7832.5,4,"maximally harvested","no increase","genus aggregation; mode across 2 original and 0 gapfilled species-level recommendations in this region (ties: most conservative status_adjusted and control_adjusted)",2023,2,2,"genus aggregation; mode across 2 original and 0 gapfilled species-level recommendations in this region (ties: most conservative status_adjusted and control_adjusted)","penalized if catch exceeds 2018-2022 mean; not penalized below mean",1
2019,"region_6","chione",6940,3,7832.5,4,"maximally harvested","no increase","genus aggregation; mode across 2 original and 0 gapfilled species-level recommendations in this region (ties: most conservative status_adjusted and control_adjusted)",2023,2,2,"genus aggregation; mode across 2 original and 0 gapfilled species-level recommendations in this region (ties: most conservative status_adjusted and control_adjusted)","penalized if catch exceeds 2018-2022 mean; not penalized below mean",1
2021,"region_6","chione",11768,29,7832.5,4,"maximally harvested","no increase","genus aggregation; mode across 2 original and 0 gapfilled species-level recommendations in this region (ties: most conservative status_adjusted and control_adjusted)",2023,2,2,"genus aggregation; mode across 2 original and 0 gapfilled species-level recommendations in this region (ties: most conservative status_adjusted and control_adjusted)","penalized if catch exceeds 2018-2022 mean; not penalized below mean",0.665576138681169
2022,"region_6","chione",6420,18,7832.5,4,"maximally harvested","no increase","genus aggregation; mode across 2 original and 0 gapfilled species-level recommendations in this region (ties: most conservative status_adjusted and control_adjusted)",2023,2,2,"genus aggregation; mode across 2 original and 0 gapfilled species-level recommendations in this region (ties: most conservative status_adjusted and control_adjusted)","penalized if catch exceeds 2018-2022 mean; not penalized below mean",1
2018,"region_6","crassostrea",84084,38,146413.6,5,"maximally harvested","no increase","genus aggregation; mode across 1 original and 4 gapfilled species-level recommendations in this region (ties: most conservative status_adjusted and control_adjusted)",2023,5,1,"genus aggregation; mode across 1 original and 4 gapfilled species-level recommendations in this region (ties: most conservative status_adjusted and control_adjusted)","penalized if catch exceeds 2018-2022 mean; not penalized below mean",1
2019,"region_6","crassostrea",74830,50,146413.6,5,"maximally harvested","no increase","genus aggregation; mode across 1 original and 4 gapfilled species-level recommendations in this region (ties: most conservative status_adjusted and control_adjusted)",2023,5,1,"genus aggregation; mode across 1 original and 4 gapfilled species-level recommendations in this region (ties: most conservative status_adjusted and control_adjusted)","penalized if catch exceeds 2018-2022 mean; not penalized below mean",1
2020,"region_6","crassostrea",65116,31,146413.6,5,"maximally harvested","no increase","genus aggregation; mode across 1 original and 4 gapfilled species-level recommendations in this region (ties: most conservative status_adjusted and control_adjusted)",2023,5,1,"genus aggregation; mode across 1 original and 4 gapfilled species-level recommendations in this region (ties: most conservative status_adjusted and control_adjusted)","penalized if catch exceeds 2018-2022 mean; not penalized below mean",1
2021,"region_6","crassostrea",103583,72,146413.6,5,"maximally harvested","no increase","genus aggregation; mode across 1 original and 4 gapfilled species-level recommendations in this region (ties: most conservative status_adjusted and control_adjusted)",2023,5,1,"genus aggregation; mode across 1 original and 4 gapfilled species-level recommendations in this region (ties: most conservative status_adjusted and control_adjusted)","penalized if catch exceeds 2018-2022 mean; not penalized below mean",1
2022,"region_6","crassostrea",404455,178,146413.6,5,"maximally harvested","no increase","genus aggregation; mode across 1 original and 4 gapfilled species-level recommendations in this region (ties: most conservative status_adjusted and control_adjusted)",2023,5,1,"genus aggregation; mode across 1 original and 4 gapfilled species-level recommendations in this region (ties: most conservative status_adjusted and control_adjusted)","penalized if catch exceeds 2018-2022 mean; not penalized below mean",0.36200220049202
2023,"region_6","crassostrea",252658,165,146413.6,5,"maximally harvested","no increase","genus aggregation; mode across 1 original and 4 gapfilled species-level recommendations in this region (ties: most conservative status_adjusted and control_adjusted)",2023,5,1,"genus aggregation; mode across 1 original and 4 gapfilled species-level recommendations in this region (ties: most conservative status_adjusted and control_adjusted)","penalized if catch exceeds 2018-2022 mean; not penalized below mean",0.579493227999905
2024,"region_6","crassostrea",80444,95,146413.6,5,"maximally harvested","no increase","genus aggregation; mode across 1 original and 4 gapfilled species-level recommendations in this region (ties: most conservative status_adjusted and control_adjusted)",2023,5,1,"genus aggregation; mode across 1 original and 4 gapfilled species-level recommendations in this region (ties: most conservative status_adjusted and control_adjusted)","penalized if catch exceeds 2018-2022 mean; not penalized below mean",1
2018,"region_6","cynoscion",141520.7,136,258691.68,5,"maximally harvested","no increase","genus aggregation; mode across 1 original and 0 gapfilled species-level recommendations in this region (ties: most conservative status_adjusted and control_adjusted)",2023,1,1,"genus aggregation; mode across 1 original and 0 gapfilled species-level recommendations in this region (ties: most conservative status_adjusted and control_adjusted)","penalized if catch exceeds 2018-2022 mean; not penalized below mean",1
2019,"region_6","cynoscion",225780.2,184,258691.68,5,"maximally harvested","no increase","genus aggregation; mode across 1 original and 0 gapfilled species-level recommendations in this region (ties: most conservative status_adjusted and control_adjusted)",2023,1,1,"genus aggregation; mode across 1 original and 0 gapfilled species-level recommendations in this region (ties: most conservative status_adjusted and control_adjusted)","penalized if catch exceeds 2018-2022 mean; not penalized below mean",1
2020,"region_6","cynoscion",314615.6,303,258691.68,5,"maximally harvested","no increase","genus aggregation; mode across 1 original and 0 gapfilled species-level recommendations in this region (ties: most conservative status_adjusted and control_adjusted)",2023,1,1,"genus aggregation; mode across 1 original and 0 gapfilled species-level recommendations in this region (ties: most conservative status_adjusted and control_adjusted)","penalized if catch exceeds 2018-2022 mean; not penalized below mean",0.822246830735666
2021,"region_6","cynoscion",361776.2,283,258691.68,5,"maximally harvested","no increase","genus aggregation; mode across 1 original and 0 gapfilled species-level recommendations in this region (ties: most conservative status_adjusted and control_adjusted)",2023,1,1,"genus aggregation; mode across 1 original and 0 gapfilled species-level recommendations in this region (ties: most conservative status_adjusted and control_adjusted)","penalized if catch exceeds 2018-2022 mean; not penalized below mean",0.715059973541654
2022,"region_6","cynoscion",249765.7,275,258691.68,5,"maximally harvested","no increase","genus aggregation; mode across 1 original and 0 gapfilled species-level recommendations in this region (ties: most conservative status_adjusted and control_adjusted)",2023,1,1,"genus aggregation; mode across 1 original and 0 gapfilled species-level recommendations in this region (ties: most conservative status_adjusted and control_adjusted)","penalized if catch exceeds 2018-2022 mean; not penalized below mean",1
2023,"region_6","cynoscion",393852,326,258691.68,5,"maximally harvested","no increase","genus aggregation; mode across 1 original and 0 gapfilled species-level recommendations in this region (ties: most conservative status_adjusted and control_adjusted)",2023,1,1,"genus aggregation; mode across 1 original and 0 gapfilled species-level recommendations in this region (ties: most conservative status_adjusted and control_adjusted)","penalized if catch exceeds 2018-2022 mean; not penalized below mean",0.656824594009933
2024,"region_6","cynoscion",518734.8,384,258691.68,5,"maximally harvested","no increase","genus aggregation; mode across 1 original and 0 gapfilled species-level recommendations in this region (ties: most conservative status_adjusted and control_adjusted)",2023,1,1,"genus aggregation; mode across 1 original and 0 gapfilled species-level recommendations in this region (ties: most conservative status_adjusted and control_adjusted)","penalized if catch exceeds 2018-2022 mean; not penalized below mean",0.49869736906026
2018,"region_6","dosinia",26362,59,71097.8,5,"maximally harvested","no increase","genus aggregation; mode across 1 original and 0 gapfilled species-level recommendations in this region (ties: most conservative status_adjusted and control_adjusted)",2023,1,1,"genus aggregation; mode across 1 original and 0 gapfilled species-level recommendations in this region (ties: most conservative status_adjusted and control_adjusted)","penalized if catch exceeds 2018-2022 mean; not penalized below mean",1
2019,"region_6","dosinia",35862,74,71097.8,5,"maximally harvested","no increase","genus aggregation; mode across 1 original and 0 gapfilled species-level recommendations in this region (ties: most conservative status_adjusted and control_adjusted)",2023,1,1,"genus aggregation; mode across 1 original and 0 gapfilled species-level recommendations in this region (ties: most conservative status_adjusted and control_adjusted)","penalized if catch exceeds 2018-2022 mean; not penalized below mean",1
2020,"region_6","dosinia",19289,56,71097.8,5,"maximally harvested","no increase","genus aggregation; mode across 1 original and 0 gapfilled species-level recommendations in this region (ties: most conservative status_adjusted and control_adjusted)",2023,1,1,"genus aggregation; mode across 1 original and 0 gapfilled species-level recommendations in this region (ties: most conservative status_adjusted and control_adjusted)","penalized if catch exceeds 2018-2022 mean; not penalized below mean",1
2021,"region_6","dosinia",101374,135,71097.8,5,"maximally harvested","no increase","genus aggregation; mode across 1 original and 0 gapfilled species-level recommendations in this region (ties: most conservative status_adjusted and control_adjusted)",2023,1,1,"genus aggregation; mode across 1 original and 0 gapfilled species-level recommendations in this region (ties: most conservative status_adjusted and control_adjusted)","penalized if catch exceeds 2018-2022 mean; not penalized below mean",0.70134156687119
2022,"region_6","dosinia",172602,168,71097.8,5,"maximally harvested","no increase","genus aggregation; mode across 1 original and 0 gapfilled species-level recommendations in this region (ties: most conservative status_adjusted and control_adjusted)",2023,1,1,"genus aggregation; mode across 1 original and 0 gapfilled species-level recommendations in this region (ties: most conservative status_adjusted and control_adjusted)","penalized if catch exceeds 2018-2022 mean; not penalized below mean",0.411917590757929
2023,"region_6","dosinia",78126,47,71097.8,5,"maximally harvested","no increase","genus aggregation; mode across 1 original and 0 gapfilled species-level recommendations in this region (ties: most conservative status_adjusted and control_adjusted)",2023,1,1,"genus aggregation; mode across 1 original and 0 gapfilled species-level recommendations in this region (ties: most conservative status_adjusted and control_adjusted)","penalized if catch exceeds 2018-2022 mean; not penalized below mean",0.910040191485549
2024,"region_6","dosinia",9672,38,71097.8,5,"maximally harvested","no increase","genus aggregation; mode across 1 original and 0 gapfilled species-level recommendations in this region (ties: most conservative status_adjusted and control_adjusted)",2023,1,1,"genus aggregation; mode across 1 original and 0 gapfilled species-level recommendations in this region (ties: most conservative status_adjusted and control_adjusted)","penalized if catch exceeds 2018-2022 mean; not penalized below mean",1
2018,"region_6","litopenaeus",30904683.6,617,39455297.56,5,"maximally harvested","no increase","genus aggregation; mode across 3 original and 0 gapfilled species-level recommendations in this region (ties: most conservative status_adjusted and control_adjusted)",2012,3,3,"genus aggregation; mode across 3 original and 0 gapfilled species-level recommendations in this region (ties: most conservative status_adjusted and control_adjusted)","penalized if catch exceeds 2018-2022 mean; not penalized below mean",1
2019,"region_6","litopenaeus",37260733.2,737,39455297.56,5,"maximally harvested","no increase","genus aggregation; mode across 3 original and 0 gapfilled species-level recommendations in this region (ties: most conservative status_adjusted and control_adjusted)",2012,3,3,"genus aggregation; mode across 3 original and 0 gapfilled species-level recommendations in this region (ties: most conservative status_adjusted and control_adjusted)","penalized if catch exceeds 2018-2022 mean; not penalized below mean",1
2020,"region_6","litopenaeus",40970183,689,39455297.56,5,"maximally harvested","no increase","genus aggregation; mode across 3 original and 0 gapfilled species-level recommendations in this region (ties: most conservative status_adjusted and control_adjusted)",2012,3,3,"genus aggregation; mode across 3 original and 0 gapfilled species-level recommendations in this region (ties: most conservative status_adjusted and control_adjusted)","penalized if catch exceeds 2018-2022 mean; not penalized below mean",1
2021,"region_6","litopenaeus",42612786,723,39455297.56,5,"maximally harvested","no increase","genus aggregation; mode across 3 original and 0 gapfilled species-level recommendations in this region (ties: most conservative status_adjusted and control_adjusted)",2012,3,3,"genus aggregation; mode across 3 original and 0 gapfilled species-level recommendations in this region (ties: most conservative status_adjusted and control_adjusted)","penalized if catch exceeds 2018-2022 mean; not penalized below mean",0.925902792650075
2022,"region_6","litopenaeus",45528102,771,39455297.56,5,"maximally harvested","no increase","genus aggregation; mode across 3 original and 0 gapfilled species-level recommendations in this region (ties: most conservative status_adjusted and control_adjusted)",2012,3,3,"genus aggregation; mode across 3 original and 0 gapfilled species-level recommendations in this region (ties: most conservative status_adjusted and control_adjusted)","penalized if catch exceeds 2018-2022 mean; not penalized below mean",0.866614153166324
2018,"region_6","lutjanus",49085.7,110,134029.77,5,"maximally harvested","no increase","genus aggregation; mode across 8 original and 0 gapfilled species-level recommendations in this region (ties: most conservative status_adjusted and control_adjusted)",2023,8,8,"genus aggregation; mode across 8 original and 0 gapfilled species-level recommendations in this region (ties: most conservative status_adjusted and control_adjusted)","penalized if catch exceeds 2018-2022 mean; not penalized below mean",1
2019,"region_6","lutjanus",71442.9,157,134029.77,5,"maximally harvested","no increase","genus aggregation; mode across 8 original and 0 gapfilled species-level recommendations in this region (ties: most conservative status_adjusted and control_adjusted)",2023,8,8,"genus aggregation; mode across 8 original and 0 gapfilled species-level recommendations in this region (ties: most conservative status_adjusted and control_adjusted)","penalized if catch exceeds 2018-2022 mean; not penalized below mean",1
2020,"region_6","lutjanus",195946.2,344,134029.77,5,"maximally harvested","no increase","genus aggregation; mode across 8 original and 0 gapfilled species-level recommendations in this region (ties: most conservative status_adjusted and control_adjusted)",2023,8,8,"genus aggregation; mode across 8 original and 0 gapfilled species-level recommendations in this region (ties: most conservative status_adjusted and control_adjusted)","penalized if catch exceeds 2018-2022 mean; not penalized below mean",0.68401311176231
2021,"region_6","lutjanus",214408,372,134029.77,5,"maximally harvested","no increase","genus aggregation; mode across 8 original and 0 gapfilled species-level recommendations in this region (ties: most conservative status_adjusted and control_adjusted)",2023,8,8,"genus aggregation; mode across 8 original and 0 gapfilled species-level recommendations in this region (ties: most conservative status_adjusted and control_adjusted)","penalized if catch exceeds 2018-2022 mean; not penalized below mean",0.625115527405694
2022,"region_6","lutjanus",139266.05,361,134029.77,5,"maximally harvested","no increase","genus aggregation; mode across 8 original and 0 gapfilled species-level recommendations in this region (ties: most conservative status_adjusted and control_adjusted)",2023,8,8,"genus aggregation; mode across 8 original and 0 gapfilled species-level recommendations in this region (ties: most conservative status_adjusted and control_adjusted)","penalized if catch exceeds 2018-2022 mean; not penalized below mean",1
2023,"region_6","lutjanus",126097,361,134029.77,5,"maximally harvested","no increase","genus aggregation; mode across 8 original and 0 gapfilled species-level recommendations in this region (ties: most conservative status_adjusted and control_adjusted)",2023,8,8,"genus aggregation; mode across 8 original and 0 gapfilled species-level recommendations in this region (ties: most conservative status_adjusted and control_adjusted)","penalized if catch exceeds 2018-2022 mean; not penalized below mean",1
2024,"region_6","lutjanus",98881.051,285,134029.77,5,"maximally harvested","no increase","genus aggregation; mode across 8 original and 0 gapfilled species-level recommendations in this region (ties: most conservative status_adjusted and control_adjusted)",2023,8,8,"genus aggregation; mode across 8 original and 0 gapfilled species-level recommendations in this region (ties: most conservative status_adjusted and control_adjusted)","penalized if catch exceeds 2018-2022 mean; not penalized below mean",1
2018,"region_6","megapitaria",16470,85,30968.6,5,"maximally harvested","no increase","genus aggregation; mode across 0 original and 2 gapfilled species-level recommendations in this region (ties: most conservative status_adjusted and control_adjusted)",2023,2,0,"genus aggregation; mode across 0 original and 2 gapfilled species-level recommendations in this region (ties: most conservative status_adjusted and control_adjusted)","penalized if catch exceeds 2018-2022 mean; not penalized below mean",1
2019,"region_6","megapitaria",15226,162,30968.6,5,"maximally harvested","no increase","genus aggregation; mode across 0 original and 2 gapfilled species-level recommendations in this region (ties: most conservative status_adjusted and control_adjusted)",2023,2,0,"genus aggregation; mode across 0 original and 2 gapfilled species-level recommendations in this region (ties: most conservative status_adjusted and control_adjusted)","penalized if catch exceeds 2018-2022 mean; not penalized below mean",1
2020,"region_6","megapitaria",16348,112,30968.6,5,"maximally harvested","no increase","genus aggregation; mode across 0 original and 2 gapfilled species-level recommendations in this region (ties: most conservative status_adjusted and control_adjusted)",2023,2,0,"genus aggregation; mode across 0 original and 2 gapfilled species-level recommendations in this region (ties: most conservative status_adjusted and control_adjusted)","penalized if catch exceeds 2018-2022 mean; not penalized below mean",1
2021,"region_6","megapitaria",47018,225,30968.6,5,"maximally harvested","no increase","genus aggregation; mode across 0 original and 2 gapfilled species-level recommendations in this region (ties: most conservative status_adjusted and control_adjusted)",2023,2,0,"genus aggregation; mode across 0 original and 2 gapfilled species-level recommendations in this region (ties: most conservative status_adjusted and control_adjusted)","penalized if catch exceeds 2018-2022 mean; not penalized below mean",0.658654132459909
2022,"region_6","megapitaria",59781,178,30968.6,5,"maximally harvested","no increase","genus aggregation; mode across 0 original and 2 gapfilled species-level recommendations in this region (ties: most conservative status_adjusted and control_adjusted)",2023,2,0,"genus aggregation; mode across 0 original and 2 gapfilled species-level recommendations in this region (ties: most conservative status_adjusted and control_adjusted)","penalized if catch exceeds 2018-2022 mean; not penalized below mean",0.51803415801007
2023,"region_6","megapitaria",28639,205,30968.6,5,"maximally harvested","no increase","genus aggregation; mode across 0 original and 2 gapfilled species-level recommendations in this region (ties: most conservative status_adjusted and control_adjusted)",2023,2,0,"genus aggregation; mode across 0 original and 2 gapfilled species-level recommendations in this region (ties: most conservative status_adjusted and control_adjusted)","penalized if catch exceeds 2018-2022 mean; not penalized below mean",1
2024,"region_6","megapitaria",10372,85,30968.6,5,"maximally harvested","no increase","genus aggregation; mode across 0 original and 2 gapfilled species-level recommendations in this region (ties: most conservative status_adjusted and control_adjusted)",2023,2,0,"genus aggregation; mode across 0 original and 2 gapfilled species-level recommendations in this region (ties: most conservative status_adjusted and control_adjusted)","penalized if catch exceeds 2018-2022 mean; not penalized below mean",1
2018,"region_6","merluccius",7269,9,15260.32,5,"maximally harvested","no increase","genus aggregation; mode across 1 original and 0 gapfilled species-level recommendations in this region (ties: most conservative status_adjusted and control_adjusted)",2022,1,1,"genus aggregation; mode across 1 original and 0 gapfilled species-level recommendations in this region (ties: most conservative status_adjusted and control_adjusted)","penalized if catch exceeds 2018-2022 mean; not penalized below mean",1
2019,"region_6","merluccius",18600,14,15260.32,5,"maximally harvested","no increase","genus aggregation; mode across 1 original and 0 gapfilled species-level recommendations in this region (ties: most conservative status_adjusted and control_adjusted)",2022,1,1,"genus aggregation; mode across 1 original and 0 gapfilled species-level recommendations in this region (ties: most conservative status_adjusted and control_adjusted)","penalized if catch exceeds 2018-2022 mean; not penalized below mean",0.820447311827957
2020,"region_6","merluccius",10667.4,17,15260.32,5,"maximally harvested","no increase","genus aggregation; mode across 1 original and 0 gapfilled species-level recommendations in this region (ties: most conservative status_adjusted and control_adjusted)",2022,1,1,"genus aggregation; mode across 1 original and 0 gapfilled species-level recommendations in this region (ties: most conservative status_adjusted and control_adjusted)","penalized if catch exceeds 2018-2022 mean; not penalized below mean",1
2021,"region_6","merluccius",34269.6,37,15260.32,5,"maximally harvested","no increase","genus aggregation; mode across 1 original and 0 gapfilled species-level recommendations in this region (ties: most conservative status_adjusted and control_adjusted)",2022,1,1,"genus aggregation; mode across 1 original and 0 gapfilled species-level recommendations in this region (ties: most conservative status_adjusted and control_adjusted)","penalized if catch exceeds 2018-2022 mean; not penalized below mean",0.445301958587203
2022,"region_6","merluccius",5495.6,15,15260.32,5,"maximally harvested","no increase","genus aggregation; mode across 1 original and 0 gapfilled species-level recommendations in this region (ties: most conservative status_adjusted and control_adjusted)",2022,1,1,"genus aggregation; mode across 1 original and 0 gapfilled species-level recommendations in this region (ties: most conservative status_adjusted and control_adjusted)","penalized if catch exceeds 2018-2022 mean; not penalized below mean",1
2023,"region_6","merluccius",37498,16,15260.32,5,"maximally harvested","no increase","genus aggregation; mode across 1 original and 0 gapfilled species-level recommendations in this region (ties: most conservative status_adjusted and control_adjusted)",2022,1,1,"genus aggregation; mode across 1 original and 0 gapfilled species-level recommendations in this region (ties: most conservative status_adjusted and control_adjusted)","penalized if catch exceeds 2018-2022 mean; not penalized below mean",0.406963571390474
2024,"region_6","merluccius",55235,5,15260.32,5,"maximally harvested","no increase","genus aggregation; mode across 1 original and 0 gapfilled species-level recommendations in this region (ties: most conservative status_adjusted and control_adjusted)",2022,1,1,"genus aggregation; mode across 1 original and 0 gapfilled species-level recommendations in this region (ties: most conservative status_adjusted and control_adjusted)","penalized if catch exceeds 2018-2022 mean; not penalized below mean",0.276279894994116
2018,"region_6","mugil",50756,49,52924.4,5,"decreasing","decrease","genus aggregation; mode across 3 original and 0 gapfilled species-level recommendations in this region (ties: most conservative status_adjusted and control_adjusted)",2023,3,3,"genus aggregation; mode across 3 original and 0 gapfilled species-level recommendations in this region (ties: most conservative status_adjusted and control_adjusted)","decreasing stock penalized at/above reference; not penalized below mean",0.5
2019,"region_6","mugil",62194,67,52924.4,5,"decreasing","decrease","genus aggregation; mode across 3 original and 0 gapfilled species-level recommendations in this region (ties: most conservative status_adjusted and control_adjusted)",2023,3,3,"genus aggregation; mode across 3 original and 0 gapfilled species-level recommendations in this region (ties: most conservative status_adjusted and control_adjusted)","decreasing stock penalized at/above reference; not penalized below mean",0.425478341962247
2020,"region_6","mugil",50410,48,52924.4,5,"decreasing","decrease","genus aggregation; mode across 3 original and 0 gapfilled species-level recommendations in this region (ties: most conservative status_adjusted and control_adjusted)",2023,3,3,"genus aggregation; mode across 3 original and 0 gapfilled species-level recommendations in this region (ties: most conservative status_adjusted and control_adjusted)","decreasing stock penalized at/above reference; not penalized below mean",0.5
2021,"region_6","mugil",46651,56,52924.4,5,"decreasing","decrease","genus aggregation; mode across 3 original and 0 gapfilled species-level recommendations in this region (ties: most conservative status_adjusted and control_adjusted)",2023,3,3,"genus aggregation; mode across 3 original and 0 gapfilled species-level recommendations in this region (ties: most conservative status_adjusted and control_adjusted)","decreasing stock penalized at/above reference; not penalized below mean",1
2022,"region_6","mugil",54611,64,52924.4,5,"decreasing","decrease","genus aggregation; mode across 3 original and 0 gapfilled species-level recommendations in this region (ties: most conservative status_adjusted and control_adjusted)",2023,3,3,"genus aggregation; mode across 3 original and 0 gapfilled species-level recommendations in this region (ties: most conservative status_adjusted and control_adjusted)","decreasing stock penalized at/above reference; not penalized below mean",0.5
2023,"region_6","mugil",3675,6,52924.4,5,"decreasing","decrease","genus aggregation; mode across 3 original and 0 gapfilled species-level recommendations in this region (ties: most conservative status_adjusted and control_adjusted)",2023,3,3,"genus aggregation; mode across 3 original and 0 gapfilled species-level recommendations in this region (ties: most conservative status_adjusted and control_adjusted)","decreasing stock penalized at/above reference; not penalized below mean",1
2018,"region_6","mustelus",373750,113,331079.43,5,"maximally harvested","no increase","genus aggregation; mode across 4 original and 0 gapfilled species-level recommendations in this region (ties: most conservative status_adjusted and control_adjusted)",2023,4,4,"genus aggregation; mode across 4 original and 0 gapfilled species-level recommendations in this region (ties: most conservative status_adjusted and control_adjusted)","penalized if catch exceeds 2018-2022 mean; not penalized below mean",0.88583125083612
2019,"region_6","mustelus",274241.15,101,331079.43,5,"maximally harvested","no increase","genus aggregation; mode across 4 original and 0 gapfilled species-level recommendations in this region (ties: most conservative status_adjusted and control_adjusted)",2023,4,4,"genus aggregation; mode across 4 original and 0 gapfilled species-level recommendations in this region (ties: most conservative status_adjusted and control_adjusted)","penalized if catch exceeds 2018-2022 mean; not penalized below mean",1
2020,"region_6","mustelus",300207.5,158,331079.43,5,"maximally harvested","no increase","genus aggregation; mode across 4 original and 0 gapfilled species-level recommendations in this region (ties: most conservative status_adjusted and control_adjusted)",2023,4,4,"genus aggregation; mode across 4 original and 0 gapfilled species-level recommendations in this region (ties: most conservative status_adjusted and control_adjusted)","penalized if catch exceeds 2018-2022 mean; not penalized below mean",1
2021,"region_6","mustelus",347341.5,175,331079.43,5,"maximally harvested","no increase","genus aggregation; mode across 4 original and 0 gapfilled species-level recommendations in this region (ties: most conservative status_adjusted and control_adjusted)",2023,4,4,"genus aggregation; mode across 4 original and 0 gapfilled species-level recommendations in this region (ties: most conservative status_adjusted and control_adjusted)","penalized if catch exceeds 2018-2022 mean; not penalized below mean",1
2022,"region_6","mustelus",359857,185,331079.43,5,"maximally harvested","no increase","genus aggregation; mode across 4 original and 0 gapfilled species-level recommendations in this region (ties: most conservative status_adjusted and control_adjusted)",2023,4,4,"genus aggregation; mode across 4 original and 0 gapfilled species-level recommendations in this region (ties: most conservative status_adjusted and control_adjusted)","penalized if catch exceeds 2018-2022 mean; not penalized below mean",0.920030539908908
2023,"region_6","mustelus",265614,157,331079.43,5,"maximally harvested","no increase","genus aggregation; mode across 4 original and 0 gapfilled species-level recommendations in this region (ties: most conservative status_adjusted and control_adjusted)",2023,4,4,"genus aggregation; mode across 4 original and 0 gapfilled species-level recommendations in this region (ties: most conservative status_adjusted and control_adjusted)","penalized if catch exceeds 2018-2022 mean; not penalized below mean",1
2024,"region_6","mustelus",367840.5,171,331079.43,5,"maximally harvested","no increase","genus aggregation; mode across 4 original and 0 gapfilled species-level recommendations in this region (ties: most conservative status_adjusted and control_adjusted)",2023,4,4,"genus aggregation; mode across 4 original and 0 gapfilled species-level recommendations in this region (ties: most conservative status_adjusted and control_adjusted)","penalized if catch exceeds 2018-2022 mean; not penalized below mean",0.900062472729349
2018,"region_6","panopea",170840.2,110,189715.04,5,"maximally harvested","no increase","genus aggregation; mode across 1 original and 1 gapfilled species-level recommendations in this region (ties: most conservative status_adjusted and control_adjusted)",2023,2,1,"genus aggregation; mode across 1 original and 1 gapfilled species-level recommendations in this region (ties: most conservative status_adjusted and control_adjusted)","penalized if catch exceeds 2018-2022 mean; not penalized below mean",1
2019,"region_6","panopea",294832,113,189715.04,5,"maximally harvested","no increase","genus aggregation; mode across 1 original and 1 gapfilled species-level recommendations in this region (ties: most conservative status_adjusted and control_adjusted)",2023,2,1,"genus aggregation; mode across 1 original and 1 gapfilled species-level recommendations in this region (ties: most conservative status_adjusted and control_adjusted)","penalized if catch exceeds 2018-2022 mean; not penalized below mean",0.643468280240951
2020,"region_6","panopea",104709,66,189715.04,5,"maximally harvested","no increase","genus aggregation; mode across 1 original and 1 gapfilled species-level recommendations in this region (ties: most conservative status_adjusted and control_adjusted)",2023,2,1,"genus aggregation; mode across 1 original and 1 gapfilled species-level recommendations in this region (ties: most conservative status_adjusted and control_adjusted)","penalized if catch exceeds 2018-2022 mean; not penalized below mean",1
2021,"region_6","panopea",182824,93,189715.04,5,"maximally harvested","no increase","genus aggregation; mode across 1 original and 1 gapfilled species-level recommendations in this region (ties: most conservative status_adjusted and control_adjusted)",2023,2,1,"genus aggregation; mode across 1 original and 1 gapfilled species-level recommendations in this region (ties: most conservative status_adjusted and control_adjusted)","penalized if catch exceeds 2018-2022 mean; not penalized below mean",1
2022,"region_6","panopea",195370,114,189715.04,5,"maximally harvested","no increase","genus aggregation; mode across 1 original and 1 gapfilled species-level recommendations in this region (ties: most conservative status_adjusted and control_adjusted)",2023,2,1,"genus aggregation; mode across 1 original and 1 gapfilled species-level recommendations in this region (ties: most conservative status_adjusted and control_adjusted)","penalized if catch exceeds 2018-2022 mean; not penalized below mean",1
2023,"region_6","panopea",96618,79,189715.04,5,"maximally harvested","no increase","genus aggregation; mode across 1 original and 1 gapfilled species-level recommendations in this region (ties: most conservative status_adjusted and control_adjusted)",2023,2,1,"genus aggregation; mode across 1 original and 1 gapfilled species-level recommendations in this region (ties: most conservative status_adjusted and control_adjusted)","penalized if catch exceeds 2018-2022 mean; not penalized below mean",1
2024,"region_6","panopea",20024,13,189715.04,5,"maximally harvested","no increase","genus aggregation; mode across 1 original and 1 gapfilled species-level recommendations in this region (ties: most conservative status_adjusted and control_adjusted)",2023,2,1,"genus aggregation; mode across 1 original and 1 gapfilled species-level recommendations in this region (ties: most conservative status_adjusted and control_adjusted)","penalized if catch exceeds 2018-2022 mean; not penalized below mean",1
2018,"region_6","panulirus",25118,21,15756.8,5,"maximally harvested","no increase","genus aggregation; mode across 4 original and 0 gapfilled species-level recommendations in this region (ties: most conservative status_adjusted and control_adjusted)",2023,4,4,"genus aggregation; mode across 4 original and 0 gapfilled species-level recommendations in this region (ties: most conservative status_adjusted and control_adjusted)","penalized if catch exceeds 2018-2022 mean; not penalized below mean",0.627311091647424
2019,"region_6","panulirus",18190,24,15756.8,5,"maximally harvested","no increase","genus aggregation; mode across 4 original and 0 gapfilled species-level recommendations in this region (ties: most conservative status_adjusted and control_adjusted)",2023,4,4,"genus aggregation; mode across 4 original and 0 gapfilled species-level recommendations in this region (ties: most conservative status_adjusted and control_adjusted)","penalized if catch exceeds 2018-2022 mean; not penalized below mean",0.866234194612424
2020,"region_6","panulirus",12906,14,15756.8,5,"maximally harvested","no increase","genus aggregation; mode across 4 original and 0 gapfilled species-level recommendations in this region (ties: most conservative status_adjusted and control_adjusted)",2023,4,4,"genus aggregation; mode across 4 original and 0 gapfilled species-level recommendations in this region (ties: most conservative status_adjusted and control_adjusted)","penalized if catch exceeds 2018-2022 mean; not penalized below mean",1
2021,"region_6","panulirus",7420,14,15756.8,5,"maximally harvested","no increase","genus aggregation; mode across 4 original and 0 gapfilled species-level recommendations in this region (ties: most conservative status_adjusted and control_adjusted)",2023,4,4,"genus aggregation; mode across 4 original and 0 gapfilled species-level recommendations in this region (ties: most conservative status_adjusted and control_adjusted)","penalized if catch exceeds 2018-2022 mean; not penalized below mean",1
2022,"region_6","panulirus",15150,13,15756.8,5,"maximally harvested","no increase","genus aggregation; mode across 4 original and 0 gapfilled species-level recommendations in this region (ties: most conservative status_adjusted and control_adjusted)",2023,4,4,"genus aggregation; mode across 4 original and 0 gapfilled species-level recommendations in this region (ties: most conservative status_adjusted and control_adjusted)","penalized if catch exceeds 2018-2022 mean; not penalized below mean",1
2023,"region_6","panulirus",18353,12,15756.8,5,"maximally harvested","no increase","genus aggregation; mode across 4 original and 0 gapfilled species-level recommendations in this region (ties: most conservative status_adjusted and control_adjusted)",2023,4,4,"genus aggregation; mode across 4 original and 0 gapfilled species-level recommendations in this region (ties: most conservative status_adjusted and control_adjusted)","penalized if catch exceeds 2018-2022 mean; not penalized below mean",0.858540838010135
2024,"region_6","panulirus",23760,22,15756.8,5,"maximally harvested","no increase","genus aggregation; mode across 4 original and 0 gapfilled species-level recommendations in this region (ties: most conservative status_adjusted and control_adjusted)",2023,4,4,"genus aggregation; mode across 4 original and 0 gapfilled species-level recommendations in this region (ties: most conservative status_adjusted and control_adjusted)","penalized if catch exceeds 2018-2022 mean; not penalized below mean",0.663164983164983
2018,"region_6","paralabrax",133996.3,224,534870.48,5,"maximally harvested","no increase","genus aggregation; mode across 0 original and 1 gapfilled species-level recommendations in this region (ties: most conservative status_adjusted and control_adjusted)",2023,1,0,"genus aggregation; mode across 0 original and 1 gapfilled species-level recommendations in this region (ties: most conservative status_adjusted and control_adjusted)","penalized if catch exceeds 2018-2022 mean; not penalized below mean",1
2019,"region_6","paralabrax",441095.5,313,534870.48,5,"maximally harvested","no increase","genus aggregation; mode across 0 original and 1 gapfilled species-level recommendations in this region (ties: most conservative status_adjusted and control_adjusted)",2023,1,0,"genus aggregation; mode across 0 original and 1 gapfilled species-level recommendations in this region (ties: most conservative status_adjusted and control_adjusted)","penalized if catch exceeds 2018-2022 mean; not penalized below mean",1
2020,"region_6","paralabrax",657887.9,507,534870.48,5,"maximally harvested","no increase","genus aggregation; mode across 0 original and 1 gapfilled species-level recommendations in this region (ties: most conservative status_adjusted and control_adjusted)",2023,1,0,"genus aggregation; mode across 0 original and 1 gapfilled species-level recommendations in this region (ties: most conservative status_adjusted and control_adjusted)","penalized if catch exceeds 2018-2022 mean; not penalized below mean",0.813011578416323
2021,"region_6","paralabrax",749840,587,534870.48,5,"maximally harvested","no increase","genus aggregation; mode across 0 original and 1 gapfilled species-level recommendations in this region (ties: most conservative status_adjusted and control_adjusted)",2023,1,0,"genus aggregation; mode across 0 original and 1 gapfilled species-level recommendations in this region (ties: most conservative status_adjusted and control_adjusted)","penalized if catch exceeds 2018-2022 mean; not penalized below mean",0.713312813400192
2022,"region_6","paralabrax",691532.7,591,534870.48,5,"maximally harvested","no increase","genus aggregation; mode across 0 original and 1 gapfilled species-level recommendations in this region (ties: most conservative status_adjusted and control_adjusted)",2023,1,0,"genus aggregation; mode across 0 original and 1 gapfilled species-level recommendations in this region (ties: most conservative status_adjusted and control_adjusted)","penalized if catch exceeds 2018-2022 mean; not penalized below mean",0.773456526350815
2023,"region_6","paralabrax",655355,602,534870.48,5,"maximally harvested","no increase","genus aggregation; mode across 0 original and 1 gapfilled species-level recommendations in this region (ties: most conservative status_adjusted and control_adjusted)",2023,1,0,"genus aggregation; mode across 0 original and 1 gapfilled species-level recommendations in this region (ties: most conservative status_adjusted and control_adjusted)","penalized if catch exceeds 2018-2022 mean; not penalized below mean",0.816153809767225
2024,"region_6","paralabrax",679687.1,554,534870.48,5,"maximally harvested","no increase","genus aggregation; mode across 0 original and 1 gapfilled species-level recommendations in this region (ties: most conservative status_adjusted and control_adjusted)",2023,1,0,"genus aggregation; mode across 0 original and 1 gapfilled species-level recommendations in this region (ties: most conservative status_adjusted and control_adjusted)","penalized if catch exceeds 2018-2022 mean; not penalized below mean",0.786936341737249
2018,"region_6","rhizoprionodon",110050.75,89,279097.63,5,"maximally harvested","no increase","genus aggregation; mode across 1 original and 0 gapfilled species-level recommendations in this region (ties: most conservative status_adjusted and control_adjusted)",2023,1,1,"genus aggregation; mode across 1 original and 0 gapfilled species-level recommendations in this region (ties: most conservative status_adjusted and control_adjusted)","penalized if catch exceeds 2018-2022 mean; not penalized below mean",1
2019,"region_6","rhizoprionodon",227074.15,163,279097.63,5,"maximally harvested","no increase","genus aggregation; mode across 1 original and 0 gapfilled species-level recommendations in this region (ties: most conservative status_adjusted and control_adjusted)",2023,1,1,"genus aggregation; mode across 1 original and 0 gapfilled species-level recommendations in this region (ties: most conservative status_adjusted and control_adjusted)","penalized if catch exceeds 2018-2022 mean; not penalized below mean",1
2020,"region_6","rhizoprionodon",291806.4,236,279097.63,5,"maximally harvested","no increase","genus aggregation; mode across 1 original and 0 gapfilled species-level recommendations in this region (ties: most conservative status_adjusted and control_adjusted)",2023,1,1,"genus aggregation; mode across 1 original and 0 gapfilled species-level recommendations in this region (ties: most conservative status_adjusted and control_adjusted)","penalized if catch exceeds 2018-2022 mean; not penalized below mean",1
2021,"region_6","rhizoprionodon",432196.1,250,279097.63,5,"maximally harvested","no increase","genus aggregation; mode across 1 original and 0 gapfilled species-level recommendations in this region (ties: most conservative status_adjusted and control_adjusted)",2023,1,1,"genus aggregation; mode across 1 original and 0 gapfilled species-level recommendations in this region (ties: most conservative status_adjusted and control_adjusted)","penalized if catch exceeds 2018-2022 mean; not penalized below mean",0.645766192707431
2022,"region_6","rhizoprionodon",334360.75,205,279097.63,5,"maximally harvested","no increase","genus aggregation; mode across 1 original and 0 gapfilled species-level recommendations in this region (ties: most conservative status_adjusted and control_adjusted)",2023,1,1,"genus aggregation; mode across 1 original and 0 gapfilled species-level recommendations in this region (ties: most conservative status_adjusted and control_adjusted)","penalized if catch exceeds 2018-2022 mean; not penalized below mean",0.834720074051754
2018,"region_6","scomberomorus",410711,148,653039.92,5,"maximally harvested","no increase","genus aggregation; mode across 2 original and 0 gapfilled species-level recommendations in this region (ties: most conservative status_adjusted and control_adjusted)",2023,2,2,"genus aggregation; mode across 2 original and 0 gapfilled species-level recommendations in this region (ties: most conservative status_adjusted and control_adjusted)","penalized if catch exceeds 2018-2022 mean; not penalized below mean",1
2019,"region_6","scomberomorus",736886,224,653039.92,5,"maximally harvested","no increase","genus aggregation; mode across 2 original and 0 gapfilled species-level recommendations in this region (ties: most conservative status_adjusted and control_adjusted)",2023,2,2,"genus aggregation; mode across 2 original and 0 gapfilled species-level recommendations in this region (ties: most conservative status_adjusted and control_adjusted)","penalized if catch exceeds 2018-2022 mean; not penalized below mean",0.886215669723675
2020,"region_6","scomberomorus",915756.6,300,653039.92,5,"maximally harvested","no increase","genus aggregation; mode across 2 original and 0 gapfilled species-level recommendations in this region (ties: most conservative status_adjusted and control_adjusted)",2023,2,2,"genus aggregation; mode across 2 original and 0 gapfilled species-level recommendations in this region (ties: most conservative status_adjusted and control_adjusted)","penalized if catch exceeds 2018-2022 mean; not penalized below mean",0.71311516619154
2021,"region_6","scomberomorus",684147,295,653039.92,5,"maximally harvested","no increase","genus aggregation; mode across 2 original and 0 gapfilled species-level recommendations in this region (ties: most conservative status_adjusted and control_adjusted)",2023,2,2,"genus aggregation; mode across 2 original and 0 gapfilled species-level recommendations in this region (ties: most conservative status_adjusted and control_adjusted)","penalized if catch exceeds 2018-2022 mean; not penalized below mean",1
2022,"region_6","scomberomorus",517699,238,653039.92,5,"maximally harvested","no increase","genus aggregation; mode across 2 original and 0 gapfilled species-level recommendations in this region (ties: most conservative status_adjusted and control_adjusted)",2023,2,2,"genus aggregation; mode across 2 original and 0 gapfilled species-level recommendations in this region (ties: most conservative status_adjusted and control_adjusted)","penalized if catch exceeds 2018-2022 mean; not penalized below mean",1
2023,"region_6","scomberomorus",550337,234,653039.92,5,"maximally harvested","no increase","genus aggregation; mode across 2 original and 0 gapfilled species-level recommendations in this region (ties: most conservative status_adjusted and control_adjusted)",2023,2,2,"genus aggregation; mode across 2 original and 0 gapfilled species-level recommendations in this region (ties: most conservative status_adjusted and control_adjusted)","penalized if catch exceeds 2018-2022 mean; not penalized below mean",1
2024,"region_6","scomberomorus",536075,220,653039.92,5,"maximally harvested","no increase","genus aggregation; mode across 2 original and 0 gapfilled species-level recommendations in this region (ties: most conservative status_adjusted and control_adjusted)",2023,2,2,"genus aggregation; mode across 2 original and 0 gapfilled species-level recommendations in this region (ties: most conservative status_adjusted and control_adjusted)","penalized if catch exceeds 2018-2022 mean; not penalized below mean",1
2018,"region_6","sphoeroides",16329.5,30,20597.55,5,"maximally harvested","no increase","genus aggregation; mode across 3 original and 0 gapfilled species-level recommendations in this region (ties: most conservative status_adjusted and control_adjusted)",2023,3,3,"genus aggregation; mode across 3 original and 0 gapfilled species-level recommendations in this region (ties: most conservative status_adjusted and control_adjusted)","penalized if catch exceeds 2018-2022 mean; not penalized below mean",1
2019,"region_6","sphoeroides",17073.5,18,20597.55,5,"maximally harvested","no increase","genus aggregation; mode across 3 original and 0 gapfilled species-level recommendations in this region (ties: most conservative status_adjusted and control_adjusted)",2023,3,3,"genus aggregation; mode across 3 original and 0 gapfilled species-level recommendations in this region (ties: most conservative status_adjusted and control_adjusted)","penalized if catch exceeds 2018-2022 mean; not penalized below mean",1
2020,"region_6","sphoeroides",31156.05,52,20597.55,5,"maximally harvested","no increase","genus aggregation; mode across 3 original and 0 gapfilled species-level recommendations in this region (ties: most conservative status_adjusted and control_adjusted)",2023,3,3,"genus aggregation; mode across 3 original and 0 gapfilled species-level recommendations in this region (ties: most conservative status_adjusted and control_adjusted)","penalized if catch exceeds 2018-2022 mean; not penalized below mean",0.661109158574338
2021,"region_6","sphoeroides",25178.7,56,20597.55,5,"maximally harvested","no increase","genus aggregation; mode across 3 original and 0 gapfilled species-level recommendations in this region (ties: most conservative status_adjusted and control_adjusted)",2023,3,3,"genus aggregation; mode across 3 original and 0 gapfilled species-level recommendations in this region (ties: most conservative status_adjusted and control_adjusted)","penalized if catch exceeds 2018-2022 mean; not penalized below mean",0.818054546104445
2022,"region_6","sphoeroides",13250,28,20597.55,5,"maximally harvested","no increase","genus aggregation; mode across 3 original and 0 gapfilled species-level recommendations in this region (ties: most conservative status_adjusted and control_adjusted)",2023,3,3,"genus aggregation; mode across 3 original and 0 gapfilled species-level recommendations in this region (ties: most conservative status_adjusted and control_adjusted)","penalized if catch exceeds 2018-2022 mean; not penalized below mean",1
2023,"region_6","sphoeroides",13352,38,20597.55,5,"maximally harvested","no increase","genus aggregation; mode across 3 original and 0 gapfilled species-level recommendations in this region (ties: most conservative status_adjusted and control_adjusted)",2023,3,3,"genus aggregation; mode across 3 original and 0 gapfilled species-level recommendations in this region (ties: most conservative status_adjusted and control_adjusted)","penalized if catch exceeds 2018-2022 mean; not penalized below mean",1
2024,"region_6","sphoeroides",6146,20,20597.55,5,"maximally harvested","no increase","genus aggregation; mode across 3 original and 0 gapfilled species-level recommendations in this region (ties: most conservative status_adjusted and control_adjusted)",2023,3,3,"genus aggregation; mode across 3 original and 0 gapfilled species-level recommendations in this region (ties: most conservative status_adjusted and control_adjusted)","penalized if catch exceeds 2018-2022 mean; not penalized below mean",1
2019,"region_7","alopias",42125,6,68128.5,4,"maximally harvested","no increase","genus aggregation; mode across 3 original and 0 gapfilled species-level recommendations in this region (ties: most conservative status_adjusted and control_adjusted)",2023,3,3,"genus aggregation; mode across 3 original and 0 gapfilled species-level recommendations in this region (ties: most conservative status_adjusted and control_adjusted)","penalized if catch exceeds 2018-2022 mean; not penalized below mean",1
2020,"region_7","alopias",56625,4,68128.5,4,"maximally harvested","no increase","genus aggregation; mode across 3 original and 0 gapfilled species-level recommendations in this region (ties: most conservative status_adjusted and control_adjusted)",2023,3,3,"genus aggregation; mode across 3 original and 0 gapfilled species-level recommendations in this region (ties: most conservative status_adjusted and control_adjusted)","penalized if catch exceeds 2018-2022 mean; not penalized below mean",1
2021,"region_7","alopias",40625,5,68128.5,4,"maximally harvested","no increase","genus aggregation; mode across 3 original and 0 gapfilled species-level recommendations in this region (ties: most conservative status_adjusted and control_adjusted)",2023,3,3,"genus aggregation; mode across 3 original and 0 gapfilled species-level recommendations in this region (ties: most conservative status_adjusted and control_adjusted)","penalized if catch exceeds 2018-2022 mean; not penalized below mean",1
2022,"region_7","alopias",133139,19,68128.5,4,"maximally harvested","no increase","genus aggregation; mode across 3 original and 0 gapfilled species-level recommendations in this region (ties: most conservative status_adjusted and control_adjusted)",2023,3,3,"genus aggregation; mode across 3 original and 0 gapfilled species-level recommendations in this region (ties: most conservative status_adjusted and control_adjusted)","penalized if catch exceeds 2018-2022 mean; not penalized below mean",0.511709566693456
2023,"region_7","alopias",278008,37,68128.5,4,"maximally harvested","no increase","genus aggregation; mode across 3 original and 0 gapfilled species-level recommendations in this region (ties: most conservative status_adjusted and control_adjusted)",2023,3,3,"genus aggregation; mode across 3 original and 0 gapfilled species-level recommendations in this region (ties: most conservative status_adjusted and control_adjusted)","penalized if catch exceeds 2018-2022 mean; not penalized below mean",0.2450594946908
2024,"region_7","alopias",251375,38,68128.5,4,"maximally harvested","no increase","genus aggregation; mode across 3 original and 0 gapfilled species-level recommendations in this region (ties: most conservative status_adjusted and control_adjusted)",2023,3,3,"genus aggregation; mode across 3 original and 0 gapfilled species-level recommendations in this region (ties: most conservative status_adjusted and control_adjusted)","penalized if catch exceeds 2018-2022 mean; not penalized below mean",0.271023371456987
2018,"region_7","argopecten",823568,28,729401.4,5,"decreasing","decrease","genus aggregation; mode across 0 original and 1 gapfilled species-level recommendations in this region (ties: most conservative status_adjusted and control_adjusted)",2023,1,0,"genus aggregation; mode across 0 original and 1 gapfilled species-level recommendations in this region (ties: most conservative status_adjusted and control_adjusted)","decreasing stock penalized at/above reference; not penalized below mean",0.442830100246731
2019,"region_7","argopecten",525018,52,729401.4,5,"decreasing","decrease","genus aggregation; mode across 0 original and 1 gapfilled species-level recommendations in this region (ties: most conservative status_adjusted and control_adjusted)",2023,1,0,"genus aggregation; mode across 0 original and 1 gapfilled species-level recommendations in this region (ties: most conservative status_adjusted and control_adjusted)","decreasing stock penalized at/above reference; not penalized below mean",1
2020,"region_7","argopecten",322593,30,729401.4,5,"decreasing","decrease","genus aggregation; mode across 0 original and 1 gapfilled species-level recommendations in this region (ties: most conservative status_adjusted and control_adjusted)",2023,1,0,"genus aggregation; mode across 0 original and 1 gapfilled species-level recommendations in this region (ties: most conservative status_adjusted and control_adjusted)","decreasing stock penalized at/above reference; not penalized below mean",1
2021,"region_7","argopecten",433021,83,729401.4,5,"decreasing","decrease","genus aggregation; mode across 0 original and 1 gapfilled species-level recommendations in this region (ties: most conservative status_adjusted and control_adjusted)",2023,1,0,"genus aggregation; mode across 0 original and 1 gapfilled species-level recommendations in this region (ties: most conservative status_adjusted and control_adjusted)","decreasing stock penalized at/above reference; not penalized below mean",1
2022,"region_7","argopecten",1542807,144,729401.4,5,"decreasing","decrease","genus aggregation; mode across 0 original and 1 gapfilled species-level recommendations in this region (ties: most conservative status_adjusted and control_adjusted)",2023,1,0,"genus aggregation; mode across 0 original and 1 gapfilled species-level recommendations in this region (ties: most conservative status_adjusted and control_adjusted)","decreasing stock penalized at/above reference; not penalized below mean",0.236387765935726
2023,"region_7","argopecten",131274,48,729401.4,5,"decreasing","decrease","genus aggregation; mode across 0 original and 1 gapfilled species-level recommendations in this region (ties: most conservative status_adjusted and control_adjusted)",2023,1,0,"genus aggregation; mode across 0 original and 1 gapfilled species-level recommendations in this region (ties: most conservative status_adjusted and control_adjusted)","decreasing stock penalized at/above reference; not penalized below mean",1
2024,"region_7","argopecten",50581,30,729401.4,5,"decreasing","decrease","genus aggregation; mode across 0 original and 1 gapfilled species-level recommendations in this region (ties: most conservative status_adjusted and control_adjusted)",2023,1,0,"genus aggregation; mode across 0 original and 1 gapfilled species-level recommendations in this region (ties: most conservative status_adjusted and control_adjusted)","decreasing stock penalized at/above reference; not penalized below mean",1
2018,"region_7","callinectes",450,1,14472.6,5,"maximally harvested","no increase","genus aggregation; mode across 3 original and 0 gapfilled species-level recommendations in this region (ties: most conservative status_adjusted and control_adjusted)",2023,3,3,"genus aggregation; mode across 3 original and 0 gapfilled species-level recommendations in this region (ties: most conservative status_adjusted and control_adjusted)","penalized if catch exceeds 2018-2022 mean; not penalized below mean",1
2019,"region_7","callinectes",65747,30,14472.6,5,"maximally harvested","no increase","genus aggregation; mode across 3 original and 0 gapfilled species-level recommendations in this region (ties: most conservative status_adjusted and control_adjusted)",2023,3,3,"genus aggregation; mode across 3 original and 0 gapfilled species-level recommendations in this region (ties: most conservative status_adjusted and control_adjusted)","penalized if catch exceeds 2018-2022 mean; not penalized below mean",0.220125633108735
2020,"region_7","callinectes",2983,1,14472.6,5,"maximally harvested","no increase","genus aggregation; mode across 3 original and 0 gapfilled species-level recommendations in this region (ties: most conservative status_adjusted and control_adjusted)",2023,3,3,"genus aggregation; mode across 3 original and 0 gapfilled species-level recommendations in this region (ties: most conservative status_adjusted and control_adjusted)","penalized if catch exceeds 2018-2022 mean; not penalized below mean",1
2021,"region_7","callinectes",783,3,14472.6,5,"maximally harvested","no increase","genus aggregation; mode across 3 original and 0 gapfilled species-level recommendations in this region (ties: most conservative status_adjusted and control_adjusted)",2023,3,3,"genus aggregation; mode across 3 original and 0 gapfilled species-level recommendations in this region (ties: most conservative status_adjusted and control_adjusted)","penalized if catch exceeds 2018-2022 mean; not penalized below mean",1
2022,"region_7","callinectes",2400,1,14472.6,5,"maximally harvested","no increase","genus aggregation; mode across 3 original and 0 gapfilled species-level recommendations in this region (ties: most conservative status_adjusted and control_adjusted)",2023,3,3,"genus aggregation; mode across 3 original and 0 gapfilled species-level recommendations in this region (ties: most conservative status_adjusted and control_adjusted)","penalized if catch exceeds 2018-2022 mean; not penalized below mean",1
2023,"region_7","callinectes",20100,6,14472.6,5,"maximally harvested","no increase","genus aggregation; mode across 3 original and 0 gapfilled species-level recommendations in this region (ties: most conservative status_adjusted and control_adjusted)",2023,3,3,"genus aggregation; mode across 3 original and 0 gapfilled species-level recommendations in this region (ties: most conservative status_adjusted and control_adjusted)","penalized if catch exceeds 2018-2022 mean; not penalized below mean",0.720029850746269
2018,"region_7","carcharhinus",19750,5,139525.2,5,"maximally harvested","no increase","genus aggregation; mode across 9 original and 0 gapfilled species-level recommendations in this region (ties: most conservative status_adjusted and control_adjusted)",2023,9,9,"genus aggregation; mode across 9 original and 0 gapfilled species-level recommendations in this region (ties: most conservative status_adjusted and control_adjusted)","penalized if catch exceeds 2018-2022 mean; not penalized below mean",1
2019,"region_7","carcharhinus",55238,21,139525.2,5,"maximally harvested","no increase","genus aggregation; mode across 9 original and 0 gapfilled species-level recommendations in this region (ties: most conservative status_adjusted and control_adjusted)",2023,9,9,"genus aggregation; mode across 9 original and 0 gapfilled species-level recommendations in this region (ties: most conservative status_adjusted and control_adjusted)","penalized if catch exceeds 2018-2022 mean; not penalized below mean",1
2020,"region_7","carcharhinus",210188,42,139525.2,5,"maximally harvested","no increase","genus aggregation; mode across 9 original and 0 gapfilled species-level recommendations in this region (ties: most conservative status_adjusted and control_adjusted)",2023,9,9,"genus aggregation; mode across 9 original and 0 gapfilled species-level recommendations in this region (ties: most conservative status_adjusted and control_adjusted)","penalized if catch exceeds 2018-2022 mean; not penalized below mean",0.663811444992102
2021,"region_7","carcharhinus",79165,29,139525.2,5,"maximally harvested","no increase","genus aggregation; mode across 9 original and 0 gapfilled species-level recommendations in this region (ties: most conservative status_adjusted and control_adjusted)",2023,9,9,"genus aggregation; mode across 9 original and 0 gapfilled species-level recommendations in this region (ties: most conservative status_adjusted and control_adjusted)","penalized if catch exceeds 2018-2022 mean; not penalized below mean",1
2022,"region_7","carcharhinus",333285,38,139525.2,5,"maximally harvested","no increase","genus aggregation; mode across 9 original and 0 gapfilled species-level recommendations in this region (ties: most conservative status_adjusted and control_adjusted)",2023,9,9,"genus aggregation; mode across 9 original and 0 gapfilled species-level recommendations in this region (ties: most conservative status_adjusted and control_adjusted)","penalized if catch exceeds 2018-2022 mean; not penalized below mean",0.418636302263828
2023,"region_7","carcharhinus",154397,31,139525.2,5,"maximally harvested","no increase","genus aggregation; mode across 9 original and 0 gapfilled species-level recommendations in this region (ties: most conservative status_adjusted and control_adjusted)",2023,9,9,"genus aggregation; mode across 9 original and 0 gapfilled species-level recommendations in this region (ties: most conservative status_adjusted and control_adjusted)","penalized if catch exceeds 2018-2022 mean; not penalized below mean",0.903678180275524
2024,"region_7","carcharhinus",117770,14,139525.2,5,"maximally harvested","no increase","genus aggregation; mode across 9 original and 0 gapfilled species-level recommendations in this region (ties: most conservative status_adjusted and control_adjusted)",2023,9,9,"genus aggregation; mode across 9 original and 0 gapfilled species-level recommendations in this region (ties: most conservative status_adjusted and control_adjusted)","penalized if catch exceeds 2018-2022 mean; not penalized below mean",1
2018,"region_7","centropomus",6449,21,12132.08,5,"maximally harvested","no increase","genus aggregation; mode across 5 original and 0 gapfilled species-level recommendations in this region (ties: most conservative status_adjusted and control_adjusted)",2023,5,5,"genus aggregation; mode across 5 original and 0 gapfilled species-level recommendations in this region (ties: most conservative status_adjusted and control_adjusted)","penalized if catch exceeds 2018-2022 mean; not penalized below mean",1
2019,"region_7","centropomus",9657,20,12132.08,5,"maximally harvested","no increase","genus aggregation; mode across 5 original and 0 gapfilled species-level recommendations in this region (ties: most conservative status_adjusted and control_adjusted)",2023,5,5,"genus aggregation; mode across 5 original and 0 gapfilled species-level recommendations in this region (ties: most conservative status_adjusted and control_adjusted)","penalized if catch exceeds 2018-2022 mean; not penalized below mean",1
2020,"region_7","centropomus",11281.9,31,12132.08,5,"maximally harvested","no increase","genus aggregation; mode across 5 original and 0 gapfilled species-level recommendations in this region (ties: most conservative status_adjusted and control_adjusted)",2023,5,5,"genus aggregation; mode across 5 original and 0 gapfilled species-level recommendations in this region (ties: most conservative status_adjusted and control_adjusted)","penalized if catch exceeds 2018-2022 mean; not penalized below mean",1
2021,"region_7","centropomus",8523,44,12132.08,5,"maximally harvested","no increase","genus aggregation; mode across 5 original and 0 gapfilled species-level recommendations in this region (ties: most conservative status_adjusted and control_adjusted)",2023,5,5,"genus aggregation; mode across 5 original and 0 gapfilled species-level recommendations in this region (ties: most conservative status_adjusted and control_adjusted)","penalized if catch exceeds 2018-2022 mean; not penalized below mean",1
2022,"region_7","centropomus",24749.5,144,12132.08,5,"maximally harvested","no increase","genus aggregation; mode across 5 original and 0 gapfilled species-level recommendations in this region (ties: most conservative status_adjusted and control_adjusted)",2023,5,5,"genus aggregation; mode across 5 original and 0 gapfilled species-level recommendations in this region (ties: most conservative status_adjusted and control_adjusted)","penalized if catch exceeds 2018-2022 mean; not penalized below mean",0.490194953433403
2023,"region_7","centropomus",10354,45,12132.08,5,"maximally harvested","no increase","genus aggregation; mode across 5 original and 0 gapfilled species-level recommendations in this region (ties: most conservative status_adjusted and control_adjusted)",2023,5,5,"genus aggregation; mode across 5 original and 0 gapfilled species-level recommendations in this region (ties: most conservative status_adjusted and control_adjusted)","penalized if catch exceeds 2018-2022 mean; not penalized below mean",1
2024,"region_7","centropomus",9108.7,25,12132.08,5,"maximally harvested","no increase","genus aggregation; mode across 5 original and 0 gapfilled species-level recommendations in this region (ties: most conservative status_adjusted and control_adjusted)",2023,5,5,"genus aggregation; mode across 5 original and 0 gapfilled species-level recommendations in this region (ties: most conservative status_adjusted and control_adjusted)","penalized if catch exceeds 2018-2022 mean; not penalized below mean",1
2018,"region_7","cetengraulis",33742113.64,179,47346198.544,5,"maximally harvested","no increase","genus aggregation; mode across 1 original and 0 gapfilled species-level recommendations in this region (ties: most conservative status_adjusted and control_adjusted)",2022,1,1,"genus aggregation; mode across 1 original and 0 gapfilled species-level recommendations in this region (ties: most conservative status_adjusted and control_adjusted)","penalized if catch exceeds 2018-2022 mean; not penalized below mean",1
2019,"region_7","cetengraulis",17911105.28,130,47346198.544,5,"maximally harvested","no increase","genus aggregation; mode across 1 original and 0 gapfilled species-level recommendations in this region (ties: most conservative status_adjusted and control_adjusted)",2022,1,1,"genus aggregation; mode across 1 original and 0 gapfilled species-level recommendations in this region (ties: most conservative status_adjusted and control_adjusted)","penalized if catch exceeds 2018-2022 mean; not penalized below mean",1
2020,"region_7","cetengraulis",12299607.6,119,47346198.544,5,"maximally harvested","no increase","genus aggregation; mode across 1 original and 0 gapfilled species-level recommendations in this region (ties: most conservative status_adjusted and control_adjusted)",2022,1,1,"genus aggregation; mode across 1 original and 0 gapfilled species-level recommendations in this region (ties: most conservative status_adjusted and control_adjusted)","penalized if catch exceeds 2018-2022 mean; not penalized below mean",1
2021,"region_7","cetengraulis",115815808.24,590,47346198.544,5,"maximally harvested","no increase","genus aggregation; mode across 1 original and 0 gapfilled species-level recommendations in this region (ties: most conservative status_adjusted and control_adjusted)",2022,1,1,"genus aggregation; mode across 1 original and 0 gapfilled species-level recommendations in this region (ties: most conservative status_adjusted and control_adjusted)","penalized if catch exceeds 2018-2022 mean; not penalized below mean",0.408806010712169
2022,"region_7","cetengraulis",56962357.96,347,47346198.544,5,"maximally harvested","no increase","genus aggregation; mode across 1 original and 0 gapfilled species-level recommendations in this region (ties: most conservative status_adjusted and control_adjusted)",2022,1,1,"genus aggregation; mode across 1 original and 0 gapfilled species-level recommendations in this region (ties: most conservative status_adjusted and control_adjusted)","penalized if catch exceeds 2018-2022 mean; not penalized below mean",0.831183964983461
2023,"region_7","cetengraulis",175578330,881,47346198.544,5,"maximally harvested","no increase","genus aggregation; mode across 1 original and 0 gapfilled species-level recommendations in this region (ties: most conservative status_adjusted and control_adjusted)",2022,1,1,"genus aggregation; mode across 1 original and 0 gapfilled species-level recommendations in this region (ties: most conservative status_adjusted and control_adjusted)","penalized if catch exceeds 2018-2022 mean; not penalized below mean",0.269658553786222
2024,"region_7","cetengraulis",56916184.02,380,47346198.544,5,"maximally harvested","no increase","genus aggregation; mode across 1 original and 0 gapfilled species-level recommendations in this region (ties: most conservative status_adjusted and control_adjusted)",2022,1,1,"genus aggregation; mode across 1 original and 0 gapfilled species-level recommendations in this region (ties: most conservative status_adjusted and control_adjusted)","penalized if catch exceeds 2018-2022 mean; not penalized below mean",0.831858272988977
2018,"region_7","chione",32034,31,33412.25,4,"maximally harvested","no increase","genus aggregation; mode across 2 original and 0 gapfilled species-level recommendations in this region (ties: most conservative status_adjusted and control_adjusted)",2023,2,2,"genus aggregation; mode across 2 original and 0 gapfilled species-level recommendations in this region (ties: most conservative status_adjusted and control_adjusted)","penalized if catch exceeds 2018-2022 mean; not penalized below mean",1
2019,"region_7","chione",53830,28,33412.25,4,"maximally harvested","no increase","genus aggregation; mode across 2 original and 0 gapfilled species-level recommendations in this region (ties: most conservative status_adjusted and control_adjusted)",2023,2,2,"genus aggregation; mode across 2 original and 0 gapfilled species-level recommendations in this region (ties: most conservative status_adjusted and control_adjusted)","penalized if catch exceeds 2018-2022 mean; not penalized below mean",0.620699424112948
2020,"region_7","chione",27085,7,33412.25,4,"maximally harvested","no increase","genus aggregation; mode across 2 original and 0 gapfilled species-level recommendations in this region (ties: most conservative status_adjusted and control_adjusted)",2023,2,2,"genus aggregation; mode across 2 original and 0 gapfilled species-level recommendations in this region (ties: most conservative status_adjusted and control_adjusted)","penalized if catch exceeds 2018-2022 mean; not penalized below mean",1
2022,"region_7","chione",20700,2,33412.25,4,"maximally harvested","no increase","genus aggregation; mode across 2 original and 0 gapfilled species-level recommendations in this region (ties: most conservative status_adjusted and control_adjusted)",2023,2,2,"genus aggregation; mode across 2 original and 0 gapfilled species-level recommendations in this region (ties: most conservative status_adjusted and control_adjusted)","penalized if catch exceeds 2018-2022 mean; not penalized below mean",1
2023,"region_7","chione",243,3,33412.25,4,"maximally harvested","no increase","genus aggregation; mode across 2 original and 0 gapfilled species-level recommendations in this region (ties: most conservative status_adjusted and control_adjusted)",2023,2,2,"genus aggregation; mode across 2 original and 0 gapfilled species-level recommendations in this region (ties: most conservative status_adjusted and control_adjusted)","penalized if catch exceeds 2018-2022 mean; not penalized below mean",1
2018,"region_7","crassostrea",59107,19,52069.4,5,"maximally harvested","no increase","genus aggregation; mode across 3 original and 2 gapfilled species-level recommendations in this region (ties: most conservative status_adjusted and control_adjusted)",2023,5,3,"genus aggregation; mode across 3 original and 2 gapfilled species-level recommendations in this region (ties: most conservative status_adjusted and control_adjusted)","penalized if catch exceeds 2018-2022 mean; not penalized below mean",0.880934576276922
2019,"region_7","crassostrea",33300,15,52069.4,5,"maximally harvested","no increase","genus aggregation; mode across 3 original and 2 gapfilled species-level recommendations in this region (ties: most conservative status_adjusted and control_adjusted)",2023,5,3,"genus aggregation; mode across 3 original and 2 gapfilled species-level recommendations in this region (ties: most conservative status_adjusted and control_adjusted)","penalized if catch exceeds 2018-2022 mean; not penalized below mean",1
2020,"region_7","crassostrea",34180,17,52069.4,5,"maximally harvested","no increase","genus aggregation; mode across 3 original and 2 gapfilled species-level recommendations in this region (ties: most conservative status_adjusted and control_adjusted)",2023,5,3,"genus aggregation; mode across 3 original and 2 gapfilled species-level recommendations in this region (ties: most conservative status_adjusted and control_adjusted)","penalized if catch exceeds 2018-2022 mean; not penalized below mean",1
2021,"region_7","crassostrea",42500,13,52069.4,5,"maximally harvested","no increase","genus aggregation; mode across 3 original and 2 gapfilled species-level recommendations in this region (ties: most conservative status_adjusted and control_adjusted)",2023,5,3,"genus aggregation; mode across 3 original and 2 gapfilled species-level recommendations in this region (ties: most conservative status_adjusted and control_adjusted)","penalized if catch exceeds 2018-2022 mean; not penalized below mean",1
2022,"region_7","crassostrea",91260,27,52069.4,5,"maximally harvested","no increase","genus aggregation; mode across 3 original and 2 gapfilled species-level recommendations in this region (ties: most conservative status_adjusted and control_adjusted)",2023,5,3,"genus aggregation; mode across 3 original and 2 gapfilled species-level recommendations in this region (ties: most conservative status_adjusted and control_adjusted)","penalized if catch exceeds 2018-2022 mean; not penalized below mean",0.570561034407188
2023,"region_7","crassostrea",53500,38,52069.4,5,"maximally harvested","no increase","genus aggregation; mode across 3 original and 2 gapfilled species-level recommendations in this region (ties: most conservative status_adjusted and control_adjusted)",2023,5,3,"genus aggregation; mode across 3 original and 2 gapfilled species-level recommendations in this region (ties: most conservative status_adjusted and control_adjusted)","penalized if catch exceeds 2018-2022 mean; not penalized below mean",1
2024,"region_7","crassostrea",57650,32,52069.4,5,"maximally harvested","no increase","genus aggregation; mode across 3 original and 2 gapfilled species-level recommendations in this region (ties: most conservative status_adjusted and control_adjusted)",2023,5,3,"genus aggregation; mode across 3 original and 2 gapfilled species-level recommendations in this region (ties: most conservative status_adjusted and control_adjusted)","penalized if catch exceeds 2018-2022 mean; not penalized below mean",0.903198612315698
2018,"region_7","cynoscion",256295.8,288,331993.96,5,"maximally harvested","no increase","genus aggregation; mode across 1 original and 0 gapfilled species-level recommendations in this region (ties: most conservative status_adjusted and control_adjusted)",2023,1,1,"genus aggregation; mode across 1 original and 0 gapfilled species-level recommendations in this region (ties: most conservative status_adjusted and control_adjusted)","penalized if catch exceeds 2018-2022 mean; not penalized below mean",1
2019,"region_7","cynoscion",156610.2,276,331993.96,5,"maximally harvested","no increase","genus aggregation; mode across 1 original and 0 gapfilled species-level recommendations in this region (ties: most conservative status_adjusted and control_adjusted)",2023,1,1,"genus aggregation; mode across 1 original and 0 gapfilled species-level recommendations in this region (ties: most conservative status_adjusted and control_adjusted)","penalized if catch exceeds 2018-2022 mean; not penalized below mean",1
2020,"region_7","cynoscion",415268.6,248,331993.96,5,"maximally harvested","no increase","genus aggregation; mode across 1 original and 0 gapfilled species-level recommendations in this region (ties: most conservative status_adjusted and control_adjusted)",2023,1,1,"genus aggregation; mode across 1 original and 0 gapfilled species-level recommendations in this region (ties: most conservative status_adjusted and control_adjusted)","penalized if catch exceeds 2018-2022 mean; not penalized below mean",0.799468006971873
2021,"region_7","cynoscion",542527.4,318,331993.96,5,"maximally harvested","no increase","genus aggregation; mode across 1 original and 0 gapfilled species-level recommendations in this region (ties: most conservative status_adjusted and control_adjusted)",2023,1,1,"genus aggregation; mode across 1 original and 0 gapfilled species-level recommendations in this region (ties: most conservative status_adjusted and control_adjusted)","penalized if catch exceeds 2018-2022 mean; not penalized below mean",0.611939526003664
2022,"region_7","cynoscion",289267.8,308,331993.96,5,"maximally harvested","no increase","genus aggregation; mode across 1 original and 0 gapfilled species-level recommendations in this region (ties: most conservative status_adjusted and control_adjusted)",2023,1,1,"genus aggregation; mode across 1 original and 0 gapfilled species-level recommendations in this region (ties: most conservative status_adjusted and control_adjusted)","penalized if catch exceeds 2018-2022 mean; not penalized below mean",1
2023,"region_7","cynoscion",406684,281,331993.96,5,"maximally harvested","no increase","genus aggregation; mode across 1 original and 0 gapfilled species-level recommendations in this region (ties: most conservative status_adjusted and control_adjusted)",2023,1,1,"genus aggregation; mode across 1 original and 0 gapfilled species-level recommendations in this region (ties: most conservative status_adjusted and control_adjusted)","penalized if catch exceeds 2018-2022 mean; not penalized below mean",0.8163437951825
2024,"region_7","cynoscion",447812.3,344,331993.96,5,"maximally harvested","no increase","genus aggregation; mode across 1 original and 0 gapfilled species-level recommendations in this region (ties: most conservative status_adjusted and control_adjusted)",2023,1,1,"genus aggregation; mode across 1 original and 0 gapfilled species-level recommendations in this region (ties: most conservative status_adjusted and control_adjusted)","penalized if catch exceeds 2018-2022 mean; not penalized below mean",0.741368559997124
2018,"region_7","dosidicus",75962.5,83,127417.32,5,"maximally harvested","no increase","genus aggregation; mode across 1 original and 0 gapfilled species-level recommendations in this region (ties: most conservative status_adjusted and control_adjusted)",2022,1,1,"genus aggregation; mode across 1 original and 0 gapfilled species-level recommendations in this region (ties: most conservative status_adjusted and control_adjusted)","penalized if catch exceeds 2018-2022 mean; not penalized below mean",1
2019,"region_7","dosidicus",99326,90,127417.32,5,"maximally harvested","no increase","genus aggregation; mode across 1 original and 0 gapfilled species-level recommendations in this region (ties: most conservative status_adjusted and control_adjusted)",2022,1,1,"genus aggregation; mode across 1 original and 0 gapfilled species-level recommendations in this region (ties: most conservative status_adjusted and control_adjusted)","penalized if catch exceeds 2018-2022 mean; not penalized below mean",1
2020,"region_7","dosidicus",62386.5,73,127417.32,5,"maximally harvested","no increase","genus aggregation; mode across 1 original and 0 gapfilled species-level recommendations in this region (ties: most conservative status_adjusted and control_adjusted)",2022,1,1,"genus aggregation; mode across 1 original and 0 gapfilled species-level recommendations in this region (ties: most conservative status_adjusted and control_adjusted)","penalized if catch exceeds 2018-2022 mean; not penalized below mean",1
2021,"region_7","dosidicus",231727,141,127417.32,5,"maximally harvested","no increase","genus aggregation; mode across 1 original and 0 gapfilled species-level recommendations in this region (ties: most conservative status_adjusted and control_adjusted)",2022,1,1,"genus aggregation; mode across 1 original and 0 gapfilled species-level recommendations in this region (ties: most conservative status_adjusted and control_adjusted)","penalized if catch exceeds 2018-2022 mean; not penalized below mean",0.549859619293393
2022,"region_7","dosidicus",167684.6,153,127417.32,5,"maximally harvested","no increase","genus aggregation; mode across 1 original and 0 gapfilled species-level recommendations in this region (ties: most conservative status_adjusted and control_adjusted)",2022,1,1,"genus aggregation; mode across 1 original and 0 gapfilled species-level recommendations in this region (ties: most conservative status_adjusted and control_adjusted)","penalized if catch exceeds 2018-2022 mean; not penalized below mean",0.759862980858111
2023,"region_7","dosidicus",36676,162,127417.32,5,"maximally harvested","no increase","genus aggregation; mode across 1 original and 0 gapfilled species-level recommendations in this region (ties: most conservative status_adjusted and control_adjusted)",2022,1,1,"genus aggregation; mode across 1 original and 0 gapfilled species-level recommendations in this region (ties: most conservative status_adjusted and control_adjusted)","penalized if catch exceeds 2018-2022 mean; not penalized below mean",1
2024,"region_7","dosidicus",83318,128,127417.32,5,"maximally harvested","no increase","genus aggregation; mode across 1 original and 0 gapfilled species-level recommendations in this region (ties: most conservative status_adjusted and control_adjusted)",2022,1,1,"genus aggregation; mode across 1 original and 0 gapfilled species-level recommendations in this region (ties: most conservative status_adjusted and control_adjusted)","penalized if catch exceeds 2018-2022 mean; not penalized below mean",1
2018,"region_7","dosinia",188629,62,133564.4,5,"maximally harvested","no increase","genus aggregation; mode across 1 original and 0 gapfilled species-level recommendations in this region (ties: most conservative status_adjusted and control_adjusted)",2023,1,1,"genus aggregation; mode across 1 original and 0 gapfilled species-level recommendations in this region (ties: most conservative status_adjusted and control_adjusted)","penalized if catch exceeds 2018-2022 mean; not penalized below mean",0.708079881672489
2019,"region_7","dosinia",63537,45,133564.4,5,"maximally harvested","no increase","genus aggregation; mode across 1 original and 0 gapfilled species-level recommendations in this region (ties: most conservative status_adjusted and control_adjusted)",2023,1,1,"genus aggregation; mode across 1 original and 0 gapfilled species-level recommendations in this region (ties: most conservative status_adjusted and control_adjusted)","penalized if catch exceeds 2018-2022 mean; not penalized below mean",1
2020,"region_7","dosinia",39234,65,133564.4,5,"maximally harvested","no increase","genus aggregation; mode across 1 original and 0 gapfilled species-level recommendations in this region (ties: most conservative status_adjusted and control_adjusted)",2023,1,1,"genus aggregation; mode across 1 original and 0 gapfilled species-level recommendations in this region (ties: most conservative status_adjusted and control_adjusted)","penalized if catch exceeds 2018-2022 mean; not penalized below mean",1
2021,"region_7","dosinia",111811,97,133564.4,5,"maximally harvested","no increase","genus aggregation; mode across 1 original and 0 gapfilled species-level recommendations in this region (ties: most conservative status_adjusted and control_adjusted)",2023,1,1,"genus aggregation; mode across 1 original and 0 gapfilled species-level recommendations in this region (ties: most conservative status_adjusted and control_adjusted)","penalized if catch exceeds 2018-2022 mean; not penalized below mean",1
2022,"region_7","dosinia",264611,118,133564.4,5,"maximally harvested","no increase","genus aggregation; mode across 1 original and 0 gapfilled species-level recommendations in this region (ties: most conservative status_adjusted and control_adjusted)",2023,1,1,"genus aggregation; mode across 1 original and 0 gapfilled species-level recommendations in this region (ties: most conservative status_adjusted and control_adjusted)","penalized if catch exceeds 2018-2022 mean; not penalized below mean",0.504757549761726
2023,"region_7","dosinia",348261,95,133564.4,5,"maximally harvested","no increase","genus aggregation; mode across 1 original and 0 gapfilled species-level recommendations in this region (ties: most conservative status_adjusted and control_adjusted)",2023,1,1,"genus aggregation; mode across 1 original and 0 gapfilled species-level recommendations in this region (ties: most conservative status_adjusted and control_adjusted)","penalized if catch exceeds 2018-2022 mean; not penalized below mean",0.383518108545028
2024,"region_7","dosinia",297409,87,133564.4,5,"maximally harvested","no increase","genus aggregation; mode across 1 original and 0 gapfilled species-level recommendations in this region (ties: most conservative status_adjusted and control_adjusted)",2023,1,1,"genus aggregation; mode across 1 original and 0 gapfilled species-level recommendations in this region (ties: most conservative status_adjusted and control_adjusted)","penalized if catch exceeds 2018-2022 mean; not penalized below mean",0.449093336112895
2018,"region_7","engraulis",103389121.48,614,186468297.352,5,"maximally harvested","no increase","genus aggregation; mode across 1 original and 0 gapfilled species-level recommendations in this region (ties: most conservative status_adjusted and control_adjusted)",2022,1,1,"genus aggregation; mode across 1 original and 0 gapfilled species-level recommendations in this region (ties: most conservative status_adjusted and control_adjusted)","penalized if catch exceeds 2018-2022 mean; not penalized below mean",1
2019,"region_7","engraulis",131492989,907,186468297.352,5,"maximally harvested","no increase","genus aggregation; mode across 1 original and 0 gapfilled species-level recommendations in this region (ties: most conservative status_adjusted and control_adjusted)",2022,1,1,"genus aggregation; mode across 1 original and 0 gapfilled species-level recommendations in this region (ties: most conservative status_adjusted and control_adjusted)","penalized if catch exceeds 2018-2022 mean; not penalized below mean",1
2020,"region_7","engraulis",155647105.24,1096,186468297.352,5,"maximally harvested","no increase","genus aggregation; mode across 1 original and 0 gapfilled species-level recommendations in this region (ties: most conservative status_adjusted and control_adjusted)",2022,1,1,"genus aggregation; mode across 1 original and 0 gapfilled species-level recommendations in this region (ties: most conservative status_adjusted and control_adjusted)","penalized if catch exceeds 2018-2022 mean; not penalized below mean",1
2021,"region_7","engraulis",252225657.92,1503,186468297.352,5,"maximally harvested","no increase","genus aggregation; mode across 1 original and 0 gapfilled species-level recommendations in this region (ties: most conservative status_adjusted and control_adjusted)",2022,1,1,"genus aggregation; mode across 1 original and 0 gapfilled species-level recommendations in this region (ties: most conservative status_adjusted and control_adjusted)","penalized if catch exceeds 2018-2022 mean; not penalized below mean",0.739291549042736
2022,"region_7","engraulis",289586613.12,1757,186468297.352,5,"maximally harvested","no increase","genus aggregation; mode across 1 original and 0 gapfilled species-level recommendations in this region (ties: most conservative status_adjusted and control_adjusted)",2022,1,1,"genus aggregation; mode across 1 original and 0 gapfilled species-level recommendations in this region (ties: most conservative status_adjusted and control_adjusted)","penalized if catch exceeds 2018-2022 mean; not penalized below mean",0.643912007336923
2018,"region_7","etrumeus",14961989.14,212,8375249.996,5,"maximally harvested","no increase","genus aggregation; mode across 1 original and 0 gapfilled species-level recommendations in this region (ties: most conservative status_adjusted and control_adjusted)",2022,1,1,"genus aggregation; mode across 1 original and 0 gapfilled species-level recommendations in this region (ties: most conservative status_adjusted and control_adjusted)","penalized if catch exceeds 2018-2022 mean; not penalized below mean",0.559768485168143
2019,"region_7","etrumeus",12545467.28,183,8375249.996,5,"maximally harvested","no increase","genus aggregation; mode across 1 original and 0 gapfilled species-level recommendations in this region (ties: most conservative status_adjusted and control_adjusted)",2022,1,1,"genus aggregation; mode across 1 original and 0 gapfilled species-level recommendations in this region (ties: most conservative status_adjusted and control_adjusted)","penalized if catch exceeds 2018-2022 mean; not penalized below mean",0.667591713331542
2020,"region_7","etrumeus",6914008.32,121,8375249.996,5,"maximally harvested","no increase","genus aggregation; mode across 1 original and 0 gapfilled species-level recommendations in this region (ties: most conservative status_adjusted and control_adjusted)",2022,1,1,"genus aggregation; mode across 1 original and 0 gapfilled species-level recommendations in this region (ties: most conservative status_adjusted and control_adjusted)","penalized if catch exceeds 2018-2022 mean; not penalized below mean",1
2021,"region_7","etrumeus",3438739.96,48,8375249.996,5,"maximally harvested","no increase","genus aggregation; mode across 1 original and 0 gapfilled species-level recommendations in this region (ties: most conservative status_adjusted and control_adjusted)",2022,1,1,"genus aggregation; mode across 1 original and 0 gapfilled species-level recommendations in this region (ties: most conservative status_adjusted and control_adjusted)","penalized if catch exceeds 2018-2022 mean; not penalized below mean",1
2022,"region_7","etrumeus",4016045.28,68,8375249.996,5,"maximally harvested","no increase","genus aggregation; mode across 1 original and 0 gapfilled species-level recommendations in this region (ties: most conservative status_adjusted and control_adjusted)",2022,1,1,"genus aggregation; mode across 1 original and 0 gapfilled species-level recommendations in this region (ties: most conservative status_adjusted and control_adjusted)","penalized if catch exceeds 2018-2022 mean; not penalized below mean",1
2023,"region_7","etrumeus",4099559,73,8375249.996,5,"maximally harvested","no increase","genus aggregation; mode across 1 original and 0 gapfilled species-level recommendations in this region (ties: most conservative status_adjusted and control_adjusted)",2022,1,1,"genus aggregation; mode across 1 original and 0 gapfilled species-level recommendations in this region (ties: most conservative status_adjusted and control_adjusted)","penalized if catch exceeds 2018-2022 mean; not penalized below mean",1
2024,"region_7","etrumeus",4705062.08,102,8375249.996,5,"maximally harvested","no increase","genus aggregation; mode across 1 original and 0 gapfilled species-level recommendations in this region (ties: most conservative status_adjusted and control_adjusted)",2022,1,1,"genus aggregation; mode across 1 original and 0 gapfilled species-level recommendations in this region (ties: most conservative status_adjusted and control_adjusted)","penalized if catch exceeds 2018-2022 mean; not penalized below mean",1
2018,"region_7","hoplopagrus",558,3,1787.64,5,"maximally harvested","no increase","genus aggregation; mode across 1 original and 0 gapfilled species-level recommendations in this region (ties: most conservative status_adjusted and control_adjusted)",2023,1,1,"genus aggregation; mode across 1 original and 0 gapfilled species-level recommendations in this region (ties: most conservative status_adjusted and control_adjusted)","penalized if catch exceeds 2018-2022 mean; not penalized below mean",1
2019,"region_7","hoplopagrus",490,3,1787.64,5,"maximally harvested","no increase","genus aggregation; mode across 1 original and 0 gapfilled species-level recommendations in this region (ties: most conservative status_adjusted and control_adjusted)",2023,1,1,"genus aggregation; mode across 1 original and 0 gapfilled species-level recommendations in this region (ties: most conservative status_adjusted and control_adjusted)","penalized if catch exceeds 2018-2022 mean; not penalized below mean",1
2020,"region_7","hoplopagrus",1893.8,8,1787.64,5,"maximally harvested","no increase","genus aggregation; mode across 1 original and 0 gapfilled species-level recommendations in this region (ties: most conservative status_adjusted and control_adjusted)",2023,1,1,"genus aggregation; mode across 1 original and 0 gapfilled species-level recommendations in this region (ties: most conservative status_adjusted and control_adjusted)","penalized if catch exceeds 2018-2022 mean; not penalized below mean",0.943943394233816
2021,"region_7","hoplopagrus",1848,15,1787.64,5,"maximally harvested","no increase","genus aggregation; mode across 1 original and 0 gapfilled species-level recommendations in this region (ties: most conservative status_adjusted and control_adjusted)",2023,1,1,"genus aggregation; mode across 1 original and 0 gapfilled species-level recommendations in this region (ties: most conservative status_adjusted and control_adjusted)","penalized if catch exceeds 2018-2022 mean; not penalized below mean",1
2022,"region_7","hoplopagrus",4148.4,21,1787.64,5,"maximally harvested","no increase","genus aggregation; mode across 1 original and 0 gapfilled species-level recommendations in this region (ties: most conservative status_adjusted and control_adjusted)",2023,1,1,"genus aggregation; mode across 1 original and 0 gapfilled species-level recommendations in this region (ties: most conservative status_adjusted and control_adjusted)","penalized if catch exceeds 2018-2022 mean; not penalized below mean",0.430922765403529
2023,"region_7","hoplopagrus",3079,15,1787.64,5,"maximally harvested","no increase","genus aggregation; mode across 1 original and 0 gapfilled species-level recommendations in this region (ties: most conservative status_adjusted and control_adjusted)",2023,1,1,"genus aggregation; mode across 1 original and 0 gapfilled species-level recommendations in this region (ties: most conservative status_adjusted and control_adjusted)","penalized if catch exceeds 2018-2022 mean; not penalized below mean",0.58059110100682
2024,"region_7","hoplopagrus",3344,23,1787.64,5,"maximally harvested","no increase","genus aggregation; mode across 1 original and 0 gapfilled species-level recommendations in this region (ties: most conservative status_adjusted and control_adjusted)",2023,1,1,"genus aggregation; mode across 1 original and 0 gapfilled species-level recommendations in this region (ties: most conservative status_adjusted and control_adjusted)","penalized if catch exceeds 2018-2022 mean; not penalized below mean",0.534581339712919
2018,"region_7","litopenaeus",27492817,745,34165378.6,5,"maximally harvested","no increase","genus aggregation; mode across 3 original and 0 gapfilled species-level recommendations in this region (ties: most conservative status_adjusted and control_adjusted)",2012,3,3,"genus aggregation; mode across 3 original and 0 gapfilled species-level recommendations in this region (ties: most conservative status_adjusted and control_adjusted)","penalized if catch exceeds 2018-2022 mean; not penalized below mean",1
2019,"region_7","litopenaeus",38004992,912,34165378.6,5,"maximally harvested","no increase","genus aggregation; mode across 3 original and 0 gapfilled species-level recommendations in this region (ties: most conservative status_adjusted and control_adjusted)",2012,3,3,"genus aggregation; mode across 3 original and 0 gapfilled species-level recommendations in this region (ties: most conservative status_adjusted and control_adjusted)","penalized if catch exceeds 2018-2022 mean; not penalized below mean",0.898970814149889
2020,"region_7","litopenaeus",32774757.2,1134,34165378.6,5,"maximally harvested","no increase","genus aggregation; mode across 3 original and 0 gapfilled species-level recommendations in this region (ties: most conservative status_adjusted and control_adjusted)",2012,3,3,"genus aggregation; mode across 3 original and 0 gapfilled species-level recommendations in this region (ties: most conservative status_adjusted and control_adjusted)","penalized if catch exceeds 2018-2022 mean; not penalized below mean",1
2021,"region_7","litopenaeus",35436861.8,902,34165378.6,5,"maximally harvested","no increase","genus aggregation; mode across 3 original and 0 gapfilled species-level recommendations in this region (ties: most conservative status_adjusted and control_adjusted)",2012,3,3,"genus aggregation; mode across 3 original and 0 gapfilled species-level recommendations in this region (ties: most conservative status_adjusted and control_adjusted)","penalized if catch exceeds 2018-2022 mean; not penalized below mean",1
2022,"region_7","litopenaeus",37117465,1208,34165378.6,5,"maximally harvested","no increase","genus aggregation; mode across 3 original and 0 gapfilled species-level recommendations in this region (ties: most conservative status_adjusted and control_adjusted)",2012,3,3,"genus aggregation; mode across 3 original and 0 gapfilled species-level recommendations in this region (ties: most conservative status_adjusted and control_adjusted)","penalized if catch exceeds 2018-2022 mean; not penalized below mean",0.920466378832714
2018,"region_7","lutjanus",500613.9,613,453397.45,5,"maximally harvested","no increase","genus aggregation; mode across 8 original and 0 gapfilled species-level recommendations in this region (ties: most conservative status_adjusted and control_adjusted)",2023,8,8,"genus aggregation; mode across 8 original and 0 gapfilled species-level recommendations in this region (ties: most conservative status_adjusted and control_adjusted)","penalized if catch exceeds 2018-2022 mean; not penalized below mean",0.905682902532271
2019,"region_7","lutjanus",516339.15,743,453397.45,5,"maximally harvested","no increase","genus aggregation; mode across 8 original and 0 gapfilled species-level recommendations in this region (ties: most conservative status_adjusted and control_adjusted)",2023,8,8,"genus aggregation; mode across 8 original and 0 gapfilled species-level recommendations in this region (ties: most conservative status_adjusted and control_adjusted)","penalized if catch exceeds 2018-2022 mean; not penalized below mean",0.878100082087519
2020,"region_7","lutjanus",552232.95,688,453397.45,5,"maximally harvested","no increase","genus aggregation; mode across 8 original and 0 gapfilled species-level recommendations in this region (ties: most conservative status_adjusted and control_adjusted)",2023,8,8,"genus aggregation; mode across 8 original and 0 gapfilled species-level recommendations in this region (ties: most conservative status_adjusted and control_adjusted)","penalized if catch exceeds 2018-2022 mean; not penalized below mean",0.821025710255065
2021,"region_7","lutjanus",407312.6,727,453397.45,5,"maximally harvested","no increase","genus aggregation; mode across 8 original and 0 gapfilled species-level recommendations in this region (ties: most conservative status_adjusted and control_adjusted)",2023,8,8,"genus aggregation; mode across 8 original and 0 gapfilled species-level recommendations in this region (ties: most conservative status_adjusted and control_adjusted)","penalized if catch exceeds 2018-2022 mean; not penalized below mean",1
2022,"region_7","lutjanus",290488.65,741,453397.45,5,"maximally harvested","no increase","genus aggregation; mode across 8 original and 0 gapfilled species-level recommendations in this region (ties: most conservative status_adjusted and control_adjusted)",2023,8,8,"genus aggregation; mode across 8 original and 0 gapfilled species-level recommendations in this region (ties: most conservative status_adjusted and control_adjusted)","penalized if catch exceeds 2018-2022 mean; not penalized below mean",1
2023,"region_7","lutjanus",296564,597,453397.45,5,"maximally harvested","no increase","genus aggregation; mode across 8 original and 0 gapfilled species-level recommendations in this region (ties: most conservative status_adjusted and control_adjusted)",2023,8,8,"genus aggregation; mode across 8 original and 0 gapfilled species-level recommendations in this region (ties: most conservative status_adjusted and control_adjusted)","penalized if catch exceeds 2018-2022 mean; not penalized below mean",1
2024,"region_7","lutjanus",235602.55,447,453397.45,5,"maximally harvested","no increase","genus aggregation; mode across 8 original and 0 gapfilled species-level recommendations in this region (ties: most conservative status_adjusted and control_adjusted)",2023,8,8,"genus aggregation; mode across 8 original and 0 gapfilled species-level recommendations in this region (ties: most conservative status_adjusted and control_adjusted)","penalized if catch exceeds 2018-2022 mean; not penalized below mean",1
2018,"region_7","megapitaria",48733,90,106016.2,5,"maximally harvested","no increase","genus aggregation; mode across 0 original and 2 gapfilled species-level recommendations in this region (ties: most conservative status_adjusted and control_adjusted)",2023,2,0,"genus aggregation; mode across 0 original and 2 gapfilled species-level recommendations in this region (ties: most conservative status_adjusted and control_adjusted)","penalized if catch exceeds 2018-2022 mean; not penalized below mean",1
2019,"region_7","megapitaria",96851,229,106016.2,5,"maximally harvested","no increase","genus aggregation; mode across 0 original and 2 gapfilled species-level recommendations in this region (ties: most conservative status_adjusted and control_adjusted)",2023,2,0,"genus aggregation; mode across 0 original and 2 gapfilled species-level recommendations in this region (ties: most conservative status_adjusted and control_adjusted)","penalized if catch exceeds 2018-2022 mean; not penalized below mean",1
2020,"region_7","megapitaria",129832,235,106016.2,5,"maximally harvested","no increase","genus aggregation; mode across 0 original and 2 gapfilled species-level recommendations in this region (ties: most conservative status_adjusted and control_adjusted)",2023,2,0,"genus aggregation; mode across 0 original and 2 gapfilled species-level recommendations in this region (ties: most conservative status_adjusted and control_adjusted)","penalized if catch exceeds 2018-2022 mean; not penalized below mean",0.816564483332306
2021,"region_7","megapitaria",138919,253,106016.2,5,"maximally harvested","no increase","genus aggregation; mode across 0 original and 2 gapfilled species-level recommendations in this region (ties: most conservative status_adjusted and control_adjusted)",2023,2,0,"genus aggregation; mode across 0 original and 2 gapfilled species-level recommendations in this region (ties: most conservative status_adjusted and control_adjusted)","penalized if catch exceeds 2018-2022 mean; not penalized below mean",0.763151188822263
2022,"region_7","megapitaria",115746,178,106016.2,5,"maximally harvested","no increase","genus aggregation; mode across 0 original and 2 gapfilled species-level recommendations in this region (ties: most conservative status_adjusted and control_adjusted)",2023,2,0,"genus aggregation; mode across 0 original and 2 gapfilled species-level recommendations in this region (ties: most conservative status_adjusted and control_adjusted)","penalized if catch exceeds 2018-2022 mean; not penalized below mean",0.915938347761478
2023,"region_7","megapitaria",94353,187,106016.2,5,"maximally harvested","no increase","genus aggregation; mode across 0 original and 2 gapfilled species-level recommendations in this region (ties: most conservative status_adjusted and control_adjusted)",2023,2,0,"genus aggregation; mode across 0 original and 2 gapfilled species-level recommendations in this region (ties: most conservative status_adjusted and control_adjusted)","penalized if catch exceeds 2018-2022 mean; not penalized below mean",1
2018,"region_7","merluccius",190790,14,152155.4,5,"maximally harvested","no increase","genus aggregation; mode across 1 original and 0 gapfilled species-level recommendations in this region (ties: most conservative status_adjusted and control_adjusted)",2022,1,1,"genus aggregation; mode across 1 original and 0 gapfilled species-level recommendations in this region (ties: most conservative status_adjusted and control_adjusted)","penalized if catch exceeds 2018-2022 mean; not penalized below mean",0.797501965511819
2019,"region_7","merluccius",234452,22,152155.4,5,"maximally harvested","no increase","genus aggregation; mode across 1 original and 0 gapfilled species-level recommendations in this region (ties: most conservative status_adjusted and control_adjusted)",2022,1,1,"genus aggregation; mode across 1 original and 0 gapfilled species-level recommendations in this region (ties: most conservative status_adjusted and control_adjusted)","penalized if catch exceeds 2018-2022 mean; not penalized below mean",0.648983160732261
2020,"region_7","merluccius",74600,13,152155.4,5,"maximally harvested","no increase","genus aggregation; mode across 1 original and 0 gapfilled species-level recommendations in this region (ties: most conservative status_adjusted and control_adjusted)",2022,1,1,"genus aggregation; mode across 1 original and 0 gapfilled species-level recommendations in this region (ties: most conservative status_adjusted and control_adjusted)","penalized if catch exceeds 2018-2022 mean; not penalized below mean",1
2021,"region_7","merluccius",17760,8,152155.4,5,"maximally harvested","no increase","genus aggregation; mode across 1 original and 0 gapfilled species-level recommendations in this region (ties: most conservative status_adjusted and control_adjusted)",2022,1,1,"genus aggregation; mode across 1 original and 0 gapfilled species-level recommendations in this region (ties: most conservative status_adjusted and control_adjusted)","penalized if catch exceeds 2018-2022 mean; not penalized below mean",1
2022,"region_7","merluccius",243175,20,152155.4,5,"maximally harvested","no increase","genus aggregation; mode across 1 original and 0 gapfilled species-level recommendations in this region (ties: most conservative status_adjusted and control_adjusted)",2022,1,1,"genus aggregation; mode across 1 original and 0 gapfilled species-level recommendations in this region (ties: most conservative status_adjusted and control_adjusted)","penalized if catch exceeds 2018-2022 mean; not penalized below mean",0.625703300092526
2023,"region_7","merluccius",162635,10,152155.4,5,"maximally harvested","no increase","genus aggregation; mode across 1 original and 0 gapfilled species-level recommendations in this region (ties: most conservative status_adjusted and control_adjusted)",2022,1,1,"genus aggregation; mode across 1 original and 0 gapfilled species-level recommendations in this region (ties: most conservative status_adjusted and control_adjusted)","penalized if catch exceeds 2018-2022 mean; not penalized below mean",0.93556368555354
2024,"region_7","merluccius",1127350,74,152155.4,5,"maximally harvested","no increase","genus aggregation; mode across 1 original and 0 gapfilled species-level recommendations in this region (ties: most conservative status_adjusted and control_adjusted)",2022,1,1,"genus aggregation; mode across 1 original and 0 gapfilled species-level recommendations in this region (ties: most conservative status_adjusted and control_adjusted)","penalized if catch exceeds 2018-2022 mean; not penalized below mean",0.134967312724531
2018,"region_7","mugil",79568,72,70776.4,5,"decreasing","decrease","genus aggregation; mode across 3 original and 0 gapfilled species-level recommendations in this region (ties: most conservative status_adjusted and control_adjusted)",2023,3,3,"genus aggregation; mode across 3 original and 0 gapfilled species-level recommendations in this region (ties: most conservative status_adjusted and control_adjusted)","decreasing stock penalized at/above reference; not penalized below mean",0.444754172531671
2019,"region_7","mugil",67608,130,70776.4,5,"decreasing","decrease","genus aggregation; mode across 3 original and 0 gapfilled species-level recommendations in this region (ties: most conservative status_adjusted and control_adjusted)",2023,3,3,"genus aggregation; mode across 3 original and 0 gapfilled species-level recommendations in this region (ties: most conservative status_adjusted and control_adjusted)","decreasing stock penalized at/above reference; not penalized below mean",0.5
2020,"region_7","mugil",56845,187,70776.4,5,"decreasing","decrease","genus aggregation; mode across 3 original and 0 gapfilled species-level recommendations in this region (ties: most conservative status_adjusted and control_adjusted)",2023,3,3,"genus aggregation; mode across 3 original and 0 gapfilled species-level recommendations in this region (ties: most conservative status_adjusted and control_adjusted)","decreasing stock penalized at/above reference; not penalized below mean",1
2021,"region_7","mugil",59816,97,70776.4,5,"decreasing","decrease","genus aggregation; mode across 3 original and 0 gapfilled species-level recommendations in this region (ties: most conservative status_adjusted and control_adjusted)",2023,3,3,"genus aggregation; mode across 3 original and 0 gapfilled species-level recommendations in this region (ties: most conservative status_adjusted and control_adjusted)","decreasing stock penalized at/above reference; not penalized below mean",1
2022,"region_7","mugil",90045,100,70776.4,5,"decreasing","decrease","genus aggregation; mode across 3 original and 0 gapfilled species-level recommendations in this region (ties: most conservative status_adjusted and control_adjusted)",2023,3,3,"genus aggregation; mode across 3 original and 0 gapfilled species-level recommendations in this region (ties: most conservative status_adjusted and control_adjusted)","decreasing stock penalized at/above reference; not penalized below mean",0.393005719362541
2024,"region_7","mugil",1300,2,70776.4,5,"decreasing","decrease","genus aggregation; mode across 3 original and 0 gapfilled species-level recommendations in this region (ties: most conservative status_adjusted and control_adjusted)",2023,3,3,"genus aggregation; mode across 3 original and 0 gapfilled species-level recommendations in this region (ties: most conservative status_adjusted and control_adjusted)","decreasing stock penalized at/above reference; not penalized below mean",1
2018,"region_7","mustelus",3842.2,4,22167.54,5,"maximally harvested","no increase","genus aggregation; mode across 4 original and 0 gapfilled species-level recommendations in this region (ties: most conservative status_adjusted and control_adjusted)",2023,4,4,"genus aggregation; mode across 4 original and 0 gapfilled species-level recommendations in this region (ties: most conservative status_adjusted and control_adjusted)","penalized if catch exceeds 2018-2022 mean; not penalized below mean",1
2019,"region_7","mustelus",117.5,2,22167.54,5,"maximally harvested","no increase","genus aggregation; mode across 4 original and 0 gapfilled species-level recommendations in this region (ties: most conservative status_adjusted and control_adjusted)",2023,4,4,"genus aggregation; mode across 4 original and 0 gapfilled species-level recommendations in this region (ties: most conservative status_adjusted and control_adjusted)","penalized if catch exceeds 2018-2022 mean; not penalized below mean",1
2020,"region_7","mustelus",3679.25,9,22167.54,5,"maximally harvested","no increase","genus aggregation; mode across 4 original and 0 gapfilled species-level recommendations in this region (ties: most conservative status_adjusted and control_adjusted)",2023,4,4,"genus aggregation; mode across 4 original and 0 gapfilled species-level recommendations in this region (ties: most conservative status_adjusted and control_adjusted)","penalized if catch exceeds 2018-2022 mean; not penalized below mean",1
2021,"region_7","mustelus",50301.25,27,22167.54,5,"maximally harvested","no increase","genus aggregation; mode across 4 original and 0 gapfilled species-level recommendations in this region (ties: most conservative status_adjusted and control_adjusted)",2023,4,4,"genus aggregation; mode across 4 original and 0 gapfilled species-level recommendations in this region (ties: most conservative status_adjusted and control_adjusted)","penalized if catch exceeds 2018-2022 mean; not penalized below mean",0.44069560895604
2022,"region_7","mustelus",52897.5,31,22167.54,5,"maximally harvested","no increase","genus aggregation; mode across 4 original and 0 gapfilled species-level recommendations in this region (ties: most conservative status_adjusted and control_adjusted)",2023,4,4,"genus aggregation; mode across 4 original and 0 gapfilled species-level recommendations in this region (ties: most conservative status_adjusted and control_adjusted)","penalized if catch exceeds 2018-2022 mean; not penalized below mean",0.419065929391748
2023,"region_7","mustelus",69000,31,22167.54,5,"maximally harvested","no increase","genus aggregation; mode across 4 original and 0 gapfilled species-level recommendations in this region (ties: most conservative status_adjusted and control_adjusted)",2023,4,4,"genus aggregation; mode across 4 original and 0 gapfilled species-level recommendations in this region (ties: most conservative status_adjusted and control_adjusted)","penalized if catch exceeds 2018-2022 mean; not penalized below mean",0.321268695652174
2024,"region_7","mustelus",173488.4,76,22167.54,5,"maximally harvested","no increase","genus aggregation; mode across 4 original and 0 gapfilled species-level recommendations in this region (ties: most conservative status_adjusted and control_adjusted)",2023,4,4,"genus aggregation; mode across 4 original and 0 gapfilled species-level recommendations in this region (ties: most conservative status_adjusted and control_adjusted)","penalized if catch exceeds 2018-2022 mean; not penalized below mean",0.127775344057585
2018,"region_7","oligoplites",743851.16,18,763861.808,5,"maximally harvested","no increase","genus aggregation; mode across 1 original and 1 gapfilled species-level recommendations in this region (ties: most conservative status_adjusted and control_adjusted)",2022,2,1,"genus aggregation; mode across 1 original and 1 gapfilled species-level recommendations in this region (ties: most conservative status_adjusted and control_adjusted)","penalized if catch exceeds 2018-2022 mean; not penalized below mean",1
2019,"region_7","oligoplites",961382.92,17,763861.808,5,"maximally harvested","no increase","genus aggregation; mode across 1 original and 1 gapfilled species-level recommendations in this region (ties: most conservative status_adjusted and control_adjusted)",2022,2,1,"genus aggregation; mode across 1 original and 1 gapfilled species-level recommendations in this region (ties: most conservative status_adjusted and control_adjusted)","penalized if catch exceeds 2018-2022 mean; not penalized below mean",0.794544808430755
2020,"region_7","oligoplites",835336.52,12,763861.808,5,"maximally harvested","no increase","genus aggregation; mode across 1 original and 1 gapfilled species-level recommendations in this region (ties: most conservative status_adjusted and control_adjusted)",2022,2,1,"genus aggregation; mode across 1 original and 1 gapfilled species-level recommendations in this region (ties: most conservative status_adjusted and control_adjusted)","penalized if catch exceeds 2018-2022 mean; not penalized below mean",0.914436026333435
2021,"region_7","oligoplites",385459.56,11,763861.808,5,"maximally harvested","no increase","genus aggregation; mode across 1 original and 1 gapfilled species-level recommendations in this region (ties: most conservative status_adjusted and control_adjusted)",2022,2,1,"genus aggregation; mode across 1 original and 1 gapfilled species-level recommendations in this region (ties: most conservative status_adjusted and control_adjusted)","penalized if catch exceeds 2018-2022 mean; not penalized below mean",1
2022,"region_7","oligoplites",893278.88,14,763861.808,5,"maximally harvested","no increase","genus aggregation; mode across 1 original and 1 gapfilled species-level recommendations in this region (ties: most conservative status_adjusted and control_adjusted)",2022,2,1,"genus aggregation; mode across 1 original and 1 gapfilled species-level recommendations in this region (ties: most conservative status_adjusted and control_adjusted)","penalized if catch exceeds 2018-2022 mean; not penalized below mean",0.85512131217073
2018,"region_7","opisthonema",59707713.14,412,96959152.972,5,"maximally harvested","no increase","genus aggregation; mode across 3 original and 0 gapfilled species-level recommendations in this region (ties: most conservative status_adjusted and control_adjusted)",2022,3,3,"genus aggregation; mode across 3 original and 0 gapfilled species-level recommendations in this region (ties: most conservative status_adjusted and control_adjusted)","penalized if catch exceeds 2018-2022 mean; not penalized below mean",1
2019,"region_7","opisthonema",119014538.4,931,96959152.972,5,"maximally harvested","no increase","genus aggregation; mode across 3 original and 0 gapfilled species-level recommendations in this region (ties: most conservative status_adjusted and control_adjusted)",2022,3,3,"genus aggregation; mode across 3 original and 0 gapfilled species-level recommendations in this region (ties: most conservative status_adjusted and control_adjusted)","penalized if catch exceeds 2018-2022 mean; not penalized below mean",0.814683267065463
2020,"region_7","opisthonema",93297990.32,855,96959152.972,5,"maximally harvested","no increase","genus aggregation; mode across 3 original and 0 gapfilled species-level recommendations in this region (ties: most conservative status_adjusted and control_adjusted)",2022,3,3,"genus aggregation; mode across 3 original and 0 gapfilled species-level recommendations in this region (ties: most conservative status_adjusted and control_adjusted)","penalized if catch exceeds 2018-2022 mean; not penalized below mean",1
2021,"region_7","opisthonema",89000110.28,861,96959152.972,5,"maximally harvested","no increase","genus aggregation; mode across 3 original and 0 gapfilled species-level recommendations in this region (ties: most conservative status_adjusted and control_adjusted)",2022,3,3,"genus aggregation; mode across 3 original and 0 gapfilled species-level recommendations in this region (ties: most conservative status_adjusted and control_adjusted)","penalized if catch exceeds 2018-2022 mean; not penalized below mean",1
2022,"region_7","opisthonema",123775412.72,1029,96959152.972,5,"maximally harvested","no increase","genus aggregation; mode across 3 original and 0 gapfilled species-level recommendations in this region (ties: most conservative status_adjusted and control_adjusted)",2022,3,3,"genus aggregation; mode across 3 original and 0 gapfilled species-level recommendations in this region (ties: most conservative status_adjusted and control_adjusted)","penalized if catch exceeds 2018-2022 mean; not penalized below mean",0.783347442285143
2023,"region_7","opisthonema",121357026,1213,96959152.972,5,"maximally harvested","no increase","genus aggregation; mode across 3 original and 0 gapfilled species-level recommendations in this region (ties: most conservative status_adjusted and control_adjusted)",2022,3,3,"genus aggregation; mode across 3 original and 0 gapfilled species-level recommendations in this region (ties: most conservative status_adjusted and control_adjusted)","penalized if catch exceeds 2018-2022 mean; not penalized below mean",0.798957886229018
2024,"region_7","opisthonema",152534699.0436,1655,96959152.972,5,"maximally harvested","no increase","genus aggregation; mode across 3 original and 0 gapfilled species-level recommendations in this region (ties: most conservative status_adjusted and control_adjusted)",2022,3,3,"genus aggregation; mode across 3 original and 0 gapfilled species-level recommendations in this region (ties: most conservative status_adjusted and control_adjusted)","penalized if catch exceeds 2018-2022 mean; not penalized below mean",0.635653091263422
2018,"region_7","panopea",58349,18,119691.8,5,"maximally harvested","no increase","genus aggregation; mode across 1 original and 1 gapfilled species-level recommendations in this region (ties: most conservative status_adjusted and control_adjusted)",2023,2,1,"genus aggregation; mode across 1 original and 1 gapfilled species-level recommendations in this region (ties: most conservative status_adjusted and control_adjusted)","penalized if catch exceeds 2018-2022 mean; not penalized below mean",1
2019,"region_7","panopea",22734,15,119691.8,5,"maximally harvested","no increase","genus aggregation; mode across 1 original and 1 gapfilled species-level recommendations in this region (ties: most conservative status_adjusted and control_adjusted)",2023,2,1,"genus aggregation; mode across 1 original and 1 gapfilled species-level recommendations in this region (ties: most conservative status_adjusted and control_adjusted)","penalized if catch exceeds 2018-2022 mean; not penalized below mean",1
2020,"region_7","panopea",363887,54,119691.8,5,"maximally harvested","no increase","genus aggregation; mode across 1 original and 1 gapfilled species-level recommendations in this region (ties: most conservative status_adjusted and control_adjusted)",2023,2,1,"genus aggregation; mode across 1 original and 1 gapfilled species-level recommendations in this region (ties: most conservative status_adjusted and control_adjusted)","penalized if catch exceeds 2018-2022 mean; not penalized below mean",0.328925737935128
2021,"region_7","panopea",52684,30,119691.8,5,"maximally harvested","no increase","genus aggregation; mode across 1 original and 1 gapfilled species-level recommendations in this region (ties: most conservative status_adjusted and control_adjusted)",2023,2,1,"genus aggregation; mode across 1 original and 1 gapfilled species-level recommendations in this region (ties: most conservative status_adjusted and control_adjusted)","penalized if catch exceeds 2018-2022 mean; not penalized below mean",1
2022,"region_7","panopea",100805,69,119691.8,5,"maximally harvested","no increase","genus aggregation; mode across 1 original and 1 gapfilled species-level recommendations in this region (ties: most conservative status_adjusted and control_adjusted)",2023,2,1,"genus aggregation; mode across 1 original and 1 gapfilled species-level recommendations in this region (ties: most conservative status_adjusted and control_adjusted)","penalized if catch exceeds 2018-2022 mean; not penalized below mean",1
2023,"region_7","panopea",34648,34,119691.8,5,"maximally harvested","no increase","genus aggregation; mode across 1 original and 1 gapfilled species-level recommendations in this region (ties: most conservative status_adjusted and control_adjusted)",2023,2,1,"genus aggregation; mode across 1 original and 1 gapfilled species-level recommendations in this region (ties: most conservative status_adjusted and control_adjusted)","penalized if catch exceeds 2018-2022 mean; not penalized below mean",1
2024,"region_7","panopea",260147.15,75,119691.8,5,"maximally harvested","no increase","genus aggregation; mode across 1 original and 1 gapfilled species-level recommendations in this region (ties: most conservative status_adjusted and control_adjusted)",2023,2,1,"genus aggregation; mode across 1 original and 1 gapfilled species-level recommendations in this region (ties: most conservative status_adjusted and control_adjusted)","penalized if catch exceeds 2018-2022 mean; not penalized below mean",0.460092682160846
2018,"region_7","panulirus",15780,43,6106.2,5,"maximally harvested","no increase","genus aggregation; mode across 4 original and 0 gapfilled species-level recommendations in this region (ties: most conservative status_adjusted and control_adjusted)",2023,4,4,"genus aggregation; mode across 4 original and 0 gapfilled species-level recommendations in this region (ties: most conservative status_adjusted and control_adjusted)","penalized if catch exceeds 2018-2022 mean; not penalized below mean",0.386958174904943
2019,"region_7","panulirus",4234,13,6106.2,5,"maximally harvested","no increase","genus aggregation; mode across 4 original and 0 gapfilled species-level recommendations in this region (ties: most conservative status_adjusted and control_adjusted)",2023,4,4,"genus aggregation; mode across 4 original and 0 gapfilled species-level recommendations in this region (ties: most conservative status_adjusted and control_adjusted)","penalized if catch exceeds 2018-2022 mean; not penalized below mean",1
2020,"region_7","panulirus",2300,12,6106.2,5,"maximally harvested","no increase","genus aggregation; mode across 4 original and 0 gapfilled species-level recommendations in this region (ties: most conservative status_adjusted and control_adjusted)",2023,4,4,"genus aggregation; mode across 4 original and 0 gapfilled species-level recommendations in this region (ties: most conservative status_adjusted and control_adjusted)","penalized if catch exceeds 2018-2022 mean; not penalized below mean",1
2021,"region_7","panulirus",3741,18,6106.2,5,"maximally harvested","no increase","genus aggregation; mode across 4 original and 0 gapfilled species-level recommendations in this region (ties: most conservative status_adjusted and control_adjusted)",2023,4,4,"genus aggregation; mode across 4 original and 0 gapfilled species-level recommendations in this region (ties: most conservative status_adjusted and control_adjusted)","penalized if catch exceeds 2018-2022 mean; not penalized below mean",1
2022,"region_7","panulirus",4476,33,6106.2,5,"maximally harvested","no increase","genus aggregation; mode across 4 original and 0 gapfilled species-level recommendations in this region (ties: most conservative status_adjusted and control_adjusted)",2023,4,4,"genus aggregation; mode across 4 original and 0 gapfilled species-level recommendations in this region (ties: most conservative status_adjusted and control_adjusted)","penalized if catch exceeds 2018-2022 mean; not penalized below mean",1
2023,"region_7","panulirus",4533,24,6106.2,5,"maximally harvested","no increase","genus aggregation; mode across 4 original and 0 gapfilled species-level recommendations in this region (ties: most conservative status_adjusted and control_adjusted)",2023,4,4,"genus aggregation; mode across 4 original and 0 gapfilled species-level recommendations in this region (ties: most conservative status_adjusted and control_adjusted)","penalized if catch exceeds 2018-2022 mean; not penalized below mean",1
2024,"region_7","panulirus",5470,29,6106.2,5,"maximally harvested","no increase","genus aggregation; mode across 4 original and 0 gapfilled species-level recommendations in this region (ties: most conservative status_adjusted and control_adjusted)",2023,4,4,"genus aggregation; mode across 4 original and 0 gapfilled species-level recommendations in this region (ties: most conservative status_adjusted and control_adjusted)","penalized if catch exceeds 2018-2022 mean; not penalized below mean",1
2018,"region_7","paralabrax",55587.4,160,70360.7,5,"maximally harvested","no increase","genus aggregation; mode across 0 original and 1 gapfilled species-level recommendations in this region (ties: most conservative status_adjusted and control_adjusted)",2023,1,0,"genus aggregation; mode across 0 original and 1 gapfilled species-level recommendations in this region (ties: most conservative status_adjusted and control_adjusted)","penalized if catch exceeds 2018-2022 mean; not penalized below mean",1
2019,"region_7","paralabrax",72353.4,148,70360.7,5,"maximally harvested","no increase","genus aggregation; mode across 0 original and 1 gapfilled species-level recommendations in this region (ties: most conservative status_adjusted and control_adjusted)",2023,1,0,"genus aggregation; mode across 0 original and 1 gapfilled species-level recommendations in this region (ties: most conservative status_adjusted and control_adjusted)","penalized if catch exceeds 2018-2022 mean; not penalized below mean",1
2020,"region_7","paralabrax",68130.2,142,70360.7,5,"maximally harvested","no increase","genus aggregation; mode across 0 original and 1 gapfilled species-level recommendations in this region (ties: most conservative status_adjusted and control_adjusted)",2023,1,0,"genus aggregation; mode across 0 original and 1 gapfilled species-level recommendations in this region (ties: most conservative status_adjusted and control_adjusted)","penalized if catch exceeds 2018-2022 mean; not penalized below mean",1
2021,"region_7","paralabrax",80846.9,210,70360.7,5,"maximally harvested","no increase","genus aggregation; mode across 0 original and 1 gapfilled species-level recommendations in this region (ties: most conservative status_adjusted and control_adjusted)",2023,1,0,"genus aggregation; mode across 0 original and 1 gapfilled species-level recommendations in this region (ties: most conservative status_adjusted and control_adjusted)","penalized if catch exceeds 2018-2022 mean; not penalized below mean",0.870295583380439
2022,"region_7","paralabrax",74885.6,209,70360.7,5,"maximally harvested","no increase","genus aggregation; mode across 0 original and 1 gapfilled species-level recommendations in this region (ties: most conservative status_adjusted and control_adjusted)",2023,1,0,"genus aggregation; mode across 0 original and 1 gapfilled species-level recommendations in this region (ties: most conservative status_adjusted and control_adjusted)","penalized if catch exceeds 2018-2022 mean; not penalized below mean",0.939575833003942
2023,"region_7","paralabrax",44401,107,70360.7,5,"maximally harvested","no increase","genus aggregation; mode across 0 original and 1 gapfilled species-level recommendations in this region (ties: most conservative status_adjusted and control_adjusted)",2023,1,0,"genus aggregation; mode across 0 original and 1 gapfilled species-level recommendations in this region (ties: most conservative status_adjusted and control_adjusted)","penalized if catch exceeds 2018-2022 mean; not penalized below mean",1
2024,"region_7","paralabrax",73418.8,160,70360.7,5,"maximally harvested","no increase","genus aggregation; mode across 0 original and 1 gapfilled species-level recommendations in this region (ties: most conservative status_adjusted and control_adjusted)",2023,1,0,"genus aggregation; mode across 0 original and 1 gapfilled species-level recommendations in this region (ties: most conservative status_adjusted and control_adjusted)","penalized if catch exceeds 2018-2022 mean; not penalized below mean",1
2018,"region_7","rhizoprionodon",55093.35,120,126893.45,5,"maximally harvested","no increase","genus aggregation; mode across 1 original and 0 gapfilled species-level recommendations in this region (ties: most conservative status_adjusted and control_adjusted)",2023,1,1,"genus aggregation; mode across 1 original and 0 gapfilled species-level recommendations in this region (ties: most conservative status_adjusted and control_adjusted)","penalized if catch exceeds 2018-2022 mean; not penalized below mean",1
2019,"region_7","rhizoprionodon",99961.5,112,126893.45,5,"maximally harvested","no increase","genus aggregation; mode across 1 original and 0 gapfilled species-level recommendations in this region (ties: most conservative status_adjusted and control_adjusted)",2023,1,1,"genus aggregation; mode across 1 original and 0 gapfilled species-level recommendations in this region (ties: most conservative status_adjusted and control_adjusted)","penalized if catch exceeds 2018-2022 mean; not penalized below mean",1
2020,"region_7","rhizoprionodon",195726.4,185,126893.45,5,"maximally harvested","no increase","genus aggregation; mode across 1 original and 0 gapfilled species-level recommendations in this region (ties: most conservative status_adjusted and control_adjusted)",2023,1,1,"genus aggregation; mode across 1 original and 0 gapfilled species-level recommendations in this region (ties: most conservative status_adjusted and control_adjusted)","penalized if catch exceeds 2018-2022 mean; not penalized below mean",0.648320563807437
2021,"region_7","rhizoprionodon",155896,151,126893.45,5,"maximally harvested","no increase","genus aggregation; mode across 1 original and 0 gapfilled species-level recommendations in this region (ties: most conservative status_adjusted and control_adjusted)",2023,1,1,"genus aggregation; mode across 1 original and 0 gapfilled species-level recommendations in this region (ties: most conservative status_adjusted and control_adjusted)","penalized if catch exceeds 2018-2022 mean; not penalized below mean",0.81396219274388
2022,"region_7","rhizoprionodon",127790,100,126893.45,5,"maximally harvested","no increase","genus aggregation; mode across 1 original and 0 gapfilled species-level recommendations in this region (ties: most conservative status_adjusted and control_adjusted)",2023,1,1,"genus aggregation; mode across 1 original and 0 gapfilled species-level recommendations in this region (ties: most conservative status_adjusted and control_adjusted)","penalized if catch exceeds 2018-2022 mean; not penalized below mean",1
2018,"region_7","sardinops",210958824.96,1427,183429169.388,5,"maximally harvested","no increase","genus aggregation; mode across 1 original and 0 gapfilled species-level recommendations in this region (ties: most conservative status_adjusted and control_adjusted)",2022,1,1,"genus aggregation; mode across 1 original and 0 gapfilled species-level recommendations in this region (ties: most conservative status_adjusted and control_adjusted)","penalized if catch exceeds 2018-2022 mean; not penalized below mean",0.869502233067425
2019,"region_7","sardinops",146395762.46,1118,183429169.388,5,"maximally harvested","no increase","genus aggregation; mode across 1 original and 0 gapfilled species-level recommendations in this region (ties: most conservative status_adjusted and control_adjusted)",2022,1,1,"genus aggregation; mode across 1 original and 0 gapfilled species-level recommendations in this region (ties: most conservative status_adjusted and control_adjusted)","penalized if catch exceeds 2018-2022 mean; not penalized below mean",1
2020,"region_7","sardinops",240620052.8,1633,183429169.388,5,"maximally harvested","no increase","genus aggregation; mode across 1 original and 0 gapfilled species-level recommendations in this region (ties: most conservative status_adjusted and control_adjusted)",2022,1,1,"genus aggregation; mode across 1 original and 0 gapfilled species-level recommendations in this region (ties: most conservative status_adjusted and control_adjusted)","penalized if catch exceeds 2018-2022 mean; not penalized below mean",0.762318714726838
2021,"region_7","sardinops",245803654.32,1767,183429169.388,5,"maximally harvested","no increase","genus aggregation; mode across 1 original and 0 gapfilled species-level recommendations in this region (ties: most conservative status_adjusted and control_adjusted)",2022,1,1,"genus aggregation; mode across 1 original and 0 gapfilled species-level recommendations in this region (ties: most conservative status_adjusted and control_adjusted)","penalized if catch exceeds 2018-2022 mean; not penalized below mean",0.746242645966534
2022,"region_7","sardinops",73367552.4,601,183429169.388,5,"maximally harvested","no increase","genus aggregation; mode across 1 original and 0 gapfilled species-level recommendations in this region (ties: most conservative status_adjusted and control_adjusted)",2022,1,1,"genus aggregation; mode across 1 original and 0 gapfilled species-level recommendations in this region (ties: most conservative status_adjusted and control_adjusted)","penalized if catch exceeds 2018-2022 mean; not penalized below mean",1
2023,"region_7","sardinops",96546190,826,183429169.388,5,"maximally harvested","no increase","genus aggregation; mode across 1 original and 0 gapfilled species-level recommendations in this region (ties: most conservative status_adjusted and control_adjusted)",2022,1,1,"genus aggregation; mode across 1 original and 0 gapfilled species-level recommendations in this region (ties: most conservative status_adjusted and control_adjusted)","penalized if catch exceeds 2018-2022 mean; not penalized below mean",1
2024,"region_7","sardinops",29386306.4712,344,183429169.388,5,"maximally harvested","no increase","genus aggregation; mode across 1 original and 0 gapfilled species-level recommendations in this region (ties: most conservative status_adjusted and control_adjusted)",2022,1,1,"genus aggregation; mode across 1 original and 0 gapfilled species-level recommendations in this region (ties: most conservative status_adjusted and control_adjusted)","penalized if catch exceeds 2018-2022 mean; not penalized below mean",1
2018,"region_7","scomber",94934205.54,653,54311940.732,5,"maximally harvested","no increase","genus aggregation; mode across 1 original and 0 gapfilled species-level recommendations in this region (ties: most conservative status_adjusted and control_adjusted)",2022,1,1,"genus aggregation; mode across 1 original and 0 gapfilled species-level recommendations in this region (ties: most conservative status_adjusted and control_adjusted)","penalized if catch exceeds 2018-2022 mean; not penalized below mean",0.5721008610444
2019,"region_7","scomber",85934141.12,703,54311940.732,5,"maximally harvested","no increase","genus aggregation; mode across 1 original and 0 gapfilled species-level recommendations in this region (ties: most conservative status_adjusted and control_adjusted)",2022,1,1,"genus aggregation; mode across 1 original and 0 gapfilled species-level recommendations in this region (ties: most conservative status_adjusted and control_adjusted)","penalized if catch exceeds 2018-2022 mean; not penalized below mean",0.632018194679549
2020,"region_7","scomber",40311946.96,472,54311940.732,5,"maximally harvested","no increase","genus aggregation; mode across 1 original and 0 gapfilled species-level recommendations in this region (ties: most conservative status_adjusted and control_adjusted)",2022,1,1,"genus aggregation; mode across 1 original and 0 gapfilled species-level recommendations in this region (ties: most conservative status_adjusted and control_adjusted)","penalized if catch exceeds 2018-2022 mean; not penalized below mean",1
2021,"region_7","scomber",20450312.84,227,54311940.732,5,"maximally harvested","no increase","genus aggregation; mode across 1 original and 0 gapfilled species-level recommendations in this region (ties: most conservative status_adjusted and control_adjusted)",2022,1,1,"genus aggregation; mode across 1 original and 0 gapfilled species-level recommendations in this region (ties: most conservative status_adjusted and control_adjusted)","penalized if catch exceeds 2018-2022 mean; not penalized below mean",1
2022,"region_7","scomber",29929097.2,313,54311940.732,5,"maximally harvested","no increase","genus aggregation; mode across 1 original and 0 gapfilled species-level recommendations in this region (ties: most conservative status_adjusted and control_adjusted)",2022,1,1,"genus aggregation; mode across 1 original and 0 gapfilled species-level recommendations in this region (ties: most conservative status_adjusted and control_adjusted)","penalized if catch exceeds 2018-2022 mean; not penalized below mean",1
2023,"region_7","scomber",50353533,494,54311940.732,5,"maximally harvested","no increase","genus aggregation; mode across 1 original and 0 gapfilled species-level recommendations in this region (ties: most conservative status_adjusted and control_adjusted)",2022,1,1,"genus aggregation; mode across 1 original and 0 gapfilled species-level recommendations in this region (ties: most conservative status_adjusted and control_adjusted)","penalized if catch exceeds 2018-2022 mean; not penalized below mean",1
2024,"region_7","scomber",33862945.7864,434,54311940.732,5,"maximally harvested","no increase","genus aggregation; mode across 1 original and 0 gapfilled species-level recommendations in this region (ties: most conservative status_adjusted and control_adjusted)",2022,1,1,"genus aggregation; mode across 1 original and 0 gapfilled species-level recommendations in this region (ties: most conservative status_adjusted and control_adjusted)","penalized if catch exceeds 2018-2022 mean; not penalized below mean",1
2018,"region_7","scomberomorus",939651,373,887115.758,5,"maximally harvested","no increase","genus aggregation; mode across 2 original and 0 gapfilled species-level recommendations in this region (ties: most conservative status_adjusted and control_adjusted)",2023,2,2,"genus aggregation; mode across 2 original and 0 gapfilled species-level recommendations in this region (ties: most conservative status_adjusted and control_adjusted)","penalized if catch exceeds 2018-2022 mean; not penalized below mean",0.944090686861399
2019,"region_7","scomberomorus",858219.9,329,887115.758,5,"maximally harvested","no increase","genus aggregation; mode across 2 original and 0 gapfilled species-level recommendations in this region (ties: most conservative status_adjusted and control_adjusted)",2023,2,2,"genus aggregation; mode across 2 original and 0 gapfilled species-level recommendations in this region (ties: most conservative status_adjusted and control_adjusted)","penalized if catch exceeds 2018-2022 mean; not penalized below mean",1
2020,"region_7","scomberomorus",757243.3,311,887115.758,5,"maximally harvested","no increase","genus aggregation; mode across 2 original and 0 gapfilled species-level recommendations in this region (ties: most conservative status_adjusted and control_adjusted)",2023,2,2,"genus aggregation; mode across 2 original and 0 gapfilled species-level recommendations in this region (ties: most conservative status_adjusted and control_adjusted)","penalized if catch exceeds 2018-2022 mean; not penalized below mean",1
2021,"region_7","scomberomorus",1109756.09,472,887115.758,5,"maximally harvested","no increase","genus aggregation; mode across 2 original and 0 gapfilled species-level recommendations in this region (ties: most conservative status_adjusted and control_adjusted)",2023,2,2,"genus aggregation; mode across 2 original and 0 gapfilled species-level recommendations in this region (ties: most conservative status_adjusted and control_adjusted)","penalized if catch exceeds 2018-2022 mean; not penalized below mean",0.799379040127637
2022,"region_7","scomberomorus",770708.5,368,887115.758,5,"maximally harvested","no increase","genus aggregation; mode across 2 original and 0 gapfilled species-level recommendations in this region (ties: most conservative status_adjusted and control_adjusted)",2023,2,2,"genus aggregation; mode across 2 original and 0 gapfilled species-level recommendations in this region (ties: most conservative status_adjusted and control_adjusted)","penalized if catch exceeds 2018-2022 mean; not penalized below mean",1
2023,"region_7","scomberomorus",631927,392,887115.758,5,"maximally harvested","no increase","genus aggregation; mode across 2 original and 0 gapfilled species-level recommendations in this region (ties: most conservative status_adjusted and control_adjusted)",2023,2,2,"genus aggregation; mode across 2 original and 0 gapfilled species-level recommendations in this region (ties: most conservative status_adjusted and control_adjusted)","penalized if catch exceeds 2018-2022 mean; not penalized below mean",1
2024,"region_7","scomberomorus",657536,336,887115.758,5,"maximally harvested","no increase","genus aggregation; mode across 2 original and 0 gapfilled species-level recommendations in this region (ties: most conservative status_adjusted and control_adjusted)",2023,2,2,"genus aggregation; mode across 2 original and 0 gapfilled species-level recommendations in this region (ties: most conservative status_adjusted and control_adjusted)","penalized if catch exceeds 2018-2022 mean; not penalized below mean",1
2018,"region_7","sphoeroides",34895.5,52,49897.54,5,"maximally harvested","no increase","genus aggregation; mode across 3 original and 0 gapfilled species-level recommendations in this region (ties: most conservative status_adjusted and control_adjusted)",2023,3,3,"genus aggregation; mode across 3 original and 0 gapfilled species-level recommendations in this region (ties: most conservative status_adjusted and control_adjusted)","penalized if catch exceeds 2018-2022 mean; not penalized below mean",1
2019,"region_7","sphoeroides",75964.5,68,49897.54,5,"maximally harvested","no increase","genus aggregation; mode across 3 original and 0 gapfilled species-level recommendations in this region (ties: most conservative status_adjusted and control_adjusted)",2023,3,3,"genus aggregation; mode across 3 original and 0 gapfilled species-level recommendations in this region (ties: most conservative status_adjusted and control_adjusted)","penalized if catch exceeds 2018-2022 mean; not penalized below mean",0.65685339862699
2020,"region_7","sphoeroides",65050.75,117,49897.54,5,"maximally harvested","no increase","genus aggregation; mode across 3 original and 0 gapfilled species-level recommendations in this region (ties: most conservative status_adjusted and control_adjusted)",2023,3,3,"genus aggregation; mode across 3 original and 0 gapfilled species-level recommendations in this region (ties: most conservative status_adjusted and control_adjusted)","penalized if catch exceeds 2018-2022 mean; not penalized below mean",0.767055568152558
2021,"region_7","sphoeroides",29246.85,78,49897.54,5,"maximally harvested","no increase","genus aggregation; mode across 3 original and 0 gapfilled species-level recommendations in this region (ties: most conservative status_adjusted and control_adjusted)",2023,3,3,"genus aggregation; mode across 3 original and 0 gapfilled species-level recommendations in this region (ties: most conservative status_adjusted and control_adjusted)","penalized if catch exceeds 2018-2022 mean; not penalized below mean",1
2022,"region_7","sphoeroides",44330.1,89,49897.54,5,"maximally harvested","no increase","genus aggregation; mode across 3 original and 0 gapfilled species-level recommendations in this region (ties: most conservative status_adjusted and control_adjusted)",2023,3,3,"genus aggregation; mode across 3 original and 0 gapfilled species-level recommendations in this region (ties: most conservative status_adjusted and control_adjusted)","penalized if catch exceeds 2018-2022 mean; not penalized below mean",1
2023,"region_7","sphoeroides",22208,75,49897.54,5,"maximally harvested","no increase","genus aggregation; mode across 3 original and 0 gapfilled species-level recommendations in this region (ties: most conservative status_adjusted and control_adjusted)",2023,3,3,"genus aggregation; mode across 3 original and 0 gapfilled species-level recommendations in this region (ties: most conservative status_adjusted and control_adjusted)","penalized if catch exceeds 2018-2022 mean; not penalized below mean",1
2024,"region_7","sphoeroides",16493,45,49897.54,5,"maximally harvested","no increase","genus aggregation; mode across 3 original and 0 gapfilled species-level recommendations in this region (ties: most conservative status_adjusted and control_adjusted)",2023,3,3,"genus aggregation; mode across 3 original and 0 gapfilled species-level recommendations in this region (ties: most conservative status_adjusted and control_adjusted)","penalized if catch exceeds 2018-2022 mean; not penalized below mean",1
2019,"region_7","sphyrna",67625,4,64799.75,4,"maximally harvested","no increase","genus aggregation; mode across 3 original and 0 gapfilled species-level recommendations in this region (ties: most conservative status_adjusted and control_adjusted)",2023,3,3,"genus aggregation; mode across 3 original and 0 gapfilled species-level recommendations in this region (ties: most conservative status_adjusted and control_adjusted)","penalized if catch exceeds 2018-2022 mean; not penalized below mean",1
2020,"region_7","sphyrna",85750,10,64799.75,4,"maximally harvested","no increase","genus aggregation; mode across 3 original and 0 gapfilled species-level recommendations in this region (ties: most conservative status_adjusted and control_adjusted)",2023,3,3,"genus aggregation; mode across 3 original and 0 gapfilled species-level recommendations in this region (ties: most conservative status_adjusted and control_adjusted)","penalized if catch exceeds 2018-2022 mean; not penalized below mean",0.75568221574344
2021,"region_7","sphyrna",51474,9,64799.75,4,"maximally harvested","no increase","genus aggregation; mode across 3 original and 0 gapfilled species-level recommendations in this region (ties: most conservative status_adjusted and control_adjusted)",2023,3,3,"genus aggregation; mode across 3 original and 0 gapfilled species-level recommendations in this region (ties: most conservative status_adjusted and control_adjusted)","penalized if catch exceeds 2018-2022 mean; not penalized below mean",1
2022,"region_7","sphyrna",54350,5,64799.75,4,"maximally harvested","no increase","genus aggregation; mode across 3 original and 0 gapfilled species-level recommendations in this region (ties: most conservative status_adjusted and control_adjusted)",2023,3,3,"genus aggregation; mode across 3 original and 0 gapfilled species-level recommendations in this region (ties: most conservative status_adjusted and control_adjusted)","penalized if catch exceeds 2018-2022 mean; not penalized below mean",1
2024,"region_7","sphyrna",12500,2,64799.75,4,"maximally harvested","no increase","genus aggregation; mode across 3 original and 0 gapfilled species-level recommendations in this region (ties: most conservative status_adjusted and control_adjusted)",2023,3,3,"genus aggregation; mode across 3 original and 0 gapfilled species-level recommendations in this region (ties: most conservative status_adjusted and control_adjusted)","penalized if catch exceeds 2018-2022 mean; not penalized below mean",1
2018,"region_7","stomolophus",169500,3,3419593.8,5,"maximally harvested","no increase","genus aggregation; mode across 2 original and 0 gapfilled species-level recommendations in this region (ties: most conservative status_adjusted and control_adjusted)",2017,2,2,"genus aggregation; mode across 2 original and 0 gapfilled species-level recommendations in this region (ties: most conservative status_adjusted and control_adjusted)","penalized if catch exceeds 2018-2022 mean; not penalized below mean",1
2019,"region_7","stomolophus",175483,10,3419593.8,5,"maximally harvested","no increase","genus aggregation; mode across 2 original and 0 gapfilled species-level recommendations in this region (ties: most conservative status_adjusted and control_adjusted)",2017,2,2,"genus aggregation; mode across 2 original and 0 gapfilled species-level recommendations in this region (ties: most conservative status_adjusted and control_adjusted)","penalized if catch exceeds 2018-2022 mean; not penalized below mean",1
2020,"region_7","stomolophus",4960618,134,3419593.8,5,"maximally harvested","no increase","genus aggregation; mode across 2 original and 0 gapfilled species-level recommendations in this region (ties: most conservative status_adjusted and control_adjusted)",2017,2,2,"genus aggregation; mode across 2 original and 0 gapfilled species-level recommendations in this region (ties: most conservative status_adjusted and control_adjusted)","penalized if catch exceeds 2018-2022 mean; not penalized below mean",0.689348343291098
2021,"region_7","stomolophus",7128188,368,3419593.8,5,"maximally harvested","no increase","genus aggregation; mode across 2 original and 0 gapfilled species-level recommendations in this region (ties: most conservative status_adjusted and control_adjusted)",2017,2,2,"genus aggregation; mode across 2 original and 0 gapfilled species-level recommendations in this region (ties: most conservative status_adjusted and control_adjusted)","penalized if catch exceeds 2018-2022 mean; not penalized below mean",0.479728340498315
2022,"region_7","stomolophus",4664180,389,3419593.8,5,"maximally harvested","no increase","genus aggregation; mode across 2 original and 0 gapfilled species-level recommendations in this region (ties: most conservative status_adjusted and control_adjusted)",2017,2,2,"genus aggregation; mode across 2 original and 0 gapfilled species-level recommendations in this region (ties: most conservative status_adjusted and control_adjusted)","penalized if catch exceeds 2018-2022 mean; not penalized below mean",0.733160769953132
2023,"region_7","stomolophus",1193097,46,3419593.8,5,"maximally harvested","no increase","genus aggregation; mode across 2 original and 0 gapfilled species-level recommendations in this region (ties: most conservative status_adjusted and control_adjusted)",2017,2,2,"genus aggregation; mode across 2 original and 0 gapfilled species-level recommendations in this region (ties: most conservative status_adjusted and control_adjusted)","penalized if catch exceeds 2018-2022 mean; not penalized below mean",1
2024,"region_7","stomolophus",22298807.5,671,3419593.8,5,"maximally harvested","no increase","genus aggregation; mode across 2 original and 0 gapfilled species-level recommendations in this region (ties: most conservative status_adjusted and control_adjusted)",2017,2,2,"genus aggregation; mode across 2 original and 0 gapfilled species-level recommendations in this region (ties: most conservative status_adjusted and control_adjusted)","penalized if catch exceeds 2018-2022 mean; not penalized below mean",0.153353214067613
2018,"region_8","alopias",559732.7,219,699602.43,5,"maximally harvested","no increase","genus aggregation; mode across 3 original and 0 gapfilled species-level recommendations in this region (ties: most conservative status_adjusted and control_adjusted)",2023,3,3,"genus aggregation; mode across 3 original and 0 gapfilled species-level recommendations in this region (ties: most conservative status_adjusted and control_adjusted)","penalized if catch exceeds 2018-2022 mean; not penalized below mean",1
2019,"region_8","alopias",615847.85,353,699602.43,5,"maximally harvested","no increase","genus aggregation; mode across 3 original and 0 gapfilled species-level recommendations in this region (ties: most conservative status_adjusted and control_adjusted)",2023,3,3,"genus aggregation; mode across 3 original and 0 gapfilled species-level recommendations in this region (ties: most conservative status_adjusted and control_adjusted)","penalized if catch exceeds 2018-2022 mean; not penalized below mean",1
2020,"region_8","alopias",888356.55,457,699602.43,5,"maximally harvested","no increase","genus aggregation; mode across 3 original and 0 gapfilled species-level recommendations in this region (ties: most conservative status_adjusted and control_adjusted)",2023,3,3,"genus aggregation; mode across 3 original and 0 gapfilled species-level recommendations in this region (ties: most conservative status_adjusted and control_adjusted)","penalized if catch exceeds 2018-2022 mean; not penalized below mean",0.787524367327511
2021,"region_8","alopias",632650.5,299,699602.43,5,"maximally harvested","no increase","genus aggregation; mode across 3 original and 0 gapfilled species-level recommendations in this region (ties: most conservative status_adjusted and control_adjusted)",2023,3,3,"genus aggregation; mode across 3 original and 0 gapfilled species-level recommendations in this region (ties: most conservative status_adjusted and control_adjusted)","penalized if catch exceeds 2018-2022 mean; not penalized below mean",1
2022,"region_8","alopias",801424.55,390,699602.43,5,"maximally harvested","no increase","genus aggregation; mode across 3 original and 0 gapfilled species-level recommendations in this region (ties: most conservative status_adjusted and control_adjusted)",2023,3,3,"genus aggregation; mode across 3 original and 0 gapfilled species-level recommendations in this region (ties: most conservative status_adjusted and control_adjusted)","penalized if catch exceeds 2018-2022 mean; not penalized below mean",0.872948588859675
2023,"region_8","alopias",1329739,423,699602.43,5,"maximally harvested","no increase","genus aggregation; mode across 3 original and 0 gapfilled species-level recommendations in this region (ties: most conservative status_adjusted and control_adjusted)",2023,3,3,"genus aggregation; mode across 3 original and 0 gapfilled species-level recommendations in this region (ties: most conservative status_adjusted and control_adjusted)","penalized if catch exceeds 2018-2022 mean; not penalized below mean",0.526120110788659
2024,"region_8","alopias",608579.7,214,699602.43,5,"maximally harvested","no increase","genus aggregation; mode across 3 original and 0 gapfilled species-level recommendations in this region (ties: most conservative status_adjusted and control_adjusted)",2023,3,3,"genus aggregation; mode across 3 original and 0 gapfilled species-level recommendations in this region (ties: most conservative status_adjusted and control_adjusted)","penalized if catch exceeds 2018-2022 mean; not penalized below mean",1
2018,"region_8","callinectes",1070247,980,1711693.8,5,"maximally harvested","no increase","genus aggregation; mode across 3 original and 0 gapfilled species-level recommendations in this region (ties: most conservative status_adjusted and control_adjusted)",2023,3,3,"genus aggregation; mode across 3 original and 0 gapfilled species-level recommendations in this region (ties: most conservative status_adjusted and control_adjusted)","penalized if catch exceeds 2018-2022 mean; not penalized below mean",1
2019,"region_8","callinectes",1317623,1112,1711693.8,5,"maximally harvested","no increase","genus aggregation; mode across 3 original and 0 gapfilled species-level recommendations in this region (ties: most conservative status_adjusted and control_adjusted)",2023,3,3,"genus aggregation; mode across 3 original and 0 gapfilled species-level recommendations in this region (ties: most conservative status_adjusted and control_adjusted)","penalized if catch exceeds 2018-2022 mean; not penalized below mean",1
2020,"region_8","callinectes",1575350,1476,1711693.8,5,"maximally harvested","no increase","genus aggregation; mode across 3 original and 0 gapfilled species-level recommendations in this region (ties: most conservative status_adjusted and control_adjusted)",2023,3,3,"genus aggregation; mode across 3 original and 0 gapfilled species-level recommendations in this region (ties: most conservative status_adjusted and control_adjusted)","penalized if catch exceeds 2018-2022 mean; not penalized below mean",1
2021,"region_8","callinectes",2258524,1633,1711693.8,5,"maximally harvested","no increase","genus aggregation; mode across 3 original and 0 gapfilled species-level recommendations in this region (ties: most conservative status_adjusted and control_adjusted)",2023,3,3,"genus aggregation; mode across 3 original and 0 gapfilled species-level recommendations in this region (ties: most conservative status_adjusted and control_adjusted)","penalized if catch exceeds 2018-2022 mean; not penalized below mean",0.757881607634012
2022,"region_8","callinectes",2336725,2009,1711693.8,5,"maximally harvested","no increase","genus aggregation; mode across 3 original and 0 gapfilled species-level recommendations in this region (ties: most conservative status_adjusted and control_adjusted)",2023,3,3,"genus aggregation; mode across 3 original and 0 gapfilled species-level recommendations in this region (ties: most conservative status_adjusted and control_adjusted)","penalized if catch exceeds 2018-2022 mean; not penalized below mean",0.732518289486354
2023,"region_8","callinectes",3667901,3239,1711693.8,5,"maximally harvested","no increase","genus aggregation; mode across 3 original and 0 gapfilled species-level recommendations in this region (ties: most conservative status_adjusted and control_adjusted)",2023,3,3,"genus aggregation; mode across 3 original and 0 gapfilled species-level recommendations in this region (ties: most conservative status_adjusted and control_adjusted)","penalized if catch exceeds 2018-2022 mean; not penalized below mean",0.466668484236625
2018,"region_8","carcharhinus",380599.15,562,1426748.03,5,"maximally harvested","no increase","genus aggregation; mode across 9 original and 0 gapfilled species-level recommendations in this region (ties: most conservative status_adjusted and control_adjusted)",2023,9,9,"genus aggregation; mode across 9 original and 0 gapfilled species-level recommendations in this region (ties: most conservative status_adjusted and control_adjusted)","penalized if catch exceeds 2018-2022 mean; not penalized below mean",1
2019,"region_8","carcharhinus",623853.8,935,1426748.03,5,"maximally harvested","no increase","genus aggregation; mode across 9 original and 0 gapfilled species-level recommendations in this region (ties: most conservative status_adjusted and control_adjusted)",2023,9,9,"genus aggregation; mode across 9 original and 0 gapfilled species-level recommendations in this region (ties: most conservative status_adjusted and control_adjusted)","penalized if catch exceeds 2018-2022 mean; not penalized below mean",1
2020,"region_8","carcharhinus",2315411.35,964,1426748.03,5,"maximally harvested","no increase","genus aggregation; mode across 9 original and 0 gapfilled species-level recommendations in this region (ties: most conservative status_adjusted and control_adjusted)",2023,9,9,"genus aggregation; mode across 9 original and 0 gapfilled species-level recommendations in this region (ties: most conservative status_adjusted and control_adjusted)","penalized if catch exceeds 2018-2022 mean; not penalized below mean",0.616196353187955
2021,"region_8","carcharhinus",2526067.4,813,1426748.03,5,"maximally harvested","no increase","genus aggregation; mode across 9 original and 0 gapfilled species-level recommendations in this region (ties: most conservative status_adjusted and control_adjusted)",2023,9,9,"genus aggregation; mode across 9 original and 0 gapfilled species-level recommendations in this region (ties: most conservative status_adjusted and control_adjusted)","penalized if catch exceeds 2018-2022 mean; not penalized below mean",0.56480996112772
2022,"region_8","carcharhinus",1287808.45,780,1426748.03,5,"maximally harvested","no increase","genus aggregation; mode across 9 original and 0 gapfilled species-level recommendations in this region (ties: most conservative status_adjusted and control_adjusted)",2023,9,9,"genus aggregation; mode across 9 original and 0 gapfilled species-level recommendations in this region (ties: most conservative status_adjusted and control_adjusted)","penalized if catch exceeds 2018-2022 mean; not penalized below mean",1
2023,"region_8","carcharhinus",2189769,845,1426748.03,5,"maximally harvested","no increase","genus aggregation; mode across 9 original and 0 gapfilled species-level recommendations in this region (ties: most conservative status_adjusted and control_adjusted)",2023,9,9,"genus aggregation; mode across 9 original and 0 gapfilled species-level recommendations in this region (ties: most conservative status_adjusted and control_adjusted)","penalized if catch exceeds 2018-2022 mean; not penalized below mean",0.651551844052957
2024,"region_8","carcharhinus",6547190.15,881,1426748.03,5,"maximally harvested","no increase","genus aggregation; mode across 9 original and 0 gapfilled species-level recommendations in this region (ties: most conservative status_adjusted and control_adjusted)",2023,9,9,"genus aggregation; mode across 9 original and 0 gapfilled species-level recommendations in this region (ties: most conservative status_adjusted and control_adjusted)","penalized if catch exceeds 2018-2022 mean; not penalized below mean",0.21791761004528
2018,"region_8","centropomus",458805.148,1415,634302.8578,5,"maximally harvested","no increase","genus aggregation; mode across 5 original and 0 gapfilled species-level recommendations in this region (ties: most conservative status_adjusted and control_adjusted)",2023,5,5,"genus aggregation; mode across 5 original and 0 gapfilled species-level recommendations in this region (ties: most conservative status_adjusted and control_adjusted)","penalized if catch exceeds 2018-2022 mean; not penalized below mean",1
2019,"region_8","centropomus",745350.771,1743,634302.8578,5,"maximally harvested","no increase","genus aggregation; mode across 5 original and 0 gapfilled species-level recommendations in this region (ties: most conservative status_adjusted and control_adjusted)",2023,5,5,"genus aggregation; mode across 5 original and 0 gapfilled species-level recommendations in this region (ties: most conservative status_adjusted and control_adjusted)","penalized if catch exceeds 2018-2022 mean; not penalized below mean",0.851012546681863
2020,"region_8","centropomus",579600.1,1462,634302.8578,5,"maximally harvested","no increase","genus aggregation; mode across 5 original and 0 gapfilled species-level recommendations in this region (ties: most conservative status_adjusted and control_adjusted)",2023,5,5,"genus aggregation; mode across 5 original and 0 gapfilled species-level recommendations in this region (ties: most conservative status_adjusted and control_adjusted)","penalized if catch exceeds 2018-2022 mean; not penalized below mean",1
2021,"region_8","centropomus",766555.48,1393,634302.8578,5,"maximally harvested","no increase","genus aggregation; mode across 5 original and 0 gapfilled species-level recommendations in this region (ties: most conservative status_adjusted and control_adjusted)",2023,5,5,"genus aggregation; mode across 5 original and 0 gapfilled species-level recommendations in this region (ties: most conservative status_adjusted and control_adjusted)","penalized if catch exceeds 2018-2022 mean; not penalized below mean",0.827471558614388
2022,"region_8","centropomus",621202.79,1446,634302.8578,5,"maximally harvested","no increase","genus aggregation; mode across 5 original and 0 gapfilled species-level recommendations in this region (ties: most conservative status_adjusted and control_adjusted)",2023,5,5,"genus aggregation; mode across 5 original and 0 gapfilled species-level recommendations in this region (ties: most conservative status_adjusted and control_adjusted)","penalized if catch exceeds 2018-2022 mean; not penalized below mean",1
2023,"region_8","centropomus",585696,1564,634302.8578,5,"maximally harvested","no increase","genus aggregation; mode across 5 original and 0 gapfilled species-level recommendations in this region (ties: most conservative status_adjusted and control_adjusted)",2023,5,5,"genus aggregation; mode across 5 original and 0 gapfilled species-level recommendations in this region (ties: most conservative status_adjusted and control_adjusted)","penalized if catch exceeds 2018-2022 mean; not penalized below mean",1
2024,"region_8","centropomus",859350.463,1766,634302.8578,5,"maximally harvested","no increase","genus aggregation; mode across 5 original and 0 gapfilled species-level recommendations in this region (ties: most conservative status_adjusted and control_adjusted)",2023,5,5,"genus aggregation; mode across 5 original and 0 gapfilled species-level recommendations in this region (ties: most conservative status_adjusted and control_adjusted)","penalized if catch exceeds 2018-2022 mean; not penalized below mean",0.738118945774048
2018,"region_8","chione",384135,28,141493.75,4,"maximally harvested","no increase","genus aggregation; mode across 2 original and 0 gapfilled species-level recommendations in this region (ties: most conservative status_adjusted and control_adjusted)",2023,2,2,"genus aggregation; mode across 2 original and 0 gapfilled species-level recommendations in this region (ties: most conservative status_adjusted and control_adjusted)","penalized if catch exceeds 2018-2022 mean; not penalized below mean",0.368343811420464
2019,"region_8","chione",164090,17,141493.75,4,"maximally harvested","no increase","genus aggregation; mode across 2 original and 0 gapfilled species-level recommendations in this region (ties: most conservative status_adjusted and control_adjusted)",2023,2,2,"genus aggregation; mode across 2 original and 0 gapfilled species-level recommendations in this region (ties: most conservative status_adjusted and control_adjusted)","penalized if catch exceeds 2018-2022 mean; not penalized below mean",0.862293558413066
2021,"region_8","chione",7000,1,141493.75,4,"maximally harvested","no increase","genus aggregation; mode across 2 original and 0 gapfilled species-level recommendations in this region (ties: most conservative status_adjusted and control_adjusted)",2023,2,2,"genus aggregation; mode across 2 original and 0 gapfilled species-level recommendations in this region (ties: most conservative status_adjusted and control_adjusted)","penalized if catch exceeds 2018-2022 mean; not penalized below mean",1
2022,"region_8","chione",10750,6,141493.75,4,"maximally harvested","no increase","genus aggregation; mode across 2 original and 0 gapfilled species-level recommendations in this region (ties: most conservative status_adjusted and control_adjusted)",2023,2,2,"genus aggregation; mode across 2 original and 0 gapfilled species-level recommendations in this region (ties: most conservative status_adjusted and control_adjusted)","penalized if catch exceeds 2018-2022 mean; not penalized below mean",1
2023,"region_8","chione",1350,4,141493.75,4,"maximally harvested","no increase","genus aggregation; mode across 2 original and 0 gapfilled species-level recommendations in this region (ties: most conservative status_adjusted and control_adjusted)",2023,2,2,"genus aggregation; mode across 2 original and 0 gapfilled species-level recommendations in this region (ties: most conservative status_adjusted and control_adjusted)","penalized if catch exceeds 2018-2022 mean; not penalized below mean",1
2018,"region_8","crassostrea",222676,86,463681,5,"maximally harvested","no increase","genus aggregation; mode across 3 original and 2 gapfilled species-level recommendations in this region (ties: most conservative status_adjusted and control_adjusted)",2023,5,3,"genus aggregation; mode across 3 original and 2 gapfilled species-level recommendations in this region (ties: most conservative status_adjusted and control_adjusted)","penalized if catch exceeds 2018-2022 mean; not penalized below mean",1
2019,"region_8","crassostrea",242187,82,463681,5,"maximally harvested","no increase","genus aggregation; mode across 3 original and 2 gapfilled species-level recommendations in this region (ties: most conservative status_adjusted and control_adjusted)",2023,5,3,"genus aggregation; mode across 3 original and 2 gapfilled species-level recommendations in this region (ties: most conservative status_adjusted and control_adjusted)","penalized if catch exceeds 2018-2022 mean; not penalized below mean",1
2020,"region_8","crassostrea",191867,119,463681,5,"maximally harvested","no increase","genus aggregation; mode across 3 original and 2 gapfilled species-level recommendations in this region (ties: most conservative status_adjusted and control_adjusted)",2023,5,3,"genus aggregation; mode across 3 original and 2 gapfilled species-level recommendations in this region (ties: most conservative status_adjusted and control_adjusted)","penalized if catch exceeds 2018-2022 mean; not penalized below mean",1
2021,"region_8","crassostrea",598960,361,463681,5,"maximally harvested","no increase","genus aggregation; mode across 3 original and 2 gapfilled species-level recommendations in this region (ties: most conservative status_adjusted and control_adjusted)",2023,5,3,"genus aggregation; mode across 3 original and 2 gapfilled species-level recommendations in this region (ties: most conservative status_adjusted and control_adjusted)","penalized if catch exceeds 2018-2022 mean; not penalized below mean",0.77414351542674
2022,"region_8","crassostrea",1062715,853,463681,5,"maximally harvested","no increase","genus aggregation; mode across 3 original and 2 gapfilled species-level recommendations in this region (ties: most conservative status_adjusted and control_adjusted)",2023,5,3,"genus aggregation; mode across 3 original and 2 gapfilled species-level recommendations in this region (ties: most conservative status_adjusted and control_adjusted)","penalized if catch exceeds 2018-2022 mean; not penalized below mean",0.436317356958357
2023,"region_8","crassostrea",1096559,722,463681,5,"maximally harvested","no increase","genus aggregation; mode across 3 original and 2 gapfilled species-level recommendations in this region (ties: most conservative status_adjusted and control_adjusted)",2023,5,3,"genus aggregation; mode across 3 original and 2 gapfilled species-level recommendations in this region (ties: most conservative status_adjusted and control_adjusted)","penalized if catch exceeds 2018-2022 mean; not penalized below mean",0.422850936429321
2024,"region_8","crassostrea",1739373.99,923,463681,5,"maximally harvested","no increase","genus aggregation; mode across 3 original and 2 gapfilled species-level recommendations in this region (ties: most conservative status_adjusted and control_adjusted)",2023,5,3,"genus aggregation; mode across 3 original and 2 gapfilled species-level recommendations in this region (ties: most conservative status_adjusted and control_adjusted)","penalized if catch exceeds 2018-2022 mean; not penalized below mean",0.266579242109973
2018,"region_8","cynoscion",1324805.805,3729,1706888.0632,5,"maximally harvested","no increase","genus aggregation; mode across 0 original and 1 gapfilled species-level recommendations in this region (ties: most conservative status_adjusted and control_adjusted)",2023,1,0,"genus aggregation; mode across 0 original and 1 gapfilled species-level recommendations in this region (ties: most conservative status_adjusted and control_adjusted)","penalized if catch exceeds 2018-2022 mean; not penalized below mean",1
2019,"region_8","cynoscion",1646715.27,4906,1706888.0632,5,"maximally harvested","no increase","genus aggregation; mode across 0 original and 1 gapfilled species-level recommendations in this region (ties: most conservative status_adjusted and control_adjusted)",2023,1,0,"genus aggregation; mode across 0 original and 1 gapfilled species-level recommendations in this region (ties: most conservative status_adjusted and control_adjusted)","penalized if catch exceeds 2018-2022 mean; not penalized below mean",1
2020,"region_8","cynoscion",1512858.791,3305,1706888.0632,5,"maximally harvested","no increase","genus aggregation; mode across 0 original and 1 gapfilled species-level recommendations in this region (ties: most conservative status_adjusted and control_adjusted)",2023,1,0,"genus aggregation; mode across 0 original and 1 gapfilled species-level recommendations in this region (ties: most conservative status_adjusted and control_adjusted)","penalized if catch exceeds 2018-2022 mean; not penalized below mean",1
2021,"region_8","cynoscion",2270779.7,3135,1706888.0632,5,"maximally harvested","no increase","genus aggregation; mode across 0 original and 1 gapfilled species-level recommendations in this region (ties: most conservative status_adjusted and control_adjusted)",2023,1,0,"genus aggregation; mode across 0 original and 1 gapfilled species-level recommendations in this region (ties: most conservative status_adjusted and control_adjusted)","penalized if catch exceeds 2018-2022 mean; not penalized below mean",0.75167488206804
2022,"region_8","cynoscion",1779280.75,3366,1706888.0632,5,"maximally harvested","no increase","genus aggregation; mode across 0 original and 1 gapfilled species-level recommendations in this region (ties: most conservative status_adjusted and control_adjusted)",2023,1,0,"genus aggregation; mode across 0 original and 1 gapfilled species-level recommendations in this region (ties: most conservative status_adjusted and control_adjusted)","penalized if catch exceeds 2018-2022 mean; not penalized below mean",1
2023,"region_8","cynoscion",2376399,3978,1706888.0632,5,"maximally harvested","no increase","genus aggregation; mode across 0 original and 1 gapfilled species-level recommendations in this region (ties: most conservative status_adjusted and control_adjusted)",2023,1,0,"genus aggregation; mode across 0 original and 1 gapfilled species-level recommendations in this region (ties: most conservative status_adjusted and control_adjusted)","penalized if catch exceeds 2018-2022 mean; not penalized below mean",0.718266613981911
2024,"region_8","cynoscion",3170916.452,3983,1706888.0632,5,"maximally harvested","no increase","genus aggregation; mode across 0 original and 1 gapfilled species-level recommendations in this region (ties: most conservative status_adjusted and control_adjusted)",2023,1,0,"genus aggregation; mode across 0 original and 1 gapfilled species-level recommendations in this region (ties: most conservative status_adjusted and control_adjusted)","penalized if catch exceeds 2018-2022 mean; not penalized below mean",0.538294871226711
2018,"region_8","dosidicus",349487.1,473,403232.42,5,"maximally harvested","no increase","genus aggregation; mode across 1 original and 0 gapfilled species-level recommendations in this region (ties: most conservative status_adjusted and control_adjusted)",2022,1,1,"genus aggregation; mode across 1 original and 0 gapfilled species-level recommendations in this region (ties: most conservative status_adjusted and control_adjusted)","penalized if catch exceeds 2018-2022 mean; not penalized below mean",1
2019,"region_8","dosidicus",339109.7,573,403232.42,5,"maximally harvested","no increase","genus aggregation; mode across 1 original and 0 gapfilled species-level recommendations in this region (ties: most conservative status_adjusted and control_adjusted)",2022,1,1,"genus aggregation; mode across 1 original and 0 gapfilled species-level recommendations in this region (ties: most conservative status_adjusted and control_adjusted)","penalized if catch exceeds 2018-2022 mean; not penalized below mean",1
2020,"region_8","dosidicus",218795.9,401,403232.42,5,"maximally harvested","no increase","genus aggregation; mode across 1 original and 0 gapfilled species-level recommendations in this region (ties: most conservative status_adjusted and control_adjusted)",2022,1,1,"genus aggregation; mode across 1 original and 0 gapfilled species-level recommendations in this region (ties: most conservative status_adjusted and control_adjusted)","penalized if catch exceeds 2018-2022 mean; not penalized below mean",1
2021,"region_8","dosidicus",437614.65,633,403232.42,5,"maximally harvested","no increase","genus aggregation; mode across 1 original and 0 gapfilled species-level recommendations in this region (ties: most conservative status_adjusted and control_adjusted)",2022,1,1,"genus aggregation; mode across 1 original and 0 gapfilled species-level recommendations in this region (ties: most conservative status_adjusted and control_adjusted)","penalized if catch exceeds 2018-2022 mean; not penalized below mean",0.921432634853518
2022,"region_8","dosidicus",671154.75,850,403232.42,5,"maximally harvested","no increase","genus aggregation; mode across 1 original and 0 gapfilled species-level recommendations in this region (ties: most conservative status_adjusted and control_adjusted)",2022,1,1,"genus aggregation; mode across 1 original and 0 gapfilled species-level recommendations in this region (ties: most conservative status_adjusted and control_adjusted)","penalized if catch exceeds 2018-2022 mean; not penalized below mean",0.600803942756868
2023,"region_8","dosidicus",1061010,937,403232.42,5,"maximally harvested","no increase","genus aggregation; mode across 1 original and 0 gapfilled species-level recommendations in this region (ties: most conservative status_adjusted and control_adjusted)",2022,1,1,"genus aggregation; mode across 1 original and 0 gapfilled species-level recommendations in this region (ties: most conservative status_adjusted and control_adjusted)","penalized if catch exceeds 2018-2022 mean; not penalized below mean",0.380045824261788
2024,"region_8","dosidicus",1090254.02,994,403232.42,5,"maximally harvested","no increase","genus aggregation; mode across 1 original and 0 gapfilled species-level recommendations in this region (ties: most conservative status_adjusted and control_adjusted)",2022,1,1,"genus aggregation; mode across 1 original and 0 gapfilled species-level recommendations in this region (ties: most conservative status_adjusted and control_adjusted)","penalized if catch exceeds 2018-2022 mean; not penalized below mean",0.369851807563158
2018,"region_8","dosinia",388699,57,614733.8,5,"maximally harvested","no increase","genus aggregation; mode across 0 original and 1 gapfilled species-level recommendations in this region (ties: most conservative status_adjusted and control_adjusted)",2023,1,0,"genus aggregation; mode across 0 original and 1 gapfilled species-level recommendations in this region (ties: most conservative status_adjusted and control_adjusted)","penalized if catch exceeds 2018-2022 mean; not penalized below mean",1
2019,"region_8","dosinia",548193,82,614733.8,5,"maximally harvested","no increase","genus aggregation; mode across 0 original and 1 gapfilled species-level recommendations in this region (ties: most conservative status_adjusted and control_adjusted)",2023,1,0,"genus aggregation; mode across 0 original and 1 gapfilled species-level recommendations in this region (ties: most conservative status_adjusted and control_adjusted)","penalized if catch exceeds 2018-2022 mean; not penalized below mean",1
2020,"region_8","dosinia",922199,164,614733.8,5,"maximally harvested","no increase","genus aggregation; mode across 0 original and 1 gapfilled species-level recommendations in this region (ties: most conservative status_adjusted and control_adjusted)",2023,1,0,"genus aggregation; mode across 0 original and 1 gapfilled species-level recommendations in this region (ties: most conservative status_adjusted and control_adjusted)","penalized if catch exceeds 2018-2022 mean; not penalized below mean",0.66659560463631
2021,"region_8","dosinia",597650,106,614733.8,5,"maximally harvested","no increase","genus aggregation; mode across 0 original and 1 gapfilled species-level recommendations in this region (ties: most conservative status_adjusted and control_adjusted)",2023,1,0,"genus aggregation; mode across 0 original and 1 gapfilled species-level recommendations in this region (ties: most conservative status_adjusted and control_adjusted)","penalized if catch exceeds 2018-2022 mean; not penalized below mean",1
2022,"region_8","dosinia",616928,90,614733.8,5,"maximally harvested","no increase","genus aggregation; mode across 0 original and 1 gapfilled species-level recommendations in this region (ties: most conservative status_adjusted and control_adjusted)",2023,1,0,"genus aggregation; mode across 0 original and 1 gapfilled species-level recommendations in this region (ties: most conservative status_adjusted and control_adjusted)","penalized if catch exceeds 2018-2022 mean; not penalized below mean",1
2023,"region_8","dosinia",568760,80,614733.8,5,"maximally harvested","no increase","genus aggregation; mode across 0 original and 1 gapfilled species-level recommendations in this region (ties: most conservative status_adjusted and control_adjusted)",2023,1,0,"genus aggregation; mode across 0 original and 1 gapfilled species-level recommendations in this region (ties: most conservative status_adjusted and control_adjusted)","penalized if catch exceeds 2018-2022 mean; not penalized below mean",1
2024,"region_8","dosinia",967135,127,614733.8,5,"maximally harvested","no increase","genus aggregation; mode across 0 original and 1 gapfilled species-level recommendations in this region (ties: most conservative status_adjusted and control_adjusted)",2023,1,0,"genus aggregation; mode across 0 original and 1 gapfilled species-level recommendations in this region (ties: most conservative status_adjusted and control_adjusted)","penalized if catch exceeds 2018-2022 mean; not penalized below mean",0.635623568581429
2018,"region_8","farfantepenaeus",309577.4,91,245639.84,5,"maximally harvested","no increase","genus aggregation; mode across 2 original and 0 gapfilled species-level recommendations in this region (ties: most conservative status_adjusted and control_adjusted)",2017,2,2,"genus aggregation; mode across 2 original and 0 gapfilled species-level recommendations in this region (ties: most conservative status_adjusted and control_adjusted)","penalized if catch exceeds 2018-2022 mean; not penalized below mean",0.793468257049772
2019,"region_8","farfantepenaeus",198801.4,56,245639.84,5,"maximally harvested","no increase","genus aggregation; mode across 2 original and 0 gapfilled species-level recommendations in this region (ties: most conservative status_adjusted and control_adjusted)",2017,2,2,"genus aggregation; mode across 2 original and 0 gapfilled species-level recommendations in this region (ties: most conservative status_adjusted and control_adjusted)","penalized if catch exceeds 2018-2022 mean; not penalized below mean",1
2020,"region_8","farfantepenaeus",115164,42,245639.84,5,"maximally harvested","no increase","genus aggregation; mode across 2 original and 0 gapfilled species-level recommendations in this region (ties: most conservative status_adjusted and control_adjusted)",2017,2,2,"genus aggregation; mode across 2 original and 0 gapfilled species-level recommendations in this region (ties: most conservative status_adjusted and control_adjusted)","penalized if catch exceeds 2018-2022 mean; not penalized below mean",1
2021,"region_8","farfantepenaeus",325545,98,245639.84,5,"maximally harvested","no increase","genus aggregation; mode across 2 original and 0 gapfilled species-level recommendations in this region (ties: most conservative status_adjusted and control_adjusted)",2017,2,2,"genus aggregation; mode across 2 original and 0 gapfilled species-level recommendations in this region (ties: most conservative status_adjusted and control_adjusted)","penalized if catch exceeds 2018-2022 mean; not penalized below mean",0.75454957071987
2022,"region_8","farfantepenaeus",279111.4,77,245639.84,5,"maximally harvested","no increase","genus aggregation; mode across 2 original and 0 gapfilled species-level recommendations in this region (ties: most conservative status_adjusted and control_adjusted)",2017,2,2,"genus aggregation; mode across 2 original and 0 gapfilled species-level recommendations in this region (ties: most conservative status_adjusted and control_adjusted)","penalized if catch exceeds 2018-2022 mean; not penalized below mean",0.880078133677091
2023,"region_8","farfantepenaeus",38472,20,245639.84,5,"maximally harvested","no increase","genus aggregation; mode across 2 original and 0 gapfilled species-level recommendations in this region (ties: most conservative status_adjusted and control_adjusted)",2017,2,2,"genus aggregation; mode across 2 original and 0 gapfilled species-level recommendations in this region (ties: most conservative status_adjusted and control_adjusted)","penalized if catch exceeds 2018-2022 mean; not penalized below mean",1
2024,"region_8","farfantepenaeus",9241.6,4,245639.84,5,"maximally harvested","no increase","genus aggregation; mode across 2 original and 0 gapfilled species-level recommendations in this region (ties: most conservative status_adjusted and control_adjusted)",2017,2,2,"genus aggregation; mode across 2 original and 0 gapfilled species-level recommendations in this region (ties: most conservative status_adjusted and control_adjusted)","penalized if catch exceeds 2018-2022 mean; not penalized below mean",1
2018,"region_8","hoplopagrus",13597.5,94,18845.66,5,"maximally harvested","no increase","genus aggregation; mode across 1 original and 0 gapfilled species-level recommendations in this region (ties: most conservative status_adjusted and control_adjusted)",2023,1,1,"genus aggregation; mode across 1 original and 0 gapfilled species-level recommendations in this region (ties: most conservative status_adjusted and control_adjusted)","penalized if catch exceeds 2018-2022 mean; not penalized below mean",1
2019,"region_8","hoplopagrus",17390.6,107,18845.66,5,"maximally harvested","no increase","genus aggregation; mode across 1 original and 0 gapfilled species-level recommendations in this region (ties: most conservative status_adjusted and control_adjusted)",2023,1,1,"genus aggregation; mode across 1 original and 0 gapfilled species-level recommendations in this region (ties: most conservative status_adjusted and control_adjusted)","penalized if catch exceeds 2018-2022 mean; not penalized below mean",1
2020,"region_8","hoplopagrus",19230.3,66,18845.66,5,"maximally harvested","no increase","genus aggregation; mode across 1 original and 0 gapfilled species-level recommendations in this region (ties: most conservative status_adjusted and control_adjusted)",2023,1,1,"genus aggregation; mode across 1 original and 0 gapfilled species-level recommendations in this region (ties: most conservative status_adjusted and control_adjusted)","penalized if catch exceeds 2018-2022 mean; not penalized below mean",1
2021,"region_8","hoplopagrus",18684.4,105,18845.66,5,"maximally harvested","no increase","genus aggregation; mode across 1 original and 0 gapfilled species-level recommendations in this region (ties: most conservative status_adjusted and control_adjusted)",2023,1,1,"genus aggregation; mode across 1 original and 0 gapfilled species-level recommendations in this region (ties: most conservative status_adjusted and control_adjusted)","penalized if catch exceeds 2018-2022 mean; not penalized below mean",1
2022,"region_8","hoplopagrus",25325.5,99,18845.66,5,"maximally harvested","no increase","genus aggregation; mode across 1 original and 0 gapfilled species-level recommendations in this region (ties: most conservative status_adjusted and control_adjusted)",2023,1,1,"genus aggregation; mode across 1 original and 0 gapfilled species-level recommendations in this region (ties: most conservative status_adjusted and control_adjusted)","penalized if catch exceeds 2018-2022 mean; not penalized below mean",0.744137726797102
2023,"region_8","hoplopagrus",20961,79,18845.66,5,"maximally harvested","no increase","genus aggregation; mode across 1 original and 0 gapfilled species-level recommendations in this region (ties: most conservative status_adjusted and control_adjusted)",2023,1,1,"genus aggregation; mode across 1 original and 0 gapfilled species-level recommendations in this region (ties: most conservative status_adjusted and control_adjusted)","penalized if catch exceeds 2018-2022 mean; not penalized below mean",0.899082104861409
2024,"region_8","hoplopagrus",28856.75,116,18845.66,5,"maximally harvested","no increase","genus aggregation; mode across 1 original and 0 gapfilled species-level recommendations in this region (ties: most conservative status_adjusted and control_adjusted)",2023,1,1,"genus aggregation; mode across 1 original and 0 gapfilled species-level recommendations in this region (ties: most conservative status_adjusted and control_adjusted)","penalized if catch exceeds 2018-2022 mean; not penalized below mean",0.653076316633023
2018,"region_8","isurus",205363.35,178,453060.08,5,"maximally harvested","no increase","genus aggregation; mode across 1 original and 0 gapfilled species-level recommendations in this region (ties: most conservative status_adjusted and control_adjusted)",2023,1,1,"genus aggregation; mode across 1 original and 0 gapfilled species-level recommendations in this region (ties: most conservative status_adjusted and control_adjusted)","penalized if catch exceeds 2018-2022 mean; not penalized below mean",1
2019,"region_8","isurus",502345.6,331,453060.08,5,"maximally harvested","no increase","genus aggregation; mode across 1 original and 0 gapfilled species-level recommendations in this region (ties: most conservative status_adjusted and control_adjusted)",2023,1,1,"genus aggregation; mode across 1 original and 0 gapfilled species-level recommendations in this region (ties: most conservative status_adjusted and control_adjusted)","penalized if catch exceeds 2018-2022 mean; not penalized below mean",0.901889217303784
2020,"region_8","isurus",521777.15,316,453060.08,5,"maximally harvested","no increase","genus aggregation; mode across 1 original and 0 gapfilled species-level recommendations in this region (ties: most conservative status_adjusted and control_adjusted)",2023,1,1,"genus aggregation; mode across 1 original and 0 gapfilled species-level recommendations in this region (ties: most conservative status_adjusted and control_adjusted)","penalized if catch exceeds 2018-2022 mean; not penalized below mean",0.868301879451793
2021,"region_8","isurus",589426.95,252,453060.08,5,"maximally harvested","no increase","genus aggregation; mode across 1 original and 0 gapfilled species-level recommendations in this region (ties: most conservative status_adjusted and control_adjusted)",2023,1,1,"genus aggregation; mode across 1 original and 0 gapfilled species-level recommendations in this region (ties: most conservative status_adjusted and control_adjusted)","penalized if catch exceeds 2018-2022 mean; not penalized below mean",0.768645003422392
2022,"region_8","isurus",446387.35,306,453060.08,5,"maximally harvested","no increase","genus aggregation; mode across 1 original and 0 gapfilled species-level recommendations in this region (ties: most conservative status_adjusted and control_adjusted)",2023,1,1,"genus aggregation; mode across 1 original and 0 gapfilled species-level recommendations in this region (ties: most conservative status_adjusted and control_adjusted)","penalized if catch exceeds 2018-2022 mean; not penalized below mean",1
2023,"region_8","isurus",719786,470,453060.08,5,"maximally harvested","no increase","genus aggregation; mode across 1 original and 0 gapfilled species-level recommendations in this region (ties: most conservative status_adjusted and control_adjusted)",2023,1,1,"genus aggregation; mode across 1 original and 0 gapfilled species-level recommendations in this region (ties: most conservative status_adjusted and control_adjusted)","penalized if catch exceeds 2018-2022 mean; not penalized below mean",0.629437193832611
2024,"region_8","isurus",747663.125,282,453060.08,5,"maximally harvested","no increase","genus aggregation; mode across 1 original and 0 gapfilled species-level recommendations in this region (ties: most conservative status_adjusted and control_adjusted)",2023,1,1,"genus aggregation; mode across 1 original and 0 gapfilled species-level recommendations in this region (ties: most conservative status_adjusted and control_adjusted)","penalized if catch exceeds 2018-2022 mean; not penalized below mean",0.605968202591241
2018,"region_8","litopenaeus",64352247.668,4887,74115248.9296,5,"maximally harvested","no increase","genus aggregation; mode across 3 original and 0 gapfilled species-level recommendations in this region (ties: most conservative status_adjusted and control_adjusted)",2012,3,3,"genus aggregation; mode across 3 original and 0 gapfilled species-level recommendations in this region (ties: most conservative status_adjusted and control_adjusted)","penalized if catch exceeds 2018-2022 mean; not penalized below mean",1
2019,"region_8","litopenaeus",73953091.28,5282,74115248.9296,5,"maximally harvested","no increase","genus aggregation; mode across 3 original and 0 gapfilled species-level recommendations in this region (ties: most conservative status_adjusted and control_adjusted)",2012,3,3,"genus aggregation; mode across 3 original and 0 gapfilled species-level recommendations in this region (ties: most conservative status_adjusted and control_adjusted)","penalized if catch exceeds 2018-2022 mean; not penalized below mean",1
2020,"region_8","litopenaeus",69982928.5,5345,74115248.9296,5,"maximally harvested","no increase","genus aggregation; mode across 3 original and 0 gapfilled species-level recommendations in this region (ties: most conservative status_adjusted and control_adjusted)",2012,3,3,"genus aggregation; mode across 3 original and 0 gapfilled species-level recommendations in this region (ties: most conservative status_adjusted and control_adjusted)","penalized if catch exceeds 2018-2022 mean; not penalized below mean",1
2021,"region_8","litopenaeus",74423374,7745,74115248.9296,5,"maximally harvested","no increase","genus aggregation; mode across 3 original and 0 gapfilled species-level recommendations in this region (ties: most conservative status_adjusted and control_adjusted)",2012,3,3,"genus aggregation; mode across 3 original and 0 gapfilled species-level recommendations in this region (ties: most conservative status_adjusted and control_adjusted)","penalized if catch exceeds 2018-2022 mean; not penalized below mean",1
2022,"region_8","litopenaeus",87864603.2,10174,74115248.9296,5,"maximally harvested","no increase","genus aggregation; mode across 3 original and 0 gapfilled species-level recommendations in this region (ties: most conservative status_adjusted and control_adjusted)",2012,3,3,"genus aggregation; mode across 3 original and 0 gapfilled species-level recommendations in this region (ties: most conservative status_adjusted and control_adjusted)","penalized if catch exceeds 2018-2022 mean; not penalized below mean",0.843516572434712
2018,"region_8","lutjanus",2417988.62,5895,2143575.4786,5,"maximally harvested","no increase","genus aggregation; mode across 8 original and 0 gapfilled species-level recommendations in this region (ties: most conservative status_adjusted and control_adjusted)",2023,8,8,"genus aggregation; mode across 8 original and 0 gapfilled species-level recommendations in this region (ties: most conservative status_adjusted and control_adjusted)","penalized if catch exceeds 2018-2022 mean; not penalized below mean",0.886511814352542
2019,"region_8","lutjanus",2654454.003,6654,2143575.4786,5,"maximally harvested","no increase","genus aggregation; mode across 8 original and 0 gapfilled species-level recommendations in this region (ties: most conservative status_adjusted and control_adjusted)",2023,8,8,"genus aggregation; mode across 8 original and 0 gapfilled species-level recommendations in this region (ties: most conservative status_adjusted and control_adjusted)","penalized if catch exceeds 2018-2022 mean; not penalized below mean",0.807539130901264
2020,"region_8","lutjanus",2074010.22,4365,2143575.4786,5,"maximally harvested","no increase","genus aggregation; mode across 8 original and 0 gapfilled species-level recommendations in this region (ties: most conservative status_adjusted and control_adjusted)",2023,8,8,"genus aggregation; mode across 8 original and 0 gapfilled species-level recommendations in this region (ties: most conservative status_adjusted and control_adjusted)","penalized if catch exceeds 2018-2022 mean; not penalized below mean",1
2021,"region_8","lutjanus",1918291.25,4565,2143575.4786,5,"maximally harvested","no increase","genus aggregation; mode across 8 original and 0 gapfilled species-level recommendations in this region (ties: most conservative status_adjusted and control_adjusted)",2023,8,8,"genus aggregation; mode across 8 original and 0 gapfilled species-level recommendations in this region (ties: most conservative status_adjusted and control_adjusted)","penalized if catch exceeds 2018-2022 mean; not penalized below mean",1
2022,"region_8","lutjanus",1653133.3,4455,2143575.4786,5,"maximally harvested","no increase","genus aggregation; mode across 8 original and 0 gapfilled species-level recommendations in this region (ties: most conservative status_adjusted and control_adjusted)",2023,8,8,"genus aggregation; mode across 8 original and 0 gapfilled species-level recommendations in this region (ties: most conservative status_adjusted and control_adjusted)","penalized if catch exceeds 2018-2022 mean; not penalized below mean",1
2023,"region_8","lutjanus",1933857,4606,2143575.4786,5,"maximally harvested","no increase","genus aggregation; mode across 8 original and 0 gapfilled species-level recommendations in this region (ties: most conservative status_adjusted and control_adjusted)",2023,8,8,"genus aggregation; mode across 8 original and 0 gapfilled species-level recommendations in this region (ties: most conservative status_adjusted and control_adjusted)","penalized if catch exceeds 2018-2022 mean; not penalized below mean",1
2024,"region_8","lutjanus",2370483.2135,4857,2143575.4786,5,"maximally harvested","no increase","genus aggregation; mode across 8 original and 0 gapfilled species-level recommendations in this region (ties: most conservative status_adjusted and control_adjusted)",2023,8,8,"genus aggregation; mode across 8 original and 0 gapfilled species-level recommendations in this region (ties: most conservative status_adjusted and control_adjusted)","penalized if catch exceeds 2018-2022 mean; not penalized below mean",0.904277856258272
2019,"region_8","megapitaria",5040,17,183905.25,4,"maximally harvested","no increase","genus aggregation; mode across 2 original and 0 gapfilled species-level recommendations in this region (ties: most conservative status_adjusted and control_adjusted)",2023,2,2,"genus aggregation; mode across 2 original and 0 gapfilled species-level recommendations in this region (ties: most conservative status_adjusted and control_adjusted)","penalized if catch exceeds 2018-2022 mean; not penalized below mean",1
2020,"region_8","megapitaria",41398,53,183905.25,4,"maximally harvested","no increase","genus aggregation; mode across 2 original and 0 gapfilled species-level recommendations in this region (ties: most conservative status_adjusted and control_adjusted)",2023,2,2,"genus aggregation; mode across 2 original and 0 gapfilled species-level recommendations in this region (ties: most conservative status_adjusted and control_adjusted)","penalized if catch exceeds 2018-2022 mean; not penalized below mean",1
2021,"region_8","megapitaria",136707,170,183905.25,4,"maximally harvested","no increase","genus aggregation; mode across 2 original and 0 gapfilled species-level recommendations in this region (ties: most conservative status_adjusted and control_adjusted)",2023,2,2,"genus aggregation; mode across 2 original and 0 gapfilled species-level recommendations in this region (ties: most conservative status_adjusted and control_adjusted)","penalized if catch exceeds 2018-2022 mean; not penalized below mean",1
2022,"region_8","megapitaria",552476,293,183905.25,4,"maximally harvested","no increase","genus aggregation; mode across 2 original and 0 gapfilled species-level recommendations in this region (ties: most conservative status_adjusted and control_adjusted)",2023,2,2,"genus aggregation; mode across 2 original and 0 gapfilled species-level recommendations in this region (ties: most conservative status_adjusted and control_adjusted)","penalized if catch exceeds 2018-2022 mean; not penalized below mean",0.332874640708375
2023,"region_8","megapitaria",331908,248,183905.25,4,"maximally harvested","no increase","genus aggregation; mode across 2 original and 0 gapfilled species-level recommendations in this region (ties: most conservative status_adjusted and control_adjusted)",2023,2,2,"genus aggregation; mode across 2 original and 0 gapfilled species-level recommendations in this region (ties: most conservative status_adjusted and control_adjusted)","penalized if catch exceeds 2018-2022 mean; not penalized below mean",0.55408501753498
2024,"region_8","megapitaria",29481,19,183905.25,4,"maximally harvested","no increase","genus aggregation; mode across 2 original and 0 gapfilled species-level recommendations in this region (ties: most conservative status_adjusted and control_adjusted)",2023,2,2,"genus aggregation; mode across 2 original and 0 gapfilled species-level recommendations in this region (ties: most conservative status_adjusted and control_adjusted)","penalized if catch exceeds 2018-2022 mean; not penalized below mean",1
2018,"region_8","merluccius",7210,2,55483.28,5,"maximally harvested","no increase","genus aggregation; mode across 0 original and 1 gapfilled species-level recommendations in this region (ties: most conservative status_adjusted and control_adjusted)",2022,1,0,"genus aggregation; mode across 0 original and 1 gapfilled species-level recommendations in this region (ties: most conservative status_adjusted and control_adjusted)","penalized if catch exceeds 2018-2022 mean; not penalized below mean",1
2019,"region_8","merluccius",68255,7,55483.28,5,"maximally harvested","no increase","genus aggregation; mode across 0 original and 1 gapfilled species-level recommendations in this region (ties: most conservative status_adjusted and control_adjusted)",2022,1,0,"genus aggregation; mode across 0 original and 1 gapfilled species-level recommendations in this region (ties: most conservative status_adjusted and control_adjusted)","penalized if catch exceeds 2018-2022 mean; not penalized below mean",0.81288227968647
2020,"region_8","merluccius",176499.6,10,55483.28,5,"maximally harvested","no increase","genus aggregation; mode across 0 original and 1 gapfilled species-level recommendations in this region (ties: most conservative status_adjusted and control_adjusted)",2022,1,0,"genus aggregation; mode across 0 original and 1 gapfilled species-level recommendations in this region (ties: most conservative status_adjusted and control_adjusted)","penalized if catch exceeds 2018-2022 mean; not penalized below mean",0.314353573605832
2021,"region_8","merluccius",2351.8,1,55483.28,5,"maximally harvested","no increase","genus aggregation; mode across 0 original and 1 gapfilled species-level recommendations in this region (ties: most conservative status_adjusted and control_adjusted)",2022,1,0,"genus aggregation; mode across 0 original and 1 gapfilled species-level recommendations in this region (ties: most conservative status_adjusted and control_adjusted)","penalized if catch exceeds 2018-2022 mean; not penalized below mean",1
2022,"region_8","merluccius",23100,1,55483.28,5,"maximally harvested","no increase","genus aggregation; mode across 0 original and 1 gapfilled species-level recommendations in this region (ties: most conservative status_adjusted and control_adjusted)",2022,1,0,"genus aggregation; mode across 0 original and 1 gapfilled species-level recommendations in this region (ties: most conservative status_adjusted and control_adjusted)","penalized if catch exceeds 2018-2022 mean; not penalized below mean",1
2023,"region_8","merluccius",42185,1,55483.28,5,"maximally harvested","no increase","genus aggregation; mode across 0 original and 1 gapfilled species-level recommendations in this region (ties: most conservative status_adjusted and control_adjusted)",2022,1,0,"genus aggregation; mode across 0 original and 1 gapfilled species-level recommendations in this region (ties: most conservative status_adjusted and control_adjusted)","penalized if catch exceeds 2018-2022 mean; not penalized below mean",1
2024,"region_8","merluccius",775915,26,55483.28,5,"maximally harvested","no increase","genus aggregation; mode across 0 original and 1 gapfilled species-level recommendations in this region (ties: most conservative status_adjusted and control_adjusted)",2022,1,0,"genus aggregation; mode across 0 original and 1 gapfilled species-level recommendations in this region (ties: most conservative status_adjusted and control_adjusted)","penalized if catch exceeds 2018-2022 mean; not penalized below mean",0.0715069047511648
2018,"region_8","mugil",3031910.3,5189,2304039.486,5,"maximally harvested","no increase","genus aggregation; mode across 3 original and 0 gapfilled species-level recommendations in this region (ties: most conservative status_adjusted and control_adjusted)",2023,3,3,"genus aggregation; mode across 3 original and 0 gapfilled species-level recommendations in this region (ties: most conservative status_adjusted and control_adjusted)","penalized if catch exceeds 2018-2022 mean; not penalized below mean",0.759929964286872
2019,"region_8","mugil",3235176.83,5712,2304039.486,5,"maximally harvested","no increase","genus aggregation; mode across 3 original and 0 gapfilled species-level recommendations in this region (ties: most conservative status_adjusted and control_adjusted)",2023,3,3,"genus aggregation; mode across 3 original and 0 gapfilled species-level recommendations in this region (ties: most conservative status_adjusted and control_adjusted)","penalized if catch exceeds 2018-2022 mean; not penalized below mean",0.712183477772991
2020,"region_8","mugil",2067394,2889,2304039.486,5,"maximally harvested","no increase","genus aggregation; mode across 3 original and 0 gapfilled species-level recommendations in this region (ties: most conservative status_adjusted and control_adjusted)",2023,3,3,"genus aggregation; mode across 3 original and 0 gapfilled species-level recommendations in this region (ties: most conservative status_adjusted and control_adjusted)","penalized if catch exceeds 2018-2022 mean; not penalized below mean",1
2021,"region_8","mugil",1288051,2274,2304039.486,5,"maximally harvested","no increase","genus aggregation; mode across 3 original and 0 gapfilled species-level recommendations in this region (ties: most conservative status_adjusted and control_adjusted)",2023,3,3,"genus aggregation; mode across 3 original and 0 gapfilled species-level recommendations in this region (ties: most conservative status_adjusted and control_adjusted)","penalized if catch exceeds 2018-2022 mean; not penalized below mean",1
2022,"region_8","mugil",1897665.3,3047,2304039.486,5,"maximally harvested","no increase","genus aggregation; mode across 3 original and 0 gapfilled species-level recommendations in this region (ties: most conservative status_adjusted and control_adjusted)",2023,3,3,"genus aggregation; mode across 3 original and 0 gapfilled species-level recommendations in this region (ties: most conservative status_adjusted and control_adjusted)","penalized if catch exceeds 2018-2022 mean; not penalized below mean",1
2023,"region_8","mugil",277157,894,2304039.486,5,"maximally harvested","no increase","genus aggregation; mode across 3 original and 0 gapfilled species-level recommendations in this region (ties: most conservative status_adjusted and control_adjusted)",2023,3,3,"genus aggregation; mode across 3 original and 0 gapfilled species-level recommendations in this region (ties: most conservative status_adjusted and control_adjusted)","penalized if catch exceeds 2018-2022 mean; not penalized below mean",1
2024,"region_8","mugil",265404.5,671,2304039.486,5,"maximally harvested","no increase","genus aggregation; mode across 3 original and 0 gapfilled species-level recommendations in this region (ties: most conservative status_adjusted and control_adjusted)",2023,3,3,"genus aggregation; mode across 3 original and 0 gapfilled species-level recommendations in this region (ties: most conservative status_adjusted and control_adjusted)","penalized if catch exceeds 2018-2022 mean; not penalized below mean",1
2018,"region_8","mustelus",200,1,3639.875,4,"maximally harvested","no increase","genus aggregation; mode across 4 original and 0 gapfilled species-level recommendations in this region (ties: most conservative status_adjusted and control_adjusted)",2023,4,4,"genus aggregation; mode across 4 original and 0 gapfilled species-level recommendations in this region (ties: most conservative status_adjusted and control_adjusted)","penalized if catch exceeds 2018-2022 mean; not penalized below mean",1
2020,"region_8","mustelus",7042,2,3639.875,4,"maximally harvested","no increase","genus aggregation; mode across 4 original and 0 gapfilled species-level recommendations in this region (ties: most conservative status_adjusted and control_adjusted)",2023,4,4,"genus aggregation; mode across 4 original and 0 gapfilled species-level recommendations in this region (ties: most conservative status_adjusted and control_adjusted)","penalized if catch exceeds 2018-2022 mean; not penalized below mean",0.516880857710878
2021,"region_8","mustelus",4392.5,12,3639.875,4,"maximally harvested","no increase","genus aggregation; mode across 4 original and 0 gapfilled species-level recommendations in this region (ties: most conservative status_adjusted and control_adjusted)",2023,4,4,"genus aggregation; mode across 4 original and 0 gapfilled species-level recommendations in this region (ties: most conservative status_adjusted and control_adjusted)","penalized if catch exceeds 2018-2022 mean; not penalized below mean",0.828656801365965
2022,"region_8","mustelus",2925,4,3639.875,4,"maximally harvested","no increase","genus aggregation; mode across 4 original and 0 gapfilled species-level recommendations in this region (ties: most conservative status_adjusted and control_adjusted)",2023,4,4,"genus aggregation; mode across 4 original and 0 gapfilled species-level recommendations in this region (ties: most conservative status_adjusted and control_adjusted)","penalized if catch exceeds 2018-2022 mean; not penalized below mean",1
2023,"region_8","mustelus",7408,7,3639.875,4,"maximally harvested","no increase","genus aggregation; mode across 4 original and 0 gapfilled species-level recommendations in this region (ties: most conservative status_adjusted and control_adjusted)",2023,4,4,"genus aggregation; mode across 4 original and 0 gapfilled species-level recommendations in this region (ties: most conservative status_adjusted and control_adjusted)","penalized if catch exceeds 2018-2022 mean; not penalized below mean",0.4913438174946
2024,"region_8","mustelus",12000,6,3639.875,4,"maximally harvested","no increase","genus aggregation; mode across 4 original and 0 gapfilled species-level recommendations in this region (ties: most conservative status_adjusted and control_adjusted)",2023,4,4,"genus aggregation; mode across 4 original and 0 gapfilled species-level recommendations in this region (ties: most conservative status_adjusted and control_adjusted)","penalized if catch exceeds 2018-2022 mean; not penalized below mean",0.303322916666667
2018,"region_8","negaprion",5766.25,11,9162.39,5,"maximally harvested","no increase","genus aggregation; mode across 1 original and 0 gapfilled species-level recommendations in this region (ties: most conservative status_adjusted and control_adjusted)",2023,1,1,"genus aggregation; mode across 1 original and 0 gapfilled species-level recommendations in this region (ties: most conservative status_adjusted and control_adjusted)","penalized if catch exceeds 2018-2022 mean; not penalized below mean",1
2019,"region_8","negaprion",8250,29,9162.39,5,"maximally harvested","no increase","genus aggregation; mode across 1 original and 0 gapfilled species-level recommendations in this region (ties: most conservative status_adjusted and control_adjusted)",2023,1,1,"genus aggregation; mode across 1 original and 0 gapfilled species-level recommendations in this region (ties: most conservative status_adjusted and control_adjusted)","penalized if catch exceeds 2018-2022 mean; not penalized below mean",1
2020,"region_8","negaprion",9028.75,20,9162.39,5,"maximally harvested","no increase","genus aggregation; mode across 1 original and 0 gapfilled species-level recommendations in this region (ties: most conservative status_adjusted and control_adjusted)",2023,1,1,"genus aggregation; mode across 1 original and 0 gapfilled species-level recommendations in this region (ties: most conservative status_adjusted and control_adjusted)","penalized if catch exceeds 2018-2022 mean; not penalized below mean",1
2021,"region_8","negaprion",9493.75,18,9162.39,5,"maximally harvested","no increase","genus aggregation; mode across 1 original and 0 gapfilled species-level recommendations in this region (ties: most conservative status_adjusted and control_adjusted)",2023,1,1,"genus aggregation; mode across 1 original and 0 gapfilled species-level recommendations in this region (ties: most conservative status_adjusted and control_adjusted)","penalized if catch exceeds 2018-2022 mean; not penalized below mean",1
2022,"region_8","negaprion",13273.2,15,9162.39,5,"maximally harvested","no increase","genus aggregation; mode across 1 original and 0 gapfilled species-level recommendations in this region (ties: most conservative status_adjusted and control_adjusted)",2023,1,1,"genus aggregation; mode across 1 original and 0 gapfilled species-level recommendations in this region (ties: most conservative status_adjusted and control_adjusted)","penalized if catch exceeds 2018-2022 mean; not penalized below mean",0.690292469035349
2023,"region_8","negaprion",5920,5,9162.39,5,"maximally harvested","no increase","genus aggregation; mode across 1 original and 0 gapfilled species-level recommendations in this region (ties: most conservative status_adjusted and control_adjusted)",2023,1,1,"genus aggregation; mode across 1 original and 0 gapfilled species-level recommendations in this region (ties: most conservative status_adjusted and control_adjusted)","penalized if catch exceeds 2018-2022 mean; not penalized below mean",1
2024,"region_8","negaprion",69906.6,36,9162.39,5,"maximally harvested","no increase","genus aggregation; mode across 1 original and 0 gapfilled species-level recommendations in this region (ties: most conservative status_adjusted and control_adjusted)",2023,1,1,"genus aggregation; mode across 1 original and 0 gapfilled species-level recommendations in this region (ties: most conservative status_adjusted and control_adjusted)","penalized if catch exceeds 2018-2022 mean; not penalized below mean",0.13106616542644
2018,"region_8","oligoplites",1045,6,124369.2,5,"maximally harvested","no increase","genus aggregation; mode across 1 original and 1 gapfilled species-level recommendations in this region (ties: most conservative status_adjusted and control_adjusted)",2022,2,1,"genus aggregation; mode across 1 original and 1 gapfilled species-level recommendations in this region (ties: most conservative status_adjusted and control_adjusted)","penalized if catch exceeds 2018-2022 mean; not penalized below mean",1
2019,"region_8","oligoplites",6017,18,124369.2,5,"maximally harvested","no increase","genus aggregation; mode across 1 original and 1 gapfilled species-level recommendations in this region (ties: most conservative status_adjusted and control_adjusted)",2022,2,1,"genus aggregation; mode across 1 original and 1 gapfilled species-level recommendations in this region (ties: most conservative status_adjusted and control_adjusted)","penalized if catch exceeds 2018-2022 mean; not penalized below mean",1
2020,"region_8","oligoplites",10823,27,124369.2,5,"maximally harvested","no increase","genus aggregation; mode across 1 original and 1 gapfilled species-level recommendations in this region (ties: most conservative status_adjusted and control_adjusted)",2022,2,1,"genus aggregation; mode across 1 original and 1 gapfilled species-level recommendations in this region (ties: most conservative status_adjusted and control_adjusted)","penalized if catch exceeds 2018-2022 mean; not penalized below mean",1
2021,"region_8","oligoplites",520482.4,22,124369.2,5,"maximally harvested","no increase","genus aggregation; mode across 1 original and 1 gapfilled species-level recommendations in this region (ties: most conservative status_adjusted and control_adjusted)",2022,2,1,"genus aggregation; mode across 1 original and 1 gapfilled species-level recommendations in this region (ties: most conservative status_adjusted and control_adjusted)","penalized if catch exceeds 2018-2022 mean; not penalized below mean",0.238949866508454
2022,"region_8","oligoplites",83478.6,163,124369.2,5,"maximally harvested","no increase","genus aggregation; mode across 1 original and 1 gapfilled species-level recommendations in this region (ties: most conservative status_adjusted and control_adjusted)",2022,2,1,"genus aggregation; mode across 1 original and 1 gapfilled species-level recommendations in this region (ties: most conservative status_adjusted and control_adjusted)","penalized if catch exceeds 2018-2022 mean; not penalized below mean",1
2023,"region_8","oligoplites",905,27,124369.2,5,"maximally harvested","no increase","genus aggregation; mode across 1 original and 1 gapfilled species-level recommendations in this region (ties: most conservative status_adjusted and control_adjusted)",2022,2,1,"genus aggregation; mode across 1 original and 1 gapfilled species-level recommendations in this region (ties: most conservative status_adjusted and control_adjusted)","penalized if catch exceeds 2018-2022 mean; not penalized below mean",1
2024,"region_8","oligoplites",1290,37,124369.2,5,"maximally harvested","no increase","genus aggregation; mode across 1 original and 1 gapfilled species-level recommendations in this region (ties: most conservative status_adjusted and control_adjusted)",2022,2,1,"genus aggregation; mode across 1 original and 1 gapfilled species-level recommendations in this region (ties: most conservative status_adjusted and control_adjusted)","penalized if catch exceeds 2018-2022 mean; not penalized below mean",1
2018,"region_8","opisthonema",82376126.32,537,82110535.968,5,"maximally harvested","no increase","genus aggregation; mode across 3 original and 0 gapfilled species-level recommendations in this region (ties: most conservative status_adjusted and control_adjusted)",2022,3,3,"genus aggregation; mode across 3 original and 0 gapfilled species-level recommendations in this region (ties: most conservative status_adjusted and control_adjusted)","penalized if catch exceeds 2018-2022 mean; not penalized below mean",1
2019,"region_8","opisthonema",82767618.2,588,82110535.968,5,"maximally harvested","no increase","genus aggregation; mode across 3 original and 0 gapfilled species-level recommendations in this region (ties: most conservative status_adjusted and control_adjusted)",2022,3,3,"genus aggregation; mode across 3 original and 0 gapfilled species-level recommendations in this region (ties: most conservative status_adjusted and control_adjusted)","penalized if catch exceeds 2018-2022 mean; not penalized below mean",1
2020,"region_8","opisthonema",75080136.96,496,82110535.968,5,"maximally harvested","no increase","genus aggregation; mode across 3 original and 0 gapfilled species-level recommendations in this region (ties: most conservative status_adjusted and control_adjusted)",2022,3,3,"genus aggregation; mode across 3 original and 0 gapfilled species-level recommendations in this region (ties: most conservative status_adjusted and control_adjusted)","penalized if catch exceeds 2018-2022 mean; not penalized below mean",1
2021,"region_8","opisthonema",82705385.36,533,82110535.968,5,"maximally harvested","no increase","genus aggregation; mode across 3 original and 0 gapfilled species-level recommendations in this region (ties: most conservative status_adjusted and control_adjusted)",2022,3,3,"genus aggregation; mode across 3 original and 0 gapfilled species-level recommendations in this region (ties: most conservative status_adjusted and control_adjusted)","penalized if catch exceeds 2018-2022 mean; not penalized below mean",1
2022,"region_8","opisthonema",87623413,776,82110535.968,5,"maximally harvested","no increase","genus aggregation; mode across 3 original and 0 gapfilled species-level recommendations in this region (ties: most conservative status_adjusted and control_adjusted)",2022,3,3,"genus aggregation; mode across 3 original and 0 gapfilled species-level recommendations in this region (ties: most conservative status_adjusted and control_adjusted)","penalized if catch exceeds 2018-2022 mean; not penalized below mean",0.93708442934082
2023,"region_8","opisthonema",79349511,731,82110535.968,5,"maximally harvested","no increase","genus aggregation; mode across 3 original and 0 gapfilled species-level recommendations in this region (ties: most conservative status_adjusted and control_adjusted)",2022,3,3,"genus aggregation; mode across 3 original and 0 gapfilled species-level recommendations in this region (ties: most conservative status_adjusted and control_adjusted)","penalized if catch exceeds 2018-2022 mean; not penalized below mean",1
2024,"region_8","opisthonema",81840951.04,684,82110535.968,5,"maximally harvested","no increase","genus aggregation; mode across 3 original and 0 gapfilled species-level recommendations in this region (ties: most conservative status_adjusted and control_adjusted)",2022,3,3,"genus aggregation; mode across 3 original and 0 gapfilled species-level recommendations in this region (ties: most conservative status_adjusted and control_adjusted)","penalized if catch exceeds 2018-2022 mean; not penalized below mean",1
2018,"region_8","panulirus",17460,92,24228.44,5,"maximally harvested","no increase","genus aggregation; mode across 4 original and 0 gapfilled species-level recommendations in this region (ties: most conservative status_adjusted and control_adjusted)",2023,4,4,"genus aggregation; mode across 4 original and 0 gapfilled species-level recommendations in this region (ties: most conservative status_adjusted and control_adjusted)","penalized if catch exceeds 2018-2022 mean; not penalized below mean",1
2019,"region_8","panulirus",28124.9,99,24228.44,5,"maximally harvested","no increase","genus aggregation; mode across 4 original and 0 gapfilled species-level recommendations in this region (ties: most conservative status_adjusted and control_adjusted)",2023,4,4,"genus aggregation; mode across 4 original and 0 gapfilled species-level recommendations in this region (ties: most conservative status_adjusted and control_adjusted)","penalized if catch exceeds 2018-2022 mean; not penalized below mean",0.861458707408737
2020,"region_8","panulirus",28008.3,100,24228.44,5,"maximally harvested","no increase","genus aggregation; mode across 4 original and 0 gapfilled species-level recommendations in this region (ties: most conservative status_adjusted and control_adjusted)",2023,4,4,"genus aggregation; mode across 4 original and 0 gapfilled species-level recommendations in this region (ties: most conservative status_adjusted and control_adjusted)","penalized if catch exceeds 2018-2022 mean; not penalized below mean",0.865045004516518
2021,"region_8","panulirus",16431,81,24228.44,5,"maximally harvested","no increase","genus aggregation; mode across 4 original and 0 gapfilled species-level recommendations in this region (ties: most conservative status_adjusted and control_adjusted)",2023,4,4,"genus aggregation; mode across 4 original and 0 gapfilled species-level recommendations in this region (ties: most conservative status_adjusted and control_adjusted)","penalized if catch exceeds 2018-2022 mean; not penalized below mean",1
2022,"region_8","panulirus",31118,102,24228.44,5,"maximally harvested","no increase","genus aggregation; mode across 4 original and 0 gapfilled species-level recommendations in this region (ties: most conservative status_adjusted and control_adjusted)",2023,4,4,"genus aggregation; mode across 4 original and 0 gapfilled species-level recommendations in this region (ties: most conservative status_adjusted and control_adjusted)","penalized if catch exceeds 2018-2022 mean; not penalized below mean",0.7785988816762
2023,"region_8","panulirus",20660,43,24228.44,5,"maximally harvested","no increase","genus aggregation; mode across 4 original and 0 gapfilled species-level recommendations in this region (ties: most conservative status_adjusted and control_adjusted)",2023,4,4,"genus aggregation; mode across 4 original and 0 gapfilled species-level recommendations in this region (ties: most conservative status_adjusted and control_adjusted)","penalized if catch exceeds 2018-2022 mean; not penalized below mean",1
2024,"region_8","panulirus",19395.3,49,24228.44,5,"maximally harvested","no increase","genus aggregation; mode across 4 original and 0 gapfilled species-level recommendations in this region (ties: most conservative status_adjusted and control_adjusted)",2023,4,4,"genus aggregation; mode across 4 original and 0 gapfilled species-level recommendations in this region (ties: most conservative status_adjusted and control_adjusted)","penalized if catch exceeds 2018-2022 mean; not penalized below mean",1
2018,"region_8","paralabrax",3165,7,8750.28,5,"maximally harvested","no increase","genus aggregation; mode across 0 original and 1 gapfilled species-level recommendations in this region (ties: most conservative status_adjusted and control_adjusted)",2023,1,0,"genus aggregation; mode across 0 original and 1 gapfilled species-level recommendations in this region (ties: most conservative status_adjusted and control_adjusted)","penalized if catch exceeds 2018-2022 mean; not penalized below mean",1
2019,"region_8","paralabrax",2448,5,8750.28,5,"maximally harvested","no increase","genus aggregation; mode across 0 original and 1 gapfilled species-level recommendations in this region (ties: most conservative status_adjusted and control_adjusted)",2023,1,0,"genus aggregation; mode across 0 original and 1 gapfilled species-level recommendations in this region (ties: most conservative status_adjusted and control_adjusted)","penalized if catch exceeds 2018-2022 mean; not penalized below mean",1
2020,"region_8","paralabrax",3101.4,6,8750.28,5,"maximally harvested","no increase","genus aggregation; mode across 0 original and 1 gapfilled species-level recommendations in this region (ties: most conservative status_adjusted and control_adjusted)",2023,1,0,"genus aggregation; mode across 0 original and 1 gapfilled species-level recommendations in this region (ties: most conservative status_adjusted and control_adjusted)","penalized if catch exceeds 2018-2022 mean; not penalized below mean",1
2021,"region_8","paralabrax",5352,15,8750.28,5,"maximally harvested","no increase","genus aggregation; mode across 0 original and 1 gapfilled species-level recommendations in this region (ties: most conservative status_adjusted and control_adjusted)",2023,1,0,"genus aggregation; mode across 0 original and 1 gapfilled species-level recommendations in this region (ties: most conservative status_adjusted and control_adjusted)","penalized if catch exceeds 2018-2022 mean; not penalized below mean",1
2022,"region_8","paralabrax",29685,29,8750.28,5,"maximally harvested","no increase","genus aggregation; mode across 0 original and 1 gapfilled species-level recommendations in this region (ties: most conservative status_adjusted and control_adjusted)",2023,1,0,"genus aggregation; mode across 0 original and 1 gapfilled species-level recommendations in this region (ties: most conservative status_adjusted and control_adjusted)","penalized if catch exceeds 2018-2022 mean; not penalized below mean",0.294771096513391
2023,"region_8","paralabrax",132005,121,8750.28,5,"maximally harvested","no increase","genus aggregation; mode across 0 original and 1 gapfilled species-level recommendations in this region (ties: most conservative status_adjusted and control_adjusted)",2023,1,0,"genus aggregation; mode across 0 original and 1 gapfilled species-level recommendations in this region (ties: most conservative status_adjusted and control_adjusted)","penalized if catch exceeds 2018-2022 mean; not penalized below mean",0.066287489110261
2024,"region_8","paralabrax",74336.5,73,8750.28,5,"maximally harvested","no increase","genus aggregation; mode across 0 original and 1 gapfilled species-level recommendations in this region (ties: most conservative status_adjusted and control_adjusted)",2023,1,0,"genus aggregation; mode across 0 original and 1 gapfilled species-level recommendations in this region (ties: most conservative status_adjusted and control_adjusted)","penalized if catch exceeds 2018-2022 mean; not penalized below mean",0.117711756674043
2018,"region_8","prionace",864938.7,176,1041716.97,5,"maximally harvested","no increase","genus aggregation; mode across 1 original and 0 gapfilled species-level recommendations in this region (ties: most conservative status_adjusted and control_adjusted)",2023,1,1,"genus aggregation; mode across 1 original and 0 gapfilled species-level recommendations in this region (ties: most conservative status_adjusted and control_adjusted)","penalized if catch exceeds 2018-2022 mean; not penalized below mean",1
2019,"region_8","prionace",1037388.5,257,1041716.97,5,"maximally harvested","no increase","genus aggregation; mode across 1 original and 0 gapfilled species-level recommendations in this region (ties: most conservative status_adjusted and control_adjusted)",2023,1,1,"genus aggregation; mode across 1 original and 0 gapfilled species-level recommendations in this region (ties: most conservative status_adjusted and control_adjusted)","penalized if catch exceeds 2018-2022 mean; not penalized below mean",1
2020,"region_8","prionace",872302.55,245,1041716.97,5,"maximally harvested","no increase","genus aggregation; mode across 1 original and 0 gapfilled species-level recommendations in this region (ties: most conservative status_adjusted and control_adjusted)",2023,1,1,"genus aggregation; mode across 1 original and 0 gapfilled species-level recommendations in this region (ties: most conservative status_adjusted and control_adjusted)","penalized if catch exceeds 2018-2022 mean; not penalized below mean",1
2021,"region_8","prionace",784193.95,226,1041716.97,5,"maximally harvested","no increase","genus aggregation; mode across 1 original and 0 gapfilled species-level recommendations in this region (ties: most conservative status_adjusted and control_adjusted)",2023,1,1,"genus aggregation; mode across 1 original and 0 gapfilled species-level recommendations in this region (ties: most conservative status_adjusted and control_adjusted)","penalized if catch exceeds 2018-2022 mean; not penalized below mean",1
2022,"region_8","prionace",1649761.15,393,1041716.97,5,"maximally harvested","no increase","genus aggregation; mode across 1 original and 0 gapfilled species-level recommendations in this region (ties: most conservative status_adjusted and control_adjusted)",2023,1,1,"genus aggregation; mode across 1 original and 0 gapfilled species-level recommendations in this region (ties: most conservative status_adjusted and control_adjusted)","penalized if catch exceeds 2018-2022 mean; not penalized below mean",0.631435023185023
2023,"region_8","prionace",1776518,364,1041716.97,5,"maximally harvested","no increase","genus aggregation; mode across 1 original and 0 gapfilled species-level recommendations in this region (ties: most conservative status_adjusted and control_adjusted)",2023,1,1,"genus aggregation; mode across 1 original and 0 gapfilled species-level recommendations in this region (ties: most conservative status_adjusted and control_adjusted)","penalized if catch exceeds 2018-2022 mean; not penalized below mean",0.586381320087947
2024,"region_8","prionace",3251798.25,538,1041716.97,5,"maximally harvested","no increase","genus aggregation; mode across 1 original and 0 gapfilled species-level recommendations in this region (ties: most conservative status_adjusted and control_adjusted)",2023,1,1,"genus aggregation; mode across 1 original and 0 gapfilled species-level recommendations in this region (ties: most conservative status_adjusted and control_adjusted)","penalized if catch exceeds 2018-2022 mean; not penalized below mean",0.320351045763679
2018,"region_8","rhizoprionodon",1022008.55,468,1148619.59,5,"maximally harvested","no increase","genus aggregation; mode across 1 original and 0 gapfilled species-level recommendations in this region (ties: most conservative status_adjusted and control_adjusted)",2023,1,1,"genus aggregation; mode across 1 original and 0 gapfilled species-level recommendations in this region (ties: most conservative status_adjusted and control_adjusted)","penalized if catch exceeds 2018-2022 mean; not penalized below mean",1
2019,"region_8","rhizoprionodon",1389825,571,1148619.59,5,"maximally harvested","no increase","genus aggregation; mode across 1 original and 0 gapfilled species-level recommendations in this region (ties: most conservative status_adjusted and control_adjusted)",2023,1,1,"genus aggregation; mode across 1 original and 0 gapfilled species-level recommendations in this region (ties: most conservative status_adjusted and control_adjusted)","penalized if catch exceeds 2018-2022 mean; not penalized below mean",0.826449078121346
2020,"region_8","rhizoprionodon",1143587.9,772,1148619.59,5,"maximally harvested","no increase","genus aggregation; mode across 1 original and 0 gapfilled species-level recommendations in this region (ties: most conservative status_adjusted and control_adjusted)",2023,1,1,"genus aggregation; mode across 1 original and 0 gapfilled species-level recommendations in this region (ties: most conservative status_adjusted and control_adjusted)","penalized if catch exceeds 2018-2022 mean; not penalized below mean",1
2021,"region_8","rhizoprionodon",1047296.1,634,1148619.59,5,"maximally harvested","no increase","genus aggregation; mode across 1 original and 0 gapfilled species-level recommendations in this region (ties: most conservative status_adjusted and control_adjusted)",2023,1,1,"genus aggregation; mode across 1 original and 0 gapfilled species-level recommendations in this region (ties: most conservative status_adjusted and control_adjusted)","penalized if catch exceeds 2018-2022 mean; not penalized below mean",1
2022,"region_8","rhizoprionodon",1140380.4,699,1148619.59,5,"maximally harvested","no increase","genus aggregation; mode across 1 original and 0 gapfilled species-level recommendations in this region (ties: most conservative status_adjusted and control_adjusted)",2023,1,1,"genus aggregation; mode across 1 original and 0 gapfilled species-level recommendations in this region (ties: most conservative status_adjusted and control_adjusted)","penalized if catch exceeds 2018-2022 mean; not penalized below mean",1
2023,"region_8","rhizoprionodon",1262,2,1148619.59,5,"maximally harvested","no increase","genus aggregation; mode across 1 original and 0 gapfilled species-level recommendations in this region (ties: most conservative status_adjusted and control_adjusted)",2023,1,1,"genus aggregation; mode across 1 original and 0 gapfilled species-level recommendations in this region (ties: most conservative status_adjusted and control_adjusted)","penalized if catch exceeds 2018-2022 mean; not penalized below mean",1
2024,"region_8","rhizoprionodon",15775,5,1148619.59,5,"maximally harvested","no increase","genus aggregation; mode across 1 original and 0 gapfilled species-level recommendations in this region (ties: most conservative status_adjusted and control_adjusted)",2023,1,1,"genus aggregation; mode across 1 original and 0 gapfilled species-level recommendations in this region (ties: most conservative status_adjusted and control_adjusted)","penalized if catch exceeds 2018-2022 mean; not penalized below mean",1
2018,"region_8","sarda",94808,6,2652132.44,5,"development potential","no increase","genus aggregation; mode across 1 original and 0 gapfilled species-level recommendations in this region (ties: most conservative status_adjusted and control_adjusted)",2012,1,1,"genus aggregation; mode across 1 original and 0 gapfilled species-level recommendations in this region (ties: most conservative status_adjusted and control_adjusted)","development potential (score = 1; no underfishing penalty)",1
2019,"region_8","sarda",2878790,24,2652132.44,5,"development potential","no increase","genus aggregation; mode across 1 original and 0 gapfilled species-level recommendations in this region (ties: most conservative status_adjusted and control_adjusted)",2012,1,1,"genus aggregation; mode across 1 original and 0 gapfilled species-level recommendations in this region (ties: most conservative status_adjusted and control_adjusted)","development potential (score = 1; no underfishing penalty)",1
2020,"region_8","sarda",2591894.2,25,2652132.44,5,"development potential","no increase","genus aggregation; mode across 1 original and 0 gapfilled species-level recommendations in this region (ties: most conservative status_adjusted and control_adjusted)",2012,1,1,"genus aggregation; mode across 1 original and 0 gapfilled species-level recommendations in this region (ties: most conservative status_adjusted and control_adjusted)","development potential (score = 1; no underfishing penalty)",1
2021,"region_8","sarda",5269828,36,2652132.44,5,"development potential","no increase","genus aggregation; mode across 1 original and 0 gapfilled species-level recommendations in this region (ties: most conservative status_adjusted and control_adjusted)",2012,1,1,"genus aggregation; mode across 1 original and 0 gapfilled species-level recommendations in this region (ties: most conservative status_adjusted and control_adjusted)","development potential (score = 1; no underfishing penalty)",1
2022,"region_8","sarda",2425342,22,2652132.44,5,"development potential","no increase","genus aggregation; mode across 1 original and 0 gapfilled species-level recommendations in this region (ties: most conservative status_adjusted and control_adjusted)",2012,1,1,"genus aggregation; mode across 1 original and 0 gapfilled species-level recommendations in this region (ties: most conservative status_adjusted and control_adjusted)","development potential (score = 1; no underfishing penalty)",1
2018,"region_8","scomber",901,2,3014498.63,4,"maximally harvested","no increase","genus aggregation; mode across 1 original and 0 gapfilled species-level recommendations in this region (ties: most conservative status_adjusted and control_adjusted)",2022,1,1,"genus aggregation; mode across 1 original and 0 gapfilled species-level recommendations in this region (ties: most conservative status_adjusted and control_adjusted)","penalized if catch exceeds 2018-2022 mean; not penalized below mean",1
2020,"region_8","scomber",5388790.8,32,3014498.63,4,"maximally harvested","no increase","genus aggregation; mode across 1 original and 0 gapfilled species-level recommendations in this region (ties: most conservative status_adjusted and control_adjusted)",2022,1,1,"genus aggregation; mode across 1 original and 0 gapfilled species-level recommendations in this region (ties: most conservative status_adjusted and control_adjusted)","penalized if catch exceeds 2018-2022 mean; not penalized below mean",0.559401680614508
2021,"region_8","scomber",5591916.68,35,3014498.63,4,"maximally harvested","no increase","genus aggregation; mode across 1 original and 0 gapfilled species-level recommendations in this region (ties: most conservative status_adjusted and control_adjusted)",2022,1,1,"genus aggregation; mode across 1 original and 0 gapfilled species-level recommendations in this region (ties: most conservative status_adjusted and control_adjusted)","penalized if catch exceeds 2018-2022 mean; not penalized below mean",0.539081463924817
2022,"region_8","scomber",1076386.04,7,3014498.63,4,"maximally harvested","no increase","genus aggregation; mode across 1 original and 0 gapfilled species-level recommendations in this region (ties: most conservative status_adjusted and control_adjusted)",2022,1,1,"genus aggregation; mode across 1 original and 0 gapfilled species-level recommendations in this region (ties: most conservative status_adjusted and control_adjusted)","penalized if catch exceeds 2018-2022 mean; not penalized below mean",1
2023,"region_8","scomber",222720,1,3014498.63,4,"maximally harvested","no increase","genus aggregation; mode across 1 original and 0 gapfilled species-level recommendations in this region (ties: most conservative status_adjusted and control_adjusted)",2022,1,1,"genus aggregation; mode across 1 original and 0 gapfilled species-level recommendations in this region (ties: most conservative status_adjusted and control_adjusted)","penalized if catch exceeds 2018-2022 mean; not penalized below mean",1
2018,"region_8","scomberomorus",1985939,3222,2469620.8142,5,"maximally harvested","no increase","genus aggregation; mode across 2 original and 0 gapfilled species-level recommendations in this region (ties: most conservative status_adjusted and control_adjusted)",2023,2,2,"genus aggregation; mode across 2 original and 0 gapfilled species-level recommendations in this region (ties: most conservative status_adjusted and control_adjusted)","penalized if catch exceeds 2018-2022 mean; not penalized below mean",1
2019,"region_8","scomberomorus",2456117.611,3766,2469620.8142,5,"maximally harvested","no increase","genus aggregation; mode across 2 original and 0 gapfilled species-level recommendations in this region (ties: most conservative status_adjusted and control_adjusted)",2023,2,2,"genus aggregation; mode across 2 original and 0 gapfilled species-level recommendations in this region (ties: most conservative status_adjusted and control_adjusted)","penalized if catch exceeds 2018-2022 mean; not penalized below mean",1
2020,"region_8","scomberomorus",2759869.61,2977,2469620.8142,5,"maximally harvested","no increase","genus aggregation; mode across 2 original and 0 gapfilled species-level recommendations in this region (ties: most conservative status_adjusted and control_adjusted)",2023,2,2,"genus aggregation; mode across 2 original and 0 gapfilled species-level recommendations in this region (ties: most conservative status_adjusted and control_adjusted)","penalized if catch exceeds 2018-2022 mean; not penalized below mean",0.894832424420225
2021,"region_8","scomberomorus",2726523.12,2994,2469620.8142,5,"maximally harvested","no increase","genus aggregation; mode across 2 original and 0 gapfilled species-level recommendations in this region (ties: most conservative status_adjusted and control_adjusted)",2023,2,2,"genus aggregation; mode across 2 original and 0 gapfilled species-level recommendations in this region (ties: most conservative status_adjusted and control_adjusted)","penalized if catch exceeds 2018-2022 mean; not penalized below mean",0.905776590003755
2022,"region_8","scomberomorus",2419654.73,2737,2469620.8142,5,"maximally harvested","no increase","genus aggregation; mode across 2 original and 0 gapfilled species-level recommendations in this region (ties: most conservative status_adjusted and control_adjusted)",2023,2,2,"genus aggregation; mode across 2 original and 0 gapfilled species-level recommendations in this region (ties: most conservative status_adjusted and control_adjusted)","penalized if catch exceeds 2018-2022 mean; not penalized below mean",1
2023,"region_8","scomberomorus",2630919,3115,2469620.8142,5,"maximally harvested","no increase","genus aggregation; mode across 2 original and 0 gapfilled species-level recommendations in this region (ties: most conservative status_adjusted and control_adjusted)",2023,2,2,"genus aggregation; mode across 2 original and 0 gapfilled species-level recommendations in this region (ties: most conservative status_adjusted and control_adjusted)","penalized if catch exceeds 2018-2022 mean; not penalized below mean",0.938691314403826
2024,"region_8","scomberomorus",3777063.08,3235,2469620.8142,5,"maximally harvested","no increase","genus aggregation; mode across 2 original and 0 gapfilled species-level recommendations in this region (ties: most conservative status_adjusted and control_adjusted)",2023,2,2,"genus aggregation; mode across 2 original and 0 gapfilled species-level recommendations in this region (ties: most conservative status_adjusted and control_adjusted)","penalized if catch exceeds 2018-2022 mean; not penalized below mean",0.653846854524865
2018,"region_8","sphoeroides",678893.15,1494,653465.54,5,"maximally harvested","no increase","genus aggregation; mode across 3 original and 0 gapfilled species-level recommendations in this region (ties: most conservative status_adjusted and control_adjusted)",2023,3,3,"genus aggregation; mode across 3 original and 0 gapfilled species-level recommendations in this region (ties: most conservative status_adjusted and control_adjusted)","penalized if catch exceeds 2018-2022 mean; not penalized below mean",1
2019,"region_8","sphoeroides",895002.9,1656,653465.54,5,"maximally harvested","no increase","genus aggregation; mode across 3 original and 0 gapfilled species-level recommendations in this region (ties: most conservative status_adjusted and control_adjusted)",2023,3,3,"genus aggregation; mode across 3 original and 0 gapfilled species-level recommendations in this region (ties: most conservative status_adjusted and control_adjusted)","penalized if catch exceeds 2018-2022 mean; not penalized below mean",0.730126729198308
2020,"region_8","sphoeroides",534760.85,1160,653465.54,5,"maximally harvested","no increase","genus aggregation; mode across 3 original and 0 gapfilled species-level recommendations in this region (ties: most conservative status_adjusted and control_adjusted)",2023,3,3,"genus aggregation; mode across 3 original and 0 gapfilled species-level recommendations in this region (ties: most conservative status_adjusted and control_adjusted)","penalized if catch exceeds 2018-2022 mean; not penalized below mean",1
2021,"region_8","sphoeroides",397287.7,1125,653465.54,5,"maximally harvested","no increase","genus aggregation; mode across 3 original and 0 gapfilled species-level recommendations in this region (ties: most conservative status_adjusted and control_adjusted)",2023,3,3,"genus aggregation; mode across 3 original and 0 gapfilled species-level recommendations in this region (ties: most conservative status_adjusted and control_adjusted)","penalized if catch exceeds 2018-2022 mean; not penalized below mean",1
2022,"region_8","sphoeroides",761383.1,1283,653465.54,5,"maximally harvested","no increase","genus aggregation; mode across 3 original and 0 gapfilled species-level recommendations in this region (ties: most conservative status_adjusted and control_adjusted)",2023,3,3,"genus aggregation; mode across 3 original and 0 gapfilled species-level recommendations in this region (ties: most conservative status_adjusted and control_adjusted)","penalized if catch exceeds 2018-2022 mean; not penalized below mean",0.858261156571508
2023,"region_8","sphoeroides",906717,1977,653465.54,5,"maximally harvested","no increase","genus aggregation; mode across 3 original and 0 gapfilled species-level recommendations in this region (ties: most conservative status_adjusted and control_adjusted)",2023,3,3,"genus aggregation; mode across 3 original and 0 gapfilled species-level recommendations in this region (ties: most conservative status_adjusted and control_adjusted)","penalized if catch exceeds 2018-2022 mean; not penalized below mean",0.720694042352796
2024,"region_8","sphoeroides",913196.455,1545,653465.54,5,"maximally harvested","no increase","genus aggregation; mode across 3 original and 0 gapfilled species-level recommendations in this region (ties: most conservative status_adjusted and control_adjusted)",2023,3,3,"genus aggregation; mode across 3 original and 0 gapfilled species-level recommendations in this region (ties: most conservative status_adjusted and control_adjusted)","penalized if catch exceeds 2018-2022 mean; not penalized below mean",0.715580460723536
2018,"region_8","sphyrna",95401.7,153,424111.75,5,"maximally harvested","no increase","genus aggregation; mode across 3 original and 0 gapfilled species-level recommendations in this region (ties: most conservative status_adjusted and control_adjusted)",2023,3,3,"genus aggregation; mode across 3 original and 0 gapfilled species-level recommendations in this region (ties: most conservative status_adjusted and control_adjusted)","penalized if catch exceeds 2018-2022 mean; not penalized below mean",1
2019,"region_8","sphyrna",193970.1,285,424111.75,5,"maximally harvested","no increase","genus aggregation; mode across 3 original and 0 gapfilled species-level recommendations in this region (ties: most conservative status_adjusted and control_adjusted)",2023,3,3,"genus aggregation; mode across 3 original and 0 gapfilled species-level recommendations in this region (ties: most conservative status_adjusted and control_adjusted)","penalized if catch exceeds 2018-2022 mean; not penalized below mean",1
2020,"region_8","sphyrna",783505.85,439,424111.75,5,"maximally harvested","no increase","genus aggregation; mode across 3 original and 0 gapfilled species-level recommendations in this region (ties: most conservative status_adjusted and control_adjusted)",2023,3,3,"genus aggregation; mode across 3 original and 0 gapfilled species-level recommendations in this region (ties: most conservative status_adjusted and control_adjusted)","penalized if catch exceeds 2018-2022 mean; not penalized below mean",0.541300042622528
2021,"region_8","sphyrna",844968.85,236,424111.75,5,"maximally harvested","no increase","genus aggregation; mode across 3 original and 0 gapfilled species-level recommendations in this region (ties: most conservative status_adjusted and control_adjusted)",2023,3,3,"genus aggregation; mode across 3 original and 0 gapfilled species-level recommendations in this region (ties: most conservative status_adjusted and control_adjusted)","penalized if catch exceeds 2018-2022 mean; not penalized below mean",0.50192589939854
2022,"region_8","sphyrna",202712.25,268,424111.75,5,"maximally harvested","no increase","genus aggregation; mode across 3 original and 0 gapfilled species-level recommendations in this region (ties: most conservative status_adjusted and control_adjusted)",2023,3,3,"genus aggregation; mode across 3 original and 0 gapfilled species-level recommendations in this region (ties: most conservative status_adjusted and control_adjusted)","penalized if catch exceeds 2018-2022 mean; not penalized below mean",1
2023,"region_8","sphyrna",300324,303,424111.75,5,"maximally harvested","no increase","genus aggregation; mode across 3 original and 0 gapfilled species-level recommendations in this region (ties: most conservative status_adjusted and control_adjusted)",2023,3,3,"genus aggregation; mode across 3 original and 0 gapfilled species-level recommendations in this region (ties: most conservative status_adjusted and control_adjusted)","penalized if catch exceeds 2018-2022 mean; not penalized below mean",1
2024,"region_8","sphyrna",729366.3,281,424111.75,5,"maximally harvested","no increase","genus aggregation; mode across 3 original and 0 gapfilled species-level recommendations in this region (ties: most conservative status_adjusted and control_adjusted)",2023,3,3,"genus aggregation; mode across 3 original and 0 gapfilled species-level recommendations in this region (ties: most conservative status_adjusted and control_adjusted)","penalized if catch exceeds 2018-2022 mean; not penalized below mean",0.581479772235158
2018,"region_8","thunnus",68785476.1,173,77016762.172,5,"decreasing","decrease","genus aggregation; mode across 2 original and 0 gapfilled species-level recommendations in this region (ties: most conservative status_adjusted and control_adjusted)",2023,2,2,"genus aggregation; mode across 2 original and 0 gapfilled species-level recommendations in this region (ties: most conservative status_adjusted and control_adjusted)","decreasing stock penalized at/above reference; not penalized below mean",1
2019,"region_8","thunnus",73697386.52,174,77016762.172,5,"decreasing","decrease","genus aggregation; mode across 2 original and 0 gapfilled species-level recommendations in this region (ties: most conservative status_adjusted and control_adjusted)",2023,2,2,"genus aggregation; mode across 2 original and 0 gapfilled species-level recommendations in this region (ties: most conservative status_adjusted and control_adjusted)","decreasing stock penalized at/above reference; not penalized below mean",0.5
2020,"region_8","thunnus",77156869.14,178,77016762.172,5,"decreasing","decrease","genus aggregation; mode across 2 original and 0 gapfilled species-level recommendations in this region (ties: most conservative status_adjusted and control_adjusted)",2023,2,2,"genus aggregation; mode across 2 original and 0 gapfilled species-level recommendations in this region (ties: most conservative status_adjusted and control_adjusted)","decreasing stock penalized at/above reference; not penalized below mean",0.5
2021,"region_8","thunnus",77761004.9,177,77016762.172,5,"decreasing","decrease","genus aggregation; mode across 2 original and 0 gapfilled species-level recommendations in this region (ties: most conservative status_adjusted and control_adjusted)",2023,2,2,"genus aggregation; mode across 2 original and 0 gapfilled species-level recommendations in this region (ties: most conservative status_adjusted and control_adjusted)","decreasing stock penalized at/above reference; not penalized below mean",0.5
2022,"region_8","thunnus",87683074.2,204,77016762.172,5,"decreasing","decrease","genus aggregation; mode across 2 original and 0 gapfilled species-level recommendations in this region (ties: most conservative status_adjusted and control_adjusted)",2023,2,2,"genus aggregation; mode across 2 original and 0 gapfilled species-level recommendations in this region (ties: most conservative status_adjusted and control_adjusted)","decreasing stock penalized at/above reference; not penalized below mean",0.439176904292436
2023,"region_8","thunnus",101386659,176,77016762.172,5,"decreasing","decrease","genus aggregation; mode across 2 original and 0 gapfilled species-level recommendations in this region (ties: most conservative status_adjusted and control_adjusted)",2023,2,2,"genus aggregation; mode across 2 original and 0 gapfilled species-level recommendations in this region (ties: most conservative status_adjusted and control_adjusted)","decreasing stock penalized at/above reference; not penalized below mean",0.379817043640821
2024,"region_8","thunnus",114903068.99,196,77016762.172,5,"decreasing","decrease","genus aggregation; mode across 2 original and 0 gapfilled species-level recommendations in this region (ties: most conservative status_adjusted and control_adjusted)",2023,2,2,"genus aggregation; mode across 2 original and 0 gapfilled species-level recommendations in this region (ties: most conservative status_adjusted and control_adjusted)","decreasing stock penalized at/above reference; not penalized below mean",0.335137968241313
2018,"region_8","xiphias",482672.5,180,523573.3,5,"development potential","increase","genus aggregation; mode across 1 original and 0 gapfilled species-level recommendations in this region (ties: most conservative status_adjusted and control_adjusted)",2012,1,1,"genus aggregation; mode across 1 original and 0 gapfilled species-level recommendations in this region (ties: most conservative status_adjusted and control_adjusted)","development potential (score = 1; no underfishing penalty)",1
2019,"region_8","xiphias",572490.25,183,523573.3,5,"development potential","increase","genus aggregation; mode across 1 original and 0 gapfilled species-level recommendations in this region (ties: most conservative status_adjusted and control_adjusted)",2012,1,1,"genus aggregation; mode across 1 original and 0 gapfilled species-level recommendations in this region (ties: most conservative status_adjusted and control_adjusted)","development potential (score = 1; no underfishing penalty)",1
2020,"region_8","xiphias",572461.25,162,523573.3,5,"development potential","increase","genus aggregation; mode across 1 original and 0 gapfilled species-level recommendations in this region (ties: most conservative status_adjusted and control_adjusted)",2012,1,1,"genus aggregation; mode across 1 original and 0 gapfilled species-level recommendations in this region (ties: most conservative status_adjusted and control_adjusted)","development potential (score = 1; no underfishing penalty)",1
2021,"region_8","xiphias",424651.25,146,523573.3,5,"development potential","increase","genus aggregation; mode across 1 original and 0 gapfilled species-level recommendations in this region (ties: most conservative status_adjusted and control_adjusted)",2012,1,1,"genus aggregation; mode across 1 original and 0 gapfilled species-level recommendations in this region (ties: most conservative status_adjusted and control_adjusted)","development potential (score = 1; no underfishing penalty)",1
2022,"region_8","xiphias",565591.25,187,523573.3,5,"development potential","increase","genus aggregation; mode across 1 original and 0 gapfilled species-level recommendations in this region (ties: most conservative status_adjusted and control_adjusted)",2012,1,1,"genus aggregation; mode across 1 original and 0 gapfilled species-level recommendations in this region (ties: most conservative status_adjusted and control_adjusted)","development potential (score = 1; no underfishing penalty)",1
2023,"region_8","xiphias",420960,181,523573.3,5,"development potential","increase","genus aggregation; mode across 1 original and 0 gapfilled species-level recommendations in this region (ties: most conservative status_adjusted and control_adjusted)",2012,1,1,"genus aggregation; mode across 1 original and 0 gapfilled species-level recommendations in this region (ties: most conservative status_adjusted and control_adjusted)","development potential (score = 1; no underfishing penalty)",1
2024,"region_8","xiphias",486361.25,150,523573.3,5,"development potential","increase","genus aggregation; mode across 1 original and 0 gapfilled species-level recommendations in this region (ties: most conservative status_adjusted and control_adjusted)",2012,1,1,"genus aggregation; mode across 1 original and 0 gapfilled species-level recommendations in this region (ties: most conservative status_adjusted and control_adjusted)","development potential (score = 1; no underfishing penalty)",1
2018,"region_9","alopias",571070.7,163,212022.02,5,"maximally harvested","no increase","genus aggregation; mode across 3 original and 0 gapfilled species-level recommendations in this region (ties: most conservative status_adjusted and control_adjusted)",2023,3,3,"genus aggregation; mode across 3 original and 0 gapfilled species-level recommendations in this region (ties: most conservative status_adjusted and control_adjusted)","penalized if catch exceeds 2018-2022 mean; not penalized below mean",0.371271052778579
2019,"region_9","alopias",194353.45,178,212022.02,5,"maximally harvested","no increase","genus aggregation; mode across 3 original and 0 gapfilled species-level recommendations in this region (ties: most conservative status_adjusted and control_adjusted)",2023,3,3,"genus aggregation; mode across 3 original and 0 gapfilled species-level recommendations in this region (ties: most conservative status_adjusted and control_adjusted)","penalized if catch exceeds 2018-2022 mean; not penalized below mean",1
2020,"region_9","alopias",173868.45,156,212022.02,5,"maximally harvested","no increase","genus aggregation; mode across 3 original and 0 gapfilled species-level recommendations in this region (ties: most conservative status_adjusted and control_adjusted)",2023,3,3,"genus aggregation; mode across 3 original and 0 gapfilled species-level recommendations in this region (ties: most conservative status_adjusted and control_adjusted)","penalized if catch exceeds 2018-2022 mean; not penalized below mean",1
2021,"region_9","alopias",61289.95,112,212022.02,5,"maximally harvested","no increase","genus aggregation; mode across 3 original and 0 gapfilled species-level recommendations in this region (ties: most conservative status_adjusted and control_adjusted)",2023,3,3,"genus aggregation; mode across 3 original and 0 gapfilled species-level recommendations in this region (ties: most conservative status_adjusted and control_adjusted)","penalized if catch exceeds 2018-2022 mean; not penalized below mean",1
2022,"region_9","alopias",59527.55,100,212022.02,5,"maximally harvested","no increase","genus aggregation; mode across 3 original and 0 gapfilled species-level recommendations in this region (ties: most conservative status_adjusted and control_adjusted)",2023,3,3,"genus aggregation; mode across 3 original and 0 gapfilled species-level recommendations in this region (ties: most conservative status_adjusted and control_adjusted)","penalized if catch exceeds 2018-2022 mean; not penalized below mean",1
2023,"region_9","alopias",39948,96,212022.02,5,"maximally harvested","no increase","genus aggregation; mode across 3 original and 0 gapfilled species-level recommendations in this region (ties: most conservative status_adjusted and control_adjusted)",2023,3,3,"genus aggregation; mode across 3 original and 0 gapfilled species-level recommendations in this region (ties: most conservative status_adjusted and control_adjusted)","penalized if catch exceeds 2018-2022 mean; not penalized below mean",1
2024,"region_9","alopias",34158.45,89,212022.02,5,"maximally harvested","no increase","genus aggregation; mode across 3 original and 0 gapfilled species-level recommendations in this region (ties: most conservative status_adjusted and control_adjusted)",2023,3,3,"genus aggregation; mode across 3 original and 0 gapfilled species-level recommendations in this region (ties: most conservative status_adjusted and control_adjusted)","penalized if catch exceeds 2018-2022 mean; not penalized below mean",1
2018,"region_9","carcharhinus",2891053.3,1852,1265216.86,5,"maximally harvested","no increase","genus aggregation; mode across 9 original and 0 gapfilled species-level recommendations in this region (ties: most conservative status_adjusted and control_adjusted)",2023,9,9,"genus aggregation; mode across 9 original and 0 gapfilled species-level recommendations in this region (ties: most conservative status_adjusted and control_adjusted)","penalized if catch exceeds 2018-2022 mean; not penalized below mean",0.437631800147026
2019,"region_9","carcharhinus",1897259.05,1873,1265216.86,5,"maximally harvested","no increase","genus aggregation; mode across 9 original and 0 gapfilled species-level recommendations in this region (ties: most conservative status_adjusted and control_adjusted)",2023,9,9,"genus aggregation; mode across 9 original and 0 gapfilled species-level recommendations in this region (ties: most conservative status_adjusted and control_adjusted)","penalized if catch exceeds 2018-2022 mean; not penalized below mean",0.666865634400321
2020,"region_9","carcharhinus",669619.45,1210,1265216.86,5,"maximally harvested","no increase","genus aggregation; mode across 9 original and 0 gapfilled species-level recommendations in this region (ties: most conservative status_adjusted and control_adjusted)",2023,9,9,"genus aggregation; mode across 9 original and 0 gapfilled species-level recommendations in this region (ties: most conservative status_adjusted and control_adjusted)","penalized if catch exceeds 2018-2022 mean; not penalized below mean",1
2021,"region_9","carcharhinus",431361.75,1138,1265216.86,5,"maximally harvested","no increase","genus aggregation; mode across 9 original and 0 gapfilled species-level recommendations in this region (ties: most conservative status_adjusted and control_adjusted)",2023,9,9,"genus aggregation; mode across 9 original and 0 gapfilled species-level recommendations in this region (ties: most conservative status_adjusted and control_adjusted)","penalized if catch exceeds 2018-2022 mean; not penalized below mean",1
2022,"region_9","carcharhinus",436790.75,1080,1265216.86,5,"maximally harvested","no increase","genus aggregation; mode across 9 original and 0 gapfilled species-level recommendations in this region (ties: most conservative status_adjusted and control_adjusted)",2023,9,9,"genus aggregation; mode across 9 original and 0 gapfilled species-level recommendations in this region (ties: most conservative status_adjusted and control_adjusted)","penalized if catch exceeds 2018-2022 mean; not penalized below mean",1
2023,"region_9","carcharhinus",466165,1029,1265216.86,5,"maximally harvested","no increase","genus aggregation; mode across 9 original and 0 gapfilled species-level recommendations in this region (ties: most conservative status_adjusted and control_adjusted)",2023,9,9,"genus aggregation; mode across 9 original and 0 gapfilled species-level recommendations in this region (ties: most conservative status_adjusted and control_adjusted)","penalized if catch exceeds 2018-2022 mean; not penalized below mean",1
2024,"region_9","carcharhinus",310309.05,473,1265216.86,5,"maximally harvested","no increase","genus aggregation; mode across 9 original and 0 gapfilled species-level recommendations in this region (ties: most conservative status_adjusted and control_adjusted)",2023,9,9,"genus aggregation; mode across 9 original and 0 gapfilled species-level recommendations in this region (ties: most conservative status_adjusted and control_adjusted)","penalized if catch exceeds 2018-2022 mean; not penalized below mean",1
2018,"region_9","centropomus",1199228.26,5918,821395.752,5,"maximally harvested","no increase","genus aggregation; mode across 5 original and 0 gapfilled species-level recommendations in this region (ties: most conservative status_adjusted and control_adjusted)",2023,5,5,"genus aggregation; mode across 5 original and 0 gapfilled species-level recommendations in this region (ties: most conservative status_adjusted and control_adjusted)","penalized if catch exceeds 2018-2022 mean; not penalized below mean",0.684936954370972
2019,"region_9","centropomus",790789.45,3958,821395.752,5,"maximally harvested","no increase","genus aggregation; mode across 5 original and 0 gapfilled species-level recommendations in this region (ties: most conservative status_adjusted and control_adjusted)",2023,5,5,"genus aggregation; mode across 5 original and 0 gapfilled species-level recommendations in this region (ties: most conservative status_adjusted and control_adjusted)","penalized if catch exceeds 2018-2022 mean; not penalized below mean",1
2020,"region_9","centropomus",644797.9,3300,821395.752,5,"maximally harvested","no increase","genus aggregation; mode across 5 original and 0 gapfilled species-level recommendations in this region (ties: most conservative status_adjusted and control_adjusted)",2023,5,5,"genus aggregation; mode across 5 original and 0 gapfilled species-level recommendations in this region (ties: most conservative status_adjusted and control_adjusted)","penalized if catch exceeds 2018-2022 mean; not penalized below mean",1
2021,"region_9","centropomus",869586.1,2990,821395.752,5,"maximally harvested","no increase","genus aggregation; mode across 5 original and 0 gapfilled species-level recommendations in this region (ties: most conservative status_adjusted and control_adjusted)",2023,5,5,"genus aggregation; mode across 5 original and 0 gapfilled species-level recommendations in this region (ties: most conservative status_adjusted and control_adjusted)","penalized if catch exceeds 2018-2022 mean; not penalized below mean",0.944582430652928
2022,"region_9","centropomus",602577.05,2287,821395.752,5,"maximally harvested","no increase","genus aggregation; mode across 5 original and 0 gapfilled species-level recommendations in this region (ties: most conservative status_adjusted and control_adjusted)",2023,5,5,"genus aggregation; mode across 5 original and 0 gapfilled species-level recommendations in this region (ties: most conservative status_adjusted and control_adjusted)","penalized if catch exceeds 2018-2022 mean; not penalized below mean",1
2023,"region_9","centropomus",511800,1994,821395.752,5,"maximally harvested","no increase","genus aggregation; mode across 5 original and 0 gapfilled species-level recommendations in this region (ties: most conservative status_adjusted and control_adjusted)",2023,5,5,"genus aggregation; mode across 5 original and 0 gapfilled species-level recommendations in this region (ties: most conservative status_adjusted and control_adjusted)","penalized if catch exceeds 2018-2022 mean; not penalized below mean",1
2024,"region_9","centropomus",688194.65,2337,821395.752,5,"maximally harvested","no increase","genus aggregation; mode across 5 original and 0 gapfilled species-level recommendations in this region (ties: most conservative status_adjusted and control_adjusted)",2023,5,5,"genus aggregation; mode across 5 original and 0 gapfilled species-level recommendations in this region (ties: most conservative status_adjusted and control_adjusted)","penalized if catch exceeds 2018-2022 mean; not penalized below mean",1
2018,"region_9","cynoscion",1008650.5,3480,693449.16,5,"maximally harvested","no increase","genus aggregation; mode across 0 original and 1 gapfilled species-level recommendations in this region (ties: most conservative status_adjusted and control_adjusted)",2023,1,0,"genus aggregation; mode across 0 original and 1 gapfilled species-level recommendations in this region (ties: most conservative status_adjusted and control_adjusted)","penalized if catch exceeds 2018-2022 mean; not penalized below mean",0.687501924601237
2019,"region_9","cynoscion",846680.15,2810,693449.16,5,"maximally harvested","no increase","genus aggregation; mode across 0 original and 1 gapfilled species-level recommendations in this region (ties: most conservative status_adjusted and control_adjusted)",2023,1,0,"genus aggregation; mode across 0 original and 1 gapfilled species-level recommendations in this region (ties: most conservative status_adjusted and control_adjusted)","penalized if catch exceeds 2018-2022 mean; not penalized below mean",0.819021397867896
2020,"region_9","cynoscion",473827.25,2031,693449.16,5,"maximally harvested","no increase","genus aggregation; mode across 0 original and 1 gapfilled species-level recommendations in this region (ties: most conservative status_adjusted and control_adjusted)",2023,1,0,"genus aggregation; mode across 0 original and 1 gapfilled species-level recommendations in this region (ties: most conservative status_adjusted and control_adjusted)","penalized if catch exceeds 2018-2022 mean; not penalized below mean",1
2021,"region_9","cynoscion",613087,1743,693449.16,5,"maximally harvested","no increase","genus aggregation; mode across 0 original and 1 gapfilled species-level recommendations in this region (ties: most conservative status_adjusted and control_adjusted)",2023,1,0,"genus aggregation; mode across 0 original and 1 gapfilled species-level recommendations in this region (ties: most conservative status_adjusted and control_adjusted)","penalized if catch exceeds 2018-2022 mean; not penalized below mean",1
2022,"region_9","cynoscion",525000.9,1889,693449.16,5,"maximally harvested","no increase","genus aggregation; mode across 0 original and 1 gapfilled species-level recommendations in this region (ties: most conservative status_adjusted and control_adjusted)",2023,1,0,"genus aggregation; mode across 0 original and 1 gapfilled species-level recommendations in this region (ties: most conservative status_adjusted and control_adjusted)","penalized if catch exceeds 2018-2022 mean; not penalized below mean",1
2023,"region_9","cynoscion",429375,1377,693449.16,5,"maximally harvested","no increase","genus aggregation; mode across 0 original and 1 gapfilled species-level recommendations in this region (ties: most conservative status_adjusted and control_adjusted)",2023,1,0,"genus aggregation; mode across 0 original and 1 gapfilled species-level recommendations in this region (ties: most conservative status_adjusted and control_adjusted)","penalized if catch exceeds 2018-2022 mean; not penalized below mean",1
2024,"region_9","cynoscion",507739.15,1578,693449.16,5,"maximally harvested","no increase","genus aggregation; mode across 0 original and 1 gapfilled species-level recommendations in this region (ties: most conservative status_adjusted and control_adjusted)",2023,1,0,"genus aggregation; mode across 0 original and 1 gapfilled species-level recommendations in this region (ties: most conservative status_adjusted and control_adjusted)","penalized if catch exceeds 2018-2022 mean; not penalized below mean",1
2018,"region_9","farfantepenaeus",2781,3,1357.7,4,"maximally harvested","no increase","genus aggregation; mode across 2 original and 0 gapfilled species-level recommendations in this region (ties: most conservative status_adjusted and control_adjusted)",2017,2,2,"genus aggregation; mode across 2 original and 0 gapfilled species-level recommendations in this region (ties: most conservative status_adjusted and control_adjusted)","penalized if catch exceeds 2018-2022 mean; not penalized below mean",0.488205681409565
2019,"region_9","farfantepenaeus",470,1,1357.7,4,"maximally harvested","no increase","genus aggregation; mode across 2 original and 0 gapfilled species-level recommendations in this region (ties: most conservative status_adjusted and control_adjusted)",2017,2,2,"genus aggregation; mode across 2 original and 0 gapfilled species-level recommendations in this region (ties: most conservative status_adjusted and control_adjusted)","penalized if catch exceeds 2018-2022 mean; not penalized below mean",1
2021,"region_9","farfantepenaeus",1511,2,1357.7,4,"maximally harvested","no increase","genus aggregation; mode across 2 original and 0 gapfilled species-level recommendations in this region (ties: most conservative status_adjusted and control_adjusted)",2017,2,2,"genus aggregation; mode across 2 original and 0 gapfilled species-level recommendations in this region (ties: most conservative status_adjusted and control_adjusted)","penalized if catch exceeds 2018-2022 mean; not penalized below mean",0.898544010589014
2022,"region_9","farfantepenaeus",668.8,1,1357.7,4,"maximally harvested","no increase","genus aggregation; mode across 2 original and 0 gapfilled species-level recommendations in this region (ties: most conservative status_adjusted and control_adjusted)",2017,2,2,"genus aggregation; mode across 2 original and 0 gapfilled species-level recommendations in this region (ties: most conservative status_adjusted and control_adjusted)","penalized if catch exceeds 2018-2022 mean; not penalized below mean",1
2023,"region_9","farfantepenaeus",1200,1,1357.7,4,"maximally harvested","no increase","genus aggregation; mode across 2 original and 0 gapfilled species-level recommendations in this region (ties: most conservative status_adjusted and control_adjusted)",2017,2,2,"genus aggregation; mode across 2 original and 0 gapfilled species-level recommendations in this region (ties: most conservative status_adjusted and control_adjusted)","penalized if catch exceeds 2018-2022 mean; not penalized below mean",1
2024,"region_9","farfantepenaeus",324.8,1,1357.7,4,"maximally harvested","no increase","genus aggregation; mode across 2 original and 0 gapfilled species-level recommendations in this region (ties: most conservative status_adjusted and control_adjusted)",2017,2,2,"genus aggregation; mode across 2 original and 0 gapfilled species-level recommendations in this region (ties: most conservative status_adjusted and control_adjusted)","penalized if catch exceeds 2018-2022 mean; not penalized below mean",1
2018,"region_9","hoplopagrus",107253.2,508,65171.7,5,"maximally harvested","no increase","genus aggregation; mode across 1 original and 0 gapfilled species-level recommendations in this region (ties: most conservative status_adjusted and control_adjusted)",2023,1,1,"genus aggregation; mode across 1 original and 0 gapfilled species-level recommendations in this region (ties: most conservative status_adjusted and control_adjusted)","penalized if catch exceeds 2018-2022 mean; not penalized below mean",0.607643408308563
2019,"region_9","hoplopagrus",85016.2,429,65171.7,5,"maximally harvested","no increase","genus aggregation; mode across 1 original and 0 gapfilled species-level recommendations in this region (ties: most conservative status_adjusted and control_adjusted)",2023,1,1,"genus aggregation; mode across 1 original and 0 gapfilled species-level recommendations in this region (ties: most conservative status_adjusted and control_adjusted)","penalized if catch exceeds 2018-2022 mean; not penalized below mean",0.766579781265218
2020,"region_9","hoplopagrus",45561.6,278,65171.7,5,"maximally harvested","no increase","genus aggregation; mode across 1 original and 0 gapfilled species-level recommendations in this region (ties: most conservative status_adjusted and control_adjusted)",2023,1,1,"genus aggregation; mode across 1 original and 0 gapfilled species-level recommendations in this region (ties: most conservative status_adjusted and control_adjusted)","penalized if catch exceeds 2018-2022 mean; not penalized below mean",1
2021,"region_9","hoplopagrus",43264.8,251,65171.7,5,"maximally harvested","no increase","genus aggregation; mode across 1 original and 0 gapfilled species-level recommendations in this region (ties: most conservative status_adjusted and control_adjusted)",2023,1,1,"genus aggregation; mode across 1 original and 0 gapfilled species-level recommendations in this region (ties: most conservative status_adjusted and control_adjusted)","penalized if catch exceeds 2018-2022 mean; not penalized below mean",1
2022,"region_9","hoplopagrus",44762.7,228,65171.7,5,"maximally harvested","no increase","genus aggregation; mode across 1 original and 0 gapfilled species-level recommendations in this region (ties: most conservative status_adjusted and control_adjusted)",2023,1,1,"genus aggregation; mode across 1 original and 0 gapfilled species-level recommendations in this region (ties: most conservative status_adjusted and control_adjusted)","penalized if catch exceeds 2018-2022 mean; not penalized below mean",1
2023,"region_9","hoplopagrus",49767,253,65171.7,5,"maximally harvested","no increase","genus aggregation; mode across 1 original and 0 gapfilled species-level recommendations in this region (ties: most conservative status_adjusted and control_adjusted)",2023,1,1,"genus aggregation; mode across 1 original and 0 gapfilled species-level recommendations in this region (ties: most conservative status_adjusted and control_adjusted)","penalized if catch exceeds 2018-2022 mean; not penalized below mean",1
2024,"region_9","hoplopagrus",50657.4,275,65171.7,5,"maximally harvested","no increase","genus aggregation; mode across 1 original and 0 gapfilled species-level recommendations in this region (ties: most conservative status_adjusted and control_adjusted)",2023,1,1,"genus aggregation; mode across 1 original and 0 gapfilled species-level recommendations in this region (ties: most conservative status_adjusted and control_adjusted)","penalized if catch exceeds 2018-2022 mean; not penalized below mean",1
2018,"region_9","isurus",13060,21,12140.9,5,"maximally harvested","no increase","genus aggregation; mode across 1 original and 0 gapfilled species-level recommendations in this region (ties: most conservative status_adjusted and control_adjusted)",2023,1,1,"genus aggregation; mode across 1 original and 0 gapfilled species-level recommendations in this region (ties: most conservative status_adjusted and control_adjusted)","penalized if catch exceeds 2018-2022 mean; not penalized below mean",0.929624808575804
2019,"region_9","isurus",37825,23,12140.9,5,"maximally harvested","no increase","genus aggregation; mode across 1 original and 0 gapfilled species-level recommendations in this region (ties: most conservative status_adjusted and control_adjusted)",2023,1,1,"genus aggregation; mode across 1 original and 0 gapfilled species-level recommendations in this region (ties: most conservative status_adjusted and control_adjusted)","penalized if catch exceeds 2018-2022 mean; not penalized below mean",0.32097554527429
2020,"region_9","isurus",3150.4,17,12140.9,5,"maximally harvested","no increase","genus aggregation; mode across 1 original and 0 gapfilled species-level recommendations in this region (ties: most conservative status_adjusted and control_adjusted)",2023,1,1,"genus aggregation; mode across 1 original and 0 gapfilled species-level recommendations in this region (ties: most conservative status_adjusted and control_adjusted)","penalized if catch exceeds 2018-2022 mean; not penalized below mean",1
2021,"region_9","isurus",2465,15,12140.9,5,"maximally harvested","no increase","genus aggregation; mode across 1 original and 0 gapfilled species-level recommendations in this region (ties: most conservative status_adjusted and control_adjusted)",2023,1,1,"genus aggregation; mode across 1 original and 0 gapfilled species-level recommendations in this region (ties: most conservative status_adjusted and control_adjusted)","penalized if catch exceeds 2018-2022 mean; not penalized below mean",1
2022,"region_9","isurus",4204.1,16,12140.9,5,"maximally harvested","no increase","genus aggregation; mode across 1 original and 0 gapfilled species-level recommendations in this region (ties: most conservative status_adjusted and control_adjusted)",2023,1,1,"genus aggregation; mode across 1 original and 0 gapfilled species-level recommendations in this region (ties: most conservative status_adjusted and control_adjusted)","penalized if catch exceeds 2018-2022 mean; not penalized below mean",1
2023,"region_9","isurus",1694,7,12140.9,5,"maximally harvested","no increase","genus aggregation; mode across 1 original and 0 gapfilled species-level recommendations in this region (ties: most conservative status_adjusted and control_adjusted)",2023,1,1,"genus aggregation; mode across 1 original and 0 gapfilled species-level recommendations in this region (ties: most conservative status_adjusted and control_adjusted)","penalized if catch exceeds 2018-2022 mean; not penalized below mean",1
2024,"region_9","isurus",1455,5,12140.9,5,"maximally harvested","no increase","genus aggregation; mode across 1 original and 0 gapfilled species-level recommendations in this region (ties: most conservative status_adjusted and control_adjusted)",2023,1,1,"genus aggregation; mode across 1 original and 0 gapfilled species-level recommendations in this region (ties: most conservative status_adjusted and control_adjusted)","penalized if catch exceeds 2018-2022 mean; not penalized below mean",1
2018,"region_9","litopenaeus",9941703.5,2566,9806751.6,5,"maximally harvested","no increase","genus aggregation; mode across 3 original and 0 gapfilled species-level recommendations in this region (ties: most conservative status_adjusted and control_adjusted)",2012,3,3,"genus aggregation; mode across 3 original and 0 gapfilled species-level recommendations in this region (ties: most conservative status_adjusted and control_adjusted)","penalized if catch exceeds 2018-2022 mean; not penalized below mean",1
2019,"region_9","litopenaeus",9225826.9,2867,9806751.6,5,"maximally harvested","no increase","genus aggregation; mode across 3 original and 0 gapfilled species-level recommendations in this region (ties: most conservative status_adjusted and control_adjusted)",2012,3,3,"genus aggregation; mode across 3 original and 0 gapfilled species-level recommendations in this region (ties: most conservative status_adjusted and control_adjusted)","penalized if catch exceeds 2018-2022 mean; not penalized below mean",1
2020,"region_9","litopenaeus",10135175.2,3960,9806751.6,5,"maximally harvested","no increase","genus aggregation; mode across 3 original and 0 gapfilled species-level recommendations in this region (ties: most conservative status_adjusted and control_adjusted)",2012,3,3,"genus aggregation; mode across 3 original and 0 gapfilled species-level recommendations in this region (ties: most conservative status_adjusted and control_adjusted)","penalized if catch exceeds 2018-2022 mean; not penalized below mean",1
2021,"region_9","litopenaeus",10409892.4,3815,9806751.6,5,"maximally harvested","no increase","genus aggregation; mode across 3 original and 0 gapfilled species-level recommendations in this region (ties: most conservative status_adjusted and control_adjusted)",2012,3,3,"genus aggregation; mode across 3 original and 0 gapfilled species-level recommendations in this region (ties: most conservative status_adjusted and control_adjusted)","penalized if catch exceeds 2018-2022 mean; not penalized below mean",0.942060803625597
2022,"region_9","litopenaeus",9321160,3395,9806751.6,5,"maximally harvested","no increase","genus aggregation; mode across 3 original and 0 gapfilled species-level recommendations in this region (ties: most conservative status_adjusted and control_adjusted)",2012,3,3,"genus aggregation; mode across 3 original and 0 gapfilled species-level recommendations in this region (ties: most conservative status_adjusted and control_adjusted)","penalized if catch exceeds 2018-2022 mean; not penalized below mean",1
2018,"region_9","lutjanus",3539268.75,8703,2007413.624,5,"maximally harvested","no increase","genus aggregation; mode across 8 original and 0 gapfilled species-level recommendations in this region (ties: most conservative status_adjusted and control_adjusted)",2023,8,8,"genus aggregation; mode across 8 original and 0 gapfilled species-level recommendations in this region (ties: most conservative status_adjusted and control_adjusted)","penalized if catch exceeds 2018-2022 mean; not penalized below mean",0.567183157255295
2019,"region_9","lutjanus",2774848.52,6255,2007413.624,5,"maximally harvested","no increase","genus aggregation; mode across 8 original and 0 gapfilled species-level recommendations in this region (ties: most conservative status_adjusted and control_adjusted)",2023,8,8,"genus aggregation; mode across 8 original and 0 gapfilled species-level recommendations in this region (ties: most conservative status_adjusted and control_adjusted)","penalized if catch exceeds 2018-2022 mean; not penalized below mean",0.723431787188153
2020,"region_9","lutjanus",1553872.5,4397,2007413.624,5,"maximally harvested","no increase","genus aggregation; mode across 8 original and 0 gapfilled species-level recommendations in this region (ties: most conservative status_adjusted and control_adjusted)",2023,8,8,"genus aggregation; mode across 8 original and 0 gapfilled species-level recommendations in this region (ties: most conservative status_adjusted and control_adjusted)","penalized if catch exceeds 2018-2022 mean; not penalized below mean",1
2021,"region_9","lutjanus",1055713.55,3779,2007413.624,5,"maximally harvested","no increase","genus aggregation; mode across 8 original and 0 gapfilled species-level recommendations in this region (ties: most conservative status_adjusted and control_adjusted)",2023,8,8,"genus aggregation; mode across 8 original and 0 gapfilled species-level recommendations in this region (ties: most conservative status_adjusted and control_adjusted)","penalized if catch exceeds 2018-2022 mean; not penalized below mean",1
2022,"region_9","lutjanus",1113364.8,3517,2007413.624,5,"maximally harvested","no increase","genus aggregation; mode across 8 original and 0 gapfilled species-level recommendations in this region (ties: most conservative status_adjusted and control_adjusted)",2023,8,8,"genus aggregation; mode across 8 original and 0 gapfilled species-level recommendations in this region (ties: most conservative status_adjusted and control_adjusted)","penalized if catch exceeds 2018-2022 mean; not penalized below mean",1
2023,"region_9","lutjanus",1050302,3226,2007413.624,5,"maximally harvested","no increase","genus aggregation; mode across 8 original and 0 gapfilled species-level recommendations in this region (ties: most conservative status_adjusted and control_adjusted)",2023,8,8,"genus aggregation; mode across 8 original and 0 gapfilled species-level recommendations in this region (ties: most conservative status_adjusted and control_adjusted)","penalized if catch exceeds 2018-2022 mean; not penalized below mean",1
2024,"region_9","lutjanus",1173929.23,3204,2007413.624,5,"maximally harvested","no increase","genus aggregation; mode across 8 original and 0 gapfilled species-level recommendations in this region (ties: most conservative status_adjusted and control_adjusted)",2023,8,8,"genus aggregation; mode across 8 original and 0 gapfilled species-level recommendations in this region (ties: most conservative status_adjusted and control_adjusted)","penalized if catch exceeds 2018-2022 mean; not penalized below mean",1
2018,"region_9","mugil",379523.6,951,214093.16,5,"maximally harvested","no increase","genus aggregation; mode across 3 original and 0 gapfilled species-level recommendations in this region (ties: most conservative status_adjusted and control_adjusted)",2023,3,3,"genus aggregation; mode across 3 original and 0 gapfilled species-level recommendations in this region (ties: most conservative status_adjusted and control_adjusted)","penalized if catch exceeds 2018-2022 mean; not penalized below mean",0.56411026876853
2019,"region_9","mugil",269014,711,214093.16,5,"maximally harvested","no increase","genus aggregation; mode across 3 original and 0 gapfilled species-level recommendations in this region (ties: most conservative status_adjusted and control_adjusted)",2023,3,3,"genus aggregation; mode across 3 original and 0 gapfilled species-level recommendations in this region (ties: most conservative status_adjusted and control_adjusted)","penalized if catch exceeds 2018-2022 mean; not penalized below mean",0.795843933772963
2020,"region_9","mugil",158237.2,544,214093.16,5,"maximally harvested","no increase","genus aggregation; mode across 3 original and 0 gapfilled species-level recommendations in this region (ties: most conservative status_adjusted and control_adjusted)",2023,3,3,"genus aggregation; mode across 3 original and 0 gapfilled species-level recommendations in this region (ties: most conservative status_adjusted and control_adjusted)","penalized if catch exceeds 2018-2022 mean; not penalized below mean",1
2021,"region_9","mugil",165167,304,214093.16,5,"maximally harvested","no increase","genus aggregation; mode across 3 original and 0 gapfilled species-level recommendations in this region (ties: most conservative status_adjusted and control_adjusted)",2023,3,3,"genus aggregation; mode across 3 original and 0 gapfilled species-level recommendations in this region (ties: most conservative status_adjusted and control_adjusted)","penalized if catch exceeds 2018-2022 mean; not penalized below mean",1
2022,"region_9","mugil",98524,235,214093.16,5,"maximally harvested","no increase","genus aggregation; mode across 3 original and 0 gapfilled species-level recommendations in this region (ties: most conservative status_adjusted and control_adjusted)",2023,3,3,"genus aggregation; mode across 3 original and 0 gapfilled species-level recommendations in this region (ties: most conservative status_adjusted and control_adjusted)","penalized if catch exceeds 2018-2022 mean; not penalized below mean",1
2023,"region_9","mugil",97884,221,214093.16,5,"maximally harvested","no increase","genus aggregation; mode across 3 original and 0 gapfilled species-level recommendations in this region (ties: most conservative status_adjusted and control_adjusted)",2023,3,3,"genus aggregation; mode across 3 original and 0 gapfilled species-level recommendations in this region (ties: most conservative status_adjusted and control_adjusted)","penalized if catch exceeds 2018-2022 mean; not penalized below mean",1
2024,"region_9","mugil",82443,277,214093.16,5,"maximally harvested","no increase","genus aggregation; mode across 3 original and 0 gapfilled species-level recommendations in this region (ties: most conservative status_adjusted and control_adjusted)",2023,3,3,"genus aggregation; mode across 3 original and 0 gapfilled species-level recommendations in this region (ties: most conservative status_adjusted and control_adjusted)","penalized if catch exceeds 2018-2022 mean; not penalized below mean",1
2018,"region_9","nasolamia",68311.25,76,48258.55,5,"maximally harvested","no increase","genus aggregation; mode across 1 original and 0 gapfilled species-level recommendations in this region (ties: most conservative status_adjusted and control_adjusted)",2023,1,1,"genus aggregation; mode across 1 original and 0 gapfilled species-level recommendations in this region (ties: most conservative status_adjusted and control_adjusted)","penalized if catch exceeds 2018-2022 mean; not penalized below mean",0.706450987209281
2019,"region_9","nasolamia",67056.25,75,48258.55,5,"maximally harvested","no increase","genus aggregation; mode across 1 original and 0 gapfilled species-level recommendations in this region (ties: most conservative status_adjusted and control_adjusted)",2023,1,1,"genus aggregation; mode across 1 original and 0 gapfilled species-level recommendations in this region (ties: most conservative status_adjusted and control_adjusted)","penalized if catch exceeds 2018-2022 mean; not penalized below mean",0.719672662876317
2020,"region_9","nasolamia",32688.25,49,48258.55,5,"maximally harvested","no increase","genus aggregation; mode across 1 original and 0 gapfilled species-level recommendations in this region (ties: most conservative status_adjusted and control_adjusted)",2023,1,1,"genus aggregation; mode across 1 original and 0 gapfilled species-level recommendations in this region (ties: most conservative status_adjusted and control_adjusted)","penalized if catch exceeds 2018-2022 mean; not penalized below mean",1
2021,"region_9","nasolamia",49642.5,49,48258.55,5,"maximally harvested","no increase","genus aggregation; mode across 1 original and 0 gapfilled species-level recommendations in this region (ties: most conservative status_adjusted and control_adjusted)",2023,1,1,"genus aggregation; mode across 1 original and 0 gapfilled species-level recommendations in this region (ties: most conservative status_adjusted and control_adjusted)","penalized if catch exceeds 2018-2022 mean; not penalized below mean",1
2022,"region_9","nasolamia",23594.5,33,48258.55,5,"maximally harvested","no increase","genus aggregation; mode across 1 original and 0 gapfilled species-level recommendations in this region (ties: most conservative status_adjusted and control_adjusted)",2023,1,1,"genus aggregation; mode across 1 original and 0 gapfilled species-level recommendations in this region (ties: most conservative status_adjusted and control_adjusted)","penalized if catch exceeds 2018-2022 mean; not penalized below mean",1
2023,"region_9","nasolamia",24404,32,48258.55,5,"maximally harvested","no increase","genus aggregation; mode across 1 original and 0 gapfilled species-level recommendations in this region (ties: most conservative status_adjusted and control_adjusted)",2023,1,1,"genus aggregation; mode across 1 original and 0 gapfilled species-level recommendations in this region (ties: most conservative status_adjusted and control_adjusted)","penalized if catch exceeds 2018-2022 mean; not penalized below mean",1
2024,"region_9","nasolamia",20663.75,34,48258.55,5,"maximally harvested","no increase","genus aggregation; mode across 1 original and 0 gapfilled species-level recommendations in this region (ties: most conservative status_adjusted and control_adjusted)",2023,1,1,"genus aggregation; mode across 1 original and 0 gapfilled species-level recommendations in this region (ties: most conservative status_adjusted and control_adjusted)","penalized if catch exceeds 2018-2022 mean; not penalized below mean",1
2018,"region_9","oligoplites",3232,21,1086.6,5,"maximally harvested","no increase","genus aggregation; mode across 1 original and 1 gapfilled species-level recommendations in this region (ties: most conservative status_adjusted and control_adjusted)",2022,2,1,"genus aggregation; mode across 1 original and 1 gapfilled species-level recommendations in this region (ties: most conservative status_adjusted and control_adjusted)","penalized if catch exceeds 2018-2022 mean; not penalized below mean",0.336200495049505
2019,"region_9","oligoplites",660,7,1086.6,5,"maximally harvested","no increase","genus aggregation; mode across 1 original and 1 gapfilled species-level recommendations in this region (ties: most conservative status_adjusted and control_adjusted)",2022,2,1,"genus aggregation; mode across 1 original and 1 gapfilled species-level recommendations in this region (ties: most conservative status_adjusted and control_adjusted)","penalized if catch exceeds 2018-2022 mean; not penalized below mean",1
2020,"region_9","oligoplites",588,9,1086.6,5,"maximally harvested","no increase","genus aggregation; mode across 1 original and 1 gapfilled species-level recommendations in this region (ties: most conservative status_adjusted and control_adjusted)",2022,2,1,"genus aggregation; mode across 1 original and 1 gapfilled species-level recommendations in this region (ties: most conservative status_adjusted and control_adjusted)","penalized if catch exceeds 2018-2022 mean; not penalized below mean",1
2021,"region_9","oligoplites",353,2,1086.6,5,"maximally harvested","no increase","genus aggregation; mode across 1 original and 1 gapfilled species-level recommendations in this region (ties: most conservative status_adjusted and control_adjusted)",2022,2,1,"genus aggregation; mode across 1 original and 1 gapfilled species-level recommendations in this region (ties: most conservative status_adjusted and control_adjusted)","penalized if catch exceeds 2018-2022 mean; not penalized below mean",1
2022,"region_9","oligoplites",600,3,1086.6,5,"maximally harvested","no increase","genus aggregation; mode across 1 original and 1 gapfilled species-level recommendations in this region (ties: most conservative status_adjusted and control_adjusted)",2022,2,1,"genus aggregation; mode across 1 original and 1 gapfilled species-level recommendations in this region (ties: most conservative status_adjusted and control_adjusted)","penalized if catch exceeds 2018-2022 mean; not penalized below mean",1
2024,"region_9","oligoplites",700,2,1086.6,5,"maximally harvested","no increase","genus aggregation; mode across 1 original and 1 gapfilled species-level recommendations in this region (ties: most conservative status_adjusted and control_adjusted)",2022,2,1,"genus aggregation; mode across 1 original and 1 gapfilled species-level recommendations in this region (ties: most conservative status_adjusted and control_adjusted)","penalized if catch exceeds 2018-2022 mean; not penalized below mean",1
2018,"region_9","panulirus",43752,110,25461.8,5,"maximally harvested","no increase","genus aggregation; mode across 4 original and 0 gapfilled species-level recommendations in this region (ties: most conservative status_adjusted and control_adjusted)",2023,4,4,"genus aggregation; mode across 4 original and 0 gapfilled species-level recommendations in this region (ties: most conservative status_adjusted and control_adjusted)","penalized if catch exceeds 2018-2022 mean; not penalized below mean",0.581957396233315
2019,"region_9","panulirus",66443,122,25461.8,5,"maximally harvested","no increase","genus aggregation; mode across 4 original and 0 gapfilled species-level recommendations in this region (ties: most conservative status_adjusted and control_adjusted)",2023,4,4,"genus aggregation; mode across 4 original and 0 gapfilled species-level recommendations in this region (ties: most conservative status_adjusted and control_adjusted)","penalized if catch exceeds 2018-2022 mean; not penalized below mean",0.38321267853649
2020,"region_9","panulirus",9836,35,25461.8,5,"maximally harvested","no increase","genus aggregation; mode across 4 original and 0 gapfilled species-level recommendations in this region (ties: most conservative status_adjusted and control_adjusted)",2023,4,4,"genus aggregation; mode across 4 original and 0 gapfilled species-level recommendations in this region (ties: most conservative status_adjusted and control_adjusted)","penalized if catch exceeds 2018-2022 mean; not penalized below mean",1
2021,"region_9","panulirus",2826,29,25461.8,5,"maximally harvested","no increase","genus aggregation; mode across 4 original and 0 gapfilled species-level recommendations in this region (ties: most conservative status_adjusted and control_adjusted)",2023,4,4,"genus aggregation; mode across 4 original and 0 gapfilled species-level recommendations in this region (ties: most conservative status_adjusted and control_adjusted)","penalized if catch exceeds 2018-2022 mean; not penalized below mean",1
2022,"region_9","panulirus",4452,25,25461.8,5,"maximally harvested","no increase","genus aggregation; mode across 4 original and 0 gapfilled species-level recommendations in this region (ties: most conservative status_adjusted and control_adjusted)",2023,4,4,"genus aggregation; mode across 4 original and 0 gapfilled species-level recommendations in this region (ties: most conservative status_adjusted and control_adjusted)","penalized if catch exceeds 2018-2022 mean; not penalized below mean",1
2023,"region_9","panulirus",5188,33,25461.8,5,"maximally harvested","no increase","genus aggregation; mode across 4 original and 0 gapfilled species-level recommendations in this region (ties: most conservative status_adjusted and control_adjusted)",2023,4,4,"genus aggregation; mode across 4 original and 0 gapfilled species-level recommendations in this region (ties: most conservative status_adjusted and control_adjusted)","penalized if catch exceeds 2018-2022 mean; not penalized below mean",1
2024,"region_9","panulirus",3343,27,25461.8,5,"maximally harvested","no increase","genus aggregation; mode across 4 original and 0 gapfilled species-level recommendations in this region (ties: most conservative status_adjusted and control_adjusted)",2023,4,4,"genus aggregation; mode across 4 original and 0 gapfilled species-level recommendations in this region (ties: most conservative status_adjusted and control_adjusted)","penalized if catch exceeds 2018-2022 mean; not penalized below mean",1
2018,"region_9","paralabrax",10680,31,6954.08,5,"maximally harvested","no increase","genus aggregation; mode across 0 original and 1 gapfilled species-level recommendations in this region (ties: most conservative status_adjusted and control_adjusted)",2023,1,0,"genus aggregation; mode across 0 original and 1 gapfilled species-level recommendations in this region (ties: most conservative status_adjusted and control_adjusted)","penalized if catch exceeds 2018-2022 mean; not penalized below mean",0.651131086142322
2019,"region_9","paralabrax",4321,14,6954.08,5,"maximally harvested","no increase","genus aggregation; mode across 0 original and 1 gapfilled species-level recommendations in this region (ties: most conservative status_adjusted and control_adjusted)",2023,1,0,"genus aggregation; mode across 0 original and 1 gapfilled species-level recommendations in this region (ties: most conservative status_adjusted and control_adjusted)","penalized if catch exceeds 2018-2022 mean; not penalized below mean",1
2020,"region_9","paralabrax",1382.8,6,6954.08,5,"maximally harvested","no increase","genus aggregation; mode across 0 original and 1 gapfilled species-level recommendations in this region (ties: most conservative status_adjusted and control_adjusted)",2023,1,0,"genus aggregation; mode across 0 original and 1 gapfilled species-level recommendations in this region (ties: most conservative status_adjusted and control_adjusted)","penalized if catch exceeds 2018-2022 mean; not penalized below mean",1
2021,"region_9","paralabrax",6569.1,16,6954.08,5,"maximally harvested","no increase","genus aggregation; mode across 0 original and 1 gapfilled species-level recommendations in this region (ties: most conservative status_adjusted and control_adjusted)",2023,1,0,"genus aggregation; mode across 0 original and 1 gapfilled species-level recommendations in this region (ties: most conservative status_adjusted and control_adjusted)","penalized if catch exceeds 2018-2022 mean; not penalized below mean",1
2022,"region_9","paralabrax",11817.5,20,6954.08,5,"maximally harvested","no increase","genus aggregation; mode across 0 original and 1 gapfilled species-level recommendations in this region (ties: most conservative status_adjusted and control_adjusted)",2023,1,0,"genus aggregation; mode across 0 original and 1 gapfilled species-level recommendations in this region (ties: most conservative status_adjusted and control_adjusted)","penalized if catch exceeds 2018-2022 mean; not penalized below mean",0.588456103236725
2023,"region_9","paralabrax",14461,10,6954.08,5,"maximally harvested","no increase","genus aggregation; mode across 0 original and 1 gapfilled species-level recommendations in this region (ties: most conservative status_adjusted and control_adjusted)",2023,1,0,"genus aggregation; mode across 0 original and 1 gapfilled species-level recommendations in this region (ties: most conservative status_adjusted and control_adjusted)","penalized if catch exceeds 2018-2022 mean; not penalized below mean",0.480885139340295
2024,"region_9","paralabrax",3315,5,6954.08,5,"maximally harvested","no increase","genus aggregation; mode across 0 original and 1 gapfilled species-level recommendations in this region (ties: most conservative status_adjusted and control_adjusted)",2023,1,0,"genus aggregation; mode across 0 original and 1 gapfilled species-level recommendations in this region (ties: most conservative status_adjusted and control_adjusted)","penalized if catch exceeds 2018-2022 mean; not penalized below mean",1
2018,"region_9","prionace",203463.75,108,138597.52,5,"maximally harvested","no increase","genus aggregation; mode across 1 original and 0 gapfilled species-level recommendations in this region (ties: most conservative status_adjusted and control_adjusted)",2023,1,1,"genus aggregation; mode across 1 original and 0 gapfilled species-level recommendations in this region (ties: most conservative status_adjusted and control_adjusted)","penalized if catch exceeds 2018-2022 mean; not penalized below mean",0.681190236590056
2019,"region_9","prionace",307060,143,138597.52,5,"maximally harvested","no increase","genus aggregation; mode across 1 original and 0 gapfilled species-level recommendations in this region (ties: most conservative status_adjusted and control_adjusted)",2023,1,1,"genus aggregation; mode across 1 original and 0 gapfilled species-level recommendations in this region (ties: most conservative status_adjusted and control_adjusted)","penalized if catch exceeds 2018-2022 mean; not penalized below mean",0.451369504331401
2020,"region_9","prionace",77423.25,93,138597.52,5,"maximally harvested","no increase","genus aggregation; mode across 1 original and 0 gapfilled species-level recommendations in this region (ties: most conservative status_adjusted and control_adjusted)",2023,1,1,"genus aggregation; mode across 1 original and 0 gapfilled species-level recommendations in this region (ties: most conservative status_adjusted and control_adjusted)","penalized if catch exceeds 2018-2022 mean; not penalized below mean",1
2021,"region_9","prionace",64396.9,83,138597.52,5,"maximally harvested","no increase","genus aggregation; mode across 1 original and 0 gapfilled species-level recommendations in this region (ties: most conservative status_adjusted and control_adjusted)",2023,1,1,"genus aggregation; mode across 1 original and 0 gapfilled species-level recommendations in this region (ties: most conservative status_adjusted and control_adjusted)","penalized if catch exceeds 2018-2022 mean; not penalized below mean",1
2022,"region_9","prionace",40643.7,50,138597.52,5,"maximally harvested","no increase","genus aggregation; mode across 1 original and 0 gapfilled species-level recommendations in this region (ties: most conservative status_adjusted and control_adjusted)",2023,1,1,"genus aggregation; mode across 1 original and 0 gapfilled species-level recommendations in this region (ties: most conservative status_adjusted and control_adjusted)","penalized if catch exceeds 2018-2022 mean; not penalized below mean",1
2023,"region_9","prionace",75719,97,138597.52,5,"maximally harvested","no increase","genus aggregation; mode across 1 original and 0 gapfilled species-level recommendations in this region (ties: most conservative status_adjusted and control_adjusted)",2023,1,1,"genus aggregation; mode across 1 original and 0 gapfilled species-level recommendations in this region (ties: most conservative status_adjusted and control_adjusted)","penalized if catch exceeds 2018-2022 mean; not penalized below mean",1
2024,"region_9","prionace",90721.05,85,138597.52,5,"maximally harvested","no increase","genus aggregation; mode across 1 original and 0 gapfilled species-level recommendations in this region (ties: most conservative status_adjusted and control_adjusted)",2023,1,1,"genus aggregation; mode across 1 original and 0 gapfilled species-level recommendations in this region (ties: most conservative status_adjusted and control_adjusted)","penalized if catch exceeds 2018-2022 mean; not penalized below mean",1
2018,"region_9","rhizoprionodon",290130.5,420,278588.67,5,"maximally harvested","no increase","genus aggregation; mode across 1 original and 0 gapfilled species-level recommendations in this region (ties: most conservative status_adjusted and control_adjusted)",2023,1,1,"genus aggregation; mode across 1 original and 0 gapfilled species-level recommendations in this region (ties: most conservative status_adjusted and control_adjusted)","penalized if catch exceeds 2018-2022 mean; not penalized below mean",1
2019,"region_9","rhizoprionodon",268404.05,381,278588.67,5,"maximally harvested","no increase","genus aggregation; mode across 1 original and 0 gapfilled species-level recommendations in this region (ties: most conservative status_adjusted and control_adjusted)",2023,1,1,"genus aggregation; mode across 1 original and 0 gapfilled species-level recommendations in this region (ties: most conservative status_adjusted and control_adjusted)","penalized if catch exceeds 2018-2022 mean; not penalized below mean",1
2020,"region_9","rhizoprionodon",266471.5,295,278588.67,5,"maximally harvested","no increase","genus aggregation; mode across 1 original and 0 gapfilled species-level recommendations in this region (ties: most conservative status_adjusted and control_adjusted)",2023,1,1,"genus aggregation; mode across 1 original and 0 gapfilled species-level recommendations in this region (ties: most conservative status_adjusted and control_adjusted)","penalized if catch exceeds 2018-2022 mean; not penalized below mean",1
2021,"region_9","rhizoprionodon",224314.35,252,278588.67,5,"maximally harvested","no increase","genus aggregation; mode across 1 original and 0 gapfilled species-level recommendations in this region (ties: most conservative status_adjusted and control_adjusted)",2023,1,1,"genus aggregation; mode across 1 original and 0 gapfilled species-level recommendations in this region (ties: most conservative status_adjusted and control_adjusted)","penalized if catch exceeds 2018-2022 mean; not penalized below mean",1
2022,"region_9","rhizoprionodon",343622.95,313,278588.67,5,"maximally harvested","no increase","genus aggregation; mode across 1 original and 0 gapfilled species-level recommendations in this region (ties: most conservative status_adjusted and control_adjusted)",2023,1,1,"genus aggregation; mode across 1 original and 0 gapfilled species-level recommendations in this region (ties: most conservative status_adjusted and control_adjusted)","penalized if catch exceeds 2018-2022 mean; not penalized below mean",0.810739416561088
2023,"region_9","rhizoprionodon",2750,1,278588.67,5,"maximally harvested","no increase","genus aggregation; mode across 1 original and 0 gapfilled species-level recommendations in this region (ties: most conservative status_adjusted and control_adjusted)",2023,1,1,"genus aggregation; mode across 1 original and 0 gapfilled species-level recommendations in this region (ties: most conservative status_adjusted and control_adjusted)","penalized if catch exceeds 2018-2022 mean; not penalized below mean",1
2024,"region_9","rhizoprionodon",250,2,278588.67,5,"maximally harvested","no increase","genus aggregation; mode across 1 original and 0 gapfilled species-level recommendations in this region (ties: most conservative status_adjusted and control_adjusted)",2023,1,1,"genus aggregation; mode across 1 original and 0 gapfilled species-level recommendations in this region (ties: most conservative status_adjusted and control_adjusted)","penalized if catch exceeds 2018-2022 mean; not penalized below mean",1
2018,"region_9","sarda",12152.8,47,27470.64,5,"development potential","no increase","genus aggregation; mode across 0 original and 1 gapfilled species-level recommendations in this region (ties: most conservative status_adjusted and control_adjusted)",2012,1,0,"genus aggregation; mode across 0 original and 1 gapfilled species-level recommendations in this region (ties: most conservative status_adjusted and control_adjusted)","development potential (score = 1; no underfishing penalty)",1
2019,"region_9","sarda",11329,45,27470.64,5,"development potential","no increase","genus aggregation; mode across 0 original and 1 gapfilled species-level recommendations in this region (ties: most conservative status_adjusted and control_adjusted)",2012,1,0,"genus aggregation; mode across 0 original and 1 gapfilled species-level recommendations in this region (ties: most conservative status_adjusted and control_adjusted)","development potential (score = 1; no underfishing penalty)",1
2020,"region_9","sarda",50327.5,117,27470.64,5,"development potential","no increase","genus aggregation; mode across 0 original and 1 gapfilled species-level recommendations in this region (ties: most conservative status_adjusted and control_adjusted)",2012,1,0,"genus aggregation; mode across 0 original and 1 gapfilled species-level recommendations in this region (ties: most conservative status_adjusted and control_adjusted)","development potential (score = 1; no underfishing penalty)",1
2021,"region_9","sarda",36294,106,27470.64,5,"development potential","no increase","genus aggregation; mode across 0 original and 1 gapfilled species-level recommendations in this region (ties: most conservative status_adjusted and control_adjusted)",2012,1,0,"genus aggregation; mode across 0 original and 1 gapfilled species-level recommendations in this region (ties: most conservative status_adjusted and control_adjusted)","development potential (score = 1; no underfishing penalty)",1
2022,"region_9","sarda",27249.9,66,27470.64,5,"development potential","no increase","genus aggregation; mode across 0 original and 1 gapfilled species-level recommendations in this region (ties: most conservative status_adjusted and control_adjusted)",2012,1,0,"genus aggregation; mode across 0 original and 1 gapfilled species-level recommendations in this region (ties: most conservative status_adjusted and control_adjusted)","development potential (score = 1; no underfishing penalty)",1
2018,"region_9","scomberomorus",1111972.1,2886,826383.64,5,"maximally harvested","no increase","genus aggregation; mode across 2 original and 0 gapfilled species-level recommendations in this region (ties: most conservative status_adjusted and control_adjusted)",2023,2,2,"genus aggregation; mode across 2 original and 0 gapfilled species-level recommendations in this region (ties: most conservative status_adjusted and control_adjusted)","penalized if catch exceeds 2018-2022 mean; not penalized below mean",0.743169401462501
2019,"region_9","scomberomorus",884063.9,2473,826383.64,5,"maximally harvested","no increase","genus aggregation; mode across 2 original and 0 gapfilled species-level recommendations in this region (ties: most conservative status_adjusted and control_adjusted)",2023,2,2,"genus aggregation; mode across 2 original and 0 gapfilled species-level recommendations in this region (ties: most conservative status_adjusted and control_adjusted)","penalized if catch exceeds 2018-2022 mean; not penalized below mean",0.93475555330333
2020,"region_9","scomberomorus",646150,1926,826383.64,5,"maximally harvested","no increase","genus aggregation; mode across 2 original and 0 gapfilled species-level recommendations in this region (ties: most conservative status_adjusted and control_adjusted)",2023,2,2,"genus aggregation; mode across 2 original and 0 gapfilled species-level recommendations in this region (ties: most conservative status_adjusted and control_adjusted)","penalized if catch exceeds 2018-2022 mean; not penalized below mean",1
2021,"region_9","scomberomorus",677100.6,1759,826383.64,5,"maximally harvested","no increase","genus aggregation; mode across 2 original and 0 gapfilled species-level recommendations in this region (ties: most conservative status_adjusted and control_adjusted)",2023,2,2,"genus aggregation; mode across 2 original and 0 gapfilled species-level recommendations in this region (ties: most conservative status_adjusted and control_adjusted)","penalized if catch exceeds 2018-2022 mean; not penalized below mean",1
2022,"region_9","scomberomorus",812631.6,1743,826383.64,5,"maximally harvested","no increase","genus aggregation; mode across 2 original and 0 gapfilled species-level recommendations in this region (ties: most conservative status_adjusted and control_adjusted)",2023,2,2,"genus aggregation; mode across 2 original and 0 gapfilled species-level recommendations in this region (ties: most conservative status_adjusted and control_adjusted)","penalized if catch exceeds 2018-2022 mean; not penalized below mean",1
2023,"region_9","scomberomorus",612733,1505,826383.64,5,"maximally harvested","no increase","genus aggregation; mode across 2 original and 0 gapfilled species-level recommendations in this region (ties: most conservative status_adjusted and control_adjusted)",2023,2,2,"genus aggregation; mode across 2 original and 0 gapfilled species-level recommendations in this region (ties: most conservative status_adjusted and control_adjusted)","penalized if catch exceeds 2018-2022 mean; not penalized below mean",1
2024,"region_9","scomberomorus",591005.43,1362,826383.64,5,"maximally harvested","no increase","genus aggregation; mode across 2 original and 0 gapfilled species-level recommendations in this region (ties: most conservative status_adjusted and control_adjusted)",2023,2,2,"genus aggregation; mode across 2 original and 0 gapfilled species-level recommendations in this region (ties: most conservative status_adjusted and control_adjusted)","penalized if catch exceeds 2018-2022 mean; not penalized below mean",1
2018,"region_9","sphoeroides",33697.2,121,32687.93,5,"maximally harvested","no increase","genus aggregation; mode across 3 original and 0 gapfilled species-level recommendations in this region (ties: most conservative status_adjusted and control_adjusted)",2023,3,3,"genus aggregation; mode across 3 original and 0 gapfilled species-level recommendations in this region (ties: most conservative status_adjusted and control_adjusted)","penalized if catch exceeds 2018-2022 mean; not penalized below mean",1
2019,"region_9","sphoeroides",24647.3,116,32687.93,5,"maximally harvested","no increase","genus aggregation; mode across 3 original and 0 gapfilled species-level recommendations in this region (ties: most conservative status_adjusted and control_adjusted)",2023,3,3,"genus aggregation; mode across 3 original and 0 gapfilled species-level recommendations in this region (ties: most conservative status_adjusted and control_adjusted)","penalized if catch exceeds 2018-2022 mean; not penalized below mean",1
2020,"region_9","sphoeroides",26356.1,98,32687.93,5,"maximally harvested","no increase","genus aggregation; mode across 3 original and 0 gapfilled species-level recommendations in this region (ties: most conservative status_adjusted and control_adjusted)",2023,3,3,"genus aggregation; mode across 3 original and 0 gapfilled species-level recommendations in this region (ties: most conservative status_adjusted and control_adjusted)","penalized if catch exceeds 2018-2022 mean; not penalized below mean",1
2021,"region_9","sphoeroides",43803.1,156,32687.93,5,"maximally harvested","no increase","genus aggregation; mode across 3 original and 0 gapfilled species-level recommendations in this region (ties: most conservative status_adjusted and control_adjusted)",2023,3,3,"genus aggregation; mode across 3 original and 0 gapfilled species-level recommendations in this region (ties: most conservative status_adjusted and control_adjusted)","penalized if catch exceeds 2018-2022 mean; not penalized below mean",0.746246955124181
2022,"region_9","sphoeroides",34935.95,122,32687.93,5,"maximally harvested","no increase","genus aggregation; mode across 3 original and 0 gapfilled species-level recommendations in this region (ties: most conservative status_adjusted and control_adjusted)",2023,3,3,"genus aggregation; mode across 3 original and 0 gapfilled species-level recommendations in this region (ties: most conservative status_adjusted and control_adjusted)","penalized if catch exceeds 2018-2022 mean; not penalized below mean",0.935653102320103
2023,"region_9","sphoeroides",26381,121,32687.93,5,"maximally harvested","no increase","genus aggregation; mode across 3 original and 0 gapfilled species-level recommendations in this region (ties: most conservative status_adjusted and control_adjusted)",2023,3,3,"genus aggregation; mode across 3 original and 0 gapfilled species-level recommendations in this region (ties: most conservative status_adjusted and control_adjusted)","penalized if catch exceeds 2018-2022 mean; not penalized below mean",1
2024,"region_9","sphoeroides",47128.85,171,32687.93,5,"maximally harvested","no increase","genus aggregation; mode across 3 original and 0 gapfilled species-level recommendations in this region (ties: most conservative status_adjusted and control_adjusted)",2023,3,3,"genus aggregation; mode across 3 original and 0 gapfilled species-level recommendations in this region (ties: most conservative status_adjusted and control_adjusted)","penalized if catch exceeds 2018-2022 mean; not penalized below mean",0.693586412568947
2018,"region_9","sphyrna",422690,147,254226.97,5,"maximally harvested","no increase","genus aggregation; mode across 3 original and 0 gapfilled species-level recommendations in this region (ties: most conservative status_adjusted and control_adjusted)",2023,3,3,"genus aggregation; mode across 3 original and 0 gapfilled species-level recommendations in this region (ties: most conservative status_adjusted and control_adjusted)","penalized if catch exceeds 2018-2022 mean; not penalized below mean",0.6014501644231
2019,"region_9","sphyrna",604578.8,290,254226.97,5,"maximally harvested","no increase","genus aggregation; mode across 3 original and 0 gapfilled species-level recommendations in this region (ties: most conservative status_adjusted and control_adjusted)",2023,3,3,"genus aggregation; mode across 3 original and 0 gapfilled species-level recommendations in this region (ties: most conservative status_adjusted and control_adjusted)","penalized if catch exceeds 2018-2022 mean; not penalized below mean",0.420502620998288
2020,"region_9","sphyrna",104508,104,254226.97,5,"maximally harvested","no increase","genus aggregation; mode across 3 original and 0 gapfilled species-level recommendations in this region (ties: most conservative status_adjusted and control_adjusted)",2023,3,3,"genus aggregation; mode across 3 original and 0 gapfilled species-level recommendations in this region (ties: most conservative status_adjusted and control_adjusted)","penalized if catch exceeds 2018-2022 mean; not penalized below mean",1
2021,"region_9","sphyrna",101719,89,254226.97,5,"maximally harvested","no increase","genus aggregation; mode across 3 original and 0 gapfilled species-level recommendations in this region (ties: most conservative status_adjusted and control_adjusted)",2023,3,3,"genus aggregation; mode across 3 original and 0 gapfilled species-level recommendations in this region (ties: most conservative status_adjusted and control_adjusted)","penalized if catch exceeds 2018-2022 mean; not penalized below mean",1
2022,"region_9","sphyrna",37639.05,58,254226.97,5,"maximally harvested","no increase","genus aggregation; mode across 3 original and 0 gapfilled species-level recommendations in this region (ties: most conservative status_adjusted and control_adjusted)",2023,3,3,"genus aggregation; mode across 3 original and 0 gapfilled species-level recommendations in this region (ties: most conservative status_adjusted and control_adjusted)","penalized if catch exceeds 2018-2022 mean; not penalized below mean",1
2023,"region_9","sphyrna",22140,66,254226.97,5,"maximally harvested","no increase","genus aggregation; mode across 3 original and 0 gapfilled species-level recommendations in this region (ties: most conservative status_adjusted and control_adjusted)",2023,3,3,"genus aggregation; mode across 3 original and 0 gapfilled species-level recommendations in this region (ties: most conservative status_adjusted and control_adjusted)","penalized if catch exceeds 2018-2022 mean; not penalized below mean",1
2024,"region_9","sphyrna",43834.8,92,254226.97,5,"maximally harvested","no increase","genus aggregation; mode across 3 original and 0 gapfilled species-level recommendations in this region (ties: most conservative status_adjusted and control_adjusted)",2023,3,3,"genus aggregation; mode across 3 original and 0 gapfilled species-level recommendations in this region (ties: most conservative status_adjusted and control_adjusted)","penalized if catch exceeds 2018-2022 mean; not penalized below mean",1
2018,"region_9","thunnus",639239,579,524260,5,"decreasing","decrease","genus aggregation; mode across 2 original and 0 gapfilled species-level recommendations in this region (ties: most conservative status_adjusted and control_adjusted)",2023,2,2,"genus aggregation; mode across 2 original and 0 gapfilled species-level recommendations in this region (ties: most conservative status_adjusted and control_adjusted)","decreasing stock penalized at/above reference; not penalized below mean",0.410065718768723
2019,"region_9","thunnus",662955,662,524260,5,"decreasing","decrease","genus aggregation; mode across 2 original and 0 gapfilled species-level recommendations in this region (ties: most conservative status_adjusted and control_adjusted)",2023,2,2,"genus aggregation; mode across 2 original and 0 gapfilled species-level recommendations in this region (ties: most conservative status_adjusted and control_adjusted)","decreasing stock penalized at/above reference; not penalized below mean",0.395396369286
2020,"region_9","thunnus",476791.8,642,524260,5,"decreasing","decrease","genus aggregation; mode across 2 original and 0 gapfilled species-level recommendations in this region (ties: most conservative status_adjusted and control_adjusted)",2023,2,2,"genus aggregation; mode across 2 original and 0 gapfilled species-level recommendations in this region (ties: most conservative status_adjusted and control_adjusted)","decreasing stock penalized at/above reference; not penalized below mean",1
2021,"region_9","thunnus",473207,558,524260,5,"decreasing","decrease","genus aggregation; mode across 2 original and 0 gapfilled species-level recommendations in this region (ties: most conservative status_adjusted and control_adjusted)",2023,2,2,"genus aggregation; mode across 2 original and 0 gapfilled species-level recommendations in this region (ties: most conservative status_adjusted and control_adjusted)","decreasing stock penalized at/above reference; not penalized below mean",1
2022,"region_9","thunnus",369107.2,435,524260,5,"decreasing","decrease","genus aggregation; mode across 2 original and 0 gapfilled species-level recommendations in this region (ties: most conservative status_adjusted and control_adjusted)",2023,2,2,"genus aggregation; mode across 2 original and 0 gapfilled species-level recommendations in this region (ties: most conservative status_adjusted and control_adjusted)","decreasing stock penalized at/above reference; not penalized below mean",1
2023,"region_9","thunnus",373319,473,524260,5,"decreasing","decrease","genus aggregation; mode across 2 original and 0 gapfilled species-level recommendations in this region (ties: most conservative status_adjusted and control_adjusted)",2023,2,2,"genus aggregation; mode across 2 original and 0 gapfilled species-level recommendations in this region (ties: most conservative status_adjusted and control_adjusted)","decreasing stock penalized at/above reference; not penalized below mean",1
2024,"region_9","thunnus",344214,429,524260,5,"decreasing","decrease","genus aggregation; mode across 2 original and 0 gapfilled species-level recommendations in this region (ties: most conservative status_adjusted and control_adjusted)",2023,2,2,"genus aggregation; mode across 2 original and 0 gapfilled species-level recommendations in this region (ties: most conservative status_adjusted and control_adjusted)","decreasing stock penalized at/above reference; not penalized below mean",1
2018,"region_9","xiphias",1007.5,7,1200.9375,4,"development potential","increase","genus aggregation; mode across 0 original and 1 gapfilled species-level recommendations in this region (ties: most conservative status_adjusted and control_adjusted)",2012,1,0,"genus aggregation; mode across 0 original and 1 gapfilled species-level recommendations in this region (ties: most conservative status_adjusted and control_adjusted)","development potential (score = 1; no underfishing penalty)",1
2019,"region_9","xiphias",843.75,6,1200.9375,4,"development potential","increase","genus aggregation; mode across 0 original and 1 gapfilled species-level recommendations in this region (ties: most conservative status_adjusted and control_adjusted)",2012,1,0,"genus aggregation; mode across 0 original and 1 gapfilled species-level recommendations in this region (ties: most conservative status_adjusted and control_adjusted)","development potential (score = 1; no underfishing penalty)",1
2020,"region_9","xiphias",1446.25,9,1200.9375,4,"development potential","increase","genus aggregation; mode across 0 original and 1 gapfilled species-level recommendations in this region (ties: most conservative status_adjusted and control_adjusted)",2012,1,0,"genus aggregation; mode across 0 original and 1 gapfilled species-level recommendations in this region (ties: most conservative status_adjusted and control_adjusted)","development potential (score = 1; no underfishing penalty)",1
2021,"region_9","xiphias",1506.25,8,1200.9375,4,"development potential","increase","genus aggregation; mode across 0 original and 1 gapfilled species-level recommendations in this region (ties: most conservative status_adjusted and control_adjusted)",2012,1,0,"genus aggregation; mode across 0 original and 1 gapfilled species-level recommendations in this region (ties: most conservative status_adjusted and control_adjusted)","development potential (score = 1; no underfishing penalty)",1
