"year","OHI_Region_No","estimated_genus_name","status","Annual_Catch_kg","Catch_t2_vs_Catch_t1","control","notes","CNP_score"
2023,"region_1","alopias","maximally harvested",1760,"increased","no increase",NA,0.6
2022,"region_1","argopecten","maximally harvested",24525,"increased","no increase",NA,0.6
2019,"region_1","carcharhinus","maximally harvested",100,"decreased","no increase",NA,0.8
2020,"region_1","carcharhinus","maximally harvested",2453.25,"increased","no increase",NA,0.6
2021,"region_1","carcharhinus","maximally harvested",1790,"decreased","no increase",NA,0.8
2022,"region_1","carcharhinus","maximally harvested",2107.5,"similar","no increase",NA,0.7
2023,"region_1","carcharhinus","maximally harvested",35,"decreased","no increase",NA,0.8
2019,"region_1","chione","maximally harvested",160171,"similar","no increase","Sonora was undetermined, but decided to go with the value of surrounding regions",0.7
2020,"region_1","chione","maximally harvested",142635,"similar","no increase","Sonora was undetermined, but decided to go with the value of surrounding regions",0.7
2021,"region_1","chione","maximally harvested",188149,"increased","no increase","Sonora was undetermined, but decided to go with the value of surrounding regions",0.6
2022,"region_1","chione","maximally harvested",226954,"increased","no increase","Sonora was undetermined, but decided to go with the value of surrounding regions",0.6
2023,"region_1","chione","maximally harvested",225609,"similar","no increase","Sonora was undetermined, but decided to go with the value of surrounding regions",0.7
2019,"region_1","cynoscion","maximally harvested",28335.5,"similar","no increase",NA,0.7
2020,"region_1","cynoscion","maximally harvested",24990,"similar","no increase",NA,0.7
2021,"region_1","cynoscion","maximally harvested",64304.6,"increased","no increase",NA,0.6
2022,"region_1","cynoscion","maximally harvested",64586.7,"similar","no increase",NA,0.7
2023,"region_1","cynoscion","maximally harvested",180928,"increased","no increase",NA,0.6
2024,"region_1","cynoscion","maximally harvested",50375.5,"decreased","no increase",NA,0.8
2022,"region_1","dosinia","unclear",11356,"increased",NA,"capture records are recent in this area, no pattern available",NA
2024,"region_1","dosinia","unclear",1875,"decreased",NA,"capture records are recent in this area, no pattern available",NA
2019,"region_1","galeorhinus","maximally harvested",330,NA,"no increase",NA,NA
2022,"region_1","galeorhinus","maximally harvested",4352,"increased","no increase",NA,0.6
2023,"region_1","galeorhinus","maximally harvested",3603,"similar","no increase",NA,0.7
2024,"region_1","galeorhinus","maximally harvested",5676,"increased","no increase",NA,0.6
2022,"region_1","haliotis","deteriorating",88.06,"decreased","decrease","specifically says to not increase fishing effort on the Pacific Coast, but will assume standard throughout Baja",0.6
2023,"region_1","haliotis","deteriorating",112,"increased","decrease","specifically says to not increase fishing effort on the Pacific Coast, but will assume standard throughout Baja",0.4
2024,"region_1","haliotis","deteriorating",1190.26,"increased","decrease","specifically says to not increase fishing effort on the Pacific Coast, but will assume standard throughout Baja",0.4
2024,"region_1","hoplopagrus","maximally harvested",1035,"increased","no increase",NA,0.6
2020,"region_1","isurus","maximally harvested",8176.5,"increased","no increase",NA,0.6
2021,"region_1","isurus","maximally harvested",440,"decreased","no increase",NA,0.8
2022,"region_1","isurus","maximally harvested",7111.5,"increased","no increase",NA,0.6
2023,"region_1","isurus","maximally harvested",3039,"decreased","no increase",NA,0.8
2024,"region_1","isurus","maximally harvested",2090,"decreased","no increase",NA,0.8
2019,"region_1","lutjanus","maximally harvested",536,"decreased","no increase",NA,0.8
2020,"region_1","lutjanus","maximally harvested",12399,"increased","no increase",NA,0.6
2021,"region_1","lutjanus","maximally harvested",183.8,"decreased","no increase",NA,0.8
2022,"region_1","lutjanus","maximally harvested",674.5,"increased","no increase",NA,0.6
2023,"region_1","lutjanus","maximally harvested",2835,"increased","no increase",NA,0.6
2024,"region_1","lutjanus","maximally harvested",1083.8,"decreased","no increase",NA,0.8
2020,"region_1","megastraea","deteriorating",23280,"increased","decrease","recommendation is no increase, but decided to go with decrease based on deterioration",0.4
2021,"region_1","megastraea","deteriorating",3000,"decreased","decrease","recommendation is no increase, but decided to go with decrease based on deterioration",0.6
2022,"region_1","megastraea","deteriorating",13000,"increased","decrease","recommendation is no increase, but decided to go with decrease based on deterioration",0.4
2023,"region_1","megastraea","deteriorating",700,"decreased","decrease","recommendation is no increase, but decided to go with decrease based on deterioration",0.6
2024,"region_1","megastraea","deteriorating",6300,"increased","decrease","recommendation is no increase, but decided to go with decrease based on deterioration",0.4
2021,"region_1","mugil","deteriorating",125,"decreased","decrease",NA,0.6
2022,"region_1","mugil","deteriorating",400,"increased","decrease",NA,0.4
2020,"region_1","mustelus","maximally harvested",3906.25,"increased","no increase",NA,0.6
2021,"region_1","mustelus","maximally harvested",23650,"increased","no increase",NA,0.6
2022,"region_1","mustelus","maximally harvested",1189.85,"decreased","no increase",NA,0.8
2023,"region_1","mustelus","maximally harvested",3794,"increased","no increase",NA,0.6
2024,"region_1","mustelus","maximally harvested",10159.9,"increased","no increase",NA,0.6
2019,"region_1","panopea","maximally harvested",777654,"increased","no increase","Within region variation in status, took most conservative",0.6
2020,"region_1","panopea","maximally harvested",965768,"increased","no increase","Within region variation in status, took most conservative",0.6
2021,"region_1","panopea","maximally harvested",1245748,"increased","no increase","Within region variation in status, took most conservative",0.6
2022,"region_1","panopea","maximally harvested",1320237,"similar","no increase","Within region variation in status, took most conservative",0.7
2023,"region_1","panopea","maximally harvested",1467747,"similar","no increase","Within region variation in status, took most conservative",0.7
2024,"region_1","panopea","maximally harvested",957853,"decreased","no increase","Within region variation in status, took most conservative",0.8
2019,"region_1","panulirus",NA,42925,"increased",NA,NA,NA
2020,"region_1","panulirus",NA,39741,"similar",NA,NA,NA
2021,"region_1","panulirus",NA,32255,"similar",NA,NA,NA
2022,"region_1","panulirus",NA,32148,"similar",NA,NA,NA
2023,"region_1","panulirus",NA,46792,"increased",NA,NA,NA
2024,"region_1","panulirus",NA,43120,"similar",NA,NA,NA
2019,"region_1","paralabrax","maximally harvested",32885.9,"increased","no increase",NA,0.6
2020,"region_1","paralabrax","maximally harvested",7847.9,"decreased","no increase",NA,0.8
2021,"region_1","paralabrax","maximally harvested",6908.5,"similar","no increase",NA,0.7
2022,"region_1","paralabrax","maximally harvested",32095.9,"increased","no increase",NA,0.6
2023,"region_1","paralabrax","maximally harvested",16542,"decreased","no increase",NA,0.8
2024,"region_1","paralabrax","maximally harvested",15527,"similar","no increase",NA,0.7
2020,"region_1","prionace","maximally harvested",2282.5,"increased","no increase",NA,0.6
2022,"region_1","prionace","maximally harvested",2035,"similar","no increase",NA,0.7
2023,"region_1","prionace","maximally harvested",20,"decreased","no increase",NA,0.8
2024,"region_1","prionace","maximally harvested",214.5,"increased","no increase",NA,0.6
2019,"region_1","rhizoprionodon","maximally harvested",1848,"increased","no increase",NA,0.6
2020,"region_1","rhizoprionodon","maximally harvested",1985.5,"similar","no increase",NA,0.7
2021,"region_1","rhizoprionodon","maximally harvested",332,"decreased","no increase",NA,0.8
2022,"region_1","rhizoprionodon","maximally harvested",9361.5,"increased","no increase",NA,0.6
2019,"region_1","scomberomorus","maximally harvested",104305,"increased","no increase",NA,0.6
2020,"region_1","scomberomorus","maximally harvested",65881,"decreased","no increase",NA,0.8
2021,"region_1","scomberomorus","maximally harvested",818398,"increased","no increase",NA,0.6
2022,"region_1","scomberomorus","maximally harvested",1037067,"increased","no increase",NA,0.6
2023,"region_1","scomberomorus","maximally harvested",723256,"decreased","no increase",NA,0.8
2024,"region_1","scomberomorus","maximally harvested",1444694,"increased","no increase",NA,0.6
2020,"region_1","strongylocentrotus","deteriorating",500,"increased","decrease",NA,0.4
2020,"region_1_2_baja_tbd","chione",NA,1700,NA,NA,NA,NA
2021,"region_1_2_baja_tbd","chione",NA,255,"decreased",NA,NA,NA
2019,"region_1_2_baja_tbd","cynoscion",NA,16025.9,"increased",NA,NA,NA
2020,"region_1_2_baja_tbd","cynoscion",NA,1576.2,"decreased",NA,NA,NA
2021,"region_1_2_baja_tbd","cynoscion",NA,23158.6,"increased",NA,NA,NA
2022,"region_1_2_baja_tbd","cynoscion",NA,2437,"decreased",NA,NA,NA
2023,"region_1_2_baja_tbd","cynoscion",NA,500,"decreased",NA,NA,NA
2024,"region_1_2_baja_tbd","cynoscion",NA,382.5,"decreased",NA,NA,NA
2021,"region_1_2_baja_tbd","mugil",NA,1200,"decreased",NA,NA,NA
2019,"region_1_2_baja_tbd","mustelus",NA,150,NA,NA,NA,NA
2020,"region_1_2_baja_tbd","octopus",NA,666,"decreased",NA,NA,NA
2021,"region_1_2_baja_tbd","octopus",NA,316,"decreased",NA,NA,NA
2019,"region_1_2_baja_tbd","panopea",NA,187,"decreased",NA,NA,NA
2020,"region_1_2_baja_tbd","panopea",NA,23023,"increased",NA,NA,NA
2021,"region_1_2_baja_tbd","panopea",NA,20956,"similar",NA,NA,NA
2022,"region_1_2_baja_tbd","panopea",NA,8790,"decreased",NA,NA,NA
2024,"region_1_2_baja_tbd","panopea",NA,360,"decreased",NA,NA,NA
2021,"region_1_2_baja_tbd","panulirus",NA,110,"decreased",NA,NA,NA
2020,"region_1_2_baja_tbd","paralabrax",NA,872,"decreased",NA,NA,NA
2024,"region_1_2_baja_tbd","paralabrax",NA,4.4,"decreased",NA,NA,NA
2019,"region_1_2_baja_tbd","rhizoprionodon",NA,400,NA,NA,NA,NA
2020,"region_1_2_baja_tbd","scomberomorus",NA,200,"decreased",NA,NA,NA
2021,"region_1_2_baja_tbd","scomberomorus",NA,15000,"increased",NA,NA,NA
2020,"region_1_2_baja_tbd","strongylocentrotus",NA,400,"decreased",NA,NA,NA
2024,"region_1_2_baja_tbd","strongylocentrotus",NA,500,"increased",NA,NA,NA
2019,"region_1_2_baja_tbd","thunnus",NA,474782,NA,NA,NA,NA
2024,"region_1_2_baja_tbd","thunnus",NA,432051,"similar",NA,NA,NA
2020,"region_2","alopias","maximally harvested",2802.5,"decreased","no increase",NA,0.8
2021,"region_2","alopias","maximally harvested",1050,"decreased","no increase",NA,0.8
2022,"region_2","alopias","maximally harvested",863.5,"similar","no increase",NA,0.7
2023,"region_2","alopias","maximally harvested",359,"decreased","no increase",NA,0.8
2024,"region_2","alopias","maximally harvested",14760,"increased","no increase",NA,0.6
2022,"region_2","argopecten","maximally harvested",450,"decreased","no increase",NA,0.8
2023,"region_2","argopecten","maximally harvested",1405,"increased","no increase",NA,0.6
2024,"region_2","argopecten","maximally harvested",38620,"increased","no increase",NA,0.6
2020,"region_2","carcharhinus","maximally harvested",79547.2,"decreased","no increase",NA,0.8
2021,"region_2","carcharhinus","maximally harvested",17372.2,"decreased","no increase",NA,0.8
2022,"region_2","carcharhinus","maximally harvested",41603.6,"increased","no increase",NA,0.6
2023,"region_2","carcharhinus","maximally harvested",30693,"decreased","no increase",NA,0.8
2024,"region_2","carcharhinus","maximally harvested",31.4,"decreased","no increase",NA,0.8
2021,"region_2","centropomus","maximally harvested",66,NA,"no increase",NA,NA
2019,"region_2","cynoscion","maximally harvested",272876.2,"similar","no increase",NA,0.7
2020,"region_2","cynoscion","maximally harvested",273233.35,"similar","no increase",NA,0.7
2021,"region_2","cynoscion","maximally harvested",347719.15,"increased","no increase",NA,0.6
2022,"region_2","cynoscion","maximally harvested",182814.3,"decreased","no increase",NA,0.8
2023,"region_2","cynoscion","maximally harvested",441263,"increased","no increase",NA,0.6
2024,"region_2","cynoscion","maximally harvested",463851.1,"similar","no increase",NA,0.7
2019,"region_2","dosinia","unclear",36131,"increased",NA,"capture records are recent in this area, no pattern available",NA
2020,"region_2","dosinia","unclear",32397,"similar",NA,"capture records are recent in this area, no pattern available",NA
2021,"region_2","dosinia","unclear",9731,"decreased",NA,"capture records are recent in this area, no pattern available",NA
2022,"region_2","dosinia","unclear",53265,"increased",NA,"capture records are recent in this area, no pattern available",NA
2023,"region_2","dosinia","unclear",26313,"decreased",NA,"capture records are recent in this area, no pattern available",NA
2024,"region_2","dosinia","unclear",49876,"increased",NA,"capture records are recent in this area, no pattern available",NA
2022,"region_2","galeocerdo","maximally harvested",120,"decreased","no increase",NA,0.8
2020,"region_2","galeorhinus","maximally harvested",2010,"increased","no increase",NA,0.6
2021,"region_2","galeorhinus","maximally harvested",1050,"decreased","no increase",NA,0.8
2022,"region_2","galeorhinus","maximally harvested",5149.55,"increased","no increase",NA,0.6
2023,"region_2","galeorhinus","maximally harvested",250,"decreased","no increase",NA,0.8
2024,"region_2","galeorhinus","maximally harvested",3749.9,"increased","no increase",NA,0.6
2019,"region_2","hoplopagrus","maximally harvested",415,"increased","no increase",NA,0.6
2020,"region_2","hoplopagrus","maximally harvested",3044,"increased","no increase",NA,0.6
2021,"region_2","hoplopagrus","maximally harvested",452.5,"decreased","no increase",NA,0.8
2022,"region_2","hoplopagrus","maximally harvested",1198.9,"increased","no increase",NA,0.6
2023,"region_2","hoplopagrus","maximally harvested",2907,"increased","no increase",NA,0.6
2024,"region_2","hoplopagrus","maximally harvested",12851.9,"increased","no increase",NA,0.6
2019,"region_2","isurus","maximally harvested",12278,"increased","no increase",NA,0.6
2020,"region_2","isurus","maximally harvested",4455,"decreased","no increase",NA,0.8
2021,"region_2","isurus","maximally harvested",8762.2,"increased","no increase",NA,0.6
2022,"region_2","isurus","maximally harvested",8773.2,"similar","no increase",NA,0.7
2023,"region_2","isurus","maximally harvested",3663,"decreased","no increase",NA,0.8
2024,"region_2","isurus","maximally harvested",6581.5,"increased","no increase",NA,0.6
2019,"region_2","lutjanus","maximally harvested",18359.9,"similar","no increase",NA,0.7
2020,"region_2","lutjanus","maximally harvested",31340.55,"increased","no increase",NA,0.6
2021,"region_2","lutjanus","maximally harvested",31924.6,"similar","no increase",NA,0.7
2022,"region_2","lutjanus","maximally harvested",28654.95,"similar","no increase",NA,0.7
2023,"region_2","lutjanus","maximally harvested",37390,"increased","no increase",NA,0.6
2024,"region_2","lutjanus","maximally harvested",31745.4,"similar","no increase",NA,0.7
2019,"region_2","megapitaria","maximally harvested",4753,"increased","no increase","Within region variation in status, took most conservative",0.6
2021,"region_2","megapitaria","maximally harvested",900,"decreased","no increase","Within region variation in status, took most conservative",0.8
2022,"region_2","megapitaria","maximally harvested",1425,"increased","no increase","Within region variation in status, took most conservative",0.6
2023,"region_2","megapitaria","maximally harvested",1015,"decreased","no increase","Within region variation in status, took most conservative",0.8
2021,"region_2","megastraea","deteriorating",7029,"increased","decrease","recommendation is no increase, but decided to go with decrease based on deterioration",0.4
2019,"region_2","mugil","deteriorating",36503,"decreased","decrease",NA,0.6
2020,"region_2","mugil","deteriorating",33814,"similar","decrease",NA,0.5
2021,"region_2","mugil","deteriorating",23173,"decreased","decrease",NA,0.6
2022,"region_2","mugil","deteriorating",25463,"similar","decrease",NA,0.5
2019,"region_2","mustelus","maximally harvested",4212.5,"increased","no increase",NA,0.6
2020,"region_2","mustelus","maximally harvested",1028.75,"decreased","no increase",NA,0.8
2021,"region_2","mustelus","maximally harvested",1981.25,"increased","no increase",NA,0.6
2022,"region_2","mustelus","maximally harvested",67132.25,"increased","no increase",NA,0.6
2023,"region_2","mustelus","maximally harvested",14497,"decreased","no increase",NA,0.8
2024,"region_2","mustelus","maximally harvested",40101,"increased","no increase",NA,0.6
2020,"region_2","nasolamia","maximally harvested",125,NA,"no increase",NA,NA
2019,"region_2","negaprion","maximally harvested",18,"decreased","no increase",NA,0.8
2020,"region_2","octopus","maximally harvested",2389.2,"decreased","no increase",NA,0.8
2019,"region_2","panopea","maximally harvested",309718,"similar","no increase","Within region variation in status, took most conservative",0.7
2020,"region_2","panopea","maximally harvested",372669,"increased","no increase","Within region variation in status, took most conservative",0.6
2021,"region_2","panopea","maximally harvested",397944,"similar","no increase","Within region variation in status, took most conservative",0.7
2022,"region_2","panopea","maximally harvested",298297,"decreased","no increase","Within region variation in status, took most conservative",0.8
2023,"region_2","panopea","maximally harvested",457782,"increased","no increase","Within region variation in status, took most conservative",0.6
2024,"region_2","panopea","maximally harvested",339651,"decreased","no increase","Within region variation in status, took most conservative",0.8
2019,"region_2","panulirus",NA,14330,"similar",NA,NA,NA
2020,"region_2","panulirus",NA,9908,"decreased",NA,NA,NA
2021,"region_2","panulirus",NA,6335,"decreased",NA,NA,NA
2022,"region_2","panulirus",NA,8068,"increased",NA,NA,NA
2023,"region_2","panulirus",NA,7094,"similar",NA,NA,NA
2024,"region_2","panulirus",NA,5442,"decreased",NA,NA,NA
2019,"region_2","paralabrax","maximally harvested",399187.05,"increased","no increase",NA,0.6
2020,"region_2","paralabrax","maximally harvested",439082.9,"similar","no increase",NA,0.7
2021,"region_2","paralabrax","maximally harvested",425058.2,"similar","no increase",NA,0.7
2022,"region_2","paralabrax","maximally harvested",403670.2,"similar","no increase",NA,0.7
2023,"region_2","paralabrax","maximally harvested",453533,"similar","no increase",NA,0.7
2024,"region_2","paralabrax","maximally harvested",551829.3,"increased","no increase",NA,0.6
2020,"region_2","prionace","maximally harvested",3320,"decreased","no increase",NA,0.8
2021,"region_2","prionace","maximally harvested",10308.5,"increased","no increase",NA,0.6
2022,"region_2","prionace","maximally harvested",35422,"increased","no increase",NA,0.6
2023,"region_2","prionace","maximally harvested",4505,"decreased","no increase",NA,0.8
2024,"region_2","prionace","maximally harvested",87251.5,"increased","no increase",NA,0.6
2019,"region_2","rhizoprionodon","maximally harvested",15778.35,"decreased","no increase",NA,0.8
2020,"region_2","rhizoprionodon","maximally harvested",96032.75,"increased","no increase",NA,0.6
2021,"region_2","rhizoprionodon","maximally harvested",53479.45,"decreased","no increase",NA,0.8
2022,"region_2","rhizoprionodon","maximally harvested",173754.55,"increased","no increase",NA,0.6
2019,"region_2","scomberomorus","maximally harvested",3060744,"similar","no increase",NA,0.7
2020,"region_2","scomberomorus","maximally harvested",2271568.8,"decreased","no increase",NA,0.8
2021,"region_2","scomberomorus","maximally harvested",1760539.3,"decreased","no increase",NA,0.8
2022,"region_2","scomberomorus","maximally harvested",1541280,"similar","no increase",NA,0.7
2023,"region_2","scomberomorus","maximally harvested",1153887,"decreased","no increase",NA,0.8
2024,"region_2","scomberomorus","maximally harvested",2561787,"increased","no increase",NA,0.6
2019,"region_2","sphoeroides",NA,28,"decreased",NA,"Seems they might lump these Botetes into one species?",NA
2020,"region_2","sphoeroides",NA,842,"increased",NA,"Seems they might lump these Botetes into one species?",NA
2021,"region_2","sphoeroides",NA,4261.5,"increased",NA,"Seems they might lump these Botetes into one species?",NA
2022,"region_2","sphoeroides",NA,5979.8,"increased",NA,"Seems they might lump these Botetes into one species?",NA
2023,"region_2","sphoeroides",NA,1293,"decreased",NA,"Seems they might lump these Botetes into one species?",NA
2024,"region_2","sphoeroides",NA,2533.2,"increased",NA,"Seems they might lump these Botetes into one species?",NA
2021,"region_2","sphyrna","maximally harvested",350,"similar","no increase",NA,0.7
2022,"region_2","sphyrna","maximally harvested",10250.3,"increased","no increase",NA,0.6
2022,"region_2","strongylocentrotus","deteriorating",900,"increased","decrease",NA,0.4
2019,"region_2","thunnus","deteriorating",133618,"increased","no increase","recovery phase",0.4
2021,"region_2","thunnus","deteriorating",3462,"decreased","no increase","recovery phase",0.6
2022,"region_2","thunnus","deteriorating",226877,"increased","no increase","recovery phase",0.4
2024,"region_2","thunnus","deteriorating",3564391,"increased","no increase","recovery phase",0.4
2019,"region_3","alopias","maximally harvested",28567.6,"decreased","no increase",NA,0.8
2020,"region_3","alopias","maximally harvested",4665.5,"decreased","no increase",NA,0.8
2021,"region_3","alopias","maximally harvested",11425.4,"increased","no increase",NA,0.6
2022,"region_3","alopias","maximally harvested",4228,"decreased","no increase",NA,0.8
2023,"region_3","alopias","maximally harvested",2854,"decreased","no increase",NA,0.8
2024,"region_3","alopias","maximally harvested",4107.9,"increased","no increase",NA,0.6
2019,"region_3","carcharhinus","maximally harvested",22834,"similar","no increase",NA,0.7
2020,"region_3","carcharhinus","maximally harvested",10937.5,"decreased","no increase",NA,0.8
2021,"region_3","carcharhinus","maximally harvested",9167.5,"similar","no increase",NA,0.7
2022,"region_3","carcharhinus","maximally harvested",18318.5,"increased","no increase",NA,0.6
2023,"region_3","carcharhinus","maximally harvested",6250,"decreased","no increase",NA,0.8
2024,"region_3","carcharhinus","maximally harvested",13922.4,"increased","no increase",NA,0.6
2019,"region_3","centropomus","maximally harvested",185.4,"decreased","no increase",NA,0.8
2020,"region_3","centropomus","maximally harvested",294.8,"increased","no increase",NA,0.6
2021,"region_3","centropomus","maximally harvested",42.9,"decreased","no increase",NA,0.8
2022,"region_3","centropomus","maximally harvested",71.5,"increased","no increase",NA,0.6
2023,"region_3","centropomus","maximally harvested",5,"decreased","no increase",NA,0.8
2024,"region_3","centropomus","maximally harvested",29.7,"increased","no increase",NA,0.6
2019,"region_3","cynoscion",NA,47119.1,"decreased",NA,NA,NA
2020,"region_3","cynoscion",NA,62850.9,"increased",NA,NA,NA
2021,"region_3","cynoscion",NA,60065.55,"similar",NA,NA,NA
2022,"region_3","cynoscion",NA,104996.8,"increased",NA,NA,NA
2023,"region_3","cynoscion",NA,113186,"similar",NA,NA,NA
2024,"region_3","cynoscion",NA,41374,"decreased",NA,NA,NA
2019,"region_3","galeocerdo","maximally harvested",183,"increased","no increase",NA,0.6
2020,"region_3","galeocerdo","maximally harvested",3396,"increased","no increase",NA,0.6
2021,"region_3","galeocerdo","maximally harvested",2312,"decreased","no increase",NA,0.8
2022,"region_3","galeocerdo","maximally harvested",2274,"similar","no increase",NA,0.7
2023,"region_3","galeocerdo","maximally harvested",4744,"increased","no increase",NA,0.6
2024,"region_3","galeocerdo","maximally harvested",795.5,"decreased","no increase",NA,0.8
2019,"region_3","galeorhinus","maximally harvested",48,"decreased","no increase",NA,0.8
2020,"region_3","galeorhinus","maximally harvested",858,"increased","no increase",NA,0.6
2021,"region_3","galeorhinus","maximally harvested",488,"decreased","no increase",NA,0.8
2022,"region_3","galeorhinus","maximally harvested",1355,"increased","no increase",NA,0.6
2023,"region_3","galeorhinus","maximally harvested",2912,"increased","no increase",NA,0.6
2024,"region_3","galeorhinus","maximally harvested",281,"decreased","no increase",NA,0.8
2019,"region_3","haliotis","deteriorating",14394.947,"decreased","decrease","specifically says to not increase fishing effort on the Pacific Coast, but will assume standard throughout Baja",0.6
2020,"region_3","haliotis","deteriorating",1046.8,"decreased","decrease","specifically says to not increase fishing effort on the Pacific Coast, but will assume standard throughout Baja",0.6
2023,"region_3","haliotis","deteriorating",7140,"increased","decrease","specifically says to not increase fishing effort on the Pacific Coast, but will assume standard throughout Baja",0.4
2024,"region_3","haliotis","deteriorating",3699.68,"decreased","decrease","specifically says to not increase fishing effort on the Pacific Coast, but will assume standard throughout Baja",0.6
2019,"region_3","hoplopagrus","maximally harvested",12030.4,"decreased","no increase",NA,0.8
2020,"region_3","hoplopagrus","maximally harvested",6506.9,"decreased","no increase",NA,0.8
2021,"region_3","hoplopagrus","maximally harvested",17891.9,"increased","no increase",NA,0.6
2022,"region_3","hoplopagrus","maximally harvested",20379.3,"similar","no increase",NA,0.7
2023,"region_3","hoplopagrus","maximally harvested",20914,"similar","no increase",NA,0.7
2024,"region_3","hoplopagrus","maximally harvested",26419.5,"increased","no increase",NA,0.6
2019,"region_3","isurus","maximally harvested",55442.7,"increased","no increase",NA,0.6
2020,"region_3","isurus","maximally harvested",24801.75,"decreased","no increase",NA,0.8
2021,"region_3","isurus","maximally harvested",14859.55,"decreased","no increase",NA,0.8
2022,"region_3","isurus","maximally harvested",5563.45,"decreased","no increase",NA,0.8
2023,"region_3","isurus","maximally harvested",10605,"increased","no increase",NA,0.6
2024,"region_3","isurus","maximally harvested",17527.6,"increased","no increase",NA,0.6
2019,"region_3","lutjanus","maximally harvested",418530.45,"similar","no increase",NA,0.7
2020,"region_3","lutjanus","maximally harvested",408498.45,"similar","no increase",NA,0.7
2021,"region_3","lutjanus","maximally harvested",459140.9,"similar","no increase",NA,0.7
2022,"region_3","lutjanus","maximally harvested",432662.3,"similar","no increase",NA,0.7
2023,"region_3","lutjanus","maximally harvested",446234,"similar","no increase",NA,0.7
2024,"region_3","lutjanus","maximally harvested",318763.56,"decreased","no increase",NA,0.8
2021,"region_3","megapitaria","maximally harvested",25000,"increased","no increase","Within region variation in status, took most conservative",0.6
2022,"region_3","megapitaria","maximally harvested",1500,"decreased","no increase","Within region variation in status, took most conservative",0.8
2019,"region_3","megastraea","maximally harvested",60431,"similar","no increase",NA,0.7
2020,"region_3","megastraea","maximally harvested",82824,"increased","no increase",NA,0.6
2021,"region_3","megastraea","maximally harvested",26152,"decreased","no increase",NA,0.8
2022,"region_3","megastraea","maximally harvested",103628,"increased","no increase",NA,0.6
2023,"region_3","megastraea","maximally harvested",43085,"decreased","no increase",NA,0.8
2024,"region_3","megastraea","maximally harvested",74893,"increased","no increase",NA,0.6
2019,"region_3","mugil","maximally harvested",44906,"increased","no increase",NA,0.6
2020,"region_3","mugil","maximally harvested",20410,"decreased","no increase",NA,0.8
2021,"region_3","mugil","maximally harvested",23892,"similar","no increase",NA,0.7
2022,"region_3","mugil","maximally harvested",23876,"similar","no increase",NA,0.7
2023,"region_3","mugil","maximally harvested",15810,"decreased","no increase",NA,0.8
2024,"region_3","mugil","maximally harvested",11957,"decreased","no increase",NA,0.8
2019,"region_3","mustelus","maximally harvested",5282,"increased","no increase",NA,0.6
2020,"region_3","mustelus","maximally harvested",11023,"increased","no increase",NA,0.6
2021,"region_3","mustelus","maximally harvested",8576,"decreased","no increase",NA,0.8
2022,"region_3","mustelus","maximally harvested",11613,"increased","no increase",NA,0.6
2023,"region_3","mustelus","maximally harvested",21426,"increased","no increase",NA,0.6
2024,"region_3","mustelus","maximally harvested",13589.2,"decreased","no increase",NA,0.8
2021,"region_3","negaprion","maximally harvested",168,"decreased","no increase",NA,0.8
2020,"region_3","octopus","maximally harvested",3095,"increased","no increase",NA,0.6
2019,"region_3","panulirus",NA,151478,"similar",NA,NA,NA
2020,"region_3","panulirus",NA,132373,"similar",NA,NA,NA
2021,"region_3","panulirus",NA,116395,"similar",NA,NA,NA
2022,"region_3","panulirus",NA,116355,"similar",NA,NA,NA
2023,"region_3","panulirus",NA,95147,"similar",NA,NA,NA
2024,"region_3","panulirus",NA,79283,"similar",NA,NA,NA
2019,"region_3","paralabrax","maximally harvested",231965.1,"similar","no increase",NA,0.7
2020,"region_3","paralabrax","maximally harvested",211735.9,"similar","no increase",NA,0.7
2021,"region_3","paralabrax","maximally harvested",302589.8,"increased","no increase",NA,0.6
2022,"region_3","paralabrax","maximally harvested",303743,"similar","no increase",NA,0.7
2023,"region_3","paralabrax","maximally harvested",231439,"decreased","no increase",NA,0.8
2024,"region_3","paralabrax","maximally harvested",298780.2,"increased","no increase",NA,0.6
2019,"region_3","prionace","maximally harvested",6635,"increased","no increase",NA,0.6
2020,"region_3","prionace","maximally harvested",2258,"decreased","no increase",NA,0.8
2021,"region_3","prionace","maximally harvested",955.8,"decreased","no increase",NA,0.8
2022,"region_3","prionace","maximally harvested",21,"decreased","no increase",NA,0.8
2024,"region_3","prionace","maximally harvested",67.5,"increased","no increase",NA,0.6
2019,"region_3","rhizoprionodon","maximally harvested",153329.8,"increased","no increase",NA,0.6
2020,"region_3","rhizoprionodon","maximally harvested",188729.45,"increased","no increase",NA,0.6
2021,"region_3","rhizoprionodon","maximally harvested",132018,"decreased","no increase",NA,0.8
2022,"region_3","rhizoprionodon","maximally harvested",192239.1,"increased","no increase",NA,0.6
2019,"region_3","scomberomorus","maximally harvested",206182,"increased","no increase",NA,0.6
2020,"region_3","scomberomorus","maximally harvested",89903.5,"decreased","no increase",NA,0.8
2021,"region_3","scomberomorus","maximally harvested",56350,"decreased","no increase",NA,0.8
2022,"region_3","scomberomorus","maximally harvested",42530.1,"decreased","no increase",NA,0.8
2023,"region_3","scomberomorus","maximally harvested",28613,"decreased","no increase",NA,0.8
2024,"region_3","scomberomorus","maximally harvested",42831,"increased","no increase",NA,0.6
2019,"region_3","sphoeroides","maximally harvested",1450,"decreased","no increase","Seems they might lump these Botetes into one species?",0.8
2020,"region_3","sphoeroides","maximally harvested",3770.5,"increased","no increase","Seems they might lump these Botetes into one species?",0.6
2021,"region_3","sphoeroides","maximally harvested",1862.75,"decreased","no increase","Seems they might lump these Botetes into one species?",0.8
2022,"region_3","sphoeroides","maximally harvested",2534.4,"increased","no increase","Seems they might lump these Botetes into one species?",0.6
2023,"region_3","sphoeroides","maximally harvested",2607,"similar","no increase","Seems they might lump these Botetes into one species?",0.7
2024,"region_3","sphoeroides","maximally harvested",3961.15,"increased","no increase","Seems they might lump these Botetes into one species?",0.6
2019,"region_3","sphyrna","maximally harvested",8638.2,"decreased","no increase",NA,0.8
2020,"region_3","sphyrna","maximally harvested",10512,"increased","no increase",NA,0.6
2021,"region_3","sphyrna","maximally harvested",6685.9,"decreased","no increase",NA,0.8
2022,"region_3","sphyrna","maximally harvested",23194.8,"increased","no increase",NA,0.6
2023,"region_3","sphyrna","maximally harvested",1258,"decreased","no increase",NA,0.8
2024,"region_3","sphyrna","maximally harvested",981,"decreased","no increase",NA,0.8
2020,"region_3","thunnus","deteriorating",28.8,"decreased","no increase","recovery phase",0.6
2022,"region_3","thunnus","deteriorating",111,"increased","no increase","recovery phase",0.4
2023,"region_3","thunnus","deteriorating",504,"increased","no increase","recovery phase",0.4
2024,"region_3","thunnus","deteriorating",584,"similar","no increase","recovery phase",0.5
2021,"region_3_4_bcs_tbd","argopecten",NA,6100,"decreased",NA,NA,NA
2023,"region_3_4_bcs_tbd","argopecten",NA,44,"decreased",NA,NA,NA
2024,"region_3_4_bcs_tbd","argopecten",NA,3512,"increased",NA,NA,NA
2023,"region_3_4_bcs_tbd","cynoscion",NA,1200,"similar",NA,NA,NA
2024,"region_3_4_bcs_tbd","cynoscion",NA,5487,"increased",NA,NA,NA
2019,"region_3_4_bcs_tbd","haliotis",NA,195,"increased",NA,NA,NA
2020,"region_3_4_bcs_tbd","haliotis",NA,392,"increased",NA,NA,NA
2023,"region_3_4_bcs_tbd","haliotis",NA,56,"decreased",NA,NA,NA
2024,"region_3_4_bcs_tbd","lutjanus",NA,93.5,"increased",NA,NA,NA
2024,"region_3_4_bcs_tbd","panulirus",NA,4500,"increased",NA,NA,NA
2023,"region_3_4_bcs_tbd","paralabrax",NA,10771,"increased",NA,NA,NA
2024,"region_3_4_bcs_tbd","paralabrax",NA,3152.6,"decreased",NA,NA,NA
2023,"region_3_4_bcs_tbd","sphoeroides",NA,32,"decreased",NA,NA,NA
2019,"region_4","alopias","maximally harvested",33410,"increased","no increase",NA,0.6
2020,"region_4","alopias","maximally harvested",63615.45,"increased","no increase",NA,0.6
2021,"region_4","alopias","maximally harvested",258582.25,"increased","no increase",NA,0.6
2022,"region_4","alopias","maximally harvested",4014.5,"decreased","no increase",NA,0.8
2023,"region_4","alopias","maximally harvested",76256,"increased","no increase",NA,0.6
2024,"region_4","alopias","maximally harvested",900,"decreased","no increase",NA,0.8
2019,"region_4","carcharhinus","maximally harvested",215048.95,"increased","no increase",NA,0.6
2020,"region_4","carcharhinus","maximally harvested",439948.75,"increased","no increase",NA,0.6
2021,"region_4","carcharhinus","maximally harvested",83182.9,"decreased","no increase",NA,0.8
2022,"region_4","carcharhinus","maximally harvested",766441.5,"increased","no increase",NA,0.6
2023,"region_4","carcharhinus","maximally harvested",1004036,"increased","no increase",NA,0.6
2024,"region_4","carcharhinus","maximally harvested",1417111.75,"increased","no increase",NA,0.6
2019,"region_4","centropomus","maximally harvested",41.8,"decreased","no increase",NA,0.8
2020,"region_4","centropomus","maximally harvested",110.3,"increased","no increase",NA,0.6
2021,"region_4","centropomus","maximally harvested",2043.9,"increased","no increase",NA,0.6
2022,"region_4","centropomus","maximally harvested",2467.8,"increased","no increase",NA,0.6
2023,"region_4","centropomus","maximally harvested",494,"decreased","no increase",NA,0.8
2024,"region_4","centropomus","maximally harvested",797.9,"increased","no increase",NA,0.6
2019,"region_4","cynoscion",NA,16547,"similar",NA,NA,NA
2020,"region_4","cynoscion",NA,5502.2,"decreased",NA,NA,NA
2021,"region_4","cynoscion",NA,6639.9,"increased",NA,NA,NA
2022,"region_4","cynoscion",NA,10378.4,"increased",NA,NA,NA
2023,"region_4","cynoscion",NA,3264,"decreased",NA,NA,NA
2024,"region_4","cynoscion",NA,15830.652,"increased",NA,NA,NA
2021,"region_4","galeocerdo","maximally harvested",75.75,"similar","no increase",NA,0.7
2022,"region_4","galeocerdo","maximally harvested",99,"increased","no increase",NA,0.6
2023,"region_4","galeocerdo","maximally harvested",227,"increased","no increase",NA,0.6
2024,"region_4","galeocerdo","maximally harvested",157.5,"decreased","no increase",NA,0.8
2019,"region_4","hoplopagrus","maximally harvested",31941.6,"similar","no increase",NA,0.7
2020,"region_4","hoplopagrus","maximally harvested",66973.6,"increased","no increase",NA,0.6
2021,"region_4","hoplopagrus","maximally harvested",61055.3,"similar","no increase",NA,0.7
2022,"region_4","hoplopagrus","maximally harvested",91249.8,"increased","no increase",NA,0.6
2023,"region_4","hoplopagrus","maximally harvested",61338,"decreased","no increase",NA,0.8
2024,"region_4","hoplopagrus","maximally harvested",59096.03,"similar","no increase",NA,0.7
2019,"region_4","isurus","maximally harvested",26245.5,"similar","no increase",NA,0.7
2020,"region_4","isurus","maximally harvested",70133.55,"increased","no increase",NA,0.6
2021,"region_4","isurus","maximally harvested",171053.55,"increased","no increase",NA,0.6
2022,"region_4","isurus","maximally harvested",100496.75,"decreased","no increase",NA,0.8
2023,"region_4","isurus","maximally harvested",119208,"similar","no increase",NA,0.7
2024,"region_4","isurus","maximally harvested",258645.7,"increased","no increase",NA,0.6
2019,"region_4","lutjanus","maximally harvested",1308660.21,"similar","no increase",NA,0.7
2020,"region_4","lutjanus","maximally harvested",1347273.1,"similar","no increase",NA,0.7
2021,"region_4","lutjanus","maximally harvested",1036274.3,"decreased","no increase",NA,0.8
2022,"region_4","lutjanus","maximally harvested",1259331,"increased","no increase",NA,0.6
2023,"region_4","lutjanus","maximally harvested",934994,"decreased","no increase",NA,0.8
2024,"region_4","lutjanus","maximally harvested",774785.385,"similar","no increase",NA,0.7
2019,"region_4","megapitaria","maximally harvested",63467,"increased","no increase","Within region variation in status, took most conservative",0.6
2020,"region_4","megapitaria","maximally harvested",53242,"similar","no increase","Within region variation in status, took most conservative",0.7
2021,"region_4","megapitaria","maximally harvested",44132,"similar","no increase","Within region variation in status, took most conservative",0.7
2022,"region_4","megapitaria","maximally harvested",127030,"increased","no increase","Within region variation in status, took most conservative",0.6
2023,"region_4","megapitaria","maximally harvested",24940,"decreased","no increase","Within region variation in status, took most conservative",0.8
2024,"region_4","megapitaria","maximally harvested",2975,"decreased","no increase","Within region variation in status, took most conservative",0.8
2019,"region_4","mugil","maximally harvested",5388,"decreased","no increase",NA,0.8
2020,"region_4","mugil","maximally harvested",755,"decreased","no increase",NA,0.8
2021,"region_4","mugil","maximally harvested",14369.7,"increased","no increase",NA,0.6
2022,"region_4","mugil","maximally harvested",2296,"decreased","no increase",NA,0.8
2023,"region_4","mugil","maximally harvested",275,"decreased","no increase",NA,0.8
2024,"region_4","mugil","maximally harvested",1945,"increased","no increase",NA,0.6
2019,"region_4","mustelus","maximally harvested",855,"decreased","no increase",NA,0.8
2020,"region_4","mustelus","maximally harvested",19540.25,"increased","no increase",NA,0.6
2021,"region_4","mustelus","maximally harvested",21630,"similar","no increase",NA,0.7
2022,"region_4","mustelus","maximally harvested",12572,"decreased","no increase",NA,0.8
2023,"region_4","mustelus","maximally harvested",19492,"increased","no increase",NA,0.6
2024,"region_4","mustelus","maximally harvested",4483.8,"decreased","no increase",NA,0.8
2021,"region_4","negaprion","maximally harvested",3513,"increased","no increase",NA,0.6
2024,"region_4","negaprion","maximally harvested",766,"decreased","no increase",NA,0.8
2020,"region_4","octopus","maximally harvested",217.8,"decreased","no increase",NA,0.8
2023,"region_4","panopea","maximally harvested",350,"decreased","no increase","Only in Baja California",0.8
2024,"region_4","panopea","maximally harvested",290,"similar","no increase","Only in Baja California",0.7
2020,"region_4","panulirus",NA,3968,"increased",NA,NA,NA
2021,"region_4","panulirus",NA,200,"decreased",NA,NA,NA
2023,"region_4","panulirus",NA,243,"increased",NA,NA,NA
2024,"region_4","panulirus",NA,325,"increased",NA,NA,NA
2019,"region_4","paralabrax","maximally harvested",56960.2,"increased","no increase",NA,0.6
2020,"region_4","paralabrax","maximally harvested",32855.2,"decreased","no increase",NA,0.8
2021,"region_4","paralabrax","maximally harvested",33317.6,"similar","no increase",NA,0.7
2022,"region_4","paralabrax","maximally harvested",37486.7,"similar","no increase",NA,0.7
2023,"region_4","paralabrax","maximally harvested",47653,"increased","no increase",NA,0.6
2024,"region_4","paralabrax","maximally harvested",33085.16,"decreased","no increase",NA,0.8
2019,"region_4","prionace","maximally harvested",4650,"increased","no increase",NA,0.6
2020,"region_4","prionace","maximally harvested",21928.75,"increased","no increase",NA,0.6
2021,"region_4","prionace","maximally harvested",87006.45,"increased","no increase",NA,0.6
2022,"region_4","prionace","maximally harvested",91315,"similar","no increase",NA,0.7
2023,"region_4","prionace","maximally harvested",210241,"increased","no increase",NA,0.6
2024,"region_4","prionace","maximally harvested",1577094.25,"increased","no increase",NA,0.6
2019,"region_4","rhizoprionodon","maximally harvested",56069.75,"similar","no increase",NA,0.7
2020,"region_4","rhizoprionodon","maximally harvested",94646.55,"increased","no increase",NA,0.6
2021,"region_4","rhizoprionodon","maximally harvested",129310.7,"increased","no increase",NA,0.6
2022,"region_4","rhizoprionodon","maximally harvested",541764,"increased","no increase",NA,0.6
2019,"region_4","scomberomorus","maximally harvested",31733.9,"similar","no increase",NA,0.7
2020,"region_4","scomberomorus","maximally harvested",72087.7,"increased","no increase",NA,0.6
2021,"region_4","scomberomorus","maximally harvested",76620.72,"similar","no increase",NA,0.7
2022,"region_4","scomberomorus","maximally harvested",76992.33,"similar","no increase",NA,0.7
2023,"region_4","scomberomorus","maximally harvested",65932,"similar","no increase",NA,0.7
2024,"region_4","scomberomorus","maximally harvested",98954.9,"increased","no increase",NA,0.6
2019,"region_4","sphoeroides","maximally harvested",3944.75,"decreased","no increase","Seems they might lump these Botetes into one species?",0.8
2020,"region_4","sphoeroides","maximally harvested",2792.5,"decreased","no increase","Seems they might lump these Botetes into one species?",0.8
2021,"region_4","sphoeroides","maximally harvested",4732,"increased","no increase","Seems they might lump these Botetes into one species?",0.6
2022,"region_4","sphoeroides","maximally harvested",1416,"decreased","no increase","Seems they might lump these Botetes into one species?",0.8
2023,"region_4","sphoeroides","maximally harvested",3473,"increased","no increase","Seems they might lump these Botetes into one species?",0.6
2024,"region_4","sphoeroides","maximally harvested",3596.5,"similar","no increase","Seems they might lump these Botetes into one species?",0.7
2019,"region_4","sphyrna","maximally harvested",189039.5,"increased","no increase",NA,0.6
2020,"region_4","sphyrna","maximally harvested",258776.3,"increased","no increase",NA,0.6
2021,"region_4","sphyrna","maximally harvested",316278.9,"increased","no increase",NA,0.6
2022,"region_4","sphyrna","maximally harvested",160707.25,"decreased","no increase",NA,0.8
2023,"region_4","sphyrna","maximally harvested",458553,"increased","no increase",NA,0.6
2024,"region_4","sphyrna","maximally harvested",311547.5,"decreased","no increase",NA,0.8
2024,"region_4","strongylocentrotus","unclear",2300,NA,NA,NA,NA
2019,"region_4","thunnus","deteriorating",9674,"decreased","no increase","recovery phase",0.6
2020,"region_4","thunnus","deteriorating",4766,"decreased","no increase","recovery phase",0.6
2021,"region_4","thunnus","deteriorating",4151,"similar","no increase","recovery phase",0.5
2022,"region_4","thunnus","deteriorating",440,"decreased","no increase","recovery phase",0.6
2023,"region_4","thunnus","deteriorating",3399,"increased","no increase","recovery phase",0.4
2024,"region_4","thunnus","deteriorating",6104.3,"increased","no increase","recovery phase",0.4
2022,"region_4_5_6_sonora_tbd","argopecten",NA,1800,"decreased",NA,NA,NA
2023,"region_4_5_6_sonora_tbd","argopecten",NA,500,"decreased",NA,NA,NA
2022,"region_4_5_6_sonora_tbd","centropomus",NA,242,"decreased",NA,NA,NA
2019,"region_4_5_6_sonora_tbd","cynoscion",NA,1500,"decreased",NA,NA,NA
2021,"region_4_5_6_sonora_tbd","cynoscion",NA,140000,"increased",NA,NA,NA
2022,"region_4_5_6_sonora_tbd","cynoscion",NA,2755,"decreased",NA,NA,NA
2023,"region_4_5_6_sonora_tbd","cynoscion",NA,182856,"increased",NA,NA,NA
2024,"region_4_5_6_sonora_tbd","cynoscion",NA,40000,"decreased",NA,NA,NA
2022,"region_4_5_6_sonora_tbd","dosinia",NA,4000,"increased",NA,NA,NA
2023,"region_4_5_6_sonora_tbd","dosinia",NA,300,"decreased",NA,NA,NA
2024,"region_4_5_6_sonora_tbd","dosinia",NA,60,"decreased",NA,NA,NA
2019,"region_4_5_6_sonora_tbd","haliotis",NA,16000,NA,NA,NA,NA
2020,"region_4_5_6_sonora_tbd","isurus",NA,13762.5,NA,NA,NA,NA
2021,"region_4_5_6_sonora_tbd","isurus",NA,9375,"decreased",NA,NA,NA
2019,"region_4_5_6_sonora_tbd","lutjanus",NA,566,"decreased",NA,NA,NA
2020,"region_4_5_6_sonora_tbd","lutjanus",NA,26.4,"decreased",NA,NA,NA
2022,"region_4_5_6_sonora_tbd","lutjanus",NA,563.5,"increased",NA,NA,NA
2023,"region_4_5_6_sonora_tbd","lutjanus",NA,205,"decreased",NA,NA,NA
2024,"region_4_5_6_sonora_tbd","lutjanus",NA,370,"increased",NA,NA,NA
2022,"region_4_5_6_sonora_tbd","megapitaria",NA,2250,"decreased",NA,NA,NA
2024,"region_4_5_6_sonora_tbd","megapitaria",NA,65,"decreased",NA,NA,NA
2023,"region_4_5_6_sonora_tbd","mustelus",NA,3088,"similar",NA,NA,NA
2024,"region_4_5_6_sonora_tbd","mustelus",NA,1250,"decreased",NA,NA,NA
2019,"region_4_5_6_sonora_tbd","panopea",NA,2000,"decreased",NA,NA,NA
2021,"region_4_5_6_sonora_tbd","panopea",NA,180,"decreased",NA,NA,NA
2022,"region_4_5_6_sonora_tbd","panopea",NA,340,"increased",NA,NA,NA
2023,"region_4_5_6_sonora_tbd","panopea",NA,6087,"increased",NA,NA,NA
2024,"region_4_5_6_sonora_tbd","panopea",NA,60,"decreased",NA,NA,NA
2019,"region_4_5_6_sonora_tbd","paralabrax",NA,2360.8,"increased",NA,NA,NA
2021,"region_4_5_6_sonora_tbd","paralabrax",NA,200,"decreased",NA,NA,NA
2022,"region_4_5_6_sonora_tbd","paralabrax",NA,1180,"increased",NA,NA,NA
2023,"region_4_5_6_sonora_tbd","paralabrax",NA,6448,"increased",NA,NA,NA
2024,"region_4_5_6_sonora_tbd","paralabrax",NA,11650,"increased",NA,NA,NA
2020,"region_4_5_6_sonora_tbd","prionace",NA,41693.75,NA,NA,NA,NA
2021,"region_4_5_6_sonora_tbd","prionace",NA,18125,"decreased",NA,NA,NA
2021,"region_4_5_6_sonora_tbd","rhizoprionodon",NA,1187.5,"increased",NA,NA,NA
2019,"region_4_5_6_sonora_tbd","scomberomorus",NA,6000,"increased",NA,NA,NA
2020,"region_4_5_6_sonora_tbd","scomberomorus",NA,2000,"decreased",NA,NA,NA
2021,"region_4_5_6_sonora_tbd","scomberomorus",NA,245000,"increased",NA,NA,NA
2022,"region_4_5_6_sonora_tbd","scomberomorus",NA,3800,"decreased",NA,NA,NA
2023,"region_4_5_6_sonora_tbd","scomberomorus",NA,9200,"increased",NA,NA,NA
2024,"region_4_5_6_sonora_tbd","scomberomorus",NA,23350,"increased",NA,NA,NA
2019,"region_5","argopecten","unclear",393248,"decreased",NA,NA,NA
2020,"region_5","argopecten","unclear",380225,"similar",NA,NA,NA
2021,"region_5","argopecten","unclear",2522164,"increased",NA,NA,NA
2022,"region_5","argopecten","unclear",4276791,"increased",NA,NA,NA
2023,"region_5","argopecten","unclear",170441,"decreased",NA,NA,NA
2024,"region_5","argopecten","unclear",272242,"increased",NA,NA,NA
2022,"region_5","callinectes","maximally harvested",2500,NA,"no increase",NA,NA
2023,"region_5","callinectes","maximally harvested",2500,"similar","no increase",NA,0.7
2020,"region_5","carcharhinus","maximally harvested",5758.75,NA,"no increase",NA,NA
2021,"region_5","carcharhinus","maximally harvested",11812.5,"increased","no increase",NA,0.6
2022,"region_5","carcharhinus","maximally harvested",1300,"decreased","no increase",NA,0.8
2023,"region_5","carcharhinus","maximally harvested",2090,"increased","no increase",NA,0.6
2024,"region_5","carcharhinus","maximally harvested",206097.85,"increased","no increase",NA,0.6
2024,"region_5","centropomus","maximally harvested",2000,"decreased","no increase",NA,0.8
2019,"region_5","chione","maximally harvested",3749,"decreased","no increase","Sonora was undetermined, but decided to go with the value of surrounding regions",0.8
2021,"region_5","chione","maximally harvested",24430,"increased","no increase","Sonora was undetermined, but decided to go with the value of surrounding regions",0.6
2022,"region_5","chione","maximally harvested",385139,"increased","no increase","Sonora was undetermined, but decided to go with the value of surrounding regions",0.6
2023,"region_5","chione","maximally harvested",53631,"decreased","no increase","Sonora was undetermined, but decided to go with the value of surrounding regions",0.8
2019,"region_5","cynoscion","maximally harvested",53590.6,"similar","no increase",NA,0.7
2020,"region_5","cynoscion","maximally harvested",53871.3,"similar","no increase",NA,0.7
2021,"region_5","cynoscion","maximally harvested",240747.95,"increased","no increase",NA,0.6
2022,"region_5","cynoscion","maximally harvested",128067.1,"decreased","no increase",NA,0.8
2023,"region_5","cynoscion","maximally harvested",227192,"increased","no increase",NA,0.6
2024,"region_5","cynoscion","maximally harvested",1122400.9,"increased","no increase",NA,0.6
2019,"region_5","dosinia","maximally harvested",320555,"decreased","no increase","highly variable catch",0.8
2020,"region_5","dosinia","maximally harvested",189012,"decreased","no increase","highly variable catch",0.8
2021,"region_5","dosinia","maximally harvested",506946,"increased","no increase","highly variable catch",0.6
2022,"region_5","dosinia","maximally harvested",538249,"similar","no increase","highly variable catch",0.7
2023,"region_5","dosinia","maximally harvested",398445,"decreased","no increase","highly variable catch",0.8
2024,"region_5","dosinia","maximally harvested",137190,"decreased","no increase","highly variable catch",0.8
2023,"region_5","hoplopagrus","maximally harvested",86,NA,"no increase",NA,NA
2024,"region_5","hoplopagrus","maximally harvested",951,"increased","no increase",NA,0.6
2021,"region_5","isurus","maximally harvested",128.75,NA,"no increase",NA,NA
2023,"region_5","isurus","maximally harvested",6000,"increased","no increase",NA,0.6
2024,"region_5","isurus","maximally harvested",5660,"similar","no increase",NA,0.7
2019,"region_5","lutjanus","maximally harvested",24525.2,"similar","no increase",NA,0.7
2020,"region_5","lutjanus","maximally harvested",12603.6,"decreased","no increase",NA,0.8
2021,"region_5","lutjanus","maximally harvested",33487.9,"increased","no increase",NA,0.6
2022,"region_5","lutjanus","maximally harvested",35266.5,"similar","no increase",NA,0.7
2023,"region_5","lutjanus","maximally harvested",73168,"increased","no increase",NA,0.6
2024,"region_5","lutjanus","maximally harvested",47183,"decreased","no increase",NA,0.8
2019,"region_5","megapitaria","unclear",450,"decreased",NA,"Within region variation in status, took most conservative",NA
2020,"region_5","megapitaria","unclear",2024,"increased",NA,"Within region variation in status, took most conservative",NA
2021,"region_5","megapitaria","unclear",2474,"increased",NA,"Within region variation in status, took most conservative",NA
2022,"region_5","megapitaria","unclear",11900,"increased",NA,"Within region variation in status, took most conservative",NA
2023,"region_5","megapitaria","unclear",300,"decreased",NA,"Within region variation in status, took most conservative",NA
2019,"region_5","mugil","deteriorating",5685,"increased","decrease",NA,0.4
2020,"region_5","mugil","deteriorating",300,"decreased","decrease",NA,0.6
2021,"region_5","mugil","deteriorating",5200,"increased","decrease",NA,0.4
2022,"region_5","mugil","deteriorating",8900,"increased","decrease",NA,0.4
2023,"region_5","mugil","deteriorating",2767,"decreased","decrease",NA,0.6
2019,"region_5","mustelus","maximally harvested",262.5,"decreased","no increase",NA,0.8
2020,"region_5","mustelus","maximally harvested",4235,"increased","no increase",NA,0.6
2022,"region_5","mustelus","maximally harvested",37758.75,"increased","no increase",NA,0.6
2023,"region_5","mustelus","maximally harvested",31031,"similar","no increase",NA,0.7
2024,"region_5","mustelus","maximally harvested",183876.75,"increased","no increase",NA,0.6
2023,"region_5","negaprion","maximally harvested",748,NA,"no increase",NA,NA
2019,"region_5","panopea","maximally harvested",82003,"increased","no increase","Only in Baja California",0.6
2020,"region_5","panopea","maximally harvested",3120,"decreased","no increase","Only in Baja California",0.8
2021,"region_5","panopea","maximally harvested",44495,"increased","no increase","Only in Baja California",0.6
2022,"region_5","panopea","maximally harvested",4436,"decreased","no increase","Only in Baja California",0.8
2023,"region_5","panopea","maximally harvested",28607,"increased","no increase","Only in Baja California",0.6
2024,"region_5","panopea","maximally harvested",37673,"increased","no increase","Only in Baja California",0.6
2019,"region_5","paralabrax",NA,101302,"similar",NA,NA,NA
2020,"region_5","paralabrax",NA,87538.6,"similar",NA,NA,NA
2021,"region_5","paralabrax",NA,101995.6,"similar",NA,NA,NA
2022,"region_5","paralabrax",NA,84404.1,"similar",NA,NA,NA
2023,"region_5","paralabrax",NA,148031,"increased",NA,NA,NA
2024,"region_5","paralabrax",NA,152601.5,"similar",NA,NA,NA
2024,"region_5","prionace","maximally harvested",55873.75,NA,"no increase",NA,NA
2019,"region_5","rhizoprionodon","maximally harvested",870242.65,"similar","no increase",NA,0.7
2020,"region_5","rhizoprionodon","maximally harvested",623114.2,"decreased","no increase",NA,0.8
2021,"region_5","rhizoprionodon","maximally harvested",464571.25,"decreased","no increase",NA,0.8
2022,"region_5","rhizoprionodon","maximally harvested",444985.75,"similar","no increase",NA,0.7
2023,"region_5","rhizoprionodon","maximally harvested",5000,"decreased","no increase",NA,0.8
2024,"region_5","rhizoprionodon","maximally harvested",16500,"increased","no increase",NA,0.6
2019,"region_5","scomberomorus","maximally harvested",134570.1,"similar","no increase",NA,0.7
2020,"region_5","scomberomorus","maximally harvested",39005,"decreased","no increase",NA,0.8
2021,"region_5","scomberomorus","maximally harvested",1292722,"increased","no increase",NA,0.6
2022,"region_5","scomberomorus","maximally harvested",3672154.63,"increased","no increase",NA,0.6
2023,"region_5","scomberomorus","maximally harvested",4515639,"increased","no increase",NA,0.6
2024,"region_5","scomberomorus","maximally harvested",2452402.32,"decreased","no increase",NA,0.8
2019,"region_5","sphoeroides","maximally harvested",12013.75,"increased","no increase","Seems they might lump these Botetes into one species?",0.6
2020,"region_5","sphoeroides","maximally harvested",1790.5,"decreased","no increase","Seems they might lump these Botetes into one species?",0.8
2021,"region_5","sphoeroides","maximally harvested",4625.8,"increased","no increase","Seems they might lump these Botetes into one species?",0.6
2022,"region_5","sphoeroides","maximally harvested",178.2,"decreased","no increase","Seems they might lump these Botetes into one species?",0.8
2023,"region_5","sphoeroides","maximally harvested",2581,"increased","no increase","Seems they might lump these Botetes into one species?",0.6
2024,"region_5","sphoeroides","maximally harvested",6180,"increased","no increase","Seems they might lump these Botetes into one species?",0.6
2019,"region_5","sphyrna","maximally harvested",375,"decreased","no increase",NA,0.8
2024,"region_5","sphyrna","maximally harvested",6964,"increased","no increase",NA,0.6
2020,"region_6","argopecten","unclear",12212,"decreased",NA,NA,NA
2021,"region_6","argopecten","unclear",115609,"increased",NA,NA,NA
2022,"region_6","argopecten","unclear",356378,"increased",NA,NA,NA
2023,"region_6","argopecten","unclear",6050,"decreased",NA,NA,NA
2024,"region_6","argopecten","unclear",20797,"increased",NA,NA,NA
2019,"region_6","callinectes","maximally harvested",19400,NA,"no increase",NA,NA
2020,"region_6","callinectes","maximally harvested",33600,"increased","no increase",NA,0.6
2021,"region_6","callinectes","maximally harvested",1780,"decreased","no increase",NA,0.8
2022,"region_6","callinectes","maximally harvested",65,"decreased","no increase",NA,0.8
2023,"region_6","callinectes","maximally harvested",300,"increased","no increase",NA,0.6
2019,"region_6","carcharhinus","maximally harvested",54957,"increased","no increase",NA,0.6
2020,"region_6","carcharhinus","maximally harvested",28037,"decreased","no increase",NA,0.8
2021,"region_6","carcharhinus","maximally harvested",51709,"increased","no increase",NA,0.6
2022,"region_6","carcharhinus","maximally harvested",57487.5,"similar","no increase",NA,0.7
2024,"region_6","carcharhinus","maximally harvested",560,"decreased","no increase",NA,0.8
2019,"region_6","centropomus","maximally harvested",26500,"increased","no increase",NA,0.6
2021,"region_6","centropomus","maximally harvested",1000,"decreased","no increase",NA,0.8
2023,"region_6","centropomus","maximally harvested",550,"decreased","no increase",NA,0.8
2019,"region_6","chione","maximally harvested",4440,"similar","no increase","Sonora was undetermined, but decided to go with the value of surrounding regions",0.7
2021,"region_6","chione","maximally harvested",11768,"increased","no increase","Sonora was undetermined, but decided to go with the value of surrounding regions",0.6
2022,"region_6","chione","maximally harvested",6420,"decreased","no increase","Sonora was undetermined, but decided to go with the value of surrounding regions",0.8
2019,"region_6","cynoscion","maximally harvested",225780.2,"increased","no increase",NA,0.6
2020,"region_6","cynoscion","maximally harvested",314615.6,"increased","no increase",NA,0.6
2021,"region_6","cynoscion","maximally harvested",361776.2,"similar","no increase",NA,0.7
2022,"region_6","cynoscion","maximally harvested",249765.7,"decreased","no increase",NA,0.8
2023,"region_6","cynoscion","maximally harvested",393632,"increased","no increase",NA,0.6
2024,"region_6","cynoscion","maximally harvested",517634.8,"increased","no increase",NA,0.6
2019,"region_6","dosinia","maximally harvested",18362,"increased","no increase","highly variable catch",0.6
2020,"region_6","dosinia","maximally harvested",8999,"decreased","no increase","highly variable catch",0.8
2021,"region_6","dosinia","maximally harvested",86350,"increased","no increase","highly variable catch",0.6
2022,"region_6","dosinia","maximally harvested",118510,"increased","no increase","highly variable catch",0.6
2023,"region_6","dosinia","maximally harvested",18537,"decreased","no increase","highly variable catch",0.8
2024,"region_6","dosinia","maximally harvested",8672,"decreased","no increase","highly variable catch",0.8
2020,"region_6","hoplopagrus","maximally harvested",336.8,"increased","no increase",NA,0.6
2021,"region_6","hoplopagrus","maximally harvested",77,"decreased","no increase",NA,0.8
2022,"region_6","hoplopagrus","maximally harvested",80,"similar","no increase",NA,0.7
2023,"region_6","hoplopagrus","maximally harvested",291,"increased","no increase",NA,0.6
2024,"region_6","hoplopagrus","maximally harvested",470.5,"increased","no increase",NA,0.6
2022,"region_6","isurus","maximally harvested",995,NA,"no increase",NA,NA
2019,"region_6","lutjanus","maximally harvested",71442.9,"increased","no increase",NA,0.6
2020,"region_6","lutjanus","maximally harvested",195506.2,"increased","no increase",NA,0.6
2021,"region_6","lutjanus","maximally harvested",214408,"similar","no increase",NA,0.7
2022,"region_6","lutjanus","maximally harvested",139241.05,"decreased","no increase",NA,0.8
2023,"region_6","lutjanus","maximally harvested",126097,"similar","no increase",NA,0.7
2024,"region_6","lutjanus","maximally harvested",98881.051,"decreased","no increase",NA,0.8
2019,"region_6","megapitaria","unclear",15226,"similar",NA,"Within region variation in status, took most conservative",NA
2020,"region_6","megapitaria","unclear",16348,"similar",NA,"Within region variation in status, took most conservative",NA
2021,"region_6","megapitaria","unclear",47018,"increased",NA,"Within region variation in status, took most conservative",NA
2022,"region_6","megapitaria","unclear",59781,"increased",NA,"Within region variation in status, took most conservative",NA
2023,"region_6","megapitaria","unclear",28319,"decreased",NA,"Within region variation in status, took most conservative",NA
2024,"region_6","megapitaria","unclear",10372,"decreased",NA,"Within region variation in status, took most conservative",NA
2019,"region_6","mugil","deteriorating",62194,"increased","decrease",NA,0.4
2020,"region_6","mugil","deteriorating",50410,"similar","decrease",NA,0.5
2021,"region_6","mugil","deteriorating",46651,"similar","decrease",NA,0.5
2022,"region_6","mugil","deteriorating",54611,"similar","decrease",NA,0.5
2023,"region_6","mugil","deteriorating",3675,"decreased","decrease",NA,0.6
2019,"region_6","mustelus","maximally harvested",274241.15,"decreased","no increase",NA,0.8
2020,"region_6","mustelus","maximally harvested",300207.5,"similar","no increase",NA,0.7
2021,"region_6","mustelus","maximally harvested",347341.5,"similar","no increase",NA,0.7
2022,"region_6","mustelus","maximally harvested",359857,"similar","no increase",NA,0.7
2023,"region_6","mustelus","maximally harvested",265614,"decreased","no increase",NA,0.8
2024,"region_6","mustelus","maximally harvested",367840.5,"increased","no increase",NA,0.6
2020,"region_6","negaprion","maximally harvested",625,NA,"no increase",NA,NA
2022,"region_6","negaprion","maximally harvested",200,"decreased","no increase",NA,0.8
2023,"region_6","negaprion","maximally harvested",6003,"increased","no increase",NA,0.6
2024,"region_6","negaprion","maximally harvested",3712.5,"decreased","no increase",NA,0.8
2020,"region_6","octopus","maximally harvested",780,"decreased","no increase",NA,0.8
2022,"region_6","octopus","maximally harvested",55,"decreased","no increase",NA,0.8
2019,"region_6","panopea","maximally harvested",292894,"increased","no increase","Only in Baja California",0.6
2020,"region_6","panopea","maximally harvested",101169,"decreased","no increase","Only in Baja California",0.8
2021,"region_6","panopea","maximally harvested",180381,"increased","no increase","Only in Baja California",0.6
2022,"region_6","panopea","maximally harvested",183698,"similar","no increase","Only in Baja California",0.7
2023,"region_6","panopea","maximally harvested",84533,"decreased","no increase","Only in Baja California",0.8
2024,"region_6","panopea","maximally harvested",19864,"decreased","no increase","Only in Baja California",0.8
2019,"region_6","panulirus","development potential",18190,"decreased","increase",NA,1
2020,"region_6","panulirus","development potential",11310,"decreased","increase",NA,1
2021,"region_6","panulirus","development potential",7420,"decreased","increase",NA,1
2022,"region_6","panulirus","development potential",15150,"increased","increase",NA,0.9
2023,"region_6","panulirus","development potential",18353,"increased","increase",NA,0.9
2024,"region_6","panulirus","development potential",23760,"increased","increase",NA,0.9
2019,"region_6","paralabrax",NA,441095.5,"increased",NA,NA,NA
2020,"region_6","paralabrax",NA,657887.9,"increased",NA,NA,NA
2021,"region_6","paralabrax",NA,749640,"similar",NA,NA,NA
2022,"region_6","paralabrax",NA,691532.7,"similar",NA,NA,NA
2023,"region_6","paralabrax",NA,656290,"similar",NA,NA,NA
2024,"region_6","paralabrax",NA,679687.1,"similar",NA,NA,NA
2022,"region_6","prionace","maximally harvested",1000,NA,"no increase",NA,NA
2024,"region_6","prionace","maximally harvested",9870,"increased","no increase",NA,0.6
2019,"region_6","rhizoprionodon","maximally harvested",227074.15,"increased","no increase",NA,0.6
2020,"region_6","rhizoprionodon","maximally harvested",290693.9,"increased","no increase",NA,0.6
2021,"region_6","rhizoprionodon","maximally harvested",431008.6,"increased","no increase",NA,0.6
2022,"region_6","rhizoprionodon","maximally harvested",334360.75,"decreased","no increase",NA,0.8
2019,"region_6","scomberomorus","maximally harvested",736886,"increased","no increase",NA,0.6
2020,"region_6","scomberomorus","maximally harvested",913006.6,"increased","no increase",NA,0.6
2021,"region_6","scomberomorus","maximally harvested",684147,"decreased","no increase",NA,0.8
2022,"region_6","scomberomorus","maximally harvested",517699,"decreased","no increase",NA,0.8
2023,"region_6","scomberomorus","maximally harvested",550337,"similar","no increase",NA,0.7
2024,"region_6","scomberomorus","maximally harvested",536075,"similar","no increase",NA,0.7
2019,"region_6","sphoeroides","maximally harvested",17073.5,"similar","no increase","Seems they might lump these Botetes into one species?",0.7
2020,"region_6","sphoeroides","maximally harvested",31156.05,"increased","no increase","Seems they might lump these Botetes into one species?",0.6
2021,"region_6","sphoeroides","maximally harvested",24658.7,"decreased","no increase","Seems they might lump these Botetes into one species?",0.8
2022,"region_6","sphoeroides","maximally harvested",13250,"decreased","no increase","Seems they might lump these Botetes into one species?",0.8
2023,"region_6","sphoeroides","maximally harvested",13352,"similar","no increase","Seems they might lump these Botetes into one species?",0.7
2024,"region_6","sphoeroides","maximally harvested",6146,"decreased","no increase","Seems they might lump these Botetes into one species?",0.8
2024,"region_6","sphyrna","maximally harvested",8104,NA,"no increase",NA,NA
2019,"region_7","alopias","maximally harvested",42125,NA,"no increase",NA,NA
2020,"region_7","alopias","maximally harvested",56625,"increased","no increase",NA,0.6
2021,"region_7","alopias","maximally harvested",40625,"decreased","no increase",NA,0.8
2022,"region_7","alopias","maximally harvested",133139,"increased","no increase",NA,0.6
2023,"region_7","alopias","maximally harvested",278008,"increased","no increase",NA,0.6
2024,"region_7","alopias","maximally harvested",251375,"similar","no increase",NA,0.7
2019,"region_7","argopecten","unclear",525018,"decreased",NA,NA,NA
2020,"region_7","argopecten","unclear",322593,"decreased",NA,NA,NA
2021,"region_7","argopecten","unclear",433021,"increased",NA,NA,NA
2022,"region_7","argopecten","unclear",1542807,"increased",NA,NA,NA
2023,"region_7","argopecten","unclear",131274,"decreased",NA,NA,NA
2024,"region_7","argopecten","unclear",50581,"decreased",NA,NA,NA
2019,"region_7","callinectes","maximally harvested",65747,"increased","no increase",NA,0.6
2020,"region_7","callinectes","maximally harvested",2983,"decreased","no increase",NA,0.8
2021,"region_7","callinectes","maximally harvested",783,"decreased","no increase",NA,0.8
2022,"region_7","callinectes","maximally harvested",2400,"increased","no increase",NA,0.6
2023,"region_7","callinectes","maximally harvested",20100,"increased","no increase",NA,0.6
2019,"region_7","carcharhinus","maximally harvested",55238,"increased","no increase",NA,0.6
2020,"region_7","carcharhinus","maximally harvested",210188,"increased","no increase",NA,0.6
2021,"region_7","carcharhinus","maximally harvested",79165,"decreased","no increase",NA,0.8
2022,"region_7","carcharhinus","maximally harvested",333285,"increased","no increase",NA,0.6
2023,"region_7","carcharhinus","maximally harvested",154397,"decreased","no increase",NA,0.8
2024,"region_7","carcharhinus","maximally harvested",117770,"decreased","no increase",NA,0.8
2019,"region_7","centropomus","maximally harvested",9657,"increased","no increase",NA,0.6
2020,"region_7","centropomus","maximally harvested",11281.9,"similar","no increase",NA,0.7
2021,"region_7","centropomus","maximally harvested",8523,"decreased","no increase",NA,0.8
2022,"region_7","centropomus","maximally harvested",24507.5,"increased","no increase",NA,0.6
2023,"region_7","centropomus","maximally harvested",10354,"decreased","no increase",NA,0.8
2024,"region_7","centropomus","maximally harvested",9108.7,"similar","no increase",NA,0.7
2019,"region_7","chione","maximally harvested",56330,"increased","no increase","Sonora was undetermined, but decided to go with the value of surrounding regions",0.6
2020,"region_7","chione","maximally harvested",27085,"decreased","no increase","Sonora was undetermined, but decided to go with the value of surrounding regions",0.8
2022,"region_7","chione","maximally harvested",20700,"decreased","no increase","Sonora was undetermined, but decided to go with the value of surrounding regions",0.8
2023,"region_7","chione","maximally harvested",243,"decreased","no increase","Sonora was undetermined, but decided to go with the value of surrounding regions",0.8
2019,"region_7","cynoscion","maximally harvested",155110.2,"decreased","no increase",NA,0.8
2020,"region_7","cynoscion","maximally harvested",414168.6,"increased","no increase",NA,0.6
2021,"region_7","cynoscion","maximally harvested",402527.4,"similar","no increase",NA,0.7
2022,"region_7","cynoscion","maximally harvested",288867.8,"decreased","no increase",NA,0.8
2023,"region_7","cynoscion","maximally harvested",226684,"decreased","no increase",NA,0.8
2024,"region_7","cynoscion","maximally harvested",407812.3,"increased","no increase",NA,0.6
2019,"region_7","dosinia","maximally harvested",66037,"decreased","no increase","highly variable catch",0.8
2020,"region_7","dosinia","maximally harvested",39234,"decreased","no increase","highly variable catch",0.8
2021,"region_7","dosinia","maximally harvested",121011,"increased","no increase","highly variable catch",0.6
2022,"region_7","dosinia","maximally harvested",273711,"increased","no increase","highly variable catch",0.6
2023,"region_7","dosinia","maximally harvested",354461,"increased","no increase","highly variable catch",0.6
2024,"region_7","dosinia","maximally harvested",298409,"similar","no increase","highly variable catch",0.7
2021,"region_7","haliotis",NA,119,NA,NA,"specifically says to not increase fishing effort on the Pacific Coast, but will assume standard throughout Baja",NA
2019,"region_7","hoplopagrus","maximally harvested",490,"similar","no increase",NA,0.7
2020,"region_7","hoplopagrus","maximally harvested",1830,"increased","no increase",NA,0.6
2021,"region_7","hoplopagrus","maximally harvested",1848,"similar","no increase",NA,0.7
2022,"region_7","hoplopagrus","maximally harvested",4148.4,"increased","no increase",NA,0.6
2023,"region_7","hoplopagrus","maximally harvested",3079,"decreased","no increase",NA,0.8
2024,"region_7","hoplopagrus","maximally harvested",3344,"similar","no increase",NA,0.7
2019,"region_7","isurus","maximally harvested",625,"decreased","no increase",NA,0.8
2020,"region_7","isurus","maximally harvested",881.25,"increased","no increase",NA,0.6
2022,"region_7","isurus","maximally harvested",282282.5,"increased","no increase",NA,0.6
2019,"region_7","lutjanus","maximally harvested",514763.15,"similar","no increase",NA,0.7
2020,"region_7","lutjanus","maximally harvested",552144.95,"similar","no increase",NA,0.7
2021,"region_7","lutjanus","maximally harvested",406982.6,"decreased","no increase",NA,0.8
2022,"region_7","lutjanus","maximally harvested",290040.15,"decreased","no increase",NA,0.8
2023,"region_7","lutjanus","maximally harvested",296564,"similar","no increase",NA,0.7
2024,"region_7","lutjanus","maximally harvested",235602.55,"decreased","no increase",NA,0.8
2019,"region_7","megapitaria","unclear",96851,"increased",NA,"Within region variation in status, took most conservative",NA
2020,"region_7","megapitaria","unclear",129832,"increased",NA,"Within region variation in status, took most conservative",NA
2021,"region_7","megapitaria","unclear",138919,"similar",NA,"Within region variation in status, took most conservative",NA
2022,"region_7","megapitaria","unclear",115746,"similar",NA,"Within region variation in status, took most conservative",NA
2023,"region_7","megapitaria","unclear",94353,"similar",NA,"Within region variation in status, took most conservative",NA
2019,"region_7","mugil","deteriorating",67608,"similar","decrease",NA,0.5
2020,"region_7","mugil","deteriorating",56345,"similar","decrease",NA,0.5
2021,"region_7","mugil","deteriorating",59816,"similar","decrease",NA,0.5
2022,"region_7","mugil","deteriorating",90045,"increased","decrease",NA,0.4
2024,"region_7","mugil","deteriorating",1300,"decreased","decrease",NA,0.6
2019,"region_7","mustelus","maximally harvested",117.5,"decreased","no increase",NA,0.8
2020,"region_7","mustelus","maximally harvested",3679.25,"increased","no increase",NA,0.6
2021,"region_7","mustelus","maximally harvested",50301.25,"increased","no increase",NA,0.6
2022,"region_7","mustelus","maximally harvested",52897.5,"similar","no increase",NA,0.7
2023,"region_7","mustelus","maximally harvested",69000,"increased","no increase",NA,0.6
2024,"region_7","mustelus","maximally harvested",173488.4,"increased","no increase",NA,0.6
2019,"region_7","nasolamia","maximally harvested",1875,NA,"no increase",NA,NA
2023,"region_7","negaprion","maximally harvested",1071,"increased","no increase",NA,0.6
2019,"region_7","panopea","maximally harvested",22734,"decreased","no increase","Only in Baja California",0.8
2020,"region_7","panopea","maximally harvested",363887,"increased","no increase","Only in Baja California",0.6
2021,"region_7","panopea","maximally harvested",52684,"decreased","no increase","Only in Baja California",0.8
2022,"region_7","panopea","maximally harvested",100805,"increased","no increase","Only in Baja California",0.6
2023,"region_7","panopea","maximally harvested",34648,"decreased","no increase","Only in Baja California",0.8
2024,"region_7","panopea","maximally harvested",258169.15,"increased","no increase","Only in Baja California",0.6
2019,"region_7","panulirus","development potential",4234,"decreased","increase",NA,1
2020,"region_7","panulirus","development potential",2300,"decreased","increase",NA,1
2021,"region_7","panulirus","development potential",3741,"increased","increase",NA,0.9
2022,"region_7","panulirus","development potential",4476,"similar","increase",NA,1
2023,"region_7","panulirus","development potential",4533,"similar","increase",NA,1
2024,"region_7","panulirus","development potential",5470,"increased","increase",NA,0.9
2019,"region_7","paralabrax",NA,54592.6,"similar",NA,NA,NA
2020,"region_7","paralabrax",NA,68130.2,"increased",NA,NA,NA
2021,"region_7","paralabrax",NA,80846.9,"similar",NA,NA,NA
2022,"region_7","paralabrax",NA,74115.6,"similar",NA,NA,NA
2023,"region_7","paralabrax",NA,44401,"decreased",NA,NA,NA
2024,"region_7","paralabrax",NA,73418.8,"increased",NA,NA,NA
2022,"region_7","prionace","maximally harvested",2500,"decreased","no increase",NA,0.8
2023,"region_7","prionace","maximally harvested",12830,"increased","no increase",NA,0.6
2024,"region_7","prionace","maximally harvested",73120,"increased","no increase",NA,0.6
2019,"region_7","rhizoprionodon","maximally harvested",99961.5,"increased","no increase",NA,0.6
2020,"region_7","rhizoprionodon","maximally harvested",196288.9,"increased","no increase",NA,0.6
2021,"region_7","rhizoprionodon","maximally harvested",155896,"decreased","no increase",NA,0.8
2022,"region_7","rhizoprionodon","maximally harvested",124602.5,"decreased","no increase",NA,0.8
2019,"region_7","scomberomorus","maximally harvested",852219.9,"similar","no increase",NA,0.7
2020,"region_7","scomberomorus","maximally harvested",764243.3,"similar","no increase",NA,0.7
2021,"region_7","scomberomorus","maximally harvested",858756.09,"similar","no increase",NA,0.7
2022,"region_7","scomberomorus","maximally harvested",770708.5,"similar","no increase",NA,0.7
2023,"region_7","scomberomorus","maximally harvested",630927,"similar","no increase",NA,0.7
2024,"region_7","scomberomorus","maximally harvested",641536,"similar","no increase",NA,0.7
2019,"region_7","sphoeroides","maximally harvested",75964.5,"increased","no increase","Seems they might lump these Botetes into one species?",0.6
2020,"region_7","sphoeroides","maximally harvested",66739,"similar","no increase","Seems they might lump these Botetes into one species?",0.7
2021,"region_7","sphoeroides","maximally harvested",29246.85,"decreased","no increase","Seems they might lump these Botetes into one species?",0.8
2022,"region_7","sphoeroides","maximally harvested",44330.1,"increased","no increase","Seems they might lump these Botetes into one species?",0.6
2023,"region_7","sphoeroides","maximally harvested",22208,"decreased","no increase","Seems they might lump these Botetes into one species?",0.8
2024,"region_7","sphoeroides","maximally harvested",16493,"decreased","no increase","Seems they might lump these Botetes into one species?",0.8
2019,"region_7","sphyrna","maximally harvested",67625,"increased","no increase",NA,0.6
2020,"region_7","sphyrna","maximally harvested",85750,"increased","no increase",NA,0.6
2021,"region_7","sphyrna","maximally harvested",51474,"decreased","no increase",NA,0.8
2022,"region_7","sphyrna","maximally harvested",54350,"similar","no increase",NA,0.7
2023,"region_7","thunnus","deteriorating",50,"decreased","no increase","recovery phase",0.6
2019,"region_8","alopias","maximally harvested",615847.85,"similar","no increase",NA,0.7
2020,"region_8","alopias","maximally harvested",888356.55,"increased","no increase",NA,0.6
2021,"region_8","alopias","maximally harvested",632650.5,"decreased","no increase",NA,0.8
2022,"region_8","alopias","maximally harvested",801424.55,"increased","no increase",NA,0.6
2023,"region_8","alopias","maximally harvested",1329739,"increased","no increase",NA,0.6
2024,"region_8","alopias","maximally harvested",608579.7,"decreased","no increase",NA,0.8
2021,"region_8","argopecten",NA,4662,"increased",NA,NA,NA
2022,"region_8","argopecten",NA,11050,"increased",NA,NA,NA
2019,"region_8","callinectes","maximally harvested",1317623,"increased","no increase",NA,0.6
2020,"region_8","callinectes","maximally harvested",1575350,"similar","no increase",NA,0.7
2021,"region_8","callinectes","maximally harvested",2258524,"increased","no increase",NA,0.6
2022,"region_8","callinectes","maximally harvested",2336725,"similar","no increase",NA,0.7
2023,"region_8","callinectes","maximally harvested",3667901,"increased","no increase",NA,0.6
2019,"region_8","carcharhinus","maximally harvested",623853.8,"increased","no increase",NA,0.6
2020,"region_8","carcharhinus","maximally harvested",2315411.35,"increased","no increase",NA,0.6
2021,"region_8","carcharhinus","maximally harvested",2526067.4,"similar","no increase",NA,0.7
2022,"region_8","carcharhinus","maximally harvested",1287808.45,"decreased","no increase",NA,0.8
2023,"region_8","carcharhinus","maximally harvested",2189769,"increased","no increase",NA,0.6
2024,"region_8","carcharhinus","maximally harvested",6547190.15,"increased","no increase",NA,0.6
2019,"region_8","centropomus","maximally harvested",645290.771,"increased","no increase",NA,0.6
2020,"region_8","centropomus","maximally harvested",498500.1,"decreased","no increase",NA,0.8
2021,"region_8","centropomus","maximally harvested",486555.48,"similar","no increase",NA,0.7
2022,"region_8","centropomus","maximally harvested",621202.79,"increased","no increase",NA,0.6
2023,"region_8","centropomus","maximally harvested",582696,"similar","no increase",NA,0.7
2024,"region_8","centropomus","maximally harvested",850850.463,"increased","no increase",NA,0.6
2019,"region_8","chione","maximally harvested",164090,"decreased","no increase","Sonora was undetermined, but decided to go with the value of surrounding regions",0.8
2021,"region_8","chione","maximally harvested",7000,"decreased","no increase","Sonora was undetermined, but decided to go with the value of surrounding regions",0.8
2022,"region_8","chione","maximally harvested",10750,"increased","no increase","Sonora was undetermined, but decided to go with the value of surrounding regions",0.6
2023,"region_8","chione","maximally harvested",1350,"decreased","no increase","Sonora was undetermined, but decided to go with the value of surrounding regions",0.8
2019,"region_8","cynoscion",NA,1646715.27,"increased",NA,NA,NA
2020,"region_8","cynoscion",NA,1512858.791,"similar",NA,NA,NA
2021,"region_8","cynoscion",NA,2270779.7,"increased",NA,NA,NA
2022,"region_8","cynoscion",NA,1779280.75,"decreased",NA,NA,NA
2023,"region_8","cynoscion",NA,2376399,"increased",NA,NA,NA
2024,"region_8","cynoscion",NA,3170729.452,"increased",NA,NA,NA
2019,"region_8","dosinia","unclear",524193,"increased",NA,"capture records are recent in this area, no pattern available",NA
2020,"region_8","dosinia","unclear",910199,"increased",NA,"capture records are recent in this area, no pattern available",NA
2021,"region_8","dosinia","unclear",591350,"decreased",NA,"capture records are recent in this area, no pattern available",NA
2022,"region_8","dosinia","unclear",605428,"similar",NA,"capture records are recent in this area, no pattern available",NA
2023,"region_8","dosinia","unclear",568760,"similar",NA,"capture records are recent in this area, no pattern available",NA
2024,"region_8","dosinia","unclear",967135,"increased",NA,"capture records are recent in this area, no pattern available",NA
2019,"region_8","galeocerdo","maximally harvested",95,"increased","no increase",NA,0.6
2023,"region_8","galeocerdo","maximally harvested",550,"increased","no increase",NA,0.6
2024,"region_8","galeocerdo","maximally harvested",29381.25,"increased","no increase",NA,0.6
2020,"region_8","galeorhinus","maximally harvested",1917.5,NA,"no increase",NA,NA
2020,"region_8","haliotis",NA,2525,"increased",NA,"specifically says to not increase fishing effort on the Pacific Coast, but will assume standard throughout Baja",NA
2022,"region_8","haliotis",NA,130,"decreased",NA,"specifically says to not increase fishing effort on the Pacific Coast, but will assume standard throughout Baja",NA
2019,"region_8","hoplopagrus","maximally harvested",17390.6,"increased","no increase",NA,0.6
2020,"region_8","hoplopagrus","maximally harvested",19230.3,"similar","no increase",NA,0.7
2021,"region_8","hoplopagrus","maximally harvested",18684.4,"similar","no increase",NA,0.7
2022,"region_8","hoplopagrus","maximally harvested",25325.5,"increased","no increase",NA,0.6
2023,"region_8","hoplopagrus","maximally harvested",20961,"similar","no increase",NA,0.7
2024,"region_8","hoplopagrus","maximally harvested",28856.75,"increased","no increase",NA,0.6
2019,"region_8","isurus","maximally harvested",502345.6,"increased","no increase",NA,0.6
2020,"region_8","isurus","maximally harvested",521777.15,"similar","no increase",NA,0.7
2021,"region_8","isurus","maximally harvested",589426.95,"similar","no increase",NA,0.7
2022,"region_8","isurus","maximally harvested",446387.35,"decreased","no increase",NA,0.8
2023,"region_8","isurus","maximally harvested",719786,"increased","no increase",NA,0.6
2024,"region_8","isurus","maximally harvested",747663.125,"similar","no increase",NA,0.7
2019,"region_8","lutjanus","maximally harvested",2654454.003,"similar","no increase",NA,0.7
2020,"region_8","lutjanus","maximally harvested",2072990.22,"decreased","no increase",NA,0.8
2021,"region_8","lutjanus","maximally harvested",1918291.25,"similar","no increase",NA,0.7
2022,"region_8","lutjanus","maximally harvested",1653133.3,"similar","no increase",NA,0.7
2023,"region_8","lutjanus","maximally harvested",1933857,"similar","no increase",NA,0.7
2024,"region_8","lutjanus","maximally harvested",2370483.2135,"increased","no increase",NA,0.6
2019,"region_8","macrobrachium","maximally harvested",80,"decreased","no increase",NA,0.8
2019,"region_8","megapitaria","maximally harvested",4640,"decreased","no increase","Within region variation in status, took most conservative",0.8
2020,"region_8","megapitaria","maximally harvested",40858,"increased","no increase","Within region variation in status, took most conservative",0.6
2021,"region_8","megapitaria","maximally harvested",134392,"increased","no increase","Within region variation in status, took most conservative",0.6
2022,"region_8","megapitaria","maximally harvested",545576,"increased","no increase","Within region variation in status, took most conservative",0.6
2023,"region_8","megapitaria","maximally harvested",330308,"decreased","no increase","Within region variation in status, took most conservative",0.8
2024,"region_8","megapitaria","maximally harvested",29481,"decreased","no increase","Within region variation in status, took most conservative",0.8
2019,"region_8","mugil","maximally harvested",3235176.83,"similar","no increase",NA,0.7
2020,"region_8","mugil","maximally harvested",2067394,"decreased","no increase",NA,0.8
2021,"region_8","mugil","maximally harvested",1288051,"decreased","no increase",NA,0.8
2022,"region_8","mugil","maximally harvested",1897665.3,"increased","no increase",NA,0.6
2023,"region_8","mugil","maximally harvested",277157,"decreased","no increase",NA,0.8
2024,"region_8","mugil","maximally harvested",265404.5,"similar","no increase",NA,0.7
2020,"region_8","mustelus","maximally harvested",7042,"increased","no increase",NA,0.6
2021,"region_8","mustelus","maximally harvested",4392.5,"decreased","no increase",NA,0.8
2022,"region_8","mustelus","maximally harvested",2925,"decreased","no increase",NA,0.8
2023,"region_8","mustelus","maximally harvested",7408,"increased","no increase",NA,0.6
2024,"region_8","mustelus","maximally harvested",12000,"increased","no increase",NA,0.6
2021,"region_8","nasolamia","maximally harvested",7000,"increased","no increase",NA,0.6
2024,"region_8","nasolamia","maximally harvested",11000,"increased","no increase",NA,0.6
2019,"region_8","negaprion","maximally harvested",8250,"increased","no increase",NA,0.6
2020,"region_8","negaprion","maximally harvested",9028.75,"similar","no increase",NA,0.7
2021,"region_8","negaprion","maximally harvested",9493.75,"similar","no increase",NA,0.7
2022,"region_8","negaprion","maximally harvested",13273.2,"increased","no increase",NA,0.6
2023,"region_8","negaprion","maximally harvested",5920,"decreased","no increase",NA,0.8
2024,"region_8","negaprion","maximally harvested",69906.6,"increased","no increase",NA,0.6
2021,"region_8","panopea",NA,300,"decreased",NA,"Only in Baja California",NA
2022,"region_8","panopea",NA,710,"increased",NA,"Only in Baja California",NA
2019,"region_8","panulirus","maximally harvested",28124.9,"increased","no increase",NA,0.6
2020,"region_8","panulirus","maximally harvested",22908.3,"similar","no increase",NA,0.7
2021,"region_8","panulirus","maximally harvested",16431,"decreased","no increase",NA,0.8
2022,"region_8","panulirus","maximally harvested",31118,"increased","no increase",NA,0.6
2023,"region_8","panulirus","maximally harvested",20660,"decreased","no increase",NA,0.8
2024,"region_8","panulirus","maximally harvested",19395.3,"similar","no increase",NA,0.7
2019,"region_8","paralabrax",NA,2448,"decreased",NA,NA,NA
2020,"region_8","paralabrax",NA,3101.4,"increased",NA,NA,NA
2021,"region_8","paralabrax",NA,5352,"increased",NA,NA,NA
2022,"region_8","paralabrax",NA,29685,"increased",NA,NA,NA
2023,"region_8","paralabrax",NA,132005,"increased",NA,NA,NA
2024,"region_8","paralabrax",NA,74336.5,"decreased",NA,NA,NA
2019,"region_8","prionace","maximally harvested",1037388.5,"similar","no increase",NA,0.7
2020,"region_8","prionace","maximally harvested",872302.55,"similar","no increase",NA,0.7
2021,"region_8","prionace","maximally harvested",784193.95,"similar","no increase",NA,0.7
2022,"region_8","prionace","maximally harvested",1649761.15,"increased","no increase",NA,0.6
2023,"region_8","prionace","maximally harvested",1776518,"similar","no increase",NA,0.7
2024,"region_8","prionace","maximally harvested",3251798.25,"increased","no increase",NA,0.6
2019,"region_8","rhizoprionodon","maximally harvested",1389825,"increased","no increase",NA,0.6
2020,"region_8","rhizoprionodon","maximally harvested",1143587.9,"similar","no increase",NA,0.7
2021,"region_8","rhizoprionodon","maximally harvested",1047296.1,"similar","no increase",NA,0.7
2022,"region_8","rhizoprionodon","maximally harvested",1140380.4,"similar","no increase",NA,0.7
2023,"region_8","rhizoprionodon","maximally harvested",1262,"decreased","no increase",NA,0.8
2024,"region_8","rhizoprionodon","maximally harvested",15775,"increased","no increase",NA,0.6
2019,"region_8","scomberomorus","maximally harvested",2456117.611,"increased","no increase",NA,0.6
2020,"region_8","scomberomorus","maximally harvested",2759869.61,"similar","no increase",NA,0.7
2021,"region_8","scomberomorus","maximally harvested",2726523.12,"similar","no increase",NA,0.7
2022,"region_8","scomberomorus","maximally harvested",2419654.73,"similar","no increase",NA,0.7
2023,"region_8","scomberomorus","maximally harvested",2630919,"similar","no increase",NA,0.7
2024,"region_8","scomberomorus","maximally harvested",3777063.08,"increased","no increase",NA,0.6
2019,"region_8","sphoeroides","maximally harvested",895002.9,"increased","no increase","Seems they might lump these Botetes into one species?",0.6
2020,"region_8","sphoeroides","maximally harvested",533072.6,"decreased","no increase","Seems they might lump these Botetes into one species?",0.8
2021,"region_8","sphoeroides","maximally harvested",397287.7,"decreased","no increase","Seems they might lump these Botetes into one species?",0.8
2022,"region_8","sphoeroides","maximally harvested",761383.1,"increased","no increase","Seems they might lump these Botetes into one species?",0.6
2023,"region_8","sphoeroides","maximally harvested",906717,"similar","no increase","Seems they might lump these Botetes into one species?",0.7
2024,"region_8","sphoeroides","maximally harvested",913196.455,"similar","no increase","Seems they might lump these Botetes into one species?",0.7
2019,"region_8","sphyrna","maximally harvested",193970.1,"increased","no increase",NA,0.6
2020,"region_8","sphyrna","maximally harvested",783505.85,"increased","no increase",NA,0.6
2021,"region_8","sphyrna","maximally harvested",844968.85,"similar","no increase",NA,0.7
2022,"region_8","sphyrna","maximally harvested",202712.25,"decreased","no increase",NA,0.8
2023,"region_8","sphyrna","maximally harvested",20554,"decreased","no increase",NA,0.8
2024,"region_8","sphyrna","maximally harvested",219254.8,"increased","no increase",NA,0.6
2019,"region_8","thunnus","deteriorating",73697386.52,"similar","no increase","recovery phase",0.5
2020,"region_8","thunnus","deteriorating",77156869.14,"similar","no increase","recovery phase",0.5
2021,"region_8","thunnus","deteriorating",77761004.9,"similar","no increase","recovery phase",0.5
2022,"region_8","thunnus","deteriorating",87683074.2,"similar","no increase","recovery phase",0.5
2023,"region_8","thunnus","deteriorating",101386659,"similar","no increase","recovery phase",0.5
2024,"region_8","thunnus","deteriorating",114903068.99,"similar","no increase","recovery phase",0.5
2019,"region_9","alopias","maximally harvested",194353.45,"decreased","no increase",NA,0.8
2020,"region_9","alopias","maximally harvested",173868.45,"similar","no increase",NA,0.7
2021,"region_9","alopias","maximally harvested",61289.95,"decreased","no increase",NA,0.8
2022,"region_9","alopias","maximally harvested",59527.55,"similar","no increase",NA,0.7
2023,"region_9","alopias","maximally harvested",39948,"decreased","no increase",NA,0.8
2024,"region_9","alopias","maximally harvested",34158.45,"similar","no increase",NA,0.7
2019,"region_9","carcharhinus","maximally harvested",1897259.05,"decreased","no increase",NA,0.8
2020,"region_9","carcharhinus","maximally harvested",669619.45,"decreased","no increase",NA,0.8
2021,"region_9","carcharhinus","maximally harvested",431361.75,"decreased","no increase",NA,0.8
2022,"region_9","carcharhinus","maximally harvested",436337.75,"similar","no increase",NA,0.7
2023,"region_9","carcharhinus","maximally harvested",466165,"similar","no increase",NA,0.7
2024,"region_9","carcharhinus","maximally harvested",310309.05,"decreased","no increase",NA,0.8
2019,"region_9","centropomus","maximally harvested",792825.65,"decreased","no increase",NA,0.8
2020,"region_9","centropomus","maximally harvested",647290.9,"similar","no increase",NA,0.7
2021,"region_9","centropomus","maximally harvested",870226.1,"increased","no increase",NA,0.6
2022,"region_9","centropomus","maximally harvested",606285.05,"decreased","no increase",NA,0.8
2023,"region_9","centropomus","maximally harvested",518843,"similar","no increase",NA,0.7
2024,"region_9","centropomus","maximally harvested",693030.75,"increased","no increase",NA,0.6
2019,"region_9","cynoscion",NA,846680.15,"similar",NA,NA,NA
2020,"region_9","cynoscion",NA,474268.25,"decreased",NA,NA,NA
2021,"region_9","cynoscion",NA,613087,"increased",NA,NA,NA
2022,"region_9","cynoscion",NA,525000.9,"similar",NA,NA,NA
2023,"region_9","cynoscion",NA,429623,"similar",NA,NA,NA
2024,"region_9","cynoscion",NA,507879.15,"similar",NA,NA,NA
2019,"region_9","galeocerdo","maximally harvested",500,"similar","no increase",NA,0.7
2020,"region_9","galeocerdo","maximally harvested",1115.4,"increased","no increase",NA,0.6
2022,"region_9","galeocerdo","maximally harvested",3514.3,"increased","no increase",NA,0.6
2023,"region_9","galeocerdo","maximally harvested",6000,"increased","no increase",NA,0.6
2024,"region_9","galeocerdo","maximally harvested",15850,"increased","no increase",NA,0.6
2023,"region_9","galeorhinus","maximally harvested",3250,NA,"no increase",NA,NA
2019,"region_9","hoplopagrus","maximally harvested",79341.2,"decreased","no increase",NA,0.8
2020,"region_9","hoplopagrus","maximally harvested",44906.6,"decreased","no increase",NA,0.8
2021,"region_9","hoplopagrus","maximally harvested",43164.8,"similar","no increase",NA,0.7
2022,"region_9","hoplopagrus","maximally harvested",39882.7,"similar","no increase",NA,0.7
2023,"region_9","hoplopagrus","maximally harvested",42388,"similar","no increase",NA,0.7
2024,"region_9","hoplopagrus","maximally harvested",41917.4,"similar","no increase",NA,0.7
2019,"region_9","isurus","maximally harvested",37825,"increased","no increase",NA,0.6
2020,"region_9","isurus","maximally harvested",3150.4,"decreased","no increase",NA,0.8
2021,"region_9","isurus","maximally harvested",2465,"decreased","no increase",NA,0.8
2022,"region_9","isurus","maximally harvested",4204.1,"increased","no increase",NA,0.6
2023,"region_9","isurus","maximally harvested",1694,"decreased","no increase",NA,0.8
2024,"region_9","isurus","maximally harvested",1455,"similar","no increase",NA,0.7
2019,"region_9","lutjanus","maximally harvested",2710725.15,"decreased","no increase",NA,0.8
2020,"region_9","lutjanus","maximally harvested",1508459.1,"decreased","no increase",NA,0.8
2021,"region_9","lutjanus","maximally harvested",1029503.85,"decreased","no increase",NA,0.8
2022,"region_9","lutjanus","maximally harvested",1056133,"similar","no increase",NA,0.7
2023,"region_9","lutjanus","maximally harvested",961178,"similar","no increase",NA,0.7
2024,"region_9","lutjanus","maximally harvested",1080695.23,"similar","no increase",NA,0.7
2019,"region_9","macrobrachium","unclear",55135,"decreased",NA,NA,NA
2020,"region_9","macrobrachium","unclear",121984,"increased",NA,NA,NA
2021,"region_9","macrobrachium","unclear",178990,"increased",NA,NA,NA
2022,"region_9","macrobrachium","unclear",27600,"decreased",NA,NA,NA
2023,"region_9","macrobrachium","unclear",20000,"decreased",NA,NA,NA
2024,"region_9","macrobrachium","unclear",12000,"decreased",NA,NA,NA
2019,"region_9","mugil","maximally harvested",277515.4,"decreased","no increase",NA,0.8
2020,"region_9","mugil","maximally harvested",154196.2,"decreased","no increase",NA,0.8
2021,"region_9","mugil","maximally harvested",89613,"decreased","no increase",NA,0.8
2022,"region_9","mugil","maximally harvested",94163.3,"similar","no increase",NA,0.7
2023,"region_9","mugil","maximally harvested",94786,"similar","no increase",NA,0.7
2024,"region_9","mugil","maximally harvested",81980,"similar","no increase",NA,0.7
2019,"region_9","mustelus","maximally harvested",610,"increased","no increase",NA,0.6
2020,"region_9","mustelus","maximally harvested",880,"increased","no increase",NA,0.6
2019,"region_9","nasolamia","maximally harvested",67056.25,"similar","no increase",NA,0.7
2020,"region_9","nasolamia","maximally harvested",32688.25,"decreased","no increase",NA,0.8
2021,"region_9","nasolamia","maximally harvested",49642.5,"increased","no increase",NA,0.6
2022,"region_9","nasolamia","maximally harvested",23594.5,"decreased","no increase",NA,0.8
2023,"region_9","nasolamia","maximally harvested",24404,"similar","no increase",NA,0.7
2024,"region_9","nasolamia","maximally harvested",20663.75,"similar","no increase",NA,0.7
2019,"region_9","negaprion","maximally harvested",54062.5,"increased","no increase",NA,0.6
2022,"region_9","negaprion","maximally harvested",1100,"decreased","no increase",NA,0.8
2023,"region_9","negaprion","maximally harvested",2530,"increased","no increase",NA,0.6
2019,"region_9","panulirus","maximally harvested",66443,"increased","no increase","Nayarit has development potential, but went with the average",0.6
2020,"region_9","panulirus","maximally harvested",9836,"decreased","no increase","Nayarit has development potential, but went with the average",0.8
2021,"region_9","panulirus","maximally harvested",2826,"decreased","no increase","Nayarit has development potential, but went with the average",0.8
2022,"region_9","panulirus","maximally harvested",4452,"increased","no increase","Nayarit has development potential, but went with the average",0.6
2023,"region_9","panulirus","maximally harvested",5188,"similar","no increase","Nayarit has development potential, but went with the average",0.7
2024,"region_9","panulirus","maximally harvested",3343,"decreased","no increase","Nayarit has development potential, but went with the average",0.8
2019,"region_9","paralabrax",NA,4321,"decreased",NA,NA,NA
2020,"region_9","paralabrax",NA,932.8,"decreased",NA,NA,NA
2021,"region_9","paralabrax",NA,6569.1,"increased",NA,NA,NA
2022,"region_9","paralabrax",NA,11817.5,"increased",NA,NA,NA
2023,"region_9","paralabrax",NA,13961,"similar",NA,NA,NA
2024,"region_9","paralabrax",NA,2715,"decreased",NA,NA,NA
2019,"region_9","prionace","maximally harvested",307060,"increased","no increase",NA,0.6
2020,"region_9","prionace","maximally harvested",77423.25,"decreased","no increase",NA,0.8
2021,"region_9","prionace","maximally harvested",64396.9,"similar","no increase",NA,0.7
2022,"region_9","prionace","maximally harvested",40643.7,"decreased","no increase",NA,0.8
2023,"region_9","prionace","maximally harvested",75719,"increased","no increase",NA,0.6
2024,"region_9","prionace","maximally harvested",90721.05,"similar","no increase",NA,0.7
2019,"region_9","rhizoprionodon","maximally harvested",268404.05,"similar","no increase",NA,0.7
2020,"region_9","rhizoprionodon","maximally harvested",266471.5,"similar","no increase",NA,0.7
2021,"region_9","rhizoprionodon","maximally harvested",224335.35,"similar","no increase",NA,0.7
2022,"region_9","rhizoprionodon","maximally harvested",343622.95,"increased","no increase",NA,0.6
2023,"region_9","rhizoprionodon","maximally harvested",2750,"decreased","no increase",NA,0.8
2024,"region_9","rhizoprionodon","maximally harvested",250,"decreased","no increase",NA,0.8
2019,"region_9","scomberomorus","maximally harvested",877920.9,"decreased","no increase",NA,0.8
2020,"region_9","scomberomorus","maximally harvested",645606,"decreased","no increase",NA,0.8
2021,"region_9","scomberomorus","maximally harvested",673214.6,"similar","no increase",NA,0.7
2022,"region_9","scomberomorus","maximally harvested",807451.6,"similar","no increase",NA,0.7
2023,"region_9","scomberomorus","maximally harvested",594367,"decreased","no increase",NA,0.8
2024,"region_9","scomberomorus","maximally harvested",580635.43,"similar","no increase",NA,0.7
2019,"region_9","sphoeroides","maximally harvested",24647.3,"decreased","no increase","Seems they might lump these Botetes into one species?",0.8
2020,"region_9","sphoeroides","maximally harvested",26356.1,"similar","no increase","Seems they might lump these Botetes into one species?",0.7
2021,"region_9","sphoeroides","maximally harvested",43803.1,"increased","no increase","Seems they might lump these Botetes into one species?",0.6
2022,"region_9","sphoeroides","maximally harvested",34935.95,"decreased","no increase","Seems they might lump these Botetes into one species?",0.8
2023,"region_9","sphoeroides","maximally harvested",26381,"decreased","no increase","Seems they might lump these Botetes into one species?",0.8
2024,"region_9","sphoeroides","maximally harvested",47128.85,"increased","no increase","Seems they might lump these Botetes into one species?",0.6
2019,"region_9","sphyrna","maximally harvested",604578.8,"increased","no increase",NA,0.6
2020,"region_9","sphyrna","maximally harvested",104508,"decreased","no increase",NA,0.8
2021,"region_9","sphyrna","maximally harvested",101719,"similar","no increase",NA,0.7
2022,"region_9","sphyrna","maximally harvested",37639.05,"decreased","no increase",NA,0.8
2023,"region_9","sphyrna","maximally harvested",900,"decreased","no increase",NA,0.8
2024,"region_9","sphyrna","maximally harvested",17307.5,"increased","no increase",NA,0.6
2019,"region_9","thunnus","deteriorating",663255,"similar","no increase","recovery phase",0.5
2020,"region_9","thunnus","deteriorating",476791.8,"decreased","no increase","recovery phase",0.6
2021,"region_9","thunnus","deteriorating",473375.3,"similar","no increase","recovery phase",0.5
2022,"region_9","thunnus","deteriorating",369107.2,"decreased","no increase","recovery phase",0.6
2023,"region_9","thunnus","deteriorating",373319,"similar","no increase","recovery phase",0.5
2024,"region_9","thunnus","deteriorating",344214,"similar","no increase","recovery phase",0.5
