"year","Stock","total_biomass_kg","total_revenue","Major_Functional_Group","estimated_taxa_group","new_estimated_family_name"
2000,"Ablennes",6864,59515,"Pelagic marine fish (excl. anchovy & sardine)","OTRAS","Belonidae"
2001,"Ablennes",1049,7960,"Pelagic marine fish (excl. anchovy & sardine)","OTRAS","Belonidae"
2002,"Ablennes",1418.5,8915,"Pelagic marine fish (excl. anchovy & sardine)","OTRAS","Belonidae"
2003,"Ablennes",1387.35,9781,"Pelagic marine fish (excl. anchovy & sardine)","OTRAS","Belonidae"
2004,"Ablennes",600.2,4140,"Pelagic marine fish (excl. anchovy & sardine)","OTRAS","Belonidae"
2005,"Ablennes",495.3,4044,"Pelagic marine fish (excl. anchovy & sardine)","OTRAS","Belonidae"
2006,"Ablennes",167.65,1709,"Pelagic marine fish (excl. anchovy & sardine)","OTRAS","Belonidae"
2007,"Ablennes",912.2,10350,"Pelagic marine fish (excl. anchovy & sardine)","OTRAS","Belonidae"
2008,"Ablennes",736.25,10718,"Pelagic marine fish (excl. anchovy & sardine)","OTRAS","Belonidae"
2009,"Ablennes",2424.2,22954,"Pelagic marine fish (excl. anchovy & sardine)","OTRAS","Belonidae"
2010,"Ablennes",4348.35,51903,"Pelagic marine fish (excl. anchovy & sardine)","OTRAS","Belonidae"
2011,"Ablennes",3308.4,37881,"Pelagic marine fish (excl. anchovy & sardine)","OTRAS","Belonidae"
2012,"Ablennes",3899.5,50626,"Pelagic marine fish (excl. anchovy & sardine)","OTRAS","Belonidae"
2013,"Ablennes",15125.7,173970,"Pelagic marine fish (excl. anchovy & sardine)","OTRAS","Belonidae"
2014,"Ablennes",17663.85,215863,"Pelagic marine fish (excl. anchovy & sardine)","OTRAS","Belonidae"
2015,"Ablennes",31507.75,443363,"Pelagic marine fish (excl. anchovy & sardine)","OTRAS","Belonidae"
2016,"Ablennes",40220.15,603348,"Pelagic marine fish (excl. anchovy & sardine)","OTRAS","Belonidae"
2017,"Ablennes",56252.85,944821,"Pelagic marine fish (excl. anchovy & sardine)","OTRAS","Belonidae"
2018,"Ablennes",82334.95,1073789,"Pelagic marine fish (excl. anchovy & sardine)","OTRAS","Belonidae"
2019,"Ablennes",64297,906270,"Pelagic marine fish (excl. anchovy & sardine)","OTRAS","Belonidae"
2020,"Ablennes",14231,271186,"Pelagic marine fish (excl. anchovy & sardine)","OTRAS","Belonidae"
2021,"Ablennes",23485.5,506810,"Pelagic marine fish (excl. anchovy & sardine)","OTRAS","Belonidae"
2022,"Ablennes",30911.45,733322,"Pelagic marine fish (excl. anchovy & sardine)","OTRAS","Belonidae"
2023,"Ablennes",31858,795619,"Pelagic marine fish (excl. anchovy & sardine)","OTRAS","Belonidae"
2024,"Ablennes",18387.9,426170,"Pelagic marine fish (excl. anchovy & sardine)","OTRAS","Belonidae"
2000,"Acanthurus",180,1800,"Demersal marine fishes","OTRAS","Acanthuridae"
2001,"Acanthurus",3661,67115,"Demersal marine fishes","OTRAS","Acanthuridae"
2002,"Acanthurus",10320,117300,"Demersal marine fishes","OTRAS","Acanthuridae"
2003,"Acanthurus",10915,127458,"Demersal marine fishes","OTRAS","Acanthuridae"
2004,"Acanthurus",4317,87147,"Demersal marine fishes","OTRAS","Acanthuridae"
2005,"Acanthurus",1265,19860,"Demersal marine fishes","OTRAS","Acanthuridae"
2006,"Acanthurus",2838,44931,"Demersal marine fishes","OTRAS","Acanthuridae"
2007,"Acanthurus",3311,67204,"Demersal marine fishes","OTRAS","Acanthuridae"
2008,"Acanthurus",1731,38503,"Demersal marine fishes","OTRAS","Acanthuridae"
2009,"Acanthurus",17918,321797,"Demersal marine fishes","OTRAS","Acanthuridae"
2010,"Acanthurus",20500,442010,"Demersal marine fishes","OTRAS","Acanthuridae"
2011,"Acanthurus",49830,1251854,"Demersal marine fishes","OTRAS","Acanthuridae"
2012,"Acanthurus",37364,764728,"Demersal marine fishes","OTRAS","Acanthuridae"
2013,"Acanthurus",81772,1796629,"Demersal marine fishes","OTRAS","Acanthuridae"
2014,"Acanthurus",35652,770840,"Demersal marine fishes","OTRAS","Acanthuridae"
2015,"Acanthurus",29054,685281,"Demersal marine fishes","OTRAS","Acanthuridae"
2016,"Acanthurus",14548,378885,"Demersal marine fishes","OTRAS","Acanthuridae"
2017,"Acanthurus",72666,2240730,"Demersal marine fishes","OTRAS","Acanthuridae"
2018,"Acanthurus",66830,2967160,"Demersal marine fishes","OTRAS","Acanthuridae"
2019,"Acanthurus",62208,2926015,"Demersal marine fishes","OTRAS","Acanthuridae"
2020,"Acanthurus",26399,987439,"Demersal marine fishes","OTRAS","Acanthuridae"
2021,"Acanthurus",7440,369497,"Demersal marine fishes","OTRAS","Acanthuridae"
2022,"Acanthurus",16478,763405,"Demersal marine fishes","OTRAS","Acanthuridae"
2023,"Acanthurus",10488,536090,"Demersal marine fishes","OTRAS","Acanthuridae"
2024,"Acanthurus",9679,478324,"Demersal marine fishes","OTRAS","Acanthuridae"
2000,"Aetobatus",6397.7,20121,"Demersal marine fishes","RAYA Y SIMILARES","Myliobatidae"
2001,"Aetobatus",3521.75,12832,"Demersal marine fishes","RAYA Y SIMILARES","Myliobatidae"
2002,"Aetobatus",5125.3,25535,"Demersal marine fishes","RAYA Y SIMILARES","Myliobatidae"
2003,"Aetobatus",4239.3,22811,"Demersal marine fishes","RAYA Y SIMILARES","Myliobatidae"
2004,"Aetobatus",4330,24348,"Demersal marine fishes","RAYA Y SIMILARES","Myliobatidae"
2005,"Aetobatus",1729,7073,"Demersal marine fishes","RAYA Y SIMILARES","Myliobatidae"
2006,"Aetobatus",2571,18710,"Demersal marine fishes","RAYA Y SIMILARES","Myliobatidae"
2007,"Aetobatus",15029.7,72640,"Demersal marine fishes","RAYA Y SIMILARES","Myliobatidae"
2008,"Aetobatus",4278.6,18335,"Demersal marine fishes","RAYA Y SIMILARES","Myliobatidae"
2009,"Aetobatus",4608.9,32717,"Demersal marine fishes","RAYA Y SIMILARES","Myliobatidae"
2010,"Aetobatus",8730.1,56706,"Demersal marine fishes","RAYA Y SIMILARES","Myliobatidae"
2011,"Aetobatus",1442.4,8010,"Demersal marine fishes","RAYA Y SIMILARES","Myliobatidae"
2012,"Aetobatus",4832.6,45165,"Demersal marine fishes","RAYA Y SIMILARES","Myliobatidae"
2013,"Aetobatus",13069.8,102491,"Demersal marine fishes","RAYA Y SIMILARES","Myliobatidae"
2014,"Aetobatus",39238.5,360154,"Demersal marine fishes","RAYA Y SIMILARES","Myliobatidae"
2015,"Aetobatus",42964.1,560556,"Demersal marine fishes","RAYA Y SIMILARES","Myliobatidae"
2016,"Aetobatus",146493.2,2095027,"Demersal marine fishes","RAYA Y SIMILARES","Myliobatidae"
2017,"Aetobatus",111822.7,1252683,"Demersal marine fishes","RAYA Y SIMILARES","Myliobatidae"
2018,"Aetobatus",27466.2,491914,"Demersal marine fishes","RAYA Y SIMILARES","Myliobatidae"
2019,"Aetobatus",117867.8,1786034,"Demersal marine fishes","RAYA Y SIMILARES","Myliobatidae"
2020,"Aetobatus",75461.5,991723,"Demersal marine fishes","RAYA Y SIMILARES","Myliobatidae"
2021,"Aetobatus",20029.2,289026,"Demersal marine fishes","RAYA Y SIMILARES","Myliobatidae"
2022,"Aetobatus",91508.45,2030561,"Demersal marine fishes","RAYA Y SIMILARES","Myliobatidae"
2023,"Aetobatus",64079,1101097,"Demersal marine fishes","RAYA Y SIMILARES","Myliobatidae"
2024,"Aetobatus",32751.8,607270,"Demersal marine fishes","RAYA Y SIMILARES","Myliobatidae"
2002,"Alopias",20372,159952,"Sharks","TIBURON","Alopiidae"
2003,"Alopias",42254.4,322938,"Sharks","TIBURON","Alopiidae"
2004,"Alopias",2400,19200,"Sharks","TIBURON","Alopiidae"
2005,"Alopias",20506,147116,"Sharks","TIBURON","Alopiidae"
2007,"Alopias",6567,58422,"Sharks","TIBURON","Alopiidae"
2008,"Alopias",3589,30942,"Sharks","TIBURON","Alopiidae"
2009,"Alopias",30049,209331,"Sharks","TIBURON","Alopiidae"
2010,"Alopias",87188,797568,"Sharks","TIBURON","Alopiidae"
2011,"Alopias",59734.8,539950,"Sharks","TIBURON","Alopiidae"
2012,"Alopias",186215.4,1559154,"Sharks","TIBURON","Alopiidae"
2013,"Alopias",86903.1,864837,"Sharks","TIBURON","Alopiidae"
2014,"Alopias",561259.45,5829429,"Sharks","TIBURON","Alopiidae"
2015,"Alopias",549892.068,6974727,"Sharks","TIBURON","Alopiidae"
2016,"Alopias",872142.05,13161863,"Sharks","TIBURON","Alopiidae"
2017,"Alopias",1738627.85,24851467,"Sharks","TIBURON","Alopiidae"
2018,"Alopias",1208172.9,19673429,"Sharks","TIBURON","Alopiidae"
2019,"Alopias",980806.4,17869156,"Sharks","TIBURON","Alopiidae"
2020,"Alopias",1219094.95,20557756,"Sharks","TIBURON","Alopiidae"
2021,"Alopias",1054932.3,13880060,"Sharks","TIBURON","Alopiidae"
2022,"Alopias",1007420.4,15358842,"Sharks","TIBURON","Alopiidae"
2023,"Alopias",1724696,25682831,"Sharks","TIBURON","Alopiidae"
2024,"Alopias",991192.3,11751335,"Sharks","TIBURON","Alopiidae"
2000,"Anisotremus",100474.3,993590,"Demersal marine fishes","MOJARRA","Haemulidae"
2001,"Anisotremus",88559.6,1164942,"Demersal marine fishes","MOJARRA","Haemulidae"
2002,"Anisotremus",60205.6,376897,"Demersal marine fishes","MOJARRA","Haemulidae"
2003,"Anisotremus",44411.45,383416,"Demersal marine fishes","MOJARRA","Haemulidae"
2004,"Anisotremus",75361.85,813588,"Demersal marine fishes","MOJARRA","Haemulidae"
2005,"Anisotremus",64082.1,738495,"Demersal marine fishes","MOJARRA","Haemulidae"
2006,"Anisotremus",36441.2,362746,"Demersal marine fishes","MOJARRA","Haemulidae"
2007,"Anisotremus",36187.1,499677,"Demersal marine fishes","MOJARRA","Haemulidae"
2008,"Anisotremus",100436.5,988595,"Demersal marine fishes","MOJARRA","Haemulidae"
2009,"Anisotremus",118061,1049660,"Demersal marine fishes","MOJARRA","Haemulidae"
2010,"Anisotremus",118989.8,1596746,"Demersal marine fishes","MOJARRA","Haemulidae"
2011,"Anisotremus",112970.5,1985237,"Demersal marine fishes","MOJARRA","Haemulidae"
2012,"Anisotremus",140909,2688352,"Demersal marine fishes","MOJARRA","Haemulidae"
2013,"Anisotremus",143036,2951738,"Demersal marine fishes","MOJARRA","Haemulidae"
2014,"Anisotremus",104251.77,2432499.5,"Demersal marine fishes","MOJARRA","Haemulidae"
2015,"Anisotremus",69255.08,1648443,"Demersal marine fishes","MOJARRA","Haemulidae"
2016,"Anisotremus",71535,1645866,"Demersal marine fishes","MOJARRA","Haemulidae"
2017,"Anisotremus",87810.2,1907468,"Demersal marine fishes","MOJARRA","Haemulidae"
2018,"Anisotremus",73470,1525527,"Demersal marine fishes","MOJARRA","Haemulidae"
2019,"Anisotremus",106615.7,2834695,"Demersal marine fishes","MOJARRA","Haemulidae"
2020,"Anisotremus",56294.8,1499623,"Demersal marine fishes","MOJARRA","Haemulidae"
2021,"Anisotremus",75195,1817908,"Demersal marine fishes","MOJARRA","Haemulidae"
2022,"Anisotremus",134867.95,5542262,"Demersal marine fishes","MOJARRA","Haemulidae"
2023,"Anisotremus",236088,6412231,"Demersal marine fishes","MOJARRA","Haemulidae"
2024,"Anisotremus",490313.917,12485882.9,"Demersal marine fishes","MOJARRA","Haemulidae"
2000,"Anoplopoma",40013.5,437298,"Demersal marine fishes","OTRAS","Anoplopomatidae"
2001,"Anoplopoma",49989,446901,"Demersal marine fishes","OTRAS","Anoplopomatidae"
2002,"Anoplopoma",19657,138541,"Demersal marine fishes","OTRAS","Anoplopomatidae"
2003,"Anoplopoma",30469.75,285778,"Demersal marine fishes","OTRAS","Anoplopomatidae"
2004,"Anoplopoma",830,18350,"Demersal marine fishes","OTRAS","Anoplopomatidae"
2005,"Anoplopoma",275,5000,"Demersal marine fishes","OTRAS","Anoplopomatidae"
2006,"Anoplopoma",263.2,9206,"Demersal marine fishes","OTRAS","Anoplopomatidae"
2007,"Anoplopoma",1400.5,43350,"Demersal marine fishes","OTRAS","Anoplopomatidae"
2008,"Anoplopoma",4936.8,87314,"Demersal marine fishes","OTRAS","Anoplopomatidae"
2009,"Anoplopoma",118,1950,"Demersal marine fishes","OTRAS","Anoplopomatidae"
2010,"Anoplopoma",889,32760,"Demersal marine fishes","OTRAS","Anoplopomatidae"
2011,"Anoplopoma",2407.5,67123,"Demersal marine fishes","OTRAS","Anoplopomatidae"
2012,"Anoplopoma",993.2,38473,"Demersal marine fishes","OTRAS","Anoplopomatidae"
2013,"Anoplopoma",2538.9,134030,"Demersal marine fishes","OTRAS","Anoplopomatidae"
2014,"Anoplopoma",2300.2,96200,"Demersal marine fishes","OTRAS","Anoplopomatidae"
2015,"Anoplopoma",2057.3,47788,"Demersal marine fishes","OTRAS","Anoplopomatidae"
2016,"Anoplopoma",3621.7,161605,"Demersal marine fishes","OTRAS","Anoplopomatidae"
2017,"Anoplopoma",4762.6,216725,"Demersal marine fishes","OTRAS","Anoplopomatidae"
2018,"Anoplopoma",5612.6,318965,"Demersal marine fishes","OTRAS","Anoplopomatidae"
2019,"Anoplopoma",12012.9,461933,"Demersal marine fishes","OTRAS","Anoplopomatidae"
2020,"Anoplopoma",7033.3,469265,"Demersal marine fishes","OTRAS","Anoplopomatidae"
2021,"Anoplopoma",3368.6,228189,"Demersal marine fishes","OTRAS","Anoplopomatidae"
2022,"Anoplopoma",6986.4,407810,"Demersal marine fishes","OTRAS","Anoplopomatidae"
2023,"Anoplopoma",33759,999815,"Demersal marine fishes","OTRAS","Anoplopomatidae"
2024,"Anoplopoma",7281.6,395025,"Demersal marine fishes","OTRAS","Anoplopomatidae"
2000,"Argopecten",6172274,17112398,"Molluscs excl. Cephalopods","ALMEJA","Pectinidae"
2001,"Argopecten",400926,1298522,"Molluscs excl. Cephalopods","ALMEJA","Pectinidae"
2002,"Argopecten",139095,655160,"Molluscs excl. Cephalopods","ALMEJA","Pectinidae"
2003,"Argopecten",469438,1414014,"Molluscs excl. Cephalopods","ALMEJA","Pectinidae"
2004,"Argopecten",615006,9924362,"Molluscs excl. Cephalopods","ALMEJA","Pectinidae"
2005,"Argopecten",90819,533335,"Molluscs excl. Cephalopods","ALMEJA","Pectinidae"
2006,"Argopecten",66299.39,211765.85,"Molluscs excl. Cephalopods","ALMEJA","Pectinidae"
2007,"Argopecten",31210,111570,"Molluscs excl. Cephalopods","ALMEJA","Pectinidae"
2008,"Argopecten",71720,327320,"Molluscs excl. Cephalopods","ALMEJA","Pectinidae"
2009,"Argopecten",807760,2936900,"Molluscs excl. Cephalopods","ALMEJA","Pectinidae"
2010,"Argopecten",743163,3543266,"Molluscs excl. Cephalopods","ALMEJA","Pectinidae"
2011,"Argopecten",6542263,21541402,"Molluscs excl. Cephalopods","ALMEJA","Pectinidae"
2012,"Argopecten",254043,910667,"Molluscs excl. Cephalopods","ALMEJA","Pectinidae"
2013,"Argopecten",50354,238870,"Molluscs excl. Cephalopods","ALMEJA","Pectinidae"
2014,"Argopecten",102947,410516,"Molluscs excl. Cephalopods","ALMEJA","Pectinidae"
2015,"Argopecten",379904,1490492,"Molluscs excl. Cephalopods","ALMEJA","Pectinidae"
2016,"Argopecten",45874,189564,"Molluscs excl. Cephalopods","ALMEJA","Pectinidae"
2017,"Argopecten",194440,1753674,"Molluscs excl. Cephalopods","ALMEJA","Pectinidae"
2018,"Argopecten",1468018,7596875,"Molluscs excl. Cephalopods","ALMEJA","Pectinidae"
2019,"Argopecten",918266,5572720,"Molluscs excl. Cephalopods","ALMEJA","Pectinidae"
2020,"Argopecten",715030,5392019,"Molluscs excl. Cephalopods","ALMEJA","Pectinidae"
2021,"Argopecten",3082256,29700121,"Molluscs excl. Cephalopods","ALMEJA","Pectinidae"
2022,"Argopecten",6231301,50340969,"Molluscs excl. Cephalopods","ALMEJA","Pectinidae"
2023,"Argopecten",317120,4632671,"Molluscs excl. Cephalopods","ALMEJA","Pectinidae"
2024,"Argopecten",382240,3732429,"Molluscs excl. Cephalopods","ALMEJA","Pectinidae"
2000,"Balistes",1074666.65,13769672,"Demersal marine fishes","CARPA","Balistidae"
2001,"Balistes",680558.45,5488159,"Demersal marine fishes","CARPA","Balistidae"
2002,"Balistes",391559.3,3120628,"Demersal marine fishes","CARPA","Balistidae"
2003,"Balistes",1175820.1,10818306,"Demersal marine fishes","CARPA","Balistidae"
2004,"Balistes",1396378.1,13617863,"Demersal marine fishes","CARPA","Balistidae"
2005,"Balistes",1112688.55,12655103,"Demersal marine fishes","CARPA","Balistidae"
2006,"Balistes",1198965.5,10003887,"Demersal marine fishes","CARPA","Balistidae"
2007,"Balistes",1466048.6,15614592,"Demersal marine fishes","CARPA","Balistidae"
2008,"Balistes",1135365.6,11672964,"Demersal marine fishes","CARPA","Balistidae"
2009,"Balistes",1234571.95,12340359,"Demersal marine fishes","CARPA","Balistidae"
2010,"Balistes",1304956.5,13590318,"Demersal marine fishes","CARPA","Balistidae"
2011,"Balistes",1275386.65,14121413,"Demersal marine fishes","CARPA","Balistidae"
2012,"Balistes",1243323.25,13755141,"Demersal marine fishes","CARPA","Balistidae"
2013,"Balistes",1573171.4,18498490,"Demersal marine fishes","CARPA","Balistidae"
2014,"Balistes",2048207.225,25424721,"Demersal marine fishes","CARPA","Balistidae"
2015,"Balistes",3263388.73,38894598.5,"Demersal marine fishes","CARPA","Balistidae"
2016,"Balistes",4833803.625,57853343.4,"Demersal marine fishes","CARPA","Balistidae"
2017,"Balistes",4083290.25,56722586.4,"Demersal marine fishes","CARPA","Balistidae"
2018,"Balistes",4513438.895,64221218.97,"Demersal marine fishes","CARPA","Balistidae"
2019,"Balistes",3017212.9,45429074,"Demersal marine fishes","CARPA","Balistidae"
2020,"Balistes",2533040.45,38439722.6,"Demersal marine fishes","CARPA","Balistidae"
2021,"Balistes",2618716.4,41240597,"Demersal marine fishes","CARPA","Balistidae"
2022,"Balistes",2474179.45,46304796,"Demersal marine fishes","CARPA","Balistidae"
2023,"Balistes",3047562,53179755,"Demersal marine fishes","CARPA","Balistidae"
2024,"Balistes",2811789.18,48390440.1,"Demersal marine fishes","CARPA","Balistidae"
2000,"Brotula",837708.2,9296946,"Demersal marine fishes","LENGUADO","Ophidiidae"
2001,"Brotula",316427.8,3322446,"Demersal marine fishes","LENGUADO","Ophidiidae"
2002,"Brotula",32246.6,352797,"Demersal marine fishes","LENGUADO","Ophidiidae"
2003,"Brotula",180127,2014958,"Demersal marine fishes","LENGUADO","Ophidiidae"
2004,"Brotula",256779.4,2856054,"Demersal marine fishes","LENGUADO","Ophidiidae"
2005,"Brotula",341915.4,4104889,"Demersal marine fishes","LENGUADO","Ophidiidae"
2006,"Brotula",1715510.2,21982953,"Demersal marine fishes","LENGUADO","Ophidiidae"
2007,"Brotula",358740.5,4634026.5,"Demersal marine fishes","LENGUADO","Ophidiidae"
2008,"Brotula",912425.2,12797698,"Demersal marine fishes","LENGUADO","Ophidiidae"
2009,"Brotula",463637.3,7403128,"Demersal marine fishes","LENGUADO","Ophidiidae"
2010,"Brotula",174906.9,2842997,"Demersal marine fishes","LENGUADO","Ophidiidae"
2011,"Brotula",586006.4,8385191,"Demersal marine fishes","LENGUADO","Ophidiidae"
2012,"Brotula",1043778.8,14094256,"Demersal marine fishes","LENGUADO","Ophidiidae"
2013,"Brotula",730086.8,11071127,"Demersal marine fishes","LENGUADO","Ophidiidae"
2014,"Brotula",1060769.2,17033524,"Demersal marine fishes","LENGUADO","Ophidiidae"
2015,"Brotula",907483.1,13804669,"Demersal marine fishes","LENGUADO","Ophidiidae"
2016,"Brotula",970299.25,20859297.5,"Demersal marine fishes","LENGUADO","Ophidiidae"
2017,"Brotula",980111.4,20381524,"Demersal marine fishes","LENGUADO","Ophidiidae"
2018,"Brotula",853489,18594860,"Demersal marine fishes","LENGUADO","Ophidiidae"
2019,"Brotula",783675.85,18207513,"Demersal marine fishes","LENGUADO","Ophidiidae"
2020,"Brotula",931263.5,86893355,"Demersal marine fishes","LENGUADO","Ophidiidae"
2021,"Brotula",1596979.3,38791753,"Demersal marine fishes","LENGUADO","Ophidiidae"
2022,"Brotula",1581302.1,35886272,"Demersal marine fishes","LENGUADO","Ophidiidae"
2023,"Brotula",1535933,35022521,"Demersal marine fishes","LENGUADO","Ophidiidae"
2024,"Brotula",1230265.575,26187968.5,"Demersal marine fishes","LENGUADO","Ophidiidae"
2000,"Calamus",2231,12878,"Demersal marine fishes","MOJARRA","Sparidae"
2001,"Calamus",14202,64226,"Demersal marine fishes","MOJARRA","Sparidae"
2002,"Calamus",17714,89851,"Demersal marine fishes","MOJARRA","Sparidae"
2003,"Calamus",23471,125409,"Demersal marine fishes","MOJARRA","Sparidae"
2004,"Calamus",15683,83217,"Demersal marine fishes","MOJARRA","Sparidae"
2005,"Calamus",22127,109723,"Demersal marine fishes","MOJARRA","Sparidae"
2006,"Calamus",19608,94786,"Demersal marine fishes","MOJARRA","Sparidae"
2007,"Calamus",19220,108830,"Demersal marine fishes","MOJARRA","Sparidae"
2008,"Calamus",16649,99399,"Demersal marine fishes","MOJARRA","Sparidae"
2009,"Calamus",17024,165559,"Demersal marine fishes","MOJARRA","Sparidae"
2010,"Calamus",204366,377234,"Demersal marine fishes","MOJARRA","Sparidae"
2011,"Calamus",28517.5,195543,"Demersal marine fishes","MOJARRA","Sparidae"
2012,"Calamus",34378,227312,"Demersal marine fishes","MOJARRA","Sparidae"
2013,"Calamus",26899,168623,"Demersal marine fishes","MOJARRA","Sparidae"
2014,"Calamus",25636,224403,"Demersal marine fishes","MOJARRA","Sparidae"
2015,"Calamus",24733,200815,"Demersal marine fishes","MOJARRA","Sparidae"
2016,"Calamus",17001,134448,"Demersal marine fishes","MOJARRA","Sparidae"
2017,"Calamus",17004.5,180272,"Demersal marine fishes","MOJARRA","Sparidae"
2018,"Calamus",17736.14,171362.4,"Demersal marine fishes","MOJARRA","Sparidae"
2019,"Calamus",13442,155097,"Demersal marine fishes","MOJARRA","Sparidae"
2020,"Calamus",15151,238354,"Demersal marine fishes","MOJARRA","Sparidae"
2021,"Calamus",10406,155597,"Demersal marine fishes","MOJARRA","Sparidae"
2022,"Calamus",14411,165593,"Demersal marine fishes","MOJARRA","Sparidae"
2023,"Calamus",12947,171354,"Demersal marine fishes","MOJARRA","Sparidae"
2024,"Calamus",13696,147534,"Demersal marine fishes","MOJARRA","Sparidae"
2005,"Callinectes",443,5316,"Crustaceans","JAIBA","Portunidae"
2011,"Callinectes",4191,77097,"Crustaceans","JAIBA","Portunidae"
2012,"Callinectes",714,12852,"Crustaceans","JAIBA","Portunidae"
2013,"Callinectes",425543,7509245,"Crustaceans","JAIBA","Portunidae"
2014,"Callinectes",619867,16769044,"Crustaceans","JAIBA","Portunidae"
2015,"Callinectes",832879,18334788,"Crustaceans","JAIBA","Portunidae"
2016,"Callinectes",655164,19114795,"Crustaceans","JAIBA","Portunidae"
2017,"Callinectes",1209946,38437653,"Crustaceans","JAIBA","Portunidae"
2018,"Callinectes",1071105,35477877,"Crustaceans","JAIBA","Portunidae"
2019,"Callinectes",1402770,43098464,"Crustaceans","JAIBA","Portunidae"
2020,"Callinectes",1611933,53843296.85,"Crustaceans","JAIBA","Portunidae"
2021,"Callinectes",2261087,76449322.5,"Crustaceans","JAIBA","Portunidae"
2022,"Callinectes",2341731,90067535,"Crustaceans","JAIBA","Portunidae"
2023,"Callinectes",3691201,143150365,"Crustaceans","JAIBA","Portunidae"
2000,"Caranx",19287.2,1173688,"Pelagic marine fish (excl. anchovy & sardine)","BONITO","Carangidae"
2001,"Caranx",34208.5,2115487,"Pelagic marine fish (excl. anchovy & sardine)","BONITO","Carangidae"
2002,"Caranx",38570,1838110,"Pelagic marine fish (excl. anchovy & sardine)","BONITO","Carangidae"
2003,"Caranx",49749.7,2551519,"Pelagic marine fish (excl. anchovy & sardine)","BONITO","Carangidae"
2004,"Caranx",68944.9,5335840,"Pelagic marine fish (excl. anchovy & sardine)","BONITO","Carangidae"
2005,"Caranx",58211.2,4317484,"Pelagic marine fish (excl. anchovy & sardine)","BONITO","Carangidae"
2006,"Caranx",74643.3,4310339,"Pelagic marine fish (excl. anchovy & sardine)","BONITO","Carangidae"
2007,"Caranx",59347.5,2888389,"Pelagic marine fish (excl. anchovy & sardine)","BONITO","Carangidae"
2008,"Caranx",67228.7,4220106,"Pelagic marine fish (excl. anchovy & sardine)","BONITO","Carangidae"
2009,"Caranx",70500.4,3374411,"Pelagic marine fish (excl. anchovy & sardine)","BONITO","Carangidae"
2010,"Caranx",86484.7,4366896,"Pelagic marine fish (excl. anchovy & sardine)","BONITO","Carangidae"
2011,"Caranx",114585.1,4320065,"Pelagic marine fish (excl. anchovy & sardine)","BONITO","Carangidae"
2012,"Caranx",81667,6091763,"Pelagic marine fish (excl. anchovy & sardine)","BONITO","Carangidae"
2013,"Caranx",171514.4,6435768,"Pelagic marine fish (excl. anchovy & sardine)","BONITO","Carangidae"
2014,"Caranx",133263.5,7016093,"Pelagic marine fish (excl. anchovy & sardine)","BONITO","Carangidae"
2015,"Caranx",85634.8,5650195,"Pelagic marine fish (excl. anchovy & sardine)","BONITO","Carangidae"
2016,"Caranx",173321.4,6452868.52,"Pelagic marine fish (excl. anchovy & sardine)","BONITO","Carangidae"
2017,"Caranx",130030.8,6969389,"Pelagic marine fish (excl. anchovy & sardine)","BONITO","Carangidae"
2018,"Caranx",124233.6,6777468,"Pelagic marine fish (excl. anchovy & sardine)","BONITO","Carangidae"
2019,"Caranx",101843.1,5074870,"Pelagic marine fish (excl. anchovy & sardine)","BONITO","Carangidae"
2020,"Caranx",38875.2,1375185,"Pelagic marine fish (excl. anchovy & sardine)","BONITO","Carangidae"
2021,"Caranx",55815.1,1656210,"Pelagic marine fish (excl. anchovy & sardine)","BONITO","Carangidae"
2022,"Caranx",98695.1,1391707,"Pelagic marine fish (excl. anchovy & sardine)","BONITO","Carangidae"
2023,"Caranx",166286,3806177,"Pelagic marine fish (excl. anchovy & sardine)","BONITO","Carangidae"
2024,"Caranx",114215.2,2867253,"Pelagic marine fish (excl. anchovy & sardine)","BONITO","Carangidae"
2000,"Carcharhinus",108086.8,485346,"Sharks","TIBURON","Carcharhinidae"
2001,"Carcharhinus",132004.3,481583,"Sharks","TIBURON","Carcharhinidae"
2002,"Carcharhinus",86126.3,278020,"Sharks","TIBURON","Carcharhinidae"
2003,"Carcharhinus",118485.8,481929,"Sharks","TIBURON","Carcharhinidae"
2004,"Carcharhinus",186015,1073735,"Sharks","TIBURON","Carcharhinidae"
2005,"Carcharhinus",117991.25,697084,"Sharks","TIBURON","Carcharhinidae"
2006,"Carcharhinus",140155,864033.5,"Sharks","TIBURON","Carcharhinidae"
2007,"Carcharhinus",160288.35,1275275,"Sharks","TIBURON","Carcharhinidae"
2008,"Carcharhinus",252813.7,1692465,"Sharks","TIBURON","Carcharhinidae"
2009,"Carcharhinus",252968.1,1820242,"Sharks","TIBURON","Carcharhinidae"
2010,"Carcharhinus",353813.3,2753669,"Sharks","TIBURON","Carcharhinidae"
2011,"Carcharhinus",361175.55,2653843,"Sharks","TIBURON","Carcharhinidae"
2012,"Carcharhinus",395559.05,2772295,"Sharks","TIBURON","Carcharhinidae"
2013,"Carcharhinus",509694.15,4045851,"Sharks","TIBURON","Carcharhinidae"
2014,"Carcharhinus",763283.9,7404211,"Sharks","TIBURON","Carcharhinidae"
2015,"Carcharhinus",1147028.3,10930376,"Sharks","TIBURON","Carcharhinidae"
2016,"Carcharhinus",1827336.5,17451929,"Sharks","TIBURON","Carcharhinidae"
2017,"Carcharhinus",3277182.7,45167786.5,"Sharks","TIBURON","Carcharhinidae"
2018,"Carcharhinus",3678511.65,63714852.5,"Sharks","TIBURON","Carcharhinidae"
2019,"Carcharhinus",2872415.8,38856065,"Sharks","TIBURON","Carcharhinidae"
2020,"Carcharhinus",3761901.25,53209918,"Sharks","TIBURON","Carcharhinidae"
2021,"Carcharhinus",3323150.4,40023637,"Sharks","TIBURON","Carcharhinidae"
2022,"Carcharhinus",3110232.1,32816320.55,"Sharks","TIBURON","Carcharhinidae"
2023,"Carcharhinus",4814764,54152538,"Sharks","TIBURON","Carcharhinidae"
2024,"Carcharhinus",9480539.85,118597971,"Sharks","TIBURON","Carcharhinidae"
2000,"Caulolatilus",426669.4,2265939,"Demersal marine fishes","PIERNA","Malacanthidae"
2001,"Caulolatilus",405166.4,2351838,"Demersal marine fishes","PIERNA","Malacanthidae"
2002,"Caulolatilus",273605.15,1752864,"Demersal marine fishes","PIERNA","Malacanthidae"
2003,"Caulolatilus",397563.75,2428671,"Demersal marine fishes","PIERNA","Malacanthidae"
2004,"Caulolatilus",416931.7,2724729,"Demersal marine fishes","PIERNA","Malacanthidae"
2005,"Caulolatilus",317147.6,2089579,"Demersal marine fishes","PIERNA","Malacanthidae"
2006,"Caulolatilus",717907.7,3446572,"Demersal marine fishes","PIERNA","Malacanthidae"
2007,"Caulolatilus",630903.8,4109708,"Demersal marine fishes","PIERNA","Malacanthidae"
2008,"Caulolatilus",875034.3,5674034,"Demersal marine fishes","PIERNA","Malacanthidae"
2009,"Caulolatilus",585676.5,4536006,"Demersal marine fishes","PIERNA","Malacanthidae"
2010,"Caulolatilus",551023.45,5118723,"Demersal marine fishes","PIERNA","Malacanthidae"
2011,"Caulolatilus",640388.3,6102197,"Demersal marine fishes","PIERNA","Malacanthidae"
2012,"Caulolatilus",1370990.4,11056068,"Demersal marine fishes","PIERNA","Malacanthidae"
2013,"Caulolatilus",669194.5,6259438,"Demersal marine fishes","PIERNA","Malacanthidae"
2014,"Caulolatilus",529605.85,5589743,"Demersal marine fishes","PIERNA","Malacanthidae"
2015,"Caulolatilus",500226.8,5679544.6,"Demersal marine fishes","PIERNA","Malacanthidae"
2016,"Caulolatilus",530384.45,6971008.5,"Demersal marine fishes","PIERNA","Malacanthidae"
2017,"Caulolatilus",525811.1,6943316,"Demersal marine fishes","PIERNA","Malacanthidae"
2018,"Caulolatilus",473070,7618656,"Demersal marine fishes","PIERNA","Malacanthidae"
2019,"Caulolatilus",377538.9,7111359.5,"Demersal marine fishes","PIERNA","Malacanthidae"
2020,"Caulolatilus",331187.9,7495686,"Demersal marine fishes","PIERNA","Malacanthidae"
2021,"Caulolatilus",560362.5,10627681,"Demersal marine fishes","PIERNA","Malacanthidae"
2022,"Caulolatilus",462355.55,11583069,"Demersal marine fishes","PIERNA","Malacanthidae"
2023,"Caulolatilus",416504,10193828,"Demersal marine fishes","PIERNA","Malacanthidae"
2024,"Caulolatilus",310340.75,6970127.4,"Demersal marine fishes","PIERNA","Malacanthidae"
2000,"Centropomus",357430.22,8255028,"Demersal marine fishes","ROBALO","Centropomidae"
2001,"Centropomus",397868.4,9406169,"Demersal marine fishes","ROBALO","Centropomidae"
2002,"Centropomus",305276.6,7176921,"Demersal marine fishes","ROBALO","Centropomidae"
2003,"Centropomus",388163.1,9470575,"Demersal marine fishes","ROBALO","Centropomidae"
2004,"Centropomus",511566.66,12234103,"Demersal marine fishes","ROBALO","Centropomidae"
2005,"Centropomus",543811.76,11906815,"Demersal marine fishes","ROBALO","Centropomidae"
2006,"Centropomus",518767.05,10619101,"Demersal marine fishes","ROBALO","Centropomidae"
2007,"Centropomus",605237.3,14471152,"Demersal marine fishes","ROBALO","Centropomidae"
2008,"Centropomus",636809.44,14753494,"Demersal marine fishes","ROBALO","Centropomidae"
2009,"Centropomus",722394.1,18595392,"Demersal marine fishes","ROBALO","Centropomidae"
2010,"Centropomus",675842.55,19902080,"Demersal marine fishes","ROBALO","Centropomidae"
2011,"Centropomus",628561.7,18480091,"Demersal marine fishes","ROBALO","Centropomidae"
2012,"Centropomus",805204.8,25746549,"Demersal marine fishes","ROBALO","Centropomidae"
2013,"Centropomus",959653.65,33280185,"Demersal marine fishes","ROBALO","Centropomidae"
2014,"Centropomus",1174338.72,46876579.2,"Demersal marine fishes","ROBALO","Centropomidae"
2015,"Centropomus",1079784.185,47267464.39,"Demersal marine fishes","ROBALO","Centropomidae"
2016,"Centropomus",1593892.21,73780839.84,"Demersal marine fishes","ROBALO","Centropomidae"
2017,"Centropomus",1582793.76,85113987.46,"Demersal marine fishes","ROBALO","Centropomidae"
2018,"Centropomus",1670501.948,96112011.1202,"Demersal marine fishes","ROBALO","Centropomidae"
2019,"Centropomus",1573903.821,101427185.4236,"Demersal marine fishes","ROBALO","Centropomidae"
2020,"Centropomus",1236565.7,77434072.3,"Demersal marine fishes","ROBALO","Centropomidae"
2021,"Centropomus",1648222.88,113991202,"Demersal marine fishes","ROBALO","Centropomidae"
2022,"Centropomus",1251254.54,76104274,"Demersal marine fishes","ROBALO","Centropomidae"
2023,"Centropomus",1109444,69330167,"Demersal marine fishes","ROBALO","Centropomidae"
2024,"Centropomus",1560412.013,119494577.1,"Demersal marine fishes","ROBALO","Centropomidae"
2000,"Cetengraulis",111230308.52,69445768,"Anchovy & Sardine (small pelagics)","SARDINA","Engraulidae"
2001,"Cetengraulis",121177569.52,7576806,"Anchovy & Sardine (small pelagics)","SARDINA","Engraulidae"
2003,"Cetengraulis",19058316.28,3224500,"Anchovy & Sardine (small pelagics)","SARDINA","Engraulidae"
2004,"Cetengraulis",82607206.44,25441900,"Anchovy & Sardine (small pelagics)","SARDINA","Engraulidae"
2005,"Cetengraulis",47260735.24,37580780,"Anchovy & Sardine (small pelagics)","SARDINA","Engraulidae"
2006,"Cetengraulis",128703447.68,223919626,"Anchovy & Sardine (small pelagics)","SARDINA","Engraulidae"
2007,"Cetengraulis",23887170.08,17376488,"Anchovy & Sardine (small pelagics)","SARDINA","Engraulidae"
2008,"Cetengraulis",31977699.12,22066707,"Anchovy & Sardine (small pelagics)","SARDINA","Engraulidae"
2009,"Cetengraulis",15401833.88,9082547,"Anchovy & Sardine (small pelagics)","SARDINA","Engraulidae"
2010,"Cetengraulis",13635495.36,10400647,"Anchovy & Sardine (small pelagics)","SARDINA","Engraulidae"
2011,"Cetengraulis",113179462.72,82459729,"Anchovy & Sardine (small pelagics)","SARDINA","Engraulidae"
2012,"Cetengraulis",297306807.52,266175093,"Anchovy & Sardine (small pelagics)","SARDINA","Engraulidae"
2013,"Cetengraulis",179129084.62,156337942,"Anchovy & Sardine (small pelagics)","SARDINA","Engraulidae"
2014,"Cetengraulis",60719386.84,62234903.6,"Anchovy & Sardine (small pelagics)","SARDINA","Engraulidae"
2015,"Cetengraulis",60839858.64,71333960.58,"Anchovy & Sardine (small pelagics)","SARDINA","Engraulidae"
2016,"Cetengraulis",11769203.4,15128118.5,"Anchovy & Sardine (small pelagics)","SARDINA","Engraulidae"
2017,"Cetengraulis",75434508.84,101113137.1,"Anchovy & Sardine (small pelagics)","SARDINA","Engraulidae"
2018,"Cetengraulis",33742113.64,36471337,"Anchovy & Sardine (small pelagics)","SARDINA","Engraulidae"
2019,"Cetengraulis",17911105.28,24151708,"Anchovy & Sardine (small pelagics)","SARDINA","Engraulidae"
2020,"Cetengraulis",12589607.98,19722096,"Anchovy & Sardine (small pelagics)","SARDINA","Engraulidae"
2021,"Cetengraulis",116882260.04,207779159,"Anchovy & Sardine (small pelagics)","SARDINA","Engraulidae"
2022,"Cetengraulis",63428994.88,121312245.32,"Anchovy & Sardine (small pelagics)","SARDINA","Engraulidae"
2023,"Cetengraulis",222954989,482366959,"Anchovy & Sardine (small pelagics)","SARDINA","Engraulidae"
2024,"Cetengraulis",78075835.02,182172983.01,"Anchovy & Sardine (small pelagics)","SARDINA","Engraulidae"
2000,"Chanos",5212,16940,"Diadromous fishes","OTRAS","Chanidae"
2001,"Chanos",7106,24605,"Diadromous fishes","OTRAS","Chanidae"
2002,"Chanos",33938.5,129680,"Diadromous fishes","OTRAS","Chanidae"
2003,"Chanos",37411,205421,"Diadromous fishes","OTRAS","Chanidae"
2004,"Chanos",13357.3,81669,"Diadromous fishes","OTRAS","Chanidae"
2005,"Chanos",9420.6,60433,"Diadromous fishes","OTRAS","Chanidae"
2006,"Chanos",31600.4,124862,"Diadromous fishes","OTRAS","Chanidae"
2007,"Chanos",286118,1005479.5,"Diadromous fishes","OTRAS","Chanidae"
2008,"Chanos",52404,234602,"Diadromous fishes","OTRAS","Chanidae"
2009,"Chanos",56404.2,282078,"Diadromous fishes","OTRAS","Chanidae"
2010,"Chanos",38040,245390,"Diadromous fishes","OTRAS","Chanidae"
2011,"Chanos",85616,558349,"Diadromous fishes","OTRAS","Chanidae"
2012,"Chanos",82345,479054,"Diadromous fishes","OTRAS","Chanidae"
2013,"Chanos",83743,498115,"Diadromous fishes","OTRAS","Chanidae"
2014,"Chanos",230100.6,1304021,"Diadromous fishes","OTRAS","Chanidae"
2015,"Chanos",380420.4,2705212,"Diadromous fishes","OTRAS","Chanidae"
2016,"Chanos",362743.4,2831661.69,"Diadromous fishes","OTRAS","Chanidae"
2017,"Chanos",253507,2246817,"Diadromous fishes","OTRAS","Chanidae"
2018,"Chanos",293782,2374471,"Diadromous fishes","OTRAS","Chanidae"
2019,"Chanos",519320.6,5197285,"Diadromous fishes","OTRAS","Chanidae"
2020,"Chanos",268765,3020516,"Diadromous fishes","OTRAS","Chanidae"
2021,"Chanos",431431.8,4524106,"Diadromous fishes","OTRAS","Chanidae"
2022,"Chanos",447012.7,5180050,"Diadromous fishes","OTRAS","Chanidae"
2023,"Chanos",646358,5885370,"Diadromous fishes","OTRAS","Chanidae"
2024,"Chanos",707972.01,6648025.08,"Diadromous fishes","OTRAS","Chanidae"
2012,"Chione",8600,34400,"Molluscs excl. Cephalopods","ALMEJA","Veneridae"
2013,"Chione",146080,1383010,"Molluscs excl. Cephalopods","ALMEJA","Veneridae"
2014,"Chione",192171,1873765,"Molluscs excl. Cephalopods","ALMEJA","Veneridae"
2015,"Chione",57747,546203,"Molluscs excl. Cephalopods","ALMEJA","Veneridae"
2016,"Chione",43321,262810,"Molluscs excl. Cephalopods","ALMEJA","Veneridae"
2017,"Chione",153451,2215289.5,"Molluscs excl. Cephalopods","ALMEJA","Veneridae"
2018,"Chione",612927,4721335.5,"Molluscs excl. Cephalopods","ALMEJA","Veneridae"
2019,"Chione",377287,4341410,"Molluscs excl. Cephalopods","ALMEJA","Veneridae"
2020,"Chione",171420,2363925,"Molluscs excl. Cephalopods","ALMEJA","Veneridae"
2021,"Chione",228642,3393645,"Molluscs excl. Cephalopods","ALMEJA","Veneridae"
2022,"Chione",630690,5085125,"Molluscs excl. Cephalopods","ALMEJA","Veneridae"
2023,"Chione",269927,3986903,"Molluscs excl. Cephalopods","ALMEJA","Veneridae"
2000,"Coryphaena",84021.5,869050,"Pelagic marine fish (excl. anchovy & sardine)","OTRAS","Coryphaenidae"
2001,"Coryphaena",114427.7,1321970,"Pelagic marine fish (excl. anchovy & sardine)","OTRAS","Coryphaenidae"
2002,"Coryphaena",115441.1,1476289,"Pelagic marine fish (excl. anchovy & sardine)","OTRAS","Coryphaenidae"
2003,"Coryphaena",339795.65,3266647,"Pelagic marine fish (excl. anchovy & sardine)","OTRAS","Coryphaenidae"
2004,"Coryphaena",102267.85,1262491,"Pelagic marine fish (excl. anchovy & sardine)","OTRAS","Coryphaenidae"
2005,"Coryphaena",116065.85,1513612,"Pelagic marine fish (excl. anchovy & sardine)","OTRAS","Coryphaenidae"
2006,"Coryphaena",122335.6,1861592,"Pelagic marine fish (excl. anchovy & sardine)","OTRAS","Coryphaenidae"
2007,"Coryphaena",191524.7,2989731,"Pelagic marine fish (excl. anchovy & sardine)","OTRAS","Coryphaenidae"
2008,"Coryphaena",171175.35,2496640,"Pelagic marine fish (excl. anchovy & sardine)","OTRAS","Coryphaenidae"
2009,"Coryphaena",229390.15,3357238,"Pelagic marine fish (excl. anchovy & sardine)","OTRAS","Coryphaenidae"
2010,"Coryphaena",260622.95,4807018,"Pelagic marine fish (excl. anchovy & sardine)","OTRAS","Coryphaenidae"
2011,"Coryphaena",242981.6,4952025,"Pelagic marine fish (excl. anchovy & sardine)","OTRAS","Coryphaenidae"
2012,"Coryphaena",114907.8,2285074,"Pelagic marine fish (excl. anchovy & sardine)","OTRAS","Coryphaenidae"
2013,"Coryphaena",182944.3,2859177,"Pelagic marine fish (excl. anchovy & sardine)","OTRAS","Coryphaenidae"
2014,"Coryphaena",156626.15,3050640,"Pelagic marine fish (excl. anchovy & sardine)","OTRAS","Coryphaenidae"
2015,"Coryphaena",122211.85,2789074,"Pelagic marine fish (excl. anchovy & sardine)","OTRAS","Coryphaenidae"
2016,"Coryphaena",145293.3,4019987,"Pelagic marine fish (excl. anchovy & sardine)","OTRAS","Coryphaenidae"
2017,"Coryphaena",97741.65,3259538.5,"Pelagic marine fish (excl. anchovy & sardine)","OTRAS","Coryphaenidae"
2018,"Coryphaena",126053.2,3920177.5,"Pelagic marine fish (excl. anchovy & sardine)","OTRAS","Coryphaenidae"
2019,"Coryphaena",147516.95,4713646,"Pelagic marine fish (excl. anchovy & sardine)","OTRAS","Coryphaenidae"
2020,"Coryphaena",127234.3,3872237,"Pelagic marine fish (excl. anchovy & sardine)","OTRAS","Coryphaenidae"
2021,"Coryphaena",119439.3,3737596,"Pelagic marine fish (excl. anchovy & sardine)","OTRAS","Coryphaenidae"
2022,"Coryphaena",167585.05,5293670,"Pelagic marine fish (excl. anchovy & sardine)","OTRAS","Coryphaenidae"
2023,"Coryphaena",185086,5499058,"Pelagic marine fish (excl. anchovy & sardine)","OTRAS","Coryphaenidae"
2024,"Coryphaena",141183.58,4569281,"Pelagic marine fish (excl. anchovy & sardine)","OTRAS","Coryphaenidae"
2000,"Cynoscion",1560292.55,16642972,"Demersal marine fishes","CORVINA","Sciaenidae"
2001,"Cynoscion",4493599.85,38334472,"Demersal marine fishes","CORVINA","Sciaenidae"
2002,"Cynoscion",4635872.25,34707982,"Demersal marine fishes","CORVINA","Sciaenidae"
2003,"Cynoscion",3784709.1,36921030,"Demersal marine fishes","CORVINA","Sciaenidae"
2004,"Cynoscion",955204.1,15535723,"Demersal marine fishes","CORVINA","Sciaenidae"
2005,"Cynoscion",1281931.4,16638519,"Demersal marine fishes","CORVINA","Sciaenidae"
2006,"Cynoscion",1107689.8,15805139,"Demersal marine fishes","CORVINA","Sciaenidae"
2007,"Cynoscion",4132166.35,45246064.21,"Demersal marine fishes","CORVINA","Sciaenidae"
2008,"Cynoscion",4882361.35,48660726,"Demersal marine fishes","CORVINA","Sciaenidae"
2009,"Cynoscion",5118762.45,59964221,"Demersal marine fishes","CORVINA","Sciaenidae"
2010,"Cynoscion",4525481.85,58651988,"Demersal marine fishes","CORVINA","Sciaenidae"
2011,"Cynoscion",1620832.5,23935145,"Demersal marine fishes","CORVINA","Sciaenidae"
2012,"Cynoscion",2680663.15,48005879,"Demersal marine fishes","CORVINA","Sciaenidae"
2013,"Cynoscion",1984658.2,42308047,"Demersal marine fishes","CORVINA","Sciaenidae"
2014,"Cynoscion",2063363.18,49467422.23,"Demersal marine fishes","CORVINA","Sciaenidae"
2015,"Cynoscion",2178115.651,58163478.02,"Demersal marine fishes","CORVINA","Sciaenidae"
2016,"Cynoscion",2347381.76,71969055.27,"Demersal marine fishes","CORVINA","Sciaenidae"
2017,"Cynoscion",2583288.77,81084780.22,"Demersal marine fishes","CORVINA","Sciaenidae"
2018,"Cynoscion",3201676.485,109854673.415,"Demersal marine fishes","CORVINA","Sciaenidae"
2019,"Cynoscion",3333529.62,117875198.684,"Demersal marine fishes","CORVINA","Sciaenidae"
2020,"Cynoscion",3166539.391,105246651.1967,"Demersal marine fishes","CORVINA","Sciaenidae"
2021,"Cynoscion",4559333.3,95044556.29,"Demersal marine fishes","CORVINA","Sciaenidae"
2022,"Cynoscion",3392200.65,104004422,"Demersal marine fishes","CORVINA","Sciaenidae"
2023,"Cynoscion",4635977,125839837,"Demersal marine fishes","CORVINA","Sciaenidae"
2024,"Cynoscion",6404138.104,166095450.33,"Demersal marine fishes","CORVINA","Sciaenidae"
2000,"Diapterus",27275,151866,"Demersal marine fishes","MOJARRA","Gerreidae"
2001,"Diapterus",22352,123122,"Demersal marine fishes","MOJARRA","Gerreidae"
2002,"Diapterus",8127,48389,"Demersal marine fishes","MOJARRA","Gerreidae"
2003,"Diapterus",20046,222441,"Demersal marine fishes","MOJARRA","Gerreidae"
2004,"Diapterus",32545,274334,"Demersal marine fishes","MOJARRA","Gerreidae"
2005,"Diapterus",17302,143404,"Demersal marine fishes","MOJARRA","Gerreidae"
2006,"Diapterus",262,2296,"Demersal marine fishes","MOJARRA","Gerreidae"
2007,"Diapterus",1439,12745,"Demersal marine fishes","MOJARRA","Gerreidae"
2008,"Diapterus",9699,70285,"Demersal marine fishes","MOJARRA","Gerreidae"
2009,"Diapterus",24330,214700,"Demersal marine fishes","MOJARRA","Gerreidae"
2010,"Diapterus",7236,87076,"Demersal marine fishes","MOJARRA","Gerreidae"
2011,"Diapterus",10140,98400,"Demersal marine fishes","MOJARRA","Gerreidae"
2012,"Diapterus",180504,760600,"Demersal marine fishes","MOJARRA","Gerreidae"
2013,"Diapterus",28565,286870,"Demersal marine fishes","MOJARRA","Gerreidae"
2014,"Diapterus",32361,372077,"Demersal marine fishes","MOJARRA","Gerreidae"
2015,"Diapterus",35185,350760,"Demersal marine fishes","MOJARRA","Gerreidae"
2016,"Diapterus",33230,355809,"Demersal marine fishes","MOJARRA","Gerreidae"
2017,"Diapterus",21608,254486,"Demersal marine fishes","MOJARRA","Gerreidae"
2018,"Diapterus",68060,1001875,"Demersal marine fishes","MOJARRA","Gerreidae"
2019,"Diapterus",54715,692866,"Demersal marine fishes","MOJARRA","Gerreidae"
2020,"Diapterus",52863,563940,"Demersal marine fishes","MOJARRA","Gerreidae"
2021,"Diapterus",35376,599172,"Demersal marine fishes","MOJARRA","Gerreidae"
2022,"Diapterus",71749,1029018,"Demersal marine fishes","MOJARRA","Gerreidae"
2023,"Diapterus",33576,483092,"Demersal marine fishes","MOJARRA","Gerreidae"
2024,"Diapterus",59456,731595,"Demersal marine fishes","MOJARRA","Gerreidae"
2000,"Diplectrum",16633.65,352794,"Demersal marine fishes","OTRAS","Serranidae"
2001,"Diplectrum",6885.15,131842,"Demersal marine fishes","OTRAS","Serranidae"
2002,"Diplectrum",20356.45,415417,"Demersal marine fishes","OTRAS","Serranidae"
2003,"Diplectrum",12358.8,287147,"Demersal marine fishes","OTRAS","Serranidae"
2004,"Diplectrum",21744.6,467901,"Demersal marine fishes","OTRAS","Serranidae"
2005,"Diplectrum",20958.7,521253,"Demersal marine fishes","OTRAS","Serranidae"
2006,"Diplectrum",36543.8,860619,"Demersal marine fishes","OTRAS","Serranidae"
2007,"Diplectrum",21018.8,558706.5,"Demersal marine fishes","OTRAS","Serranidae"
2008,"Diplectrum",34969.5,1060683,"Demersal marine fishes","OTRAS","Serranidae"
2009,"Diplectrum",15506.65,399562,"Demersal marine fishes","OTRAS","Serranidae"
2010,"Diplectrum",16387.25,441905,"Demersal marine fishes","OTRAS","Serranidae"
2011,"Diplectrum",15404.3,359620,"Demersal marine fishes","OTRAS","Serranidae"
2012,"Diplectrum",48631.1,1233847,"Demersal marine fishes","OTRAS","Serranidae"
2013,"Diplectrum",37636.8,1019455,"Demersal marine fishes","OTRAS","Serranidae"
2014,"Diplectrum",36469.55,1014480,"Demersal marine fishes","OTRAS","Serranidae"
2015,"Diplectrum",92063.58,2841206.5,"Demersal marine fishes","OTRAS","Serranidae"
2016,"Diplectrum",37543.19,1875901,"Demersal marine fishes","OTRAS","Serranidae"
2017,"Diplectrum",68088.55,4294406,"Demersal marine fishes","OTRAS","Serranidae"
2018,"Diplectrum",35477.4,2176581,"Demersal marine fishes","OTRAS","Serranidae"
2019,"Diplectrum",84483.7,7094727,"Demersal marine fishes","OTRAS","Serranidae"
2020,"Diplectrum",122388.3,9474613,"Demersal marine fishes","OTRAS","Serranidae"
2021,"Diplectrum",122147.1,9871851,"Demersal marine fishes","OTRAS","Serranidae"
2022,"Diplectrum",146374.15,11012725,"Demersal marine fishes","OTRAS","Serranidae"
2023,"Diplectrum",128561,8938185,"Demersal marine fishes","OTRAS","Serranidae"
2024,"Diplectrum",160161.8,9270033,"Demersal marine fishes","OTRAS","Serranidae"
2000,"Dosidicus",25607661,65672707,"Cephalopods","CALAMAR","Ommastrephidae"
2001,"Dosidicus",25673744.45,34337083,"Cephalopods","CALAMAR","Ommastrephidae"
2002,"Dosidicus",41700582.95,38926599,"Cephalopods","CALAMAR","Ommastrephidae"
2003,"Dosidicus",72901686.2,58931885,"Cephalopods","CALAMAR","Ommastrephidae"
2004,"Dosidicus",55160777,62390120,"Cephalopods","CALAMAR","Ommastrephidae"
2005,"Dosidicus",28727726.35,60474475,"Cephalopods","CALAMAR","Ommastrephidae"
2006,"Dosidicus",26362229.35,39382826.5,"Cephalopods","CALAMAR","Ommastrephidae"
2007,"Dosidicus",26177524.15,41825509.8,"Cephalopods","CALAMAR","Ommastrephidae"
2008,"Dosidicus",47631266.75,71844017,"Cephalopods","CALAMAR","Ommastrephidae"
2009,"Dosidicus",40694546.9,61279317,"Cephalopods","CALAMAR","Ommastrephidae"
2010,"Dosidicus",42709461.05,103623791,"Cephalopods","CALAMAR","Ommastrephidae"
2011,"Dosidicus",20139652.55,77506763,"Cephalopods","CALAMAR","Ommastrephidae"
2012,"Dosidicus",11933939.2,54500408,"Cephalopods","CALAMAR","Ommastrephidae"
2013,"Dosidicus",16229923.8,70825621,"Cephalopods","CALAMAR","Ommastrephidae"
2014,"Dosidicus",24595578.55,149612900,"Cephalopods","CALAMAR","Ommastrephidae"
2015,"Dosidicus",1590541.75,13962913.5,"Cephalopods","CALAMAR","Ommastrephidae"
2016,"Dosidicus",831293.05,13449643.5,"Cephalopods","CALAMAR","Ommastrephidae"
2017,"Dosidicus",621190.7,10054045.5,"Cephalopods","CALAMAR","Ommastrephidae"
2018,"Dosidicus",446072.7,6578988.6,"Cephalopods","CALAMAR","Ommastrephidae"
2019,"Dosidicus",481400.7,6857153,"Cephalopods","CALAMAR","Ommastrephidae"
2020,"Dosidicus",302804.1,6165080.4,"Cephalopods","CALAMAR","Ommastrephidae"
2021,"Dosidicus",692971.75,17180291,"Cephalopods","CALAMAR","Ommastrephidae"
2022,"Dosidicus",848586.35,26712195,"Cephalopods","CALAMAR","Ommastrephidae"
2023,"Dosidicus",1117198,34054359,"Cephalopods","CALAMAR","Ommastrephidae"
2024,"Dosidicus",1183732.02,37501206.8,"Cephalopods","CALAMAR","Ommastrephidae"
2000,"Dosinia",359420,2123330,"Molluscs excl. Cephalopods","ALMEJA","Veneridae"
2001,"Dosinia",169168,859224,"Molluscs excl. Cephalopods","ALMEJA","Veneridae"
2002,"Dosinia",83341,262218,"Molluscs excl. Cephalopods","ALMEJA","Veneridae"
2003,"Dosinia",195877,671428,"Molluscs excl. Cephalopods","ALMEJA","Veneridae"
2004,"Dosinia",701610,3000466,"Molluscs excl. Cephalopods","ALMEJA","Veneridae"
2005,"Dosinia",912716,3895736,"Molluscs excl. Cephalopods","ALMEJA","Veneridae"
2006,"Dosinia",583535,1908670,"Molluscs excl. Cephalopods","ALMEJA","Veneridae"
2007,"Dosinia",1072943,3779777,"Molluscs excl. Cephalopods","ALMEJA","Veneridae"
2008,"Dosinia",1584959,9978688,"Molluscs excl. Cephalopods","ALMEJA","Veneridae"
2009,"Dosinia",2008255,18509079,"Molluscs excl. Cephalopods","ALMEJA","Veneridae"
2010,"Dosinia",1320468,5851548,"Molluscs excl. Cephalopods","ALMEJA","Veneridae"
2011,"Dosinia",816714,2615843,"Molluscs excl. Cephalopods","ALMEJA","Veneridae"
2012,"Dosinia",939293,2365806,"Molluscs excl. Cephalopods","ALMEJA","Veneridae"
2013,"Dosinia",1952224,4450460,"Molluscs excl. Cephalopods","ALMEJA","Veneridae"
2014,"Dosinia",905431,3183340,"Molluscs excl. Cephalopods","ALMEJA","Veneridae"
2015,"Dosinia",757428,3572299.5,"Molluscs excl. Cephalopods","ALMEJA","Veneridae"
2016,"Dosinia",1438608,5518030,"Molluscs excl. Cephalopods","ALMEJA","Veneridae"
2017,"Dosinia",1988935,7481874,"Molluscs excl. Cephalopods","ALMEJA","Veneridae"
2018,"Dosinia",1311801,8035216.5,"Molluscs excl. Cephalopods","ALMEJA","Veneridae"
2019,"Dosinia",1004278,7321687,"Molluscs excl. Cephalopods","ALMEJA","Veneridae"
2020,"Dosinia",1202131,7938149.75,"Molluscs excl. Cephalopods","ALMEJA","Veneridae"
2021,"Dosinia",1327512,10260278.84,"Molluscs excl. Cephalopods","ALMEJA","Veneridae"
2022,"Dosinia",1661011,12796502.08,"Molluscs excl. Cephalopods","ALMEJA","Veneridae"
2023,"Dosinia",1419905,10386661,"Molluscs excl. Cephalopods","ALMEJA","Veneridae"
2024,"Dosinia",1463217,9885565.5,"Molluscs excl. Cephalopods","ALMEJA","Veneridae"
2000,"Epinephelus",38560.3,516343,"Demersal marine fishes","MERO","Serranidae"
2001,"Epinephelus",31169.9,380009,"Demersal marine fishes","MERO","Serranidae"
2002,"Epinephelus",17147.8,270957,"Demersal marine fishes","MERO","Serranidae"
2003,"Epinephelus",35657.2,623372,"Demersal marine fishes","MERO","Serranidae"
2004,"Epinephelus",37245.8,489801,"Demersal marine fishes","MERO","Serranidae"
2005,"Epinephelus",16248.6,377422,"Demersal marine fishes","MERO","Serranidae"
2006,"Epinephelus",13311,335401,"Demersal marine fishes","MERO","Serranidae"
2007,"Epinephelus",19890.05,495488.5,"Demersal marine fishes","MERO","Serranidae"
2008,"Epinephelus",14478.4,388105,"Demersal marine fishes","MERO","Serranidae"
2009,"Epinephelus",20505.1,669683,"Demersal marine fishes","MERO","Serranidae"
2010,"Epinephelus",24599.5,807041,"Demersal marine fishes","MERO","Serranidae"
2011,"Epinephelus",16359.4,422008,"Demersal marine fishes","MERO","Serranidae"
2012,"Epinephelus",17198,461712,"Demersal marine fishes","MERO","Serranidae"
2013,"Epinephelus",16659.35,532135,"Demersal marine fishes","MERO","Serranidae"
2014,"Epinephelus",16925.6,553610.5,"Demersal marine fishes","MERO","Serranidae"
2015,"Epinephelus",84417.6,1868880,"Demersal marine fishes","MERO","Serranidae"
2016,"Epinephelus",39700.9,1631907.5,"Demersal marine fishes","MERO","Serranidae"
2017,"Epinephelus",24033,1169763,"Demersal marine fishes","MERO","Serranidae"
2018,"Epinephelus",33618.6,1669985,"Demersal marine fishes","MERO","Serranidae"
2019,"Epinephelus",29084.6,1557760,"Demersal marine fishes","MERO","Serranidae"
2020,"Epinephelus",52684.4,2005303,"Demersal marine fishes","MERO","Serranidae"
2021,"Epinephelus",64660.8,2489196,"Demersal marine fishes","MERO","Serranidae"
2022,"Epinephelus",71543.9,2366600,"Demersal marine fishes","MERO","Serranidae"
2023,"Epinephelus",24522,291771,"Demersal marine fishes","MERO","Serranidae"
2024,"Epinephelus",9351.9,534667,"Demersal marine fishes","MERO","Serranidae"
2000,"Especies",398606,8378755,"Echinoderms","PEPINO DE MAR","Family cannot be determined; class Holothuroidea"
2001,"Especies",411054,8461209,"Echinoderms","PEPINO DE MAR","Family cannot be determined; class Holothuroidea"
2002,"Especies",260012,1724703,"Echinoderms","PEPINO DE MAR","Family cannot be determined; class Holothuroidea"
2003,"Especies",190918,1167607,"Echinoderms","PEPINO DE MAR","Family cannot be determined; class Holothuroidea"
2005,"Especies",11887,335670,"Echinoderms","PEPINO DE MAR","Family cannot be determined; class Holothuroidea"
2006,"Especies",20083,420056,"Echinoderms","PEPINO DE MAR","Family cannot be determined; class Holothuroidea"
2007,"Especies",11780,266580,"Echinoderms","PEPINO DE MAR","Family cannot be determined; class Holothuroidea"
2008,"Especies",32551,518920,"Echinoderms","PEPINO DE MAR","Family cannot be determined; class Holothuroidea"
2009,"Especies",33491,1233360,"Echinoderms","PEPINO DE MAR","Family cannot be determined; class Holothuroidea"
2010,"Especies",22410,924800,"Echinoderms","PEPINO DE MAR","Family cannot be determined; class Holothuroidea"
2011,"Especies",21835,748050,"Echinoderms","PEPINO DE MAR","Family cannot be determined; class Holothuroidea"
2012,"Especies",14195,658300,"Echinoderms","PEPINO DE MAR","Family cannot be determined; class Holothuroidea"
2013,"Especies",2010,49650,"Echinoderms","PEPINO DE MAR","Family cannot be determined; class Holothuroidea"
2014,"Especies",35373,1985700,"Echinoderms","PEPINO DE MAR","Family cannot be determined; class Holothuroidea"
2015,"Especies",16510,758000,"Echinoderms","PEPINO DE MAR","Family cannot be determined; class Holothuroidea"
2016,"Especies",27529,234132,"Echinoderms","PEPINO DE MAR","Family cannot be determined; class Holothuroidea"
2017,"Especies",86570,1184227,"Echinoderms","PEPINO DE MAR","Family cannot be determined; class Holothuroidea"
2018,"Especies",58243,1014430,"Echinoderms","PEPINO DE MAR","Family cannot be determined; class Holothuroidea"
2019,"Especies",72763,1101010,"Echinoderms","PEPINO DE MAR","Family cannot be determined; class Holothuroidea"
2020,"Especies",110466,1252981,"Echinoderms","PEPINO DE MAR","Family cannot be determined; class Holothuroidea"
2021,"Especies",104708,1072630,"Echinoderms","PEPINO DE MAR","Family cannot be determined; class Holothuroidea"
2022,"Especies",13824,648810,"Echinoderms","PEPINO DE MAR","Family cannot be determined; class Holothuroidea"
2023,"Especies",5,125,"Echinoderms","PEPINO DE MAR","Family cannot be determined; class Holothuroidea"
2024,"Especies",255,1275,"Echinoderms","PEPINO DE MAR","Family cannot be determined; class Holothuroidea"
2000,"Etrumeus",4141784.64,782395,"Anchovy & Sardine (small pelagics)","SARDINA","Dussumieriidae"
2001,"Etrumeus",304453.6,0,"Anchovy & Sardine (small pelagics)","SARDINA","Dussumieriidae"
2003,"Etrumeus",8032614.88,3596404,"Anchovy & Sardine (small pelagics)","SARDINA","Dussumieriidae"
2004,"Etrumeus",8145357.6,6996021,"Anchovy & Sardine (small pelagics)","SARDINA","Dussumieriidae"
2005,"Etrumeus",6829665.88,12955902,"Anchovy & Sardine (small pelagics)","SARDINA","Dussumieriidae"
2006,"Etrumeus",6638635.92,92775767,"Anchovy & Sardine (small pelagics)","SARDINA","Dussumieriidae"
2007,"Etrumeus",3544261.68,2876898,"Anchovy & Sardine (small pelagics)","SARDINA","Dussumieriidae"
2008,"Etrumeus",958452.32,826252,"Anchovy & Sardine (small pelagics)","SARDINA","Dussumieriidae"
2009,"Etrumeus",512865,442125,"Anchovy & Sardine (small pelagics)","SARDINA","Dussumieriidae"
2010,"Etrumeus",10763495,9329075,"Anchovy & Sardine (small pelagics)","SARDINA","Dussumieriidae"
2011,"Etrumeus",978338.2,843395,"Anchovy & Sardine (small pelagics)","SARDINA","Dussumieriidae"
2012,"Etrumeus",2011720.72,2064235,"Anchovy & Sardine (small pelagics)","SARDINA","Dussumieriidae"
2013,"Etrumeus",16864686.68,18965504,"Anchovy & Sardine (small pelagics)","SARDINA","Dussumieriidae"
2014,"Etrumeus",7568697.24,7998389,"Anchovy & Sardine (small pelagics)","SARDINA","Dussumieriidae"
2015,"Etrumeus",7029227.06,9591466.2,"Anchovy & Sardine (small pelagics)","SARDINA","Dussumieriidae"
2016,"Etrumeus",25063682.1,253035624.1,"Anchovy & Sardine (small pelagics)","SARDINA","Dussumieriidae"
2017,"Etrumeus",28279045.5,41918446.65,"Anchovy & Sardine (small pelagics)","SARDINA","Dussumieriidae"
2018,"Etrumeus",14961989.14,24361925,"Anchovy & Sardine (small pelagics)","SARDINA","Dussumieriidae"
2019,"Etrumeus",12545467.28,22109872,"Anchovy & Sardine (small pelagics)","SARDINA","Dussumieriidae"
2020,"Etrumeus",6914008.32,14347342,"Anchovy & Sardine (small pelagics)","SARDINA","Dussumieriidae"
2021,"Etrumeus",3438739.96,6363623,"Anchovy & Sardine (small pelagics)","SARDINA","Dussumieriidae"
2022,"Etrumeus",4016045.28,8238495.5,"Anchovy & Sardine (small pelagics)","SARDINA","Dussumieriidae"
2023,"Etrumeus",4099559,8924284,"Anchovy & Sardine (small pelagics)","SARDINA","Dussumieriidae"
2024,"Etrumeus",4705062.08,8700409.67,"Anchovy & Sardine (small pelagics)","SARDINA","Dussumieriidae"
2000,"Eucinostomus",56012,365922,"Demersal marine fishes","MOJARRA","Gerreidae"
2001,"Eucinostomus",67450,453366,"Demersal marine fishes","MOJARRA","Gerreidae"
2002,"Eucinostomus",82568,614749,"Demersal marine fishes","MOJARRA","Gerreidae"
2003,"Eucinostomus",57630,453739,"Demersal marine fishes","MOJARRA","Gerreidae"
2004,"Eucinostomus",92989,678991,"Demersal marine fishes","MOJARRA","Gerreidae"
2005,"Eucinostomus",67352,617038,"Demersal marine fishes","MOJARRA","Gerreidae"
2006,"Eucinostomus",66415,529299,"Demersal marine fishes","MOJARRA","Gerreidae"
2007,"Eucinostomus",78383,567671,"Demersal marine fishes","MOJARRA","Gerreidae"
2008,"Eucinostomus",120799,987051,"Demersal marine fishes","MOJARRA","Gerreidae"
2009,"Eucinostomus",231273,2020511,"Demersal marine fishes","MOJARRA","Gerreidae"
2010,"Eucinostomus",203437,1656466,"Demersal marine fishes","MOJARRA","Gerreidae"
2011,"Eucinostomus",250220,1679256,"Demersal marine fishes","MOJARRA","Gerreidae"
2012,"Eucinostomus",589913,2651080,"Demersal marine fishes","MOJARRA","Gerreidae"
2013,"Eucinostomus",691657,4375147,"Demersal marine fishes","MOJARRA","Gerreidae"
2014,"Eucinostomus",236852,2771188,"Demersal marine fishes","MOJARRA","Gerreidae"
2015,"Eucinostomus",198078.7,2361232,"Demersal marine fishes","MOJARRA","Gerreidae"
2016,"Eucinostomus",146983,2365491.5,"Demersal marine fishes","MOJARRA","Gerreidae"
2017,"Eucinostomus",167511,3280844,"Demersal marine fishes","MOJARRA","Gerreidae"
2018,"Eucinostomus",216276,3671816,"Demersal marine fishes","MOJARRA","Gerreidae"
2019,"Eucinostomus",202495.5,3138644.5,"Demersal marine fishes","MOJARRA","Gerreidae"
2020,"Eucinostomus",108683.3,1743607,"Demersal marine fishes","MOJARRA","Gerreidae"
2021,"Eucinostomus",100979.5,1622147,"Demersal marine fishes","MOJARRA","Gerreidae"
2022,"Eucinostomus",316502,4816580,"Demersal marine fishes","MOJARRA","Gerreidae"
2023,"Eucinostomus",271387,5841057,"Demersal marine fishes","MOJARRA","Gerreidae"
2024,"Eucinostomus",399169,7037366,"Demersal marine fishes","MOJARRA","Gerreidae"
2000,"Eugerres",11800,50864,"Demersal marine fishes","MOJARRA","Gerreidae"
2001,"Eugerres",20487,108522,"Demersal marine fishes","MOJARRA","Gerreidae"
2002,"Eugerres",21979,119139,"Demersal marine fishes","MOJARRA","Gerreidae"
2003,"Eugerres",31237,246050,"Demersal marine fishes","MOJARRA","Gerreidae"
2004,"Eugerres",51792,530847,"Demersal marine fishes","MOJARRA","Gerreidae"
2005,"Eugerres",42135,438373,"Demersal marine fishes","MOJARRA","Gerreidae"
2006,"Eugerres",16608,148296,"Demersal marine fishes","MOJARRA","Gerreidae"
2007,"Eugerres",10549,98344,"Demersal marine fishes","MOJARRA","Gerreidae"
2008,"Eugerres",26686,118787,"Demersal marine fishes","MOJARRA","Gerreidae"
2009,"Eugerres",19731,93736,"Demersal marine fishes","MOJARRA","Gerreidae"
2010,"Eugerres",8136,68638,"Demersal marine fishes","MOJARRA","Gerreidae"
2011,"Eugerres",35355,211419,"Demersal marine fishes","MOJARRA","Gerreidae"
2012,"Eugerres",19241,149824,"Demersal marine fishes","MOJARRA","Gerreidae"
2013,"Eugerres",16541,124853,"Demersal marine fishes","MOJARRA","Gerreidae"
2014,"Eugerres",35923,352835,"Demersal marine fishes","MOJARRA","Gerreidae"
2015,"Eugerres",38298,407085,"Demersal marine fishes","MOJARRA","Gerreidae"
2016,"Eugerres",50169,490244,"Demersal marine fishes","MOJARRA","Gerreidae"
2017,"Eugerres",74477,801941,"Demersal marine fishes","MOJARRA","Gerreidae"
2018,"Eugerres",77045,829713,"Demersal marine fishes","MOJARRA","Gerreidae"
2019,"Eugerres",75208,734101,"Demersal marine fishes","MOJARRA","Gerreidae"
2020,"Eugerres",58924,483087,"Demersal marine fishes","MOJARRA","Gerreidae"
2021,"Eugerres",43738,464541,"Demersal marine fishes","MOJARRA","Gerreidae"
2022,"Eugerres",84485,901614,"Demersal marine fishes","MOJARRA","Gerreidae"
2023,"Eugerres",75399,898866,"Demersal marine fishes","MOJARRA","Gerreidae"
2024,"Eugerres",84400,783750,"Demersal marine fishes","MOJARRA","Gerreidae"
2004,"Euthynnus",40020,40,"Pelagic marine fish (excl. anchovy & sardine)","BARRILETE","Scombridae"
2005,"Euthynnus",374502,1478519,"Pelagic marine fish (excl. anchovy & sardine)","BARRILETE","Scombridae"
2006,"Euthynnus",1160537,5667211,"Pelagic marine fish (excl. anchovy & sardine)","BARRILETE","Scombridae"
2007,"Euthynnus",1061638,5376677,"Pelagic marine fish (excl. anchovy & sardine)","BARRILETE","Scombridae"
2008,"Euthynnus",3262513,20167864,"Pelagic marine fish (excl. anchovy & sardine)","BARRILETE","Scombridae"
2009,"Euthynnus",2996956,14827771,"Pelagic marine fish (excl. anchovy & sardine)","BARRILETE","Scombridae"
2010,"Euthynnus",2216197,10797148,"Pelagic marine fish (excl. anchovy & sardine)","BARRILETE","Scombridae"
2011,"Euthynnus",2738935,17324978,"Pelagic marine fish (excl. anchovy & sardine)","BARRILETE","Scombridae"
2012,"Euthynnus",3821741,22229415,"Pelagic marine fish (excl. anchovy & sardine)","BARRILETE","Scombridae"
2013,"Euthynnus",2876802,13792003,"Pelagic marine fish (excl. anchovy & sardine)","BARRILETE","Scombridae"
2014,"Euthynnus",3714911,14995636,"Pelagic marine fish (excl. anchovy & sardine)","BARRILETE","Scombridae"
2015,"Euthynnus",2535062,71792289,"Pelagic marine fish (excl. anchovy & sardine)","BARRILETE","Scombridae"
2016,"Euthynnus",3260390,24746110,"Pelagic marine fish (excl. anchovy & sardine)","BARRILETE","Scombridae"
2017,"Euthynnus",2198776,26729019,"Pelagic marine fish (excl. anchovy & sardine)","BARRILETE","Scombridae"
2018,"Euthynnus",1502269,23885288,"Pelagic marine fish (excl. anchovy & sardine)","BARRILETE","Scombridae"
2019,"Euthynnus",3135071,51863062,"Pelagic marine fish (excl. anchovy & sardine)","BARRILETE","Scombridae"
2020,"Euthynnus",1431477,17299966,"Pelagic marine fish (excl. anchovy & sardine)","BARRILETE","Scombridae"
2021,"Euthynnus",2078659,20849113,"Pelagic marine fish (excl. anchovy & sardine)","BARRILETE","Scombridae"
2022,"Euthynnus",2521459,26941160,"Pelagic marine fish (excl. anchovy & sardine)","BARRILETE","Scombridae"
2023,"Euthynnus",1007120,11235746,"Pelagic marine fish (excl. anchovy & sardine)","BARRILETE","Scombridae"
2024,"Euthynnus",1285807,13254370,"Pelagic marine fish (excl. anchovy & sardine)","BARRILETE","Scombridae"
2000,"Farfantepenaeus",14473.8,609750,"Shrimps, prawns","CAMARON","Penaeidae"
2001,"Farfantepenaeus",6004.2,316515,"Shrimps, prawns","CAMARON","Penaeidae"
2003,"Farfantepenaeus",5757,281579,"Shrimps, prawns","CAMARON","Penaeidae"
2004,"Farfantepenaeus",32997.2,1522840,"Shrimps, prawns","CAMARON","Penaeidae"
2005,"Farfantepenaeus",23781.4,1188225,"Shrimps, prawns","CAMARON","Penaeidae"
2006,"Farfantepenaeus",14371.4,485730,"Shrimps, prawns","CAMARON","Penaeidae"
2007,"Farfantepenaeus",42457.4,1608080,"Shrimps, prawns","CAMARON","Penaeidae"
2008,"Farfantepenaeus",32230.6,1061730,"Shrimps, prawns","CAMARON","Penaeidae"
2009,"Farfantepenaeus",20737.6,647282,"Shrimps, prawns","CAMARON","Penaeidae"
2010,"Farfantepenaeus",46803.8,1991910,"Shrimps, prawns","CAMARON","Penaeidae"
2011,"Farfantepenaeus",69525.6,2203225,"Shrimps, prawns","CAMARON","Penaeidae"
2012,"Farfantepenaeus",156316.6,4534590,"Shrimps, prawns","CAMARON","Penaeidae"
2013,"Farfantepenaeus",122203.4,4709030,"Shrimps, prawns","CAMARON","Penaeidae"
2014,"Farfantepenaeus",357971,11496135,"Shrimps, prawns","CAMARON","Penaeidae"
2015,"Farfantepenaeus",170185.2,6746280,"Shrimps, prawns","CAMARON","Penaeidae"
2016,"Farfantepenaeus",290432.8,14031213,"Shrimps, prawns","CAMARON","Penaeidae"
2017,"Farfantepenaeus",249103.6,13959810,"Shrimps, prawns","CAMARON","Penaeidae"
2018,"Farfantepenaeus",312358.4,19671080,"Shrimps, prawns","CAMARON","Penaeidae"
2019,"Farfantepenaeus",205071.4,12785259,"Shrimps, prawns","CAMARON","Penaeidae"
2020,"Farfantepenaeus",115814,7485542,"Shrimps, prawns","CAMARON","Penaeidae"
2021,"Farfantepenaeus",339417.6,23304279,"Shrimps, prawns","CAMARON","Penaeidae"
2022,"Farfantepenaeus",283780.2,19509719,"Shrimps, prawns","CAMARON","Penaeidae"
2023,"Farfantepenaeus",45136,2796140,"Shrimps, prawns","CAMARON","Penaeidae"
2024,"Farfantepenaeus",9566.4,549990,"Shrimps, prawns","CAMARON","Penaeidae"
2000,"Galeocerdo",108,486,"Sharks","TIBURON","Carcharhinidae"
2001,"Galeocerdo",1302.5,3757,"Sharks","TIBURON","Carcharhinidae"
2002,"Galeocerdo",871.5,2716,"Sharks","TIBURON","Carcharhinidae"
2003,"Galeocerdo",1044,4503,"Sharks","TIBURON","Carcharhinidae"
2004,"Galeocerdo",161,644,"Sharks","TIBURON","Carcharhinidae"
2005,"Galeocerdo",1395,7444,"Sharks","TIBURON","Carcharhinidae"
2006,"Galeocerdo",544,4924,"Sharks","TIBURON","Carcharhinidae"
2007,"Galeocerdo",474,3818,"Sharks","TIBURON","Carcharhinidae"
2008,"Galeocerdo",195,2644,"Sharks","TIBURON","Carcharhinidae"
2009,"Galeocerdo",23557,219963,"Sharks","TIBURON","Carcharhinidae"
2010,"Galeocerdo",13376.1,110459,"Sharks","TIBURON","Carcharhinidae"
2011,"Galeocerdo",1055.75,17928,"Sharks","TIBURON","Carcharhinidae"
2012,"Galeocerdo",4870.25,35333,"Sharks","TIBURON","Carcharhinidae"
2013,"Galeocerdo",861.5,9364,"Sharks","TIBURON","Carcharhinidae"
2014,"Galeocerdo",1986.85,22497,"Sharks","TIBURON","Carcharhinidae"
2015,"Galeocerdo",1576.1,26288,"Sharks","TIBURON","Carcharhinidae"
2016,"Galeocerdo",4571,59145,"Sharks","TIBURON","Carcharhinidae"
2017,"Galeocerdo",1823,24777,"Sharks","TIBURON","Carcharhinidae"
2018,"Galeocerdo",123,1710,"Sharks","TIBURON","Carcharhinidae"
2019,"Galeocerdo",625,8798,"Sharks","TIBURON","Carcharhinidae"
2020,"Galeocerdo",1304.6,18650,"Sharks","TIBURON","Carcharhinidae"
2021,"Galeocerdo",674.65,11531,"Sharks","TIBURON","Carcharhinidae"
2022,"Galeocerdo",4352.7,98486,"Sharks","TIBURON","Carcharhinidae"
2023,"Galeocerdo",7804,139144,"Sharks","TIBURON","Carcharhinidae"
2024,"Galeocerdo",45729.75,636944,"Sharks","TIBURON","Carcharhinidae"
2013,"Galeorhinus",6365.7,57413,"Sharks","TIBURON","Triakidae"
2014,"Galeorhinus",5931.5,91320,"Sharks","TIBURON","Triakidae"
2015,"Galeorhinus",2697.4,37963,"Sharks","TIBURON","Triakidae"
2016,"Galeorhinus",2250.6,20071,"Sharks","TIBURON","Triakidae"
2017,"Galeorhinus",8623.8,119090,"Sharks","TIBURON","Triakidae"
2018,"Galeorhinus",13318.35,213680,"Sharks","TIBURON","Triakidae"
2019,"Galeorhinus",11179,195149,"Sharks","TIBURON","Triakidae"
2020,"Galeorhinus",14331.3,291127,"Sharks","TIBURON","Triakidae"
2021,"Galeorhinus",11329.1,260765,"Sharks","TIBURON","Triakidae"
2022,"Galeorhinus",13103.75,204442,"Sharks","TIBURON","Triakidae"
2023,"Galeorhinus",22749,355141,"Sharks","TIBURON","Triakidae"
2024,"Galeorhinus",12532.55,144227,"Sharks","TIBURON","Triakidae"
2000,"Gerres",33861.9,192419,"Demersal marine fishes","BANDERA","Gerreidae"
2001,"Gerres",126178.3,767266,"Demersal marine fishes","BANDERA","Gerreidae"
2002,"Gerres",78452.9,482693,"Demersal marine fishes","BANDERA","Gerreidae"
2003,"Gerres",121955.8,463207,"Demersal marine fishes","BANDERA","Gerreidae"
2004,"Gerres",109572.6,437093,"Demersal marine fishes","BANDERA","Gerreidae"
2005,"Gerres",160037.5,850624,"Demersal marine fishes","BANDERA","Gerreidae"
2006,"Gerres",103918.9,640389,"Demersal marine fishes","BANDERA","Gerreidae"
2007,"Gerres",144073.9,884439,"Demersal marine fishes","BANDERA","Gerreidae"
2008,"Gerres",122382.9,833668,"Demersal marine fishes","BANDERA","Gerreidae"
2009,"Gerres",152869.5,1025168,"Demersal marine fishes","BANDERA","Gerreidae"
2010,"Gerres",243080.1,1519243,"Demersal marine fishes","BANDERA","Gerreidae"
2011,"Gerres",286257.8,1798827,"Demersal marine fishes","BANDERA","Gerreidae"
2012,"Gerres",171286.2,1139055,"Demersal marine fishes","BANDERA","Gerreidae"
2013,"Gerres",129304.8,861475,"Demersal marine fishes","BANDERA","Gerreidae"
2014,"Gerres",146250.8,1048622,"Demersal marine fishes","BANDERA","Gerreidae"
2015,"Gerres",197470.2,1445111,"Demersal marine fishes","BANDERA","Gerreidae"
2016,"Gerres",238394.6,1881095,"Demersal marine fishes","BANDERA","Gerreidae"
2017,"Gerres",204519.7,1872307,"Demersal marine fishes","BANDERA","Gerreidae"
2018,"Gerres",243278.2,2620253,"Demersal marine fishes","BANDERA","Gerreidae"
2019,"Gerres",287271.1,3243682,"Demersal marine fishes","BANDERA","Gerreidae"
2020,"Gerres",199940.8,2266402,"Demersal marine fishes","BANDERA","Gerreidae"
2021,"Gerres",105775.1,1404519,"Demersal marine fishes","BANDERA","Gerreidae"
2022,"Gerres",156512.5,3321000,"Demersal marine fishes","BANDERA","Gerreidae"
2023,"Gerres",174858,2579856,"Demersal marine fishes","BANDERA","Gerreidae"
2024,"Gerres",369838.6,6875318,"Demersal marine fishes","BANDERA","Gerreidae"
2000,"Haemulon",218420.1,767292,"Demersal marine fishes","RUBIO","Haemulidae"
2001,"Haemulon",309357.5,1265387,"Demersal marine fishes","RUBIO","Haemulidae"
2002,"Haemulon",337228,1577838,"Demersal marine fishes","RUBIO","Haemulidae"
2003,"Haemulon",439576.4,2319031,"Demersal marine fishes","RUBIO","Haemulidae"
2004,"Haemulon",366722.2,2141581,"Demersal marine fishes","RUBIO","Haemulidae"
2005,"Haemulon",344279.7,2200028,"Demersal marine fishes","RUBIO","Haemulidae"
2006,"Haemulon",346465.7,2245048,"Demersal marine fishes","RUBIO","Haemulidae"
2007,"Haemulon",415788.5,2635923,"Demersal marine fishes","RUBIO","Haemulidae"
2008,"Haemulon",529073.4,3187413,"Demersal marine fishes","RUBIO","Haemulidae"
2009,"Haemulon",698806.15,6966750,"Demersal marine fishes","RUBIO","Haemulidae"
2010,"Haemulon",735110.85,5295210,"Demersal marine fishes","RUBIO","Haemulidae"
2011,"Haemulon",866232.4,6766615,"Demersal marine fishes","RUBIO","Haemulidae"
2012,"Haemulon",914549.4,7235391,"Demersal marine fishes","RUBIO","Haemulidae"
2013,"Haemulon",1100332.55,8730127,"Demersal marine fishes","RUBIO","Haemulidae"
2014,"Haemulon",929839.6,7641304,"Demersal marine fishes","RUBIO","Haemulidae"
2015,"Haemulon",1149430.4,11095790,"Demersal marine fishes","RUBIO","Haemulidae"
2016,"Haemulon",1033693.7,10685266.4,"Demersal marine fishes","RUBIO","Haemulidae"
2017,"Haemulon",1146283,13917139.7,"Demersal marine fishes","RUBIO","Haemulidae"
2018,"Haemulon",1184239.3,16141811,"Demersal marine fishes","RUBIO","Haemulidae"
2019,"Haemulon",1078799.1,14195781,"Demersal marine fishes","RUBIO","Haemulidae"
2020,"Haemulon",785203.55,9781266,"Demersal marine fishes","RUBIO","Haemulidae"
2021,"Haemulon",724732.45,9043117,"Demersal marine fishes","RUBIO","Haemulidae"
2022,"Haemulon",745138.25,9174161,"Demersal marine fishes","RUBIO","Haemulidae"
2023,"Haemulon",629067,8073620,"Demersal marine fishes","RUBIO","Haemulidae"
2024,"Haemulon",784245.65,10548113.2,"Demersal marine fishes","RUBIO","Haemulidae"
2000,"Haemulopsis",54258.2,249697,"Demersal marine fishes","RONCO","Haemulidae"
2001,"Haemulopsis",66858.4,365021,"Demersal marine fishes","RONCO","Haemulidae"
2002,"Haemulopsis",57312.2,354516,"Demersal marine fishes","RONCO","Haemulidae"
2003,"Haemulopsis",115243.7,625924,"Demersal marine fishes","RONCO","Haemulidae"
2004,"Haemulopsis",116939.6,597730,"Demersal marine fishes","RONCO","Haemulidae"
2005,"Haemulopsis",126722.3,596349,"Demersal marine fishes","RONCO","Haemulidae"
2006,"Haemulopsis",97533.8,632092.5,"Demersal marine fishes","RONCO","Haemulidae"
2007,"Haemulopsis",158161.7,881974.5,"Demersal marine fishes","RONCO","Haemulidae"
2008,"Haemulopsis",114847.4,775394,"Demersal marine fishes","RONCO","Haemulidae"
2009,"Haemulopsis",132727,878095,"Demersal marine fishes","RONCO","Haemulidae"
2010,"Haemulopsis",116235.5,780067,"Demersal marine fishes","RONCO","Haemulidae"
2011,"Haemulopsis",109997.2,865969,"Demersal marine fishes","RONCO","Haemulidae"
2012,"Haemulopsis",150574.2,1161635,"Demersal marine fishes","RONCO","Haemulidae"
2013,"Haemulopsis",175504.5,1591832,"Demersal marine fishes","RONCO","Haemulidae"
2014,"Haemulopsis",212972.4,2142409,"Demersal marine fishes","RONCO","Haemulidae"
2015,"Haemulopsis",180628.4,1763145,"Demersal marine fishes","RONCO","Haemulidae"
2016,"Haemulopsis",203081.7,2331908.605,"Demersal marine fishes","RONCO","Haemulidae"
2017,"Haemulopsis",188975.3,2549683,"Demersal marine fishes","RONCO","Haemulidae"
2018,"Haemulopsis",138494.85,2133727.5,"Demersal marine fishes","RONCO","Haemulidae"
2019,"Haemulopsis",203525.1,2812611,"Demersal marine fishes","RONCO","Haemulidae"
2020,"Haemulopsis",132157.6,2165640,"Demersal marine fishes","RONCO","Haemulidae"
2021,"Haemulopsis",131188.2,2278458,"Demersal marine fishes","RONCO","Haemulidae"
2022,"Haemulopsis",144601.3,2495056,"Demersal marine fishes","RONCO","Haemulidae"
2023,"Haemulopsis",120997,2476176,"Demersal marine fishes","RONCO","Haemulidae"
2024,"Haemulopsis",105458.4,2072616,"Demersal marine fishes","RONCO","Haemulidae"
2000,"Hexaplex",4750,3500,"Molluscs excl. Cephalopods","CARACOL","Muricidae"
2001,"Hexaplex",20000,0,"Molluscs excl. Cephalopods","CARACOL","Muricidae"
2002,"Hexaplex",51000,0,"Molluscs excl. Cephalopods","CARACOL","Muricidae"
2003,"Hexaplex",33430,9800,"Molluscs excl. Cephalopods","CARACOL","Muricidae"
2005,"Hexaplex",5000,55000,"Molluscs excl. Cephalopods","CARACOL","Muricidae"
2009,"Hexaplex",12415,50980,"Molluscs excl. Cephalopods","CARACOL","Muricidae"
2010,"Hexaplex",19889,148915,"Molluscs excl. Cephalopods","CARACOL","Muricidae"
2011,"Hexaplex",19802,111610,"Molluscs excl. Cephalopods","CARACOL","Muricidae"
2012,"Hexaplex",15130,75650,"Molluscs excl. Cephalopods","CARACOL","Muricidae"
2013,"Hexaplex",4623,40274,"Molluscs excl. Cephalopods","CARACOL","Muricidae"
2014,"Hexaplex",1012006,6063662.5,"Molluscs excl. Cephalopods","CARACOL","Muricidae"
2015,"Hexaplex",1472723,10769101,"Molluscs excl. Cephalopods","CARACOL","Muricidae"
2016,"Hexaplex",1667515,24746036,"Molluscs excl. Cephalopods","CARACOL","Muricidae"
2017,"Hexaplex",1327990,13139560,"Molluscs excl. Cephalopods","CARACOL","Muricidae"
2018,"Hexaplex",1078781,12387085.5,"Molluscs excl. Cephalopods","CARACOL","Muricidae"
2019,"Hexaplex",1113165,17298157,"Molluscs excl. Cephalopods","CARACOL","Muricidae"
2020,"Hexaplex",1703916,19256192,"Molluscs excl. Cephalopods","CARACOL","Muricidae"
2021,"Hexaplex",1189550,13428050,"Molluscs excl. Cephalopods","CARACOL","Muricidae"
2022,"Hexaplex",753114,14904598.8,"Molluscs excl. Cephalopods","CARACOL","Muricidae"
2023,"Hexaplex",925719,10581186,"Molluscs excl. Cephalopods","CARACOL","Muricidae"
2024,"Hexaplex",219333,2576007,"Molluscs excl. Cephalopods","CARACOL","Muricidae"
2000,"Hoplopagrus",31122.1,438836,"Demersal marine fishes","PARGO","Lutjanidae"
2001,"Hoplopagrus",51824.7,641584,"Demersal marine fishes","PARGO","Lutjanidae"
2002,"Hoplopagrus",59235.9,807487,"Demersal marine fishes","PARGO","Lutjanidae"
2003,"Hoplopagrus",73013,1082318,"Demersal marine fishes","PARGO","Lutjanidae"
2004,"Hoplopagrus",70205,1619573,"Demersal marine fishes","PARGO","Lutjanidae"
2005,"Hoplopagrus",66569.3,1198299,"Demersal marine fishes","PARGO","Lutjanidae"
2006,"Hoplopagrus",66011.1,1245405,"Demersal marine fishes","PARGO","Lutjanidae"
2007,"Hoplopagrus",86659.7,1808073,"Demersal marine fishes","PARGO","Lutjanidae"
2008,"Hoplopagrus",84771.4,1766516,"Demersal marine fishes","PARGO","Lutjanidae"
2009,"Hoplopagrus",98677.5,1978175,"Demersal marine fishes","PARGO","Lutjanidae"
2010,"Hoplopagrus",101182.5,2229432,"Demersal marine fishes","PARGO","Lutjanidae"
2011,"Hoplopagrus",95013.6,2137597,"Demersal marine fishes","PARGO","Lutjanidae"
2012,"Hoplopagrus",93487.1,2351276,"Demersal marine fishes","PARGO","Lutjanidae"
2013,"Hoplopagrus",113817.9,2986703,"Demersal marine fishes","PARGO","Lutjanidae"
2014,"Hoplopagrus",121966.4,3299900,"Demersal marine fishes","PARGO","Lutjanidae"
2015,"Hoplopagrus",143446.2,3892305,"Demersal marine fishes","PARGO","Lutjanidae"
2016,"Hoplopagrus",168506.75,5400530.5,"Demersal marine fishes","PARGO","Lutjanidae"
2017,"Hoplopagrus",202392.55,6517024,"Demersal marine fishes","PARGO","Lutjanidae"
2018,"Hoplopagrus",198159.3,6425364,"Demersal marine fishes","PARGO","Lutjanidae"
2019,"Hoplopagrus",158807.7,5801771,"Demersal marine fishes","PARGO","Lutjanidae"
2020,"Hoplopagrus",143098.2,5642508,"Demersal marine fishes","PARGO","Lutjanidae"
2021,"Hoplopagrus",143306.9,5827294,"Demersal marine fishes","PARGO","Lutjanidae"
2022,"Hoplopagrus",186511.3,10448643,"Demersal marine fishes","PARGO","Lutjanidae"
2023,"Hoplopagrus",159474,7931406,"Demersal marine fishes","PARGO","Lutjanidae"
2024,"Hoplopagrus",183840.08,8477526.9,"Demersal marine fishes","PARGO","Lutjanidae"
2000,"Hypanus",1027137.2,5885763,"Demersal marine fishes","RAYA Y SIMILARES","Dasyatidae"
2001,"Hypanus",1054826.3,6086815,"Demersal marine fishes","RAYA Y SIMILARES","Dasyatidae"
2002,"Hypanus",734336.3,4842426,"Demersal marine fishes","RAYA Y SIMILARES","Dasyatidae"
2003,"Hypanus",1237328.5,9515177,"Demersal marine fishes","RAYA Y SIMILARES","Dasyatidae"
2004,"Hypanus",1114248.2,8354199,"Demersal marine fishes","RAYA Y SIMILARES","Dasyatidae"
2005,"Hypanus",1438630.7,9104218,"Demersal marine fishes","RAYA Y SIMILARES","Dasyatidae"
2006,"Hypanus",811112.3,6905340.5,"Demersal marine fishes","RAYA Y SIMILARES","Dasyatidae"
2007,"Hypanus",810995.8,6848461,"Demersal marine fishes","RAYA Y SIMILARES","Dasyatidae"
2008,"Hypanus",821254.9,8203634,"Demersal marine fishes","RAYA Y SIMILARES","Dasyatidae"
2009,"Hypanus",791131.5,7866848,"Demersal marine fishes","RAYA Y SIMILARES","Dasyatidae"
2010,"Hypanus",878585.1,8735606,"Demersal marine fishes","RAYA Y SIMILARES","Dasyatidae"
2011,"Hypanus",886809.7,8388753,"Demersal marine fishes","RAYA Y SIMILARES","Dasyatidae"
2012,"Hypanus",1249446.9,11510132,"Demersal marine fishes","RAYA Y SIMILARES","Dasyatidae"
2013,"Hypanus",1552885.6,10969570,"Demersal marine fishes","RAYA Y SIMILARES","Dasyatidae"
2014,"Hypanus",1499205.95,11044345.75,"Demersal marine fishes","RAYA Y SIMILARES","Dasyatidae"
2015,"Hypanus",1597299.95,12880326,"Demersal marine fishes","RAYA Y SIMILARES","Dasyatidae"
2016,"Hypanus",2170984.9,20812016,"Demersal marine fishes","RAYA Y SIMILARES","Dasyatidae"
2017,"Hypanus",1667706.9,15743226,"Demersal marine fishes","RAYA Y SIMILARES","Dasyatidae"
2018,"Hypanus",1611761.2,14464026,"Demersal marine fishes","RAYA Y SIMILARES","Dasyatidae"
2019,"Hypanus",2005209.7,21948715,"Demersal marine fishes","RAYA Y SIMILARES","Dasyatidae"
2020,"Hypanus",2192037.1,23049060,"Demersal marine fishes","RAYA Y SIMILARES","Dasyatidae"
2021,"Hypanus",2759549.9,29573167,"Demersal marine fishes","RAYA Y SIMILARES","Dasyatidae"
2022,"Hypanus",2547541.1,33617005,"Demersal marine fishes","RAYA Y SIMILARES","Dasyatidae"
2023,"Hypanus",2877752,39198426,"Demersal marine fishes","RAYA Y SIMILARES","Dasyatidae"
2024,"Hypanus",3239753.11,45268377.8,"Demersal marine fishes","RAYA Y SIMILARES","Dasyatidae"
2000,"Hyporthodus",359948.4,7403716,"Demersal marine fishes","BAQUETA","Serranidae"
2001,"Hyporthodus",263103.6,6091710,"Demersal marine fishes","BAQUETA","Serranidae"
2002,"Hyporthodus",258921.25,5978156,"Demersal marine fishes","BAQUETA","Serranidae"
2003,"Hyporthodus",378357.8,8971110,"Demersal marine fishes","BAQUETA","Serranidae"
2004,"Hyporthodus",365138.1,8904808,"Demersal marine fishes","BAQUETA","Serranidae"
2005,"Hyporthodus",289482.75,7396262,"Demersal marine fishes","BAQUETA","Serranidae"
2006,"Hyporthodus",327952.9,7461089,"Demersal marine fishes","BAQUETA","Serranidae"
2007,"Hyporthodus",387452,8865429.5,"Demersal marine fishes","BAQUETA","Serranidae"
2008,"Hyporthodus",450896,11224289,"Demersal marine fishes","BAQUETA","Serranidae"
2009,"Hyporthodus",461825.35,13405107,"Demersal marine fishes","BAQUETA","Serranidae"
2010,"Hyporthodus",536011.5,17258618,"Demersal marine fishes","BAQUETA","Serranidae"
2011,"Hyporthodus",415551.25,12323846,"Demersal marine fishes","BAQUETA","Serranidae"
2012,"Hyporthodus",626081.85,17652774,"Demersal marine fishes","BAQUETA","Serranidae"
2013,"Hyporthodus",816573.7,28191806,"Demersal marine fishes","BAQUETA","Serranidae"
2014,"Hyporthodus",972097,35988482.5,"Demersal marine fishes","BAQUETA","Serranidae"
2015,"Hyporthodus",1161166.83,48116354.8,"Demersal marine fishes","BAQUETA","Serranidae"
2016,"Hyporthodus",1585153.2,69558349.93,"Demersal marine fishes","BAQUETA","Serranidae"
2017,"Hyporthodus",1507615.892,72078187.5,"Demersal marine fishes","BAQUETA","Serranidae"
2018,"Hyporthodus",2048291.492,110672546.43,"Demersal marine fishes","BAQUETA","Serranidae"
2019,"Hyporthodus",2384948.42,131692605.25,"Demersal marine fishes","BAQUETA","Serranidae"
2020,"Hyporthodus",2575093.35,141428162,"Demersal marine fishes","BAQUETA","Serranidae"
2021,"Hyporthodus",1873195.65,102272167,"Demersal marine fishes","BAQUETA","Serranidae"
2022,"Hyporthodus",1592658.2,96419917,"Demersal marine fishes","BAQUETA","Serranidae"
2023,"Hyporthodus",2101483,128201717,"Demersal marine fishes","BAQUETA","Serranidae"
2024,"Hyporthodus",2216053.841,131143788.39,"Demersal marine fishes","BAQUETA","Serranidae"
2000,"Istiophorus",210,2450,"Pelagic marine fish (excl. anchovy & sardine)","OTRAS","Istiophoridae"
2002,"Istiophorus",355,1720,"Pelagic marine fish (excl. anchovy & sardine)","OTRAS","Istiophoridae"
2003,"Istiophorus",15769.45,55198,"Pelagic marine fish (excl. anchovy & sardine)","OTRAS","Istiophoridae"
2004,"Istiophorus",16748.6,51242,"Pelagic marine fish (excl. anchovy & sardine)","OTRAS","Istiophoridae"
2005,"Istiophorus",28696.5,148623.9,"Pelagic marine fish (excl. anchovy & sardine)","OTRAS","Istiophoridae"
2006,"Istiophorus",19468,119163,"Pelagic marine fish (excl. anchovy & sardine)","OTRAS","Istiophoridae"
2007,"Istiophorus",26360.2,193158,"Pelagic marine fish (excl. anchovy & sardine)","OTRAS","Istiophoridae"
2008,"Istiophorus",30910.25,183408,"Pelagic marine fish (excl. anchovy & sardine)","OTRAS","Istiophoridae"
2009,"Istiophorus",21059.5,214206,"Pelagic marine fish (excl. anchovy & sardine)","OTRAS","Istiophoridae"
2010,"Istiophorus",12849.35,208718,"Pelagic marine fish (excl. anchovy & sardine)","OTRAS","Istiophoridae"
2011,"Istiophorus",18014.75,179760,"Pelagic marine fish (excl. anchovy & sardine)","OTRAS","Istiophoridae"
2012,"Istiophorus",15879.65,173329,"Pelagic marine fish (excl. anchovy & sardine)","OTRAS","Istiophoridae"
2013,"Istiophorus",36767.05,352117,"Pelagic marine fish (excl. anchovy & sardine)","OTRAS","Istiophoridae"
2014,"Istiophorus",23746.15,255135,"Pelagic marine fish (excl. anchovy & sardine)","OTRAS","Istiophoridae"
2015,"Istiophorus",30541.75,385904,"Pelagic marine fish (excl. anchovy & sardine)","OTRAS","Istiophoridae"
2016,"Istiophorus",61092.5,1145863,"Pelagic marine fish (excl. anchovy & sardine)","OTRAS","Istiophoridae"
2017,"Istiophorus",55067.9,1252537,"Pelagic marine fish (excl. anchovy & sardine)","OTRAS","Istiophoridae"
2018,"Istiophorus",65116.55,1364636,"Pelagic marine fish (excl. anchovy & sardine)","OTRAS","Istiophoridae"
2019,"Istiophorus",48645.7,1063002,"Pelagic marine fish (excl. anchovy & sardine)","OTRAS","Istiophoridae"
2020,"Istiophorus",27058.4,606149,"Pelagic marine fish (excl. anchovy & sardine)","OTRAS","Istiophoridae"
2021,"Istiophorus",22896.75,396900,"Pelagic marine fish (excl. anchovy & sardine)","OTRAS","Istiophoridae"
2022,"Istiophorus",32216,609889,"Pelagic marine fish (excl. anchovy & sardine)","OTRAS","Istiophoridae"
2023,"Istiophorus",51186,946740,"Pelagic marine fish (excl. anchovy & sardine)","OTRAS","Istiophoridae"
2024,"Istiophorus",68068.5,1073684.5,"Pelagic marine fish (excl. anchovy & sardine)","OTRAS","Istiophoridae"
2005,"Isurus",616.25,7888,"Sharks","TIBURON","Lamnidae"
2006,"Isurus",2536.25,20290,"Sharks","TIBURON","Lamnidae"
2007,"Isurus",5160.85,33478,"Sharks","TIBURON","Lamnidae"
2009,"Isurus",21913.55,196948,"Sharks","TIBURON","Lamnidae"
2010,"Isurus",37657.45,177624,"Sharks","TIBURON","Lamnidae"
2011,"Isurus",2707.5,30700,"Sharks","TIBURON","Lamnidae"
2012,"Isurus",1160.5,18990,"Sharks","TIBURON","Lamnidae"
2013,"Isurus",78724.2,801106,"Sharks","TIBURON","Lamnidae"
2014,"Isurus",466741.6,6632431,"Sharks","TIBURON","Lamnidae"
2015,"Isurus",467182.4,7511406,"Sharks","TIBURON","Lamnidae"
2016,"Isurus",548372.4,10292314.5,"Sharks","TIBURON","Lamnidae"
2017,"Isurus",388969.45,7159484,"Sharks","TIBURON","Lamnidae"
2018,"Isurus",322741.45,7094191,"Sharks","TIBURON","Lamnidae"
2019,"Isurus",740026.25,16680761,"Sharks","TIBURON","Lamnidae"
2020,"Isurus",703584.4,13132698,"Sharks","TIBURON","Lamnidae"
2021,"Isurus",830300.7,10636747,"Sharks","TIBURON","Lamnidae"
2022,"Isurus",886884,25949741,"Sharks","TIBURON","Lamnidae"
2023,"Isurus",993042,23718838,"Sharks","TIBURON","Lamnidae"
2024,"Isurus",1136295.775,16356987.3,"Sharks","TIBURON","Lamnidae"
2000,"Katsuwonus",4420012,23006543,"Pelagic marine fish (excl. anchovy & sardine)","BARRILETE","Scombridae"
2001,"Katsuwonus",2829756,14639835,"Pelagic marine fish (excl. anchovy & sardine)","BARRILETE","Scombridae"
2002,"Katsuwonus",10918,32960,"Pelagic marine fish (excl. anchovy & sardine)","BARRILETE","Scombridae"
2003,"Katsuwonus",5604059.3,33491612,"Pelagic marine fish (excl. anchovy & sardine)","BARRILETE","Scombridae"
2004,"Katsuwonus",13801596.6,81414179,"Pelagic marine fish (excl. anchovy & sardine)","BARRILETE","Scombridae"
2005,"Katsuwonus",23270420.6,121708377,"Pelagic marine fish (excl. anchovy & sardine)","BARRILETE","Scombridae"
2006,"Katsuwonus",14259828,75812632,"Pelagic marine fish (excl. anchovy & sardine)","BARRILETE","Scombridae"
2007,"Katsuwonus",17636398.1,95600609,"Pelagic marine fish (excl. anchovy & sardine)","BARRILETE","Scombridae"
2008,"Katsuwonus",18130170,157023520,"Pelagic marine fish (excl. anchovy & sardine)","BARRILETE","Scombridae"
2009,"Katsuwonus",7688449.2,63880029,"Pelagic marine fish (excl. anchovy & sardine)","BARRILETE","Scombridae"
2010,"Katsuwonus",2760053.2,45417753,"Pelagic marine fish (excl. anchovy & sardine)","BARRILETE","Scombridae"
2011,"Katsuwonus",6397964.2,51381725,"Pelagic marine fish (excl. anchovy & sardine)","BARRILETE","Scombridae"
2012,"Katsuwonus",10687592.1,84232013,"Pelagic marine fish (excl. anchovy & sardine)","BARRILETE","Scombridae"
2013,"Katsuwonus",8142906.1,64772316,"Pelagic marine fish (excl. anchovy & sardine)","BARRILETE","Scombridae"
2014,"Katsuwonus",4493873.2,33979249,"Pelagic marine fish (excl. anchovy & sardine)","BARRILETE","Scombridae"
2015,"Katsuwonus",15462966,122629558,"Pelagic marine fish (excl. anchovy & sardine)","BARRILETE","Scombridae"
2016,"Katsuwonus",8552079.48,151739374,"Pelagic marine fish (excl. anchovy & sardine)","BARRILETE","Scombridae"
2017,"Katsuwonus",9183815.3,91470872.8,"Pelagic marine fish (excl. anchovy & sardine)","BARRILETE","Scombridae"
2018,"Katsuwonus",9704875,136209216,"Pelagic marine fish (excl. anchovy & sardine)","BARRILETE","Scombridae"
2019,"Katsuwonus",10563321.2,143838765,"Pelagic marine fish (excl. anchovy & sardine)","BARRILETE","Scombridae"
2020,"Katsuwonus",5283084,62879861,"Pelagic marine fish (excl. anchovy & sardine)","BARRILETE","Scombridae"
2021,"Katsuwonus",5003931.2,45998639,"Pelagic marine fish (excl. anchovy & sardine)","BARRILETE","Scombridae"
2022,"Katsuwonus",7828497.4,70716811,"Pelagic marine fish (excl. anchovy & sardine)","BARRILETE","Scombridae"
2023,"Katsuwonus",9198837,86100527,"Pelagic marine fish (excl. anchovy & sardine)","BARRILETE","Scombridae"
2024,"Katsuwonus",12945989.93,120096087.71,"Pelagic marine fish (excl. anchovy & sardine)","BARRILETE","Scombridae"
2000,"Lamna",5859.6,62765,"Demersal marine fishes","PETO","Lamnidae"
2001,"Lamna",2277.9,33111,"Demersal marine fishes","PETO","Lamnidae"
2002,"Lamna",9228.6,96787,"Demersal marine fishes","PETO","Lamnidae"
2003,"Lamna",4024.9,58146,"Demersal marine fishes","PETO","Lamnidae"
2004,"Lamna",2883.4,45638,"Demersal marine fishes","PETO","Lamnidae"
2005,"Lamna",2301,38441,"Demersal marine fishes","PETO","Lamnidae"
2006,"Lamna",1932.5,34535,"Demersal marine fishes","PETO","Lamnidae"
2007,"Lamna",965.9,19611,"Demersal marine fishes","PETO","Lamnidae"
2008,"Lamna",485.7,10663,"Demersal marine fishes","PETO","Lamnidae"
2010,"Lamna",702.8,11002,"Demersal marine fishes","PETO","Lamnidae"
2011,"Lamna",72,2160,"Demersal marine fishes","PETO","Lamnidae"
2012,"Lamna",1520.5,35957,"Demersal marine fishes","PETO","Lamnidae"
2013,"Lamna",1452.5,49538,"Demersal marine fishes","PETO","Lamnidae"
2014,"Lamna",2311.8,54955,"Demersal marine fishes","PETO","Lamnidae"
2015,"Lamna",14765.05,271521,"Demersal marine fishes","PETO","Lamnidae"
2016,"Lamna",52451.74,1857785,"Demersal marine fishes","PETO","Lamnidae"
2017,"Lamna",57606,1846672.5,"Demersal marine fishes","PETO","Lamnidae"
2018,"Lamna",68321.142,3305122.2,"Demersal marine fishes","PETO","Lamnidae"
2019,"Lamna",43311.132,1781432.4,"Demersal marine fishes","PETO","Lamnidae"
2020,"Lamna",69459.75,3379248,"Demersal marine fishes","PETO","Lamnidae"
2021,"Lamna",301932.55,4517014,"Demersal marine fishes","PETO","Lamnidae"
2022,"Lamna",17040.4,692550,"Demersal marine fishes","PETO","Lamnidae"
2023,"Lamna",2733,42620,"Demersal marine fishes","PETO","Lamnidae"
2024,"Lamna",4759.95,80284,"Demersal marine fishes","PETO","Lamnidae"
2005,"Larimus",1506,30616,"Demersal marine fishes","CORVINA","Sciaenidae"
2009,"Larimus",634,10375,"Demersal marine fishes","CORVINA","Sciaenidae"
2010,"Larimus",1375,36418,"Demersal marine fishes","CORVINA","Sciaenidae"
2011,"Larimus",3048,96150,"Demersal marine fishes","CORVINA","Sciaenidae"
2012,"Larimus",3930,85999,"Demersal marine fishes","CORVINA","Sciaenidae"
2013,"Larimus",11574,455205,"Demersal marine fishes","CORVINA","Sciaenidae"
2014,"Larimus",9653,456430,"Demersal marine fishes","CORVINA","Sciaenidae"
2015,"Larimus",11573,664170,"Demersal marine fishes","CORVINA","Sciaenidae"
2016,"Larimus",10076,608359,"Demersal marine fishes","CORVINA","Sciaenidae"
2017,"Larimus",23881,857205,"Demersal marine fishes","CORVINA","Sciaenidae"
2018,"Larimus",9093,600060,"Demersal marine fishes","CORVINA","Sciaenidae"
2019,"Larimus",12770,834665,"Demersal marine fishes","CORVINA","Sciaenidae"
2020,"Larimus",4015,185810,"Demersal marine fishes","CORVINA","Sciaenidae"
2021,"Larimus",4264,83956,"Demersal marine fishes","CORVINA","Sciaenidae"
2022,"Larimus",3409,95865,"Demersal marine fishes","CORVINA","Sciaenidae"
2023,"Larimus",1866,75720,"Demersal marine fishes","CORVINA","Sciaenidae"
2024,"Larimus",2592,59880,"Demersal marine fishes","CORVINA","Sciaenidae"
2000,"Litopenaeus",56958.2,4742268,"Shrimps, prawns","CAMARON","Penaeidae"
2001,"Litopenaeus",39562.2,2796440,"Shrimps, prawns","CAMARON","Penaeidae"
2002,"Litopenaeus",4128,272000,"Shrimps, prawns","CAMARON","Penaeidae"
2003,"Litopenaeus",50442.2,3557440,"Shrimps, prawns","CAMARON","Penaeidae"
2004,"Litopenaeus",80309.4,5114979,"Shrimps, prawns","CAMARON","Penaeidae"
2005,"Litopenaeus",55071.2,3950730,"Shrimps, prawns","CAMARON","Penaeidae"
2006,"Litopenaeus",71101.6,4186610,"Shrimps, prawns","CAMARON","Penaeidae"
2007,"Litopenaeus",50130.4,3277148,"Shrimps, prawns","CAMARON","Penaeidae"
2008,"Litopenaeus",84809.4,4307426,"Shrimps, prawns","CAMARON","Penaeidae"
2009,"Litopenaeus",179933,10628725,"Shrimps, prawns","CAMARON","Penaeidae"
2010,"Litopenaeus",194252.6,12593423,"Shrimps, prawns","CAMARON","Penaeidae"
2011,"Litopenaeus",2017570.4,69208301,"Shrimps, prawns","CAMARON","Penaeidae"
2012,"Litopenaeus",486771,21778392,"Shrimps, prawns","CAMARON","Penaeidae"
2013,"Litopenaeus",3644336,177275038,"Shrimps, prawns","CAMARON","Penaeidae"
2014,"Litopenaeus",4163713.34,210278991.6,"Shrimps, prawns","CAMARON","Penaeidae"
2015,"Litopenaeus",2816742.924,136866045.4,"Shrimps, prawns","CAMARON","Penaeidae"
2016,"Litopenaeus",5875453.142,348600462.6,"Shrimps, prawns","CAMARON","Penaeidae"
2017,"Litopenaeus",6023456.95,349330478,"Shrimps, prawns","CAMARON","Penaeidae"
2018,"Litopenaeus",135219768.168,11222418043.06,"Shrimps, prawns","CAMARON","Penaeidae"
2019,"Litopenaeus",160334700.58,12677128358.71,"Shrimps, prawns","CAMARON","Penaeidae"
2020,"Litopenaeus",156384894.1,14879527189.41,"Shrimps, prawns","CAMARON","Penaeidae"
2021,"Litopenaeus",167791159.6,16798367950.05,"Shrimps, prawns","CAMARON","Penaeidae"
2022,"Litopenaeus",183948047,21608446083.48,"Shrimps, prawns","CAMARON","Penaeidae"
2000,"Lobatus",8097,29552,"Molluscs excl. Cephalopods","CARACOL","Strombidae"
2001,"Lobatus",10000,0,"Molluscs excl. Cephalopods","CARACOL","Strombidae"
2002,"Lobatus",400,5200,"Molluscs excl. Cephalopods","CARACOL","Strombidae"
2003,"Lobatus",16822,40276,"Molluscs excl. Cephalopods","CARACOL","Strombidae"
2004,"Lobatus",7837,21558,"Molluscs excl. Cephalopods","CARACOL","Strombidae"
2005,"Lobatus",3380,19160,"Molluscs excl. Cephalopods","CARACOL","Strombidae"
2006,"Lobatus",212,3295,"Molluscs excl. Cephalopods","CARACOL","Strombidae"
2007,"Lobatus",3646,21434,"Molluscs excl. Cephalopods","CARACOL","Strombidae"
2008,"Lobatus",11969,101252,"Molluscs excl. Cephalopods","CARACOL","Strombidae"
2009,"Lobatus",4771,50955,"Molluscs excl. Cephalopods","CARACOL","Strombidae"
2010,"Lobatus",2728,45920,"Molluscs excl. Cephalopods","CARACOL","Strombidae"
2011,"Lobatus",9288,65475,"Molluscs excl. Cephalopods","CARACOL","Strombidae"
2012,"Lobatus",23026,95630,"Molluscs excl. Cephalopods","CARACOL","Strombidae"
2013,"Lobatus",21486,101870,"Molluscs excl. Cephalopods","CARACOL","Strombidae"
2014,"Lobatus",23496,92505,"Molluscs excl. Cephalopods","CARACOL","Strombidae"
2015,"Lobatus",4090,6580,"Molluscs excl. Cephalopods","CARACOL","Strombidae"
2017,"Lobatus",79692,1315436.4,"Molluscs excl. Cephalopods","CARACOL","Strombidae"
2018,"Lobatus",33114,616990,"Molluscs excl. Cephalopods","CARACOL","Strombidae"
2019,"Lobatus",50847,306040,"Molluscs excl. Cephalopods","CARACOL","Strombidae"
2020,"Lobatus",14116,1108010,"Molluscs excl. Cephalopods","CARACOL","Strombidae"
2021,"Lobatus",49155,907042,"Molluscs excl. Cephalopods","CARACOL","Strombidae"
2022,"Lobatus",34072,1195160,"Molluscs excl. Cephalopods","CARACOL","Strombidae"
2023,"Lobatus",34857,657200,"Molluscs excl. Cephalopods","CARACOL","Strombidae"
2024,"Lobatus",51275,722270,"Molluscs excl. Cephalopods","CARACOL","Strombidae"
2000,"Lutjanus",1990912.65,37299897,"Demersal marine fishes","GUACHINANGO","Lutjanidae"
2001,"Lutjanus",2340451.75,45216623,"Demersal marine fishes","GUACHINANGO","Lutjanidae"
2002,"Lutjanus",2124002.6,41468956,"Demersal marine fishes","GUACHINANGO","Lutjanidae"
2003,"Lutjanus",2592794.65,52842399,"Demersal marine fishes","GUACHINANGO","Lutjanidae"
2004,"Lutjanus",2710199.9,61133621,"Demersal marine fishes","GUACHINANGO","Lutjanidae"
2005,"Lutjanus",2910687.4,65791131,"Demersal marine fishes","GUACHINANGO","Lutjanidae"
2006,"Lutjanus",2875987.9,72081935.5,"Demersal marine fishes","GUACHINANGO","Lutjanidae"
2007,"Lutjanus",2703479.7,70049101.14,"Demersal marine fishes","GUACHINANGO","Lutjanidae"
2008,"Lutjanus",2477384.35,69266552,"Demersal marine fishes","GUACHINANGO","Lutjanidae"
2009,"Lutjanus",2865577.7,84575666,"Demersal marine fishes","GUACHINANGO","Lutjanidae"
2010,"Lutjanus",3074136.05,93452443,"Demersal marine fishes","GUACHINANGO","Lutjanidae"
2011,"Lutjanus",2804594.5,90016383,"Demersal marine fishes","GUACHINANGO","Lutjanidae"
2012,"Lutjanus",2861948.55,99151200,"Demersal marine fishes","GUACHINANGO","Lutjanidae"
2013,"Lutjanus",3144560.75,115754819,"Demersal marine fishes","GUACHINANGO","Lutjanidae"
2014,"Lutjanus",3376136.7,133869691.69,"Demersal marine fishes","GUACHINANGO","Lutjanidae"
2015,"Lutjanus",4761400.435,189194407.97,"Demersal marine fishes","GUACHINANGO","Lutjanidae"
2016,"Lutjanus",7551635.37,330859640.08,"Demersal marine fishes","GUACHINANGO","Lutjanidae"
2017,"Lutjanus",9469460.79,428018266.18,"Demersal marine fishes","GUACHINANGO","Lutjanidae"
2018,"Lutjanus",8732722.768,424161009.565,"Demersal marine fishes","GUACHINANGO","Lutjanidae"
2019,"Lutjanus",8000241.883,433215935.643,"Demersal marine fishes","GUACHINANGO","Lutjanidae"
2020,"Lutjanus",6286447.72,339686512.51,"Demersal marine fishes","GUACHINANGO","Lutjanidae"
2021,"Lutjanus",5270356.4,298536105.39,"Demersal marine fishes","GUACHINANGO","Lutjanidae"
2022,"Lutjanus",5134193.35,342959342.81,"Demersal marine fishes","GUACHINANGO","Lutjanidae"
2023,"Lutjanus",5078100,351871268,"Demersal marine fishes","GUACHINANGO","Lutjanidae"
2024,"Lutjanus",5144236.5895,326176762.82,"Demersal marine fishes","GUACHINANGO","Lutjanidae"
2000,"Megapitaria",677125,2822078,"Molluscs excl. Cephalopods","ALMEJA","Veneridae"
2001,"Megapitaria",1116344,4511701,"Molluscs excl. Cephalopods","ALMEJA","Veneridae"
2002,"Megapitaria",731386,3563269,"Molluscs excl. Cephalopods","ALMEJA","Veneridae"
2003,"Megapitaria",1040194,4714799,"Molluscs excl. Cephalopods","ALMEJA","Veneridae"
2004,"Megapitaria",593185,2829239,"Molluscs excl. Cephalopods","ALMEJA","Veneridae"
2005,"Megapitaria",1169480,4856351,"Molluscs excl. Cephalopods","ALMEJA","Veneridae"
2006,"Megapitaria",939756,3887066,"Molluscs excl. Cephalopods","ALMEJA","Veneridae"
2007,"Megapitaria",891961,4354356.5,"Molluscs excl. Cephalopods","ALMEJA","Veneridae"
2008,"Megapitaria",592156,3169774,"Molluscs excl. Cephalopods","ALMEJA","Veneridae"
2009,"Megapitaria",818632,4508478,"Molluscs excl. Cephalopods","ALMEJA","Veneridae"
2010,"Megapitaria",389808,2729983,"Molluscs excl. Cephalopods","ALMEJA","Veneridae"
2011,"Megapitaria",319128,1709998,"Molluscs excl. Cephalopods","ALMEJA","Veneridae"
2012,"Megapitaria",380215,1551652,"Molluscs excl. Cephalopods","ALMEJA","Veneridae"
2013,"Megapitaria",827473,3446237,"Molluscs excl. Cephalopods","ALMEJA","Veneridae"
2014,"Megapitaria",615653,3240951,"Molluscs excl. Cephalopods","ALMEJA","Veneridae"
2015,"Megapitaria",704519,3144991,"Molluscs excl. Cephalopods","ALMEJA","Veneridae"
2016,"Megapitaria",765171,3985356,"Molluscs excl. Cephalopods","ALMEJA","Veneridae"
2017,"Megapitaria",626681,5963211.75,"Molluscs excl. Cephalopods","ALMEJA","Veneridae"
2018,"Megapitaria",612418,6185817.15,"Molluscs excl. Cephalopods","ALMEJA","Veneridae"
2019,"Megapitaria",712906,7899277.38,"Molluscs excl. Cephalopods","ALMEJA","Veneridae"
2020,"Megapitaria",468225,6056238,"Molluscs excl. Cephalopods","ALMEJA","Veneridae"
2021,"Megapitaria",607903,7331106,"Molluscs excl. Cephalopods","ALMEJA","Veneridae"
2022,"Megapitaria",1024610,12941564.8,"Molluscs excl. Cephalopods","ALMEJA","Veneridae"
2023,"Megapitaria",531336,8027332,"Molluscs excl. Cephalopods","ALMEJA","Veneridae"
2024,"Megapitaria",42893,1529920,"Molluscs excl. Cephalopods","ALMEJA","Veneridae"
2000,"Menticirrhus",115523.2,545468,"Demersal marine fishes","BERRUGATA","Sciaenidae"
2001,"Menticirrhus",128288,445530,"Demersal marine fishes","BERRUGATA","Sciaenidae"
2002,"Menticirrhus",80435.8,281365,"Demersal marine fishes","BERRUGATA","Sciaenidae"
2003,"Menticirrhus",73246.5,428252,"Demersal marine fishes","BERRUGATA","Sciaenidae"
2004,"Menticirrhus",54643.1,234297,"Demersal marine fishes","BERRUGATA","Sciaenidae"
2005,"Menticirrhus",54127.3,378841,"Demersal marine fishes","BERRUGATA","Sciaenidae"
2006,"Menticirrhus",52394.4,328053,"Demersal marine fishes","BERRUGATA","Sciaenidae"
2007,"Menticirrhus",58517.7,298837,"Demersal marine fishes","BERRUGATA","Sciaenidae"
2008,"Menticirrhus",63128,334257,"Demersal marine fishes","BERRUGATA","Sciaenidae"
2009,"Menticirrhus",83073.4,523098,"Demersal marine fishes","BERRUGATA","Sciaenidae"
2010,"Menticirrhus",72727,420751,"Demersal marine fishes","BERRUGATA","Sciaenidae"
2011,"Menticirrhus",107030.8,655487,"Demersal marine fishes","BERRUGATA","Sciaenidae"
2012,"Menticirrhus",130024.5,1047032,"Demersal marine fishes","BERRUGATA","Sciaenidae"
2013,"Menticirrhus",109635.6,760131,"Demersal marine fishes","BERRUGATA","Sciaenidae"
2014,"Menticirrhus",136099,696677,"Demersal marine fishes","BERRUGATA","Sciaenidae"
2015,"Menticirrhus",110325.8,669213,"Demersal marine fishes","BERRUGATA","Sciaenidae"
2016,"Menticirrhus",117985.3,742779,"Demersal marine fishes","BERRUGATA","Sciaenidae"
2017,"Menticirrhus",104445.7,964773,"Demersal marine fishes","BERRUGATA","Sciaenidae"
2018,"Menticirrhus",96880.2,1152188,"Demersal marine fishes","BERRUGATA","Sciaenidae"
2019,"Menticirrhus",113449.4,1877516,"Demersal marine fishes","BERRUGATA","Sciaenidae"
2020,"Menticirrhus",80621.6,967792,"Demersal marine fishes","BERRUGATA","Sciaenidae"
2021,"Menticirrhus",84688.7,1239088,"Demersal marine fishes","BERRUGATA","Sciaenidae"
2022,"Menticirrhus",127866.9,1697806,"Demersal marine fishes","BERRUGATA","Sciaenidae"
2023,"Menticirrhus",129626,2248620,"Demersal marine fishes","BERRUGATA","Sciaenidae"
2024,"Menticirrhus",96255.732,1544199.4,"Demersal marine fishes","BERRUGATA","Sciaenidae"
2000,"Merluccius",214708.9,1650720,"Demersal marine fishes","OTRAS","Merlucciidae"
2001,"Merluccius",655859.3,3429189,"Demersal marine fishes","OTRAS","Merlucciidae"
2002,"Merluccius",38754,197213,"Demersal marine fishes","OTRAS","Merlucciidae"
2003,"Merluccius",969268.3,6091537,"Demersal marine fishes","OTRAS","Merlucciidae"
2004,"Merluccius",2412717.1,15984345,"Demersal marine fishes","OTRAS","Merlucciidae"
2005,"Merluccius",1547778.1,11602216,"Demersal marine fishes","OTRAS","Merlucciidae"
2006,"Merluccius",1886781.1,11918708,"Demersal marine fishes","OTRAS","Merlucciidae"
2007,"Merluccius",1050430.2,8605374,"Demersal marine fishes","OTRAS","Merlucciidae"
2008,"Merluccius",1552220.4,11385280,"Demersal marine fishes","OTRAS","Merlucciidae"
2009,"Merluccius",1675164.2,15576545,"Demersal marine fishes","OTRAS","Merlucciidae"
2010,"Merluccius",1112636.2,8406957,"Demersal marine fishes","OTRAS","Merlucciidae"
2011,"Merluccius",2000969,17996868,"Demersal marine fishes","OTRAS","Merlucciidae"
2012,"Merluccius",2591417.3,23688472,"Demersal marine fishes","OTRAS","Merlucciidae"
2013,"Merluccius",6277231.5,49063127,"Demersal marine fishes","OTRAS","Merlucciidae"
2014,"Merluccius",7262581,54628115.5,"Demersal marine fishes","OTRAS","Merlucciidae"
2015,"Merluccius",4980937.6,36951140.5,"Demersal marine fishes","OTRAS","Merlucciidae"
2016,"Merluccius",6342965.3,68028681,"Demersal marine fishes","OTRAS","Merlucciidae"
2017,"Merluccius",4798186.6,47288358,"Demersal marine fishes","OTRAS","Merlucciidae"
2018,"Merluccius",2805796,30371522,"Demersal marine fishes","OTRAS","Merlucciidae"
2019,"Merluccius",2768757.4,31763965,"Demersal marine fishes","OTRAS","Merlucciidae"
2020,"Merluccius",4945353.5,56963048,"Demersal marine fishes","OTRAS","Merlucciidae"
2021,"Merluccius",8074232.2,78619061,"Demersal marine fishes","OTRAS","Merlucciidae"
2022,"Merluccius",18466921.1,176557270.5,"Demersal marine fishes","OTRAS","Merlucciidae"
2023,"Merluccius",19807540,176015551,"Demersal marine fishes","OTRAS","Merlucciidae"
2024,"Merluccius",27453117.7,242378160,"Demersal marine fishes","OTRAS","Merlucciidae"
2000,"Microlepidotus",469912,1946,"Demersal marine fishes","OTRAS","Haemulidae"
2003,"Microlepidotus",6939,30734,"Demersal marine fishes","OTRAS","Haemulidae"
2004,"Microlepidotus",999255,316608,"Demersal marine fishes","OTRAS","Haemulidae"
2005,"Microlepidotus",278834.1,339173,"Demersal marine fishes","OTRAS","Haemulidae"
2006,"Microlepidotus",99342.4,164982,"Demersal marine fishes","OTRAS","Haemulidae"
2007,"Microlepidotus",706226,740856,"Demersal marine fishes","OTRAS","Haemulidae"
2008,"Microlepidotus",14020,50077,"Demersal marine fishes","OTRAS","Haemulidae"
2009,"Microlepidotus",5693,47773,"Demersal marine fishes","OTRAS","Haemulidae"
2010,"Microlepidotus",153345,248193,"Demersal marine fishes","OTRAS","Haemulidae"
2011,"Microlepidotus",16606,265839,"Demersal marine fishes","OTRAS","Haemulidae"
2012,"Microlepidotus",24581.8,335083,"Demersal marine fishes","OTRAS","Haemulidae"
2013,"Microlepidotus",29533,449083,"Demersal marine fishes","OTRAS","Haemulidae"
2014,"Microlepidotus",63199,519217,"Demersal marine fishes","OTRAS","Haemulidae"
2015,"Microlepidotus",115635,1227850,"Demersal marine fishes","OTRAS","Haemulidae"
2016,"Microlepidotus",132635.9,1744280,"Demersal marine fishes","OTRAS","Haemulidae"
2017,"Microlepidotus",251371,3237294,"Demersal marine fishes","OTRAS","Haemulidae"
2018,"Microlepidotus",299172.5,4207173,"Demersal marine fishes","OTRAS","Haemulidae"
2019,"Microlepidotus",144643,2148249,"Demersal marine fishes","OTRAS","Haemulidae"
2020,"Microlepidotus",159081.5,1293328,"Demersal marine fishes","OTRAS","Haemulidae"
2021,"Microlepidotus",50219,897885,"Demersal marine fishes","OTRAS","Haemulidae"
2022,"Microlepidotus",45294,1035598,"Demersal marine fishes","OTRAS","Haemulidae"
2023,"Microlepidotus",44629,1140798,"Demersal marine fishes","OTRAS","Haemulidae"
2024,"Microlepidotus",47445,1189314,"Demersal marine fishes","OTRAS","Haemulidae"
2000,"Micropogonias",1897906.7,9794418,"Demersal marine fishes","BERRUGATA","Sciaenidae"
2001,"Micropogonias",2208590.8,9686841,"Demersal marine fishes","BERRUGATA","Sciaenidae"
2002,"Micropogonias",1131434.2,5512118,"Demersal marine fishes","BERRUGATA","Sciaenidae"
2003,"Micropogonias",2114931,11321134,"Demersal marine fishes","BERRUGATA","Sciaenidae"
2004,"Micropogonias",2536435.6,13124034,"Demersal marine fishes","BERRUGATA","Sciaenidae"
2005,"Micropogonias",2203177.9,12096791,"Demersal marine fishes","BERRUGATA","Sciaenidae"
2006,"Micropogonias",2577909.9,17186990.49,"Demersal marine fishes","BERRUGATA","Sciaenidae"
2007,"Micropogonias",2554766.6,14891653.26,"Demersal marine fishes","BERRUGATA","Sciaenidae"
2008,"Micropogonias",3086460.3,16358862,"Demersal marine fishes","BERRUGATA","Sciaenidae"
2009,"Micropogonias",3685060.4,21927380,"Demersal marine fishes","BERRUGATA","Sciaenidae"
2010,"Micropogonias",7534074.7,57613164,"Demersal marine fishes","BERRUGATA","Sciaenidae"
2011,"Micropogonias",10633700.3,111556866,"Demersal marine fishes","BERRUGATA","Sciaenidae"
2012,"Micropogonias",10679690.2,125845091,"Demersal marine fishes","BERRUGATA","Sciaenidae"
2013,"Micropogonias",5768719.5,64377822,"Demersal marine fishes","BERRUGATA","Sciaenidae"
2014,"Micropogonias",8857540.66,89236038,"Demersal marine fishes","BERRUGATA","Sciaenidae"
2015,"Micropogonias",8110518.3,89336611.5,"Demersal marine fishes","BERRUGATA","Sciaenidae"
2016,"Micropogonias",6114562.29,69096833.8,"Demersal marine fishes","BERRUGATA","Sciaenidae"
2017,"Micropogonias",6102437.65,78676247.5,"Demersal marine fishes","BERRUGATA","Sciaenidae"
2018,"Micropogonias",5871892.15,81618823.95,"Demersal marine fishes","BERRUGATA","Sciaenidae"
2019,"Micropogonias",9896337.1,145142315.5,"Demersal marine fishes","BERRUGATA","Sciaenidae"
2020,"Micropogonias",4429374.35,66019124,"Demersal marine fishes","BERRUGATA","Sciaenidae"
2021,"Micropogonias",11873083.1,148527338.9,"Demersal marine fishes","BERRUGATA","Sciaenidae"
2022,"Micropogonias",10798525.9,162108253.96,"Demersal marine fishes","BERRUGATA","Sciaenidae"
2023,"Micropogonias",14658283,222535619,"Demersal marine fishes","BERRUGATA","Sciaenidae"
2024,"Micropogonias",12953734.25,181665974.6,"Demersal marine fishes","BERRUGATA","Sciaenidae"
2000,"Mobula",1238226.1,6783442,"Demersal marine fishes","RAYA Y SIMILARES","Myliobatidae"
2001,"Mobula",858586.4,4771143,"Demersal marine fishes","RAYA Y SIMILARES","Myliobatidae"
2002,"Mobula",718804.65,4291278,"Demersal marine fishes","RAYA Y SIMILARES","Myliobatidae"
2003,"Mobula",1098313.25,7176932,"Demersal marine fishes","RAYA Y SIMILARES","Myliobatidae"
2004,"Mobula",1031236.85,6636510,"Demersal marine fishes","RAYA Y SIMILARES","Myliobatidae"
2005,"Mobula",1187542.55,15167765,"Demersal marine fishes","RAYA Y SIMILARES","Myliobatidae"
2006,"Mobula",811997.9,5467157,"Demersal marine fishes","RAYA Y SIMILARES","Myliobatidae"
2007,"Mobula",1259355.4,12359704.5,"Demersal marine fishes","RAYA Y SIMILARES","Myliobatidae"
2008,"Mobula",872188.4,6999080,"Demersal marine fishes","RAYA Y SIMILARES","Myliobatidae"
2009,"Mobula",1018799.1,8681453,"Demersal marine fishes","RAYA Y SIMILARES","Myliobatidae"
2010,"Mobula",739378.75,6635952,"Demersal marine fishes","RAYA Y SIMILARES","Myliobatidae"
2011,"Mobula",1013076.5,10119448,"Demersal marine fishes","RAYA Y SIMILARES","Myliobatidae"
2012,"Mobula",1349840.7,12703189,"Demersal marine fishes","RAYA Y SIMILARES","Myliobatidae"
2013,"Mobula",1046497.5,11700779,"Demersal marine fishes","RAYA Y SIMILARES","Myliobatidae"
2014,"Mobula",1071658.65,13119925,"Demersal marine fishes","RAYA Y SIMILARES","Myliobatidae"
2015,"Mobula",1557255.9,16965206.5,"Demersal marine fishes","RAYA Y SIMILARES","Myliobatidae"
2016,"Mobula",1822036.8,23916798.8,"Demersal marine fishes","RAYA Y SIMILARES","Myliobatidae"
2017,"Mobula",1702943.25,25264361.5,"Demersal marine fishes","RAYA Y SIMILARES","Myliobatidae"
2018,"Mobula",1115929,18957693,"Demersal marine fishes","RAYA Y SIMILARES","Myliobatidae"
2019,"Mobula",632068,13235364.5,"Demersal marine fishes","RAYA Y SIMILARES","Myliobatidae"
2000,"Mugil",1580624.8,7470319,"Demersal marine fishes","LISA","Mugilidae"
2001,"Mugil",1926283,9740256,"Demersal marine fishes","LISA","Mugilidae"
2002,"Mugil",2694964,12354196,"Demersal marine fishes","LISA","Mugilidae"
2003,"Mugil",2033560.2,9775695,"Demersal marine fishes","LISA","Mugilidae"
2004,"Mugil",2490898.5,11518893,"Demersal marine fishes","LISA","Mugilidae"
2005,"Mugil",2135383.7,11714917,"Demersal marine fishes","LISA","Mugilidae"
2006,"Mugil",2314511,13001803,"Demersal marine fishes","LISA","Mugilidae"
2007,"Mugil",1407688,9113581.84,"Demersal marine fishes","LISA","Mugilidae"
2008,"Mugil",1797647.7,11612116,"Demersal marine fishes","LISA","Mugilidae"
2009,"Mugil",2127322,13971629,"Demersal marine fishes","LISA","Mugilidae"
2010,"Mugil",2010377.7,13404416,"Demersal marine fishes","LISA","Mugilidae"
2011,"Mugil",2472965,16211913,"Demersal marine fishes","LISA","Mugilidae"
2012,"Mugil",2601354,17919229,"Demersal marine fishes","LISA","Mugilidae"
2013,"Mugil",2868447,21629002,"Demersal marine fishes","LISA","Mugilidae"
2014,"Mugil",2142296.8,17763048,"Demersal marine fishes","LISA","Mugilidae"
2015,"Mugil",3220940.2,28556944.74,"Demersal marine fishes","LISA","Mugilidae"
2016,"Mugil",3611101.5,40904795.03,"Demersal marine fishes","LISA","Mugilidae"
2017,"Mugil",3408357.5,39125525.2,"Demersal marine fishes","LISA","Mugilidae"
2018,"Mugil",3706885.4,46980184.5,"Demersal marine fishes","LISA","Mugilidae"
2019,"Mugil",3873002.83,63324394.36,"Demersal marine fishes","LISA","Mugilidae"
2020,"Mugil",2557988.2,37289747.6,"Demersal marine fishes","LISA","Mugilidae"
2021,"Mugil",1802025.7,21987745,"Demersal marine fishes","LISA","Mugilidae"
2022,"Mugil",2402393.3,32486206,"Demersal marine fishes","LISA","Mugilidae"
2023,"Mugil",434810,5991047,"Demersal marine fishes","LISA","Mugilidae"
2024,"Mugil",370161.5,4991859,"Demersal marine fishes","LISA","Mugilidae"
2000,"Mustelus",234113.35,2444076,"Sharks","TIBURON","Triakidae"
2001,"Mustelus",107619.25,990301,"Sharks","TIBURON","Triakidae"
2002,"Mustelus",89655.7,922792,"Sharks","TIBURON","Triakidae"
2003,"Mustelus",291369.5,3065445,"Sharks","TIBURON","Triakidae"
2004,"Mustelus",225302.55,2595754,"Sharks","TIBURON","Triakidae"
2005,"Mustelus",155651.05,1883243,"Sharks","TIBURON","Triakidae"
2006,"Mustelus",31468.75,278602,"Sharks","TIBURON","Triakidae"
2007,"Mustelus",13451.15,178757,"Sharks","TIBURON","Triakidae"
2008,"Mustelus",23957.1,297444,"Sharks","TIBURON","Triakidae"
2009,"Mustelus",40665.9,501823,"Sharks","TIBURON","Triakidae"
2010,"Mustelus",39766.4,509874,"Sharks","TIBURON","Triakidae"
2011,"Mustelus",65214.1,793424,"Sharks","TIBURON","Triakidae"
2012,"Mustelus",70806.6,874397,"Sharks","TIBURON","Triakidae"
2013,"Mustelus",77156.3,1042142,"Sharks","TIBURON","Triakidae"
2014,"Mustelus",66803.6,932028,"Sharks","TIBURON","Triakidae"
2015,"Mustelus",206055.15,3678791,"Sharks","TIBURON","Triakidae"
2016,"Mustelus",309889.75,5850872,"Sharks","TIBURON","Triakidae"
2017,"Mustelus",510448.5,10944299,"Sharks","TIBURON","Triakidae"
2018,"Mustelus",470042.2,10040713,"Sharks","TIBURON","Triakidae"
2019,"Mustelus",344187.85,6992840,"Sharks","TIBURON","Triakidae"
2020,"Mustelus",386809.75,5292376,"Sharks","TIBURON","Triakidae"
2021,"Mustelus",476012.7,6639928,"Sharks","TIBURON","Triakidae"
2022,"Mustelus",566209.35,8549045,"Sharks","TIBURON","Triakidae"
2023,"Mustelus",454759,7727490,"Sharks","TIBURON","Triakidae"
2024,"Mustelus",847254.65,13241307.2,"Sharks","TIBURON","Triakidae"
2000,"Mycteroperca",378641.35,5626622,"Demersal marine fishes","CABRILLA","Serranidae"
2001,"Mycteroperca",431186.3,5455065,"Demersal marine fishes","CABRILLA","Serranidae"
2002,"Mycteroperca",432058.75,6149447,"Demersal marine fishes","CABRILLA","Serranidae"
2003,"Mycteroperca",505171.95,7792529,"Demersal marine fishes","CABRILLA","Serranidae"
2004,"Mycteroperca",464426.75,8377999,"Demersal marine fishes","CABRILLA","Serranidae"
2005,"Mycteroperca",400165.1,7999231,"Demersal marine fishes","CABRILLA","Serranidae"
2006,"Mycteroperca",342270.75,7128467,"Demersal marine fishes","CABRILLA","Serranidae"
2007,"Mycteroperca",445308.2,8848483,"Demersal marine fishes","CABRILLA","Serranidae"
2008,"Mycteroperca",518531.4,10328609,"Demersal marine fishes","CABRILLA","Serranidae"
2009,"Mycteroperca",574528.75,12915176,"Demersal marine fishes","CABRILLA","Serranidae"
2010,"Mycteroperca",388113.45,9136621,"Demersal marine fishes","CABRILLA","Serranidae"
2011,"Mycteroperca",367274.2,9471876,"Demersal marine fishes","CABRILLA","Serranidae"
2012,"Mycteroperca",433277.2,11194941,"Demersal marine fishes","CABRILLA","Serranidae"
2013,"Mycteroperca",452766.1,12004759,"Demersal marine fishes","CABRILLA","Serranidae"
2014,"Mycteroperca",471422.25,13055136,"Demersal marine fishes","CABRILLA","Serranidae"
2015,"Mycteroperca",735096.27,23373288.7,"Demersal marine fishes","CABRILLA","Serranidae"
2016,"Mycteroperca",687610.58,22295737.3,"Demersal marine fishes","CABRILLA","Serranidae"
2017,"Mycteroperca",675738.26,24462233,"Demersal marine fishes","CABRILLA","Serranidae"
2018,"Mycteroperca",667097.23,27401576.25,"Demersal marine fishes","CABRILLA","Serranidae"
2019,"Mycteroperca",2440109.58,159065635,"Demersal marine fishes","CABRILLA","Serranidae"
2020,"Mycteroperca",921973.9,42759990,"Demersal marine fishes","CABRILLA","Serranidae"
2021,"Mycteroperca",1172512.1,52388195.64,"Demersal marine fishes","CABRILLA","Serranidae"
2022,"Mycteroperca",1135459.55,57454896,"Demersal marine fishes","CABRILLA","Serranidae"
2023,"Mycteroperca",1202714,63438375,"Demersal marine fishes","CABRILLA","Serranidae"
2024,"Mycteroperca",1018660.974,54286845.55,"Demersal marine fishes","CABRILLA","Serranidae"
2007,"Nasolamia",775.25,13050,"Sharks","TIBURON","Carcharhinidae"
2009,"Nasolamia",850,10980,"Sharks","TIBURON","Carcharhinidae"
2010,"Nasolamia",38.75,775,"Sharks","TIBURON","Carcharhinidae"
2011,"Nasolamia",2375,41600,"Sharks","TIBURON","Carcharhinidae"
2012,"Nasolamia",3400,32640,"Sharks","TIBURON","Carcharhinidae"
2013,"Nasolamia",29423.25,402147,"Sharks","TIBURON","Carcharhinidae"
2014,"Nasolamia",32920.25,542277,"Sharks","TIBURON","Carcharhinidae"
2015,"Nasolamia",45899.65,615706,"Sharks","TIBURON","Carcharhinidae"
2016,"Nasolamia",63301.15,854304,"Sharks","TIBURON","Carcharhinidae"
2017,"Nasolamia",69152.5,986001,"Sharks","TIBURON","Carcharhinidae"
2018,"Nasolamia",68311.25,1130600,"Sharks","TIBURON","Carcharhinidae"
2019,"Nasolamia",68931.25,1468755,"Sharks","TIBURON","Carcharhinidae"
2020,"Nasolamia",32813.25,993600,"Sharks","TIBURON","Carcharhinidae"
2021,"Nasolamia",56642.5,1689025,"Sharks","TIBURON","Carcharhinidae"
2022,"Nasolamia",23594.5,531635,"Sharks","TIBURON","Carcharhinidae"
2023,"Nasolamia",24404,502820,"Sharks","TIBURON","Carcharhinidae"
2024,"Nasolamia",31663.75,645548,"Sharks","TIBURON","Carcharhinidae"
2004,"Negaprion",138.75,1332,"Sharks","TIBURON","Carcharhinidae"
2005,"Negaprion",500,6000,"Sharks","TIBURON","Carcharhinidae"
2007,"Negaprion",6490,70800,"Sharks","TIBURON","Carcharhinidae"
2009,"Negaprion",500,5000,"Sharks","TIBURON","Carcharhinidae"
2010,"Negaprion",407.5,5200,"Sharks","TIBURON","Carcharhinidae"
2011,"Negaprion",3085,45600,"Sharks","TIBURON","Carcharhinidae"
2014,"Negaprion",1186.45,19300,"Sharks","TIBURON","Carcharhinidae"
2015,"Negaprion",3047.55,62608,"Sharks","TIBURON","Carcharhinidae"
2016,"Negaprion",4895.1,76932,"Sharks","TIBURON","Carcharhinidae"
2017,"Negaprion",4487.5,82040,"Sharks","TIBURON","Carcharhinidae"
2018,"Negaprion",6746.25,131211,"Sharks","TIBURON","Carcharhinidae"
2019,"Negaprion",62330.5,671840,"Sharks","TIBURON","Carcharhinidae"
2020,"Negaprion",9653.75,189189,"Sharks","TIBURON","Carcharhinidae"
2021,"Negaprion",13174.75,403819,"Sharks","TIBURON","Carcharhinidae"
2022,"Negaprion",14573.2,373676,"Sharks","TIBURON","Carcharhinidae"
2023,"Negaprion",18308,544115,"Sharks","TIBURON","Carcharhinidae"
2024,"Negaprion",75143.85,2123360,"Sharks","TIBURON","Carcharhinidae"
2000,"Nematistius",698.4,3776,"Demersal marine fishes","OTRAS","Nematistiidae"
2001,"Nematistius",1534.1,6908,"Demersal marine fishes","OTRAS","Nematistiidae"
2002,"Nematistius",531.9,4841,"Demersal marine fishes","OTRAS","Nematistiidae"
2003,"Nematistius",421.5,3835,"Demersal marine fishes","OTRAS","Nematistiidae"
2004,"Nematistius",99,1440,"Demersal marine fishes","OTRAS","Nematistiidae"
2005,"Nematistius",35,70,"Demersal marine fishes","OTRAS","Nematistiidae"
2006,"Nematistius",123,1692,"Demersal marine fishes","OTRAS","Nematistiidae"
2007,"Nematistius",650,3751,"Demersal marine fishes","OTRAS","Nematistiidae"
2008,"Nematistius",386.3,3228,"Demersal marine fishes","OTRAS","Nematistiidae"
2009,"Nematistius",1168.7,13494,"Demersal marine fishes","OTRAS","Nematistiidae"
2010,"Nematistius",751.3,12915,"Demersal marine fishes","OTRAS","Nematistiidae"
2011,"Nematistius",7325.7,53260,"Demersal marine fishes","OTRAS","Nematistiidae"
2012,"Nematistius",4336.7,56169,"Demersal marine fishes","OTRAS","Nematistiidae"
2013,"Nematistius",654,6544,"Demersal marine fishes","OTRAS","Nematistiidae"
2014,"Nematistius",8412,81884,"Demersal marine fishes","OTRAS","Nematistiidae"
2015,"Nematistius",18340,204886,"Demersal marine fishes","OTRAS","Nematistiidae"
2016,"Nematistius",24151,286895,"Demersal marine fishes","OTRAS","Nematistiidae"
2017,"Nematistius",9961,109490,"Demersal marine fishes","OTRAS","Nematistiidae"
2018,"Nematistius",5170,38060,"Demersal marine fishes","OTRAS","Nematistiidae"
2019,"Nematistius",6818.5,63080,"Demersal marine fishes","OTRAS","Nematistiidae"
2020,"Nematistius",7313.5,84980,"Demersal marine fishes","OTRAS","Nematistiidae"
2021,"Nematistius",8841.1,104125,"Demersal marine fishes","OTRAS","Nematistiidae"
2022,"Nematistius",3175.2,35914,"Demersal marine fishes","OTRAS","Nematistiidae"
2023,"Nematistius",3041,60011,"Demersal marine fishes","OTRAS","Nematistiidae"
2024,"Nematistius",2762,36840,"Demersal marine fishes","OTRAS","Nematistiidae"
2001,"Nicholsina",1442,19725,"Demersal marine fishes","OTRAS","Scaridae"
2002,"Nicholsina",92,552,"Demersal marine fishes","OTRAS","Scaridae"
2003,"Nicholsina",3714.6,35139,"Demersal marine fishes","OTRAS","Scaridae"
2004,"Nicholsina",3273.2,36484,"Demersal marine fishes","OTRAS","Scaridae"
2005,"Nicholsina",2996.8,41422,"Demersal marine fishes","OTRAS","Scaridae"
2006,"Nicholsina",950,16250,"Demersal marine fishes","OTRAS","Scaridae"
2007,"Nicholsina",3936.5,68240,"Demersal marine fishes","OTRAS","Scaridae"
2008,"Nicholsina",1606,14006,"Demersal marine fishes","OTRAS","Scaridae"
2009,"Nicholsina",2340.9,25240,"Demersal marine fishes","OTRAS","Scaridae"
2010,"Nicholsina",1619.9,36621,"Demersal marine fishes","OTRAS","Scaridae"
2011,"Nicholsina",68207,337514,"Demersal marine fishes","OTRAS","Scaridae"
2012,"Nicholsina",8609.6,160684,"Demersal marine fishes","OTRAS","Scaridae"
2013,"Nicholsina",7677,178739,"Demersal marine fishes","OTRAS","Scaridae"
2014,"Nicholsina",9870,221568,"Demersal marine fishes","OTRAS","Scaridae"
2015,"Nicholsina",2220,71450,"Demersal marine fishes","OTRAS","Scaridae"
2016,"Nicholsina",692,25840,"Demersal marine fishes","OTRAS","Scaridae"
2017,"Nicholsina",158,2248,"Demersal marine fishes","OTRAS","Scaridae"
2018,"Nicholsina",2775.1,78446,"Demersal marine fishes","OTRAS","Scaridae"
2019,"Nicholsina",1941,75310,"Demersal marine fishes","OTRAS","Scaridae"
2020,"Nicholsina",4871.9,180640,"Demersal marine fishes","OTRAS","Scaridae"
2021,"Nicholsina",1583,60583,"Demersal marine fishes","OTRAS","Scaridae"
2022,"Nicholsina",892.1,18873,"Demersal marine fishes","OTRAS","Scaridae"
2023,"Nicholsina",7749,268960,"Demersal marine fishes","OTRAS","Scaridae"
2024,"Nicholsina",391,10635,"Demersal marine fishes","OTRAS","Scaridae"
2000,"Oligoplites",339,1897,"Anchovy & Sardine (small pelagics)","SARDINA","Carangidae"
2001,"Oligoplites",204,766,"Anchovy & Sardine (small pelagics)","SARDINA","Carangidae"
2002,"Oligoplites",1183.2,4760,"Anchovy & Sardine (small pelagics)","SARDINA","Carangidae"
2004,"Oligoplites",500,1000,"Anchovy & Sardine (small pelagics)","SARDINA","Carangidae"
2006,"Oligoplites",50,300,"Anchovy & Sardine (small pelagics)","SARDINA","Carangidae"
2007,"Oligoplites",463,1795,"Anchovy & Sardine (small pelagics)","SARDINA","Carangidae"
2008,"Oligoplites",270,1320,"Anchovy & Sardine (small pelagics)","SARDINA","Carangidae"
2009,"Oligoplites",2130,13960,"Anchovy & Sardine (small pelagics)","SARDINA","Carangidae"
2010,"Oligoplites",960,6180,"Anchovy & Sardine (small pelagics)","SARDINA","Carangidae"
2011,"Oligoplites",3510,19980,"Anchovy & Sardine (small pelagics)","SARDINA","Carangidae"
2012,"Oligoplites",19535,122045,"Anchovy & Sardine (small pelagics)","SARDINA","Carangidae"
2013,"Oligoplites",18100,127050,"Anchovy & Sardine (small pelagics)","SARDINA","Carangidae"
2014,"Oligoplites",18020,126400,"Anchovy & Sardine (small pelagics)","SARDINA","Carangidae"
2015,"Oligoplites",22570,138200,"Anchovy & Sardine (small pelagics)","SARDINA","Carangidae"
2016,"Oligoplites",11885,84110,"Anchovy & Sardine (small pelagics)","SARDINA","Carangidae"
2017,"Oligoplites",4600,47505,"Anchovy & Sardine (small pelagics)","SARDINA","Carangidae"
2018,"Oligoplites",748128.16,1328322,"Anchovy & Sardine (small pelagics)","SARDINA","Carangidae"
2019,"Oligoplites",968059.92,2254887,"Anchovy & Sardine (small pelagics)","SARDINA","Carangidae"
2020,"Oligoplites",846747.52,1227033,"Anchovy & Sardine (small pelagics)","SARDINA","Carangidae"
2021,"Oligoplites",906294.96,2646066,"Anchovy & Sardine (small pelagics)","SARDINA","Carangidae"
2022,"Oligoplites",977357.48,3980626.25,"Anchovy & Sardine (small pelagics)","SARDINA","Carangidae"
2023,"Oligoplites",905,9050,"Anchovy & Sardine (small pelagics)","SARDINA","Carangidae"
2024,"Oligoplites",1990,19900,"Anchovy & Sardine (small pelagics)","SARDINA","Carangidae"
2000,"Opisthonema",52185085.88,11840604,"Anchovy & Sardine (small pelagics)","SARDINA","Clupeidae"
2001,"Opisthonema",41609943.56,5305000,"Anchovy & Sardine (small pelagics)","SARDINA","Clupeidae"
2003,"Opisthonema",149525466.24,21288066,"Anchovy & Sardine (small pelagics)","SARDINA","Clupeidae"
2004,"Opisthonema",127385887.2,66219422,"Anchovy & Sardine (small pelagics)","SARDINA","Clupeidae"
2005,"Opisthonema",164187880.16,799544692,"Anchovy & Sardine (small pelagics)","SARDINA","Clupeidae"
2006,"Opisthonema",145811011.68,634368171,"Anchovy & Sardine (small pelagics)","SARDINA","Clupeidae"
2007,"Opisthonema",192327522.08,827091400,"Anchovy & Sardine (small pelagics)","SARDINA","Clupeidae"
2008,"Opisthonema",103503767.76,80914886,"Anchovy & Sardine (small pelagics)","SARDINA","Clupeidae"
2009,"Opisthonema",154945830.72,120852721,"Anchovy & Sardine (small pelagics)","SARDINA","Clupeidae"
2010,"Opisthonema",200878732.36,677564588,"Anchovy & Sardine (small pelagics)","SARDINA","Clupeidae"
2011,"Opisthonema",194494932.2,163719940,"Anchovy & Sardine (small pelagics)","SARDINA","Clupeidae"
2012,"Opisthonema",132460326.92,104591796,"Anchovy & Sardine (small pelagics)","SARDINA","Clupeidae"
2013,"Opisthonema",220482458.6,161808983,"Anchovy & Sardine (small pelagics)","SARDINA","Clupeidae"
2014,"Opisthonema",225600754.44,232564823.4,"Anchovy & Sardine (small pelagics)","SARDINA","Clupeidae"
2015,"Opisthonema",164653409.62,217857252.505,"Anchovy & Sardine (small pelagics)","SARDINA","Clupeidae"
2016,"Opisthonema",168773522.56,180920146.45,"Anchovy & Sardine (small pelagics)","SARDINA","Clupeidae"
2017,"Opisthonema",154894240.88,163228412.675,"Anchovy & Sardine (small pelagics)","SARDINA","Clupeidae"
2018,"Opisthonema",142083839.46,744898565,"Anchovy & Sardine (small pelagics)","SARDINA","Clupeidae"
2019,"Opisthonema",201782156.6,361601431,"Anchovy & Sardine (small pelagics)","SARDINA","Clupeidae"
2020,"Opisthonema",168378127.28,305448347,"Anchovy & Sardine (small pelagics)","SARDINA","Clupeidae"
2021,"Opisthonema",171705495.64,425372127,"Anchovy & Sardine (small pelagics)","SARDINA","Clupeidae"
2022,"Opisthonema",211398825.72,494348503.65,"Anchovy & Sardine (small pelagics)","SARDINA","Clupeidae"
2023,"Opisthonema",200706537,483938894,"Anchovy & Sardine (small pelagics)","SARDINA","Clupeidae"
2024,"Opisthonema",234375650.0836,2013290596.496,"Anchovy & Sardine (small pelagics)","SARDINA","Clupeidae"
2000,"Orthopristis",28976,156190,"Demersal marine fishes","OTRAS","Haemulidae"
2001,"Orthopristis",43558,166173,"Demersal marine fishes","OTRAS","Haemulidae"
2002,"Orthopristis",45712,190435,"Demersal marine fishes","OTRAS","Haemulidae"
2003,"Orthopristis",33544,136109,"Demersal marine fishes","OTRAS","Haemulidae"
2004,"Orthopristis",29517,124293,"Demersal marine fishes","OTRAS","Haemulidae"
2005,"Orthopristis",16412,78395,"Demersal marine fishes","OTRAS","Haemulidae"
2006,"Orthopristis",22996,142144,"Demersal marine fishes","OTRAS","Haemulidae"
2007,"Orthopristis",29559,177651.5,"Demersal marine fishes","OTRAS","Haemulidae"
2008,"Orthopristis",14832,93770,"Demersal marine fishes","OTRAS","Haemulidae"
2009,"Orthopristis",4771,28774,"Demersal marine fishes","OTRAS","Haemulidae"
2010,"Orthopristis",6908,42350,"Demersal marine fishes","OTRAS","Haemulidae"
2011,"Orthopristis",7426.75,54269,"Demersal marine fishes","OTRAS","Haemulidae"
2012,"Orthopristis",18632,149324,"Demersal marine fishes","OTRAS","Haemulidae"
2013,"Orthopristis",29686,208559,"Demersal marine fishes","OTRAS","Haemulidae"
2014,"Orthopristis",52402.5,444054.5,"Demersal marine fishes","OTRAS","Haemulidae"
2015,"Orthopristis",26831.5,255289,"Demersal marine fishes","OTRAS","Haemulidae"
2016,"Orthopristis",19492,156767,"Demersal marine fishes","OTRAS","Haemulidae"
2017,"Orthopristis",18031,152042,"Demersal marine fishes","OTRAS","Haemulidae"
2018,"Orthopristis",50717,402202,"Demersal marine fishes","OTRAS","Haemulidae"
2019,"Orthopristis",47217,430445,"Demersal marine fishes","OTRAS","Haemulidae"
2020,"Orthopristis",103200,945548,"Demersal marine fishes","OTRAS","Haemulidae"
2021,"Orthopristis",125668,1360771,"Demersal marine fishes","OTRAS","Haemulidae"
2022,"Orthopristis",71723,916036,"Demersal marine fishes","OTRAS","Haemulidae"
2023,"Orthopristis",68132,715549,"Demersal marine fishes","OTRAS","Haemulidae"
2024,"Orthopristis",116732,1095732,"Demersal marine fishes","OTRAS","Haemulidae"
2005,"Panopea",1633.44,81672,"Molluscs excl. Cephalopods","ALMEJA","Hiatellidae"
2009,"Panopea",96113,1814500,"Molluscs excl. Cephalopods","ALMEJA","Hiatellidae"
2010,"Panopea",1137278,27344991,"Molluscs excl. Cephalopods","ALMEJA","Hiatellidae"
2011,"Panopea",1261883,28779028,"Molluscs excl. Cephalopods","ALMEJA","Hiatellidae"
2012,"Panopea",1683143.01,57286658.2,"Molluscs excl. Cephalopods","ALMEJA","Hiatellidae"
2013,"Panopea",2111239,73411038,"Molluscs excl. Cephalopods","ALMEJA","Hiatellidae"
2014,"Panopea",2410996.92,76375494.48,"Molluscs excl. Cephalopods","ALMEJA","Hiatellidae"
2015,"Panopea",1546155.7,49240883.19,"Molluscs excl. Cephalopods","ALMEJA","Hiatellidae"
2016,"Panopea",1582797.07,43845550.0635,"Molluscs excl. Cephalopods","ALMEJA","Hiatellidae"
2017,"Panopea",817102.52,26664192.15,"Molluscs excl. Cephalopods","ALMEJA","Hiatellidae"
2018,"Panopea",1207936.29,42428331.46,"Molluscs excl. Cephalopods","ALMEJA","Hiatellidae"
2019,"Panopea",1485510,53711060.92,"Molluscs excl. Cephalopods","ALMEJA","Hiatellidae"
2020,"Panopea",1804908,52452876.62,"Molluscs excl. Cephalopods","ALMEJA","Hiatellidae"
2021,"Panopea",1916645,59954164.31,"Molluscs excl. Cephalopods","ALMEJA","Hiatellidae"
2022,"Panopea",1911655,80151440.88,"Molluscs excl. Cephalopods","ALMEJA","Hiatellidae"
2023,"Panopea",2042904,81816757,"Molluscs excl. Cephalopods","ALMEJA","Hiatellidae"
2024,"Panopea",1595586.15,52146267.25,"Molluscs excl. Cephalopods","ALMEJA","Hiatellidae"
2000,"Panulirus",399341,25335256,"Crustaceans","LANGOSTA","Palinuridae"
2001,"Panulirus",377180,21545628,"Crustaceans","LANGOSTA","Palinuridae"
2002,"Panulirus",367706,20723584,"Crustaceans","LANGOSTA","Palinuridae"
2003,"Panulirus",446344,26189958,"Crustaceans","LANGOSTA","Palinuridae"
2004,"Panulirus",105407,9914772,"Crustaceans","LANGOSTA","Palinuridae"
2005,"Panulirus",144773,16138969,"Crustaceans","LANGOSTA","Palinuridae"
2006,"Panulirus",171464.5,21787496,"Crustaceans","LANGOSTA","Palinuridae"
2007,"Panulirus",144071,21856688,"Crustaceans","LANGOSTA","Palinuridae"
2008,"Panulirus",142994,23032190,"Crustaceans","LANGOSTA","Palinuridae"
2009,"Panulirus",119162,17423462,"Crustaceans","LANGOSTA","Palinuridae"
2010,"Panulirus",115749.72,15434460,"Crustaceans","LANGOSTA","Palinuridae"
2011,"Panulirus",127826,19242905,"Crustaceans","LANGOSTA","Palinuridae"
2012,"Panulirus",174189,25722840,"Crustaceans","LANGOSTA","Palinuridae"
2013,"Panulirus",169088,22972040,"Crustaceans","LANGOSTA","Palinuridae"
2014,"Panulirus",112346.9,17862300,"Crustaceans","LANGOSTA","Palinuridae"
2015,"Panulirus",157903.4,25684120.5,"Crustaceans","LANGOSTA","Palinuridae"
2016,"Panulirus",203979.27,40823681.2,"Crustaceans","LANGOSTA","Palinuridae"
2017,"Panulirus",207713.46,50961639.2,"Crustaceans","LANGOSTA","Palinuridae"
2018,"Panulirus",187344.5,46105663.5,"Crustaceans","LANGOSTA","Palinuridae"
2019,"Panulirus",232371.38,57648960,"Crustaceans","LANGOSTA","Palinuridae"
2020,"Panulirus",163612.3,44183733,"Crustaceans","LANGOSTA","Palinuridae"
2021,"Panulirus",147471,45271298,"Crustaceans","LANGOSTA","Palinuridae"
2022,"Panulirus",169301,49135256,"Crustaceans","LANGOSTA","Palinuridae"
2023,"Panulirus",140153,38723220,"Crustaceans","LANGOSTA","Palinuridae"
2024,"Panulirus",150852.66,40251978.72,"Crustaceans","LANGOSTA","Palinuridae"
2000,"Paralabrax",1445314.3,7005015,"Demersal marine fishes","CABRILLA","Serranidae"
2001,"Paralabrax",1429471.9,7358554,"Demersal marine fishes","CABRILLA","Serranidae"
2002,"Paralabrax",1706387.2,7927743,"Demersal marine fishes","CABRILLA","Serranidae"
2003,"Paralabrax",2213382.9,11533208,"Demersal marine fishes","CABRILLA","Serranidae"
2004,"Paralabrax",1576043.1,8520902,"Demersal marine fishes","CABRILLA","Serranidae"
2005,"Paralabrax",710833.6,5504402,"Demersal marine fishes","CABRILLA","Serranidae"
2006,"Paralabrax",503562.3,3954675,"Demersal marine fishes","CABRILLA","Serranidae"
2007,"Paralabrax",698840.1,5269396.5,"Demersal marine fishes","CABRILLA","Serranidae"
2008,"Paralabrax",540795.6,4734453,"Demersal marine fishes","CABRILLA","Serranidae"
2009,"Paralabrax",748966.4,6648715,"Demersal marine fishes","CABRILLA","Serranidae"
2010,"Paralabrax",802355.4,6292035,"Demersal marine fishes","CABRILLA","Serranidae"
2011,"Paralabrax",772712.5,6657460,"Demersal marine fishes","CABRILLA","Serranidae"
2012,"Paralabrax",1164604.3,8594748,"Demersal marine fishes","CABRILLA","Serranidae"
2013,"Paralabrax",783993.3,8041643,"Demersal marine fishes","CABRILLA","Serranidae"
2014,"Paralabrax",906882.25,10354656.5,"Demersal marine fishes","CABRILLA","Serranidae"
2015,"Paralabrax",1010416.54,13735935.8,"Demersal marine fishes","CABRILLA","Serranidae"
2016,"Paralabrax",1065271.26,14421896.36,"Demersal marine fishes","CABRILLA","Serranidae"
2017,"Paralabrax",1063314.3,16929992,"Demersal marine fishes","CABRILLA","Serranidae"
2018,"Paralabrax",1041411.7,18410261.1,"Demersal marine fishes","CABRILLA","Serranidae"
2019,"Paralabrax",1451983.85,26847988,"Demersal marine fishes","CABRILLA","Serranidae"
2020,"Paralabrax",1865161.8,33869782.1,"Demersal marine fishes","CABRILLA","Serranidae"
2021,"Paralabrax",2228075.5,40160086,"Demersal marine fishes","CABRILLA","Serranidae"
2022,"Paralabrax",2103828,39414273,"Demersal marine fishes","CABRILLA","Serranidae"
2023,"Paralabrax",2430064,47297547,"Demersal marine fishes","CABRILLA","Serranidae"
2024,"Paralabrax",2566906.86,48364869.5,"Demersal marine fishes","CABRILLA","Serranidae"
2003,"Paranthias",290,1160,"Demersal marine fishes","OTRAS","Serranidae"
2004,"Paranthias",280,5040,"Demersal marine fishes","OTRAS","Serranidae"
2005,"Paranthias",1140,20220,"Demersal marine fishes","OTRAS","Serranidae"
2006,"Paranthias",770,13140,"Demersal marine fishes","OTRAS","Serranidae"
2009,"Paranthias",474,8340,"Demersal marine fishes","OTRAS","Serranidae"
2010,"Paranthias",1009,19515,"Demersal marine fishes","OTRAS","Serranidae"
2011,"Paranthias",626,23070,"Demersal marine fishes","OTRAS","Serranidae"
2012,"Paranthias",740,19400,"Demersal marine fishes","OTRAS","Serranidae"
2013,"Paranthias",897,36656,"Demersal marine fishes","OTRAS","Serranidae"
2014,"Paranthias",2033.3,48015,"Demersal marine fishes","OTRAS","Serranidae"
2015,"Paranthias",4732,114922,"Demersal marine fishes","OTRAS","Serranidae"
2016,"Paranthias",13012,230963,"Demersal marine fishes","OTRAS","Serranidae"
2017,"Paranthias",25080,545380,"Demersal marine fishes","OTRAS","Serranidae"
2018,"Paranthias",19972.2,401025,"Demersal marine fishes","OTRAS","Serranidae"
2019,"Paranthias",19516.6,302227,"Demersal marine fishes","OTRAS","Serranidae"
2020,"Paranthias",48529,779904,"Demersal marine fishes","OTRAS","Serranidae"
2021,"Paranthias",37123.8,797254,"Demersal marine fishes","OTRAS","Serranidae"
2022,"Paranthias",6450.6,133241,"Demersal marine fishes","OTRAS","Serranidae"
2023,"Paranthias",6217,108849,"Demersal marine fishes","OTRAS","Serranidae"
2024,"Paranthias",5811.35,128202,"Demersal marine fishes","OTRAS","Serranidae"
2000,"Parapsettus",2142,10710,"Demersal marine fishes","OTRAS","Ephippidae"
2001,"Parapsettus",1744,8720,"Demersal marine fishes","OTRAS","Ephippidae"
2002,"Parapsettus",890,4450,"Demersal marine fishes","OTRAS","Ephippidae"
2003,"Parapsettus",1352,6760,"Demersal marine fishes","OTRAS","Ephippidae"
2004,"Parapsettus",13504,67520,"Demersal marine fishes","OTRAS","Ephippidae"
2005,"Parapsettus",18827,93835,"Demersal marine fishes","OTRAS","Ephippidae"
2006,"Parapsettus",9732,50160,"Demersal marine fishes","OTRAS","Ephippidae"
2007,"Parapsettus",841,4439,"Demersal marine fishes","OTRAS","Ephippidae"
2008,"Parapsettus",5150,61469,"Demersal marine fishes","OTRAS","Ephippidae"
2009,"Parapsettus",8337,96650,"Demersal marine fishes","OTRAS","Ephippidae"
2010,"Parapsettus",2621,35022,"Demersal marine fishes","OTRAS","Ephippidae"
2011,"Parapsettus",2566,31398,"Demersal marine fishes","OTRAS","Ephippidae"
2012,"Parapsettus",14598,233631,"Demersal marine fishes","OTRAS","Ephippidae"
2013,"Parapsettus",5185,81827,"Demersal marine fishes","OTRAS","Ephippidae"
2014,"Parapsettus",9438,173513,"Demersal marine fishes","OTRAS","Ephippidae"
2015,"Parapsettus",3007,68858,"Demersal marine fishes","OTRAS","Ephippidae"
2016,"Parapsettus",12124,159970,"Demersal marine fishes","OTRAS","Ephippidae"
2017,"Parapsettus",5440,118393,"Demersal marine fishes","OTRAS","Ephippidae"
2018,"Parapsettus",9754,215290,"Demersal marine fishes","OTRAS","Ephippidae"
2019,"Parapsettus",29072,706600,"Demersal marine fishes","OTRAS","Ephippidae"
2020,"Parapsettus",6368,120715,"Demersal marine fishes","OTRAS","Ephippidae"
2021,"Parapsettus",17631,351557,"Demersal marine fishes","OTRAS","Ephippidae"
2022,"Parapsettus",35705,1970330,"Demersal marine fishes","OTRAS","Ephippidae"
2023,"Parapsettus",8708,158036,"Demersal marine fishes","OTRAS","Ephippidae"
2024,"Parapsettus",11650,253415,"Demersal marine fishes","OTRAS","Ephippidae"
2000,"Penaeus",4147867.6,283300668,"Shrimps, prawns","CAMARON","Penaeidae"
2001,"Penaeus",4869279.6,299905056,"Shrimps, prawns","CAMARON","Penaeidae"
2002,"Penaeus",2400661.8,137372803,"Shrimps, prawns","CAMARON","Penaeidae"
2003,"Penaeus",8387755,489855886,"Shrimps, prawns","CAMARON","Penaeidae"
2004,"Penaeus",7284080,430784174,"Shrimps, prawns","CAMARON","Penaeidae"
2005,"Penaeus",10376956.2,611566966,"Shrimps, prawns","CAMARON","Penaeidae"
2006,"Penaeus",13022301.76,681815043.3,"Shrimps, prawns","CAMARON","Penaeidae"
2007,"Penaeus",11117672.786,590587498.038,"Shrimps, prawns","CAMARON","Penaeidae"
2008,"Penaeus",18177232,999891777,"Shrimps, prawns","CAMARON","Penaeidae"
2009,"Penaeus",20446921.8,1098904351,"Shrimps, prawns","CAMARON","Penaeidae"
2010,"Penaeus",21000205,1155255490,"Shrimps, prawns","CAMARON","Penaeidae"
2011,"Penaeus",33677520.56,1853821629,"Shrimps, prawns","CAMARON","Penaeidae"
2012,"Penaeus",22873841.8,1242757348,"Shrimps, prawns","CAMARON","Penaeidae"
2013,"Penaeus",27272762.4,1750957074,"Shrimps, prawns","CAMARON","Penaeidae"
2014,"Penaeus",28256906.23,2030959312.46,"Shrimps, prawns","CAMARON","Penaeidae"
2015,"Penaeus",24751667.24,1706198672.73,"Shrimps, prawns","CAMARON","Penaeidae"
2016,"Penaeus",26047545.576,1971205396.19,"Shrimps, prawns","CAMARON","Penaeidae"
2017,"Penaeus",29122220.742,2466447029.04,"Shrimps, prawns","CAMARON","Penaeidae"
2018,"Penaeus",33869276.54,2875909287.355,"Shrimps, prawns","CAMARON","Penaeidae"
2019,"Penaeus",33015417.264,2761839370.279,"Shrimps, prawns","CAMARON","Penaeidae"
2020,"Penaeus",29697327.244,2533931119.6791,"Shrimps, prawns","CAMARON","Penaeidae"
2021,"Penaeus",36477123.69,3172762914.53,"Shrimps, prawns","CAMARON","Penaeidae"
2022,"Penaeus",40414479.74,3587095335.86,"Shrimps, prawns","CAMARON","Penaeidae"
2023,"Penaeus",222108825,22271341864,"Shrimps, prawns","CAMARON","Penaeidae"
2024,"Penaeus",228399088.6467,21430175878.6988,"Shrimps, prawns","CAMARON","Penaeidae"
2001,"Prionace",23415,138972,"Sharks","TIBURON","Carcharhinidae"
2003,"Prionace",2170.55,10360,"Sharks","TIBURON","Carcharhinidae"
2004,"Prionace",121556.8,932033,"Sharks","TIBURON","Carcharhinidae"
2005,"Prionace",14413,100527,"Sharks","TIBURON","Carcharhinidae"
2006,"Prionace",39542.45,331356,"Sharks","TIBURON","Carcharhinidae"
2007,"Prionace",392012.05,3560510,"Sharks","TIBURON","Carcharhinidae"
2008,"Prionace",948003.7,8165817,"Sharks","TIBURON","Carcharhinidae"
2009,"Prionace",864643.95,6961863,"Sharks","TIBURON","Carcharhinidae"
2010,"Prionace",684621.4,5411084,"Sharks","TIBURON","Carcharhinidae"
2011,"Prionace",664728.55,5529641,"Sharks","TIBURON","Carcharhinidae"
2012,"Prionace",634854.4,5178521,"Sharks","TIBURON","Carcharhinidae"
2013,"Prionace",555800.85,4344639,"Sharks","TIBURON","Carcharhinidae"
2014,"Prionace",1409792.95,14211943,"Sharks","TIBURON","Carcharhinidae"
2015,"Prionace",1296695.7,15038748,"Sharks","TIBURON","Carcharhinidae"
2016,"Prionace",1057634.05,13196988,"Sharks","TIBURON","Carcharhinidae"
2017,"Prionace",1274400.7,15380010,"Sharks","TIBURON","Carcharhinidae"
2018,"Prionace",1076361.15,16028006,"Sharks","TIBURON","Carcharhinidae"
2019,"Prionace",1559517.6,23888255,"Sharks","TIBURON","Carcharhinidae"
2020,"Prionace",1075090,14848369,"Sharks","TIBURON","Carcharhinidae"
2021,"Prionace",985800.7,14160317,"Sharks","TIBURON","Carcharhinidae"
2022,"Prionace",1815028.05,34663364,"Sharks","TIBURON","Carcharhinidae"
2023,"Prionace",2262801,36643104,"Sharks","TIBURON","Carcharhinidae"
2024,"Prionace",5347416.5,60288911,"Sharks","TIBURON","Carcharhinidae"
2000,"Pseudobatos",1266530.75,9901975,"Demersal marine fishes","RAYA Y SIMILARES","Rhinobatidae"
2001,"Pseudobatos",925436.15,7612574,"Demersal marine fishes","RAYA Y SIMILARES","Rhinobatidae"
2002,"Pseudobatos",712136.9,6197986,"Demersal marine fishes","RAYA Y SIMILARES","Rhinobatidae"
2003,"Pseudobatos",1223654.4,11966038,"Demersal marine fishes","RAYA Y SIMILARES","Rhinobatidae"
2004,"Pseudobatos",1341035.35,12928995,"Demersal marine fishes","RAYA Y SIMILARES","Rhinobatidae"
2005,"Pseudobatos",1040064,11321679,"Demersal marine fishes","RAYA Y SIMILARES","Rhinobatidae"
2006,"Pseudobatos",936328.7,10369119.5,"Demersal marine fishes","RAYA Y SIMILARES","Rhinobatidae"
2007,"Pseudobatos",1042356.7,15918490,"Demersal marine fishes","RAYA Y SIMILARES","Rhinobatidae"
2008,"Pseudobatos",889463.45,9216906,"Demersal marine fishes","RAYA Y SIMILARES","Rhinobatidae"
2009,"Pseudobatos",651745.45,6454027,"Demersal marine fishes","RAYA Y SIMILARES","Rhinobatidae"
2010,"Pseudobatos",546039.4,5644930,"Demersal marine fishes","RAYA Y SIMILARES","Rhinobatidae"
2011,"Pseudobatos",649058.7,6703872,"Demersal marine fishes","RAYA Y SIMILARES","Rhinobatidae"
2012,"Pseudobatos",604394.35,5933515,"Demersal marine fishes","RAYA Y SIMILARES","Rhinobatidae"
2013,"Pseudobatos",662146.95,5924787,"Demersal marine fishes","RAYA Y SIMILARES","Rhinobatidae"
2014,"Pseudobatos",718836.5,6865161.1,"Demersal marine fishes","RAYA Y SIMILARES","Rhinobatidae"
2015,"Pseudobatos",871778.85,8878855.6,"Demersal marine fishes","RAYA Y SIMILARES","Rhinobatidae"
2016,"Pseudobatos",960903.4,10666900,"Demersal marine fishes","RAYA Y SIMILARES","Rhinobatidae"
2017,"Pseudobatos",1042341,12439723.5,"Demersal marine fishes","RAYA Y SIMILARES","Rhinobatidae"
2018,"Pseudobatos",985850.3,11396628,"Demersal marine fishes","RAYA Y SIMILARES","Rhinobatidae"
2019,"Pseudobatos",962112.85,12902300,"Demersal marine fishes","RAYA Y SIMILARES","Rhinobatidae"
2020,"Pseudobatos",711163.5,9017618.5,"Demersal marine fishes","RAYA Y SIMILARES","Rhinobatidae"
2021,"Pseudobatos",969595.55,12732941.5,"Demersal marine fishes","RAYA Y SIMILARES","Rhinobatidae"
2022,"Pseudobatos",709063,10489588,"Demersal marine fishes","RAYA Y SIMILARES","Rhinobatidae"
2023,"Pseudobatos",714372,10511438,"Demersal marine fishes","RAYA Y SIMILARES","Rhinobatidae"
2024,"Pseudobatos",904523.5,13283065,"Demersal marine fishes","RAYA Y SIMILARES","Rhinobatidae"
2000,"Rimapenaeus",322851,4975723,"Shrimps, prawns","CAMARON","Penaeidae"
2001,"Rimapenaeus",232031.2,3484493,"Shrimps, prawns","CAMARON","Penaeidae"
2002,"Rimapenaeus",42712.2,515769,"Shrimps, prawns","CAMARON","Penaeidae"
2003,"Rimapenaeus",311860,3991595,"Shrimps, prawns","CAMARON","Penaeidae"
2004,"Rimapenaeus",431721.2,5448323,"Shrimps, prawns","CAMARON","Penaeidae"
2005,"Rimapenaeus",223482,2759111,"Shrimps, prawns","CAMARON","Penaeidae"
2006,"Rimapenaeus",66733.2,925900,"Shrimps, prawns","CAMARON","Penaeidae"
2007,"Rimapenaeus",502968.8,16837163,"Shrimps, prawns","CAMARON","Penaeidae"
2008,"Rimapenaeus",153278,1814690,"Shrimps, prawns","CAMARON","Penaeidae"
2009,"Rimapenaeus",48111.6,560743,"Shrimps, prawns","CAMARON","Penaeidae"
2010,"Rimapenaeus",99958.2,1310458,"Shrimps, prawns","CAMARON","Penaeidae"
2011,"Rimapenaeus",65975.6,870331,"Shrimps, prawns","CAMARON","Penaeidae"
2012,"Rimapenaeus",196664.6,2763293,"Shrimps, prawns","CAMARON","Penaeidae"
2013,"Rimapenaeus",74585.2,1458916,"Shrimps, prawns","CAMARON","Penaeidae"
2014,"Rimapenaeus",72040,1682790,"Shrimps, prawns","CAMARON","Penaeidae"
2015,"Rimapenaeus",23624.6,417415,"Shrimps, prawns","CAMARON","Penaeidae"
2016,"Rimapenaeus",28643.6,693200,"Shrimps, prawns","CAMARON","Penaeidae"
2017,"Rimapenaeus",37742.8,848556,"Shrimps, prawns","CAMARON","Penaeidae"
2018,"Rimapenaeus",185035.8,4039762.4,"Shrimps, prawns","CAMARON","Penaeidae"
2019,"Rimapenaeus",87683.15,3391088.6395,"Shrimps, prawns","CAMARON","Penaeidae"
2020,"Rimapenaeus",97055.4,3013747,"Shrimps, prawns","CAMARON","Penaeidae"
2021,"Rimapenaeus",70639.2,2439320,"Shrimps, prawns","CAMARON","Penaeidae"
2022,"Rimapenaeus",88096,3513512,"Shrimps, prawns","CAMARON","Penaeidae"
2023,"Rimapenaeus",263225,7204704,"Shrimps, prawns","CAMARON","Penaeidae"
2024,"Rimapenaeus",18480,340000,"Shrimps, prawns","CAMARON","Penaeidae"
2000,"Sarda",9976.65,72031,"Pelagic marine fish (excl. anchovy & sardine)","BONITO","Carangidae"
2001,"Sarda",5397.1,25520,"Pelagic marine fish (excl. anchovy & sardine)","BONITO","Carangidae"
2002,"Sarda",4873.55,57388,"Pelagic marine fish (excl. anchovy & sardine)","BONITO","Carangidae"
2003,"Sarda",17957.75,151212,"Pelagic marine fish (excl. anchovy & sardine)","BONITO","Carangidae"
2004,"Sarda",16480.4,229330,"Pelagic marine fish (excl. anchovy & sardine)","BONITO","Carangidae"
2005,"Sarda",4933.9,44364,"Pelagic marine fish (excl. anchovy & sardine)","BONITO","Carangidae"
2006,"Sarda",2074435.75,10522450,"Pelagic marine fish (excl. anchovy & sardine)","BONITO","Carangidae"
2007,"Sarda",9520654,45722511,"Pelagic marine fish (excl. anchovy & sardine)","BONITO","Carangidae"
2008,"Sarda",4551701,38892700,"Pelagic marine fish (excl. anchovy & sardine)","BONITO","Carangidae"
2009,"Sarda",4684720.5,36033873,"Pelagic marine fish (excl. anchovy & sardine)","BONITO","Carangidae"
2010,"Sarda",2140074.9,14037185,"Pelagic marine fish (excl. anchovy & sardine)","BONITO","Carangidae"
2011,"Sarda",5601964.4,44934504,"Pelagic marine fish (excl. anchovy & sardine)","BONITO","Carangidae"
2012,"Sarda",3686359,29401696,"Pelagic marine fish (excl. anchovy & sardine)","BONITO","Carangidae"
2013,"Sarda",814807.85,6002578,"Pelagic marine fish (excl. anchovy & sardine)","BONITO","Carangidae"
2014,"Sarda",988484.6,8487517,"Pelagic marine fish (excl. anchovy & sardine)","BONITO","Carangidae"
2015,"Sarda",539326.8,3959807.9,"Pelagic marine fish (excl. anchovy & sardine)","BONITO","Carangidae"
2016,"Sarda",411565.7,4082245,"Pelagic marine fish (excl. anchovy & sardine)","BONITO","Carangidae"
2017,"Sarda",1329120,14071119,"Pelagic marine fish (excl. anchovy & sardine)","BONITO","Carangidae"
2018,"Sarda",129833.8,1638959,"Pelagic marine fish (excl. anchovy & sardine)","BONITO","Carangidae"
2019,"Sarda",4183496,77289252,"Pelagic marine fish (excl. anchovy & sardine)","BONITO","Carangidae"
2020,"Sarda",2656560.7,38810414,"Pelagic marine fish (excl. anchovy & sardine)","BONITO","Carangidae"
2021,"Sarda",5375443.55,84946012,"Pelagic marine fish (excl. anchovy & sardine)","BONITO","Carangidae"
2022,"Sarda",2455957.8,40377844,"Pelagic marine fish (excl. anchovy & sardine)","BONITO","Carangidae"
2000,"Sardinops",102058462.28,55869369,"Anchovy & Sardine (small pelagics)","SARDINA","Clupeidae"
2001,"Sardinops",198890414.64,52874536,"Anchovy & Sardine (small pelagics)","SARDINA","Clupeidae"
2003,"Sardinops",201260172.84,46329184,"Anchovy & Sardine (small pelagics)","SARDINA","Clupeidae"
2004,"Sardinops",115000467.44,105780868,"Anchovy & Sardine (small pelagics)","SARDINA","Clupeidae"
2005,"Sardinops",133232426.4,127451641,"Anchovy & Sardine (small pelagics)","SARDINA","Clupeidae"
2006,"Sardinops",167183933.96,232937600,"Anchovy & Sardine (small pelagics)","SARDINA","Clupeidae"
2007,"Sardinops",289653585.72,281600799,"Anchovy & Sardine (small pelagics)","SARDINA","Clupeidae"
2008,"Sardinops",525775702.56,410513216,"Anchovy & Sardine (small pelagics)","SARDINA","Clupeidae"
2009,"Sardinops",576875979.64,560503447,"Anchovy & Sardine (small pelagics)","SARDINA","Clupeidae"
2010,"Sardinops",264559999.4,365934851,"Anchovy & Sardine (small pelagics)","SARDINA","Clupeidae"
2011,"Sardinops",158543051.04,150619263.5,"Anchovy & Sardine (small pelagics)","SARDINA","Clupeidae"
2012,"Sardinops",99546476.48,107686423,"Anchovy & Sardine (small pelagics)","SARDINA","Clupeidae"
2013,"Sardinops",84615295.2,84218012,"Anchovy & Sardine (small pelagics)","SARDINA","Clupeidae"
2014,"Sardinops",4023552.8,4486740,"Anchovy & Sardine (small pelagics)","SARDINA","Clupeidae"
2015,"Sardinops",5024493.02,7421089.665,"Anchovy & Sardine (small pelagics)","SARDINA","Clupeidae"
2016,"Sardinops",14149044.32,19820902.76,"Anchovy & Sardine (small pelagics)","SARDINA","Clupeidae"
2017,"Sardinops",172603702.78,263036903.025,"Anchovy & Sardine (small pelagics)","SARDINA","Clupeidae"
2018,"Sardinops",212737104.96,2304768032,"Anchovy & Sardine (small pelagics)","SARDINA","Clupeidae"
2019,"Sardinops",146395762.46,258107688.5,"Anchovy & Sardine (small pelagics)","SARDINA","Clupeidae"
2020,"Sardinops",240775492.8,414323161,"Anchovy & Sardine (small pelagics)","SARDINA","Clupeidae"
2021,"Sardinops",245950287.6,464372895,"Anchovy & Sardine (small pelagics)","SARDINA","Clupeidae"
2022,"Sardinops",73390752.4,139998997.47,"Anchovy & Sardine (small pelagics)","SARDINA","Clupeidae"
2023,"Sardinops",97137595,209718877,"Anchovy & Sardine (small pelagics)","SARDINA","Clupeidae"
2024,"Sardinops",29393266.4712,62712077.687,"Anchovy & Sardine (small pelagics)","SARDINA","Clupeidae"
2000,"Scomber",27129688,26612304,"Pelagic marine fish (excl. anchovy & sardine)","MACARELA","Scombridae"
2001,"Scomber",12022730.64,7629435,"Pelagic marine fish (excl. anchovy & sardine)","MACARELA","Scombridae"
2002,"Scomber",5647,367364,"Pelagic marine fish (excl. anchovy & sardine)","MACARELA","Scombridae"
2003,"Scomber",10066373.52,11253935,"Pelagic marine fish (excl. anchovy & sardine)","MACARELA","Scombridae"
2004,"Scomber",28903335.84,17938741,"Pelagic marine fish (excl. anchovy & sardine)","MACARELA","Scombridae"
2005,"Scomber",32226074.76,29580185,"Pelagic marine fish (excl. anchovy & sardine)","MACARELA","Scombridae"
2006,"Scomber",13722003.88,314697907,"Pelagic marine fish (excl. anchovy & sardine)","MACARELA","Scombridae"
2007,"Scomber",7607064.2,10408133,"Pelagic marine fish (excl. anchovy & sardine)","MACARELA","Scombridae"
2008,"Scomber",6469793.12,8338039,"Pelagic marine fish (excl. anchovy & sardine)","MACARELA","Scombridae"
2009,"Scomber",1065299.12,2575392,"Pelagic marine fish (excl. anchovy & sardine)","MACARELA","Scombridae"
2010,"Scomber",14081135.36,35096611,"Pelagic marine fish (excl. anchovy & sardine)","MACARELA","Scombridae"
2011,"Scomber",36157660.82,37009896,"Pelagic marine fish (excl. anchovy & sardine)","MACARELA","Scombridae"
2012,"Scomber",44733781.2,50761322,"Pelagic marine fish (excl. anchovy & sardine)","MACARELA","Scombridae"
2013,"Scomber",25279021.68,21475827,"Pelagic marine fish (excl. anchovy & sardine)","MACARELA","Scombridae"
2014,"Scomber",40393702.76,48773094,"Pelagic marine fish (excl. anchovy & sardine)","MACARELA","Scombridae"
2015,"Scomber",39313506.48,69134292.535,"Pelagic marine fish (excl. anchovy & sardine)","MACARELA","Scombridae"
2016,"Scomber",49163904.48,65991676.06,"Pelagic marine fish (excl. anchovy & sardine)","MACARELA","Scombridae"
2017,"Scomber",49942571.92,61265435.375,"Pelagic marine fish (excl. anchovy & sardine)","MACARELA","Scombridae"
2018,"Scomber",94962347.54,151814524,"Pelagic marine fish (excl. anchovy & sardine)","MACARELA","Scombridae"
2019,"Scomber",85957891.12,153144932,"Pelagic marine fish (excl. anchovy & sardine)","MACARELA","Scombridae"
2020,"Scomber",45713453.76,495246742,"Pelagic marine fish (excl. anchovy & sardine)","MACARELA","Scombridae"
2021,"Scomber",26043977.52,57439719,"Pelagic marine fish (excl. anchovy & sardine)","MACARELA","Scombridae"
2022,"Scomber",31006299.24,63086812.33,"Pelagic marine fish (excl. anchovy & sardine)","MACARELA","Scombridae"
2023,"Scomber",50658009,120910657,"Pelagic marine fish (excl. anchovy & sardine)","MACARELA","Scombridae"
2024,"Scomber",33863265.7864,75385687.554,"Pelagic marine fish (excl. anchovy & sardine)","MACARELA","Scombridae"
2000,"Scomberomorus",4105006.82,30324274,"Pelagic marine fish (excl. anchovy & sardine)","SIERRA","Scombridae"
2001,"Scomberomorus",4151028.52,31355662,"Pelagic marine fish (excl. anchovy & sardine)","SIERRA","Scombridae"
2002,"Scomberomorus",3483535.45,24769327,"Pelagic marine fish (excl. anchovy & sardine)","SIERRA","Scombridae"
2003,"Scomberomorus",3964956.11,34856466,"Pelagic marine fish (excl. anchovy & sardine)","SIERRA","Scombridae"
2004,"Scomberomorus",3795522.02,34853073,"Pelagic marine fish (excl. anchovy & sardine)","SIERRA","Scombridae"
2005,"Scomberomorus",5081265.83,47262514,"Pelagic marine fish (excl. anchovy & sardine)","SIERRA","Scombridae"
2006,"Scomberomorus",4691695.17,42957923.18,"Pelagic marine fish (excl. anchovy & sardine)","SIERRA","Scombridae"
2007,"Scomberomorus",4945795.68,56194499.64,"Pelagic marine fish (excl. anchovy & sardine)","SIERRA","Scombridae"
2008,"Scomberomorus",5270950.5,59543379,"Pelagic marine fish (excl. anchovy & sardine)","SIERRA","Scombridae"
2009,"Scomberomorus",5356679.44,60809260,"Pelagic marine fish (excl. anchovy & sardine)","SIERRA","Scombridae"
2010,"Scomberomorus",7024101.92,81745079,"Pelagic marine fish (excl. anchovy & sardine)","SIERRA","Scombridae"
2011,"Scomberomorus",6977564.85,84061471,"Pelagic marine fish (excl. anchovy & sardine)","SIERRA","Scombridae"
2012,"Scomberomorus",6097453.75,89873152,"Pelagic marine fish (excl. anchovy & sardine)","SIERRA","Scombridae"
2013,"Scomberomorus",5557615.4,83812984,"Pelagic marine fish (excl. anchovy & sardine)","SIERRA","Scombridae"
2014,"Scomberomorus",5760640.5,87444395.65,"Pelagic marine fish (excl. anchovy & sardine)","SIERRA","Scombridae"
2015,"Scomberomorus",5332300.6,90642763.6,"Pelagic marine fish (excl. anchovy & sardine)","SIERRA","Scombridae"
2016,"Scomberomorus",6385803.1,115197880.52,"Pelagic marine fish (excl. anchovy & sardine)","SIERRA","Scombridae"
2017,"Scomberomorus",8819362.8,176582549,"Pelagic marine fish (excl. anchovy & sardine)","SIERRA","Scombridae"
2018,"Scomberomorus",7759419.1,157704524.88,"Pelagic marine fish (excl. anchovy & sardine)","SIERRA","Scombridae"
2019,"Scomberomorus",8547037.411,184359322.76,"Pelagic marine fish (excl. anchovy & sardine)","SIERRA","Scombridae"
2020,"Scomberomorus",7819574.71,174339941.5,"Pelagic marine fish (excl. anchovy & sardine)","SIERRA","Scombridae"
2021,"Scomberomorus",9319147.83,219573620.93,"Pelagic marine fish (excl. anchovy & sardine)","SIERRA","Scombridae"
2022,"Scomberomorus",10991155.19,246984321.06,"Pelagic marine fish (excl. anchovy & sardine)","SIERRA","Scombridae"
2023,"Scomberomorus",11000940,216577451,"Pelagic marine fish (excl. anchovy & sardine)","SIERRA","Scombridae"
2024,"Scomberomorus",12320884.4,280439991.98,"Pelagic marine fish (excl. anchovy & sardine)","SIERRA","Scombridae"
2000,"Scorpaena",35991.7,506721,"Demersal marine fishes","OTRAS","Scorpaenidae"
2001,"Scorpaena",45149.8,430946,"Demersal marine fishes","OTRAS","Scorpaenidae"
2002,"Scorpaena",57640.2,723735,"Demersal marine fishes","OTRAS","Scorpaenidae"
2003,"Scorpaena",55712.3,687391,"Demersal marine fishes","OTRAS","Scorpaenidae"
2004,"Scorpaena",6287.5,37460,"Demersal marine fishes","OTRAS","Scorpaenidae"
2005,"Scorpaena",17683.8,121309,"Demersal marine fishes","OTRAS","Scorpaenidae"
2006,"Scorpaena",15376,108188,"Demersal marine fishes","OTRAS","Scorpaenidae"
2007,"Scorpaena",21340.9,154891,"Demersal marine fishes","OTRAS","Scorpaenidae"
2008,"Scorpaena",10235.2,66476,"Demersal marine fishes","OTRAS","Scorpaenidae"
2009,"Scorpaena",16200.7,109808,"Demersal marine fishes","OTRAS","Scorpaenidae"
2010,"Scorpaena",15290.4,98865,"Demersal marine fishes","OTRAS","Scorpaenidae"
2011,"Scorpaena",20097.8,146896,"Demersal marine fishes","OTRAS","Scorpaenidae"
2012,"Scorpaena",12367.4,96801,"Demersal marine fishes","OTRAS","Scorpaenidae"
2013,"Scorpaena",12498.7,79100,"Demersal marine fishes","OTRAS","Scorpaenidae"
2014,"Scorpaena",5080,67551,"Demersal marine fishes","OTRAS","Scorpaenidae"
2015,"Scorpaena",5644.35,57185,"Demersal marine fishes","OTRAS","Scorpaenidae"
2016,"Scorpaena",7382.7,66155,"Demersal marine fishes","OTRAS","Scorpaenidae"
2017,"Scorpaena",12522.6,149601,"Demersal marine fishes","OTRAS","Scorpaenidae"
2018,"Scorpaena",8219.2,113332,"Demersal marine fishes","OTRAS","Scorpaenidae"
2019,"Scorpaena",14970.6,333130,"Demersal marine fishes","OTRAS","Scorpaenidae"
2020,"Scorpaena",1280.3,17929,"Demersal marine fishes","OTRAS","Scorpaenidae"
2021,"Scorpaena",3446.7,47625,"Demersal marine fishes","OTRAS","Scorpaenidae"
2022,"Scorpaena",3264.7,127387,"Demersal marine fishes","OTRAS","Scorpaenidae"
2023,"Scorpaena",4096,75029,"Demersal marine fishes","OTRAS","Scorpaenidae"
2024,"Scorpaena",2144.6,29308,"Demersal marine fishes","OTRAS","Scorpaenidae"
2000,"Selene",23692.6,53861,"Pelagic marine fish (excl. anchovy & sardine)","RONCO","Carangidae"
2001,"Selene",48132,172993,"Pelagic marine fish (excl. anchovy & sardine)","RONCO","Carangidae"
2002,"Selene",76788,376332,"Pelagic marine fish (excl. anchovy & sardine)","RONCO","Carangidae"
2003,"Selene",116933,452865,"Pelagic marine fish (excl. anchovy & sardine)","RONCO","Carangidae"
2004,"Selene",123293.5,510783,"Pelagic marine fish (excl. anchovy & sardine)","RONCO","Carangidae"
2005,"Selene",158271,776210,"Pelagic marine fish (excl. anchovy & sardine)","RONCO","Carangidae"
2006,"Selene",289020.2,1272434,"Pelagic marine fish (excl. anchovy & sardine)","RONCO","Carangidae"
2007,"Selene",374432.9,1616745,"Pelagic marine fish (excl. anchovy & sardine)","RONCO","Carangidae"
2008,"Selene",418822,1829941,"Pelagic marine fish (excl. anchovy & sardine)","RONCO","Carangidae"
2009,"Selene",314740.6,1348300,"Pelagic marine fish (excl. anchovy & sardine)","RONCO","Carangidae"
2010,"Selene",394184.6,1748391,"Pelagic marine fish (excl. anchovy & sardine)","RONCO","Carangidae"
2011,"Selene",636639.1,2972638,"Pelagic marine fish (excl. anchovy & sardine)","RONCO","Carangidae"
2012,"Selene",560924.4,2813335,"Pelagic marine fish (excl. anchovy & sardine)","RONCO","Carangidae"
2013,"Selene",553293.7,2680016,"Pelagic marine fish (excl. anchovy & sardine)","RONCO","Carangidae"
2014,"Selene",446759.2,2386610,"Pelagic marine fish (excl. anchovy & sardine)","RONCO","Carangidae"
2015,"Selene",582168.9,3252971,"Pelagic marine fish (excl. anchovy & sardine)","RONCO","Carangidae"
2016,"Selene",641707.3,4001174,"Pelagic marine fish (excl. anchovy & sardine)","RONCO","Carangidae"
2017,"Selene",912818.2,6508313,"Pelagic marine fish (excl. anchovy & sardine)","RONCO","Carangidae"
2018,"Selene",941036,8981497,"Pelagic marine fish (excl. anchovy & sardine)","RONCO","Carangidae"
2019,"Selene",712122.8,6671650,"Pelagic marine fish (excl. anchovy & sardine)","RONCO","Carangidae"
2020,"Selene",514379.9,4482707,"Pelagic marine fish (excl. anchovy & sardine)","RONCO","Carangidae"
2021,"Selene",595681.7,5474236,"Pelagic marine fish (excl. anchovy & sardine)","RONCO","Carangidae"
2022,"Selene",414112.1,3819415,"Pelagic marine fish (excl. anchovy & sardine)","RONCO","Carangidae"
2023,"Selene",358533,3536588,"Pelagic marine fish (excl. anchovy & sardine)","RONCO","Carangidae"
2024,"Selene",424511.1,4098484,"Pelagic marine fish (excl. anchovy & sardine)","RONCO","Carangidae"
2000,"Seriola",463602.1,4682169,"Pelagic marine fish (excl. anchovy & sardine)","ESMEDREGAL","Carangidae"
2001,"Seriola",459926.2,3980008,"Pelagic marine fish (excl. anchovy & sardine)","ESMEDREGAL","Carangidae"
2002,"Seriola",388857.2,3269519,"Pelagic marine fish (excl. anchovy & sardine)","ESMEDREGAL","Carangidae"
2003,"Seriola",804152.6,6782131,"Pelagic marine fish (excl. anchovy & sardine)","ESMEDREGAL","Carangidae"
2004,"Seriola",535095.3,5820728,"Pelagic marine fish (excl. anchovy & sardine)","ESMEDREGAL","Carangidae"
2005,"Seriola",435866.6,4564008,"Pelagic marine fish (excl. anchovy & sardine)","ESMEDREGAL","Carangidae"
2006,"Seriola",413290.5,4415473,"Pelagic marine fish (excl. anchovy & sardine)","ESMEDREGAL","Carangidae"
2007,"Seriola",387832.8,4449821.5,"Pelagic marine fish (excl. anchovy & sardine)","ESMEDREGAL","Carangidae"
2008,"Seriola",563703.9,6303598,"Pelagic marine fish (excl. anchovy & sardine)","ESMEDREGAL","Carangidae"
2009,"Seriola",538238,6060638,"Pelagic marine fish (excl. anchovy & sardine)","ESMEDREGAL","Carangidae"
2010,"Seriola",805292.1,9729218,"Pelagic marine fish (excl. anchovy & sardine)","ESMEDREGAL","Carangidae"
2011,"Seriola",629217.7,7643854,"Pelagic marine fish (excl. anchovy & sardine)","ESMEDREGAL","Carangidae"
2012,"Seriola",1201759.2,17726613,"Pelagic marine fish (excl. anchovy & sardine)","ESMEDREGAL","Carangidae"
2013,"Seriola",817284.4,10726209,"Pelagic marine fish (excl. anchovy & sardine)","ESMEDREGAL","Carangidae"
2014,"Seriola",1215237.6,16315077.5,"Pelagic marine fish (excl. anchovy & sardine)","ESMEDREGAL","Carangidae"
2015,"Seriola",1216580.2,21258773.3,"Pelagic marine fish (excl. anchovy & sardine)","ESMEDREGAL","Carangidae"
2016,"Seriola",918655.15,17581813,"Pelagic marine fish (excl. anchovy & sardine)","ESMEDREGAL","Carangidae"
2017,"Seriola",877098.8,21682182,"Pelagic marine fish (excl. anchovy & sardine)","ESMEDREGAL","Carangidae"
2018,"Seriola",961243.5,27278192.9,"Pelagic marine fish (excl. anchovy & sardine)","ESMEDREGAL","Carangidae"
2019,"Seriola",1317344.6,39544129.5,"Pelagic marine fish (excl. anchovy & sardine)","ESMEDREGAL","Carangidae"
2020,"Seriola",969686.4,24836750,"Pelagic marine fish (excl. anchovy & sardine)","ESMEDREGAL","Carangidae"
2021,"Seriola",1508893.6,32975393,"Pelagic marine fish (excl. anchovy & sardine)","ESMEDREGAL","Carangidae"
2022,"Seriola",1622469.1,46235951,"Pelagic marine fish (excl. anchovy & sardine)","ESMEDREGAL","Carangidae"
2023,"Seriola",1293160,33832397,"Pelagic marine fish (excl. anchovy & sardine)","ESMEDREGAL","Carangidae"
2024,"Seriola",4492.6,165006,"Pelagic marine fish (excl. anchovy & sardine)","ESMEDREGAL","Carangidae"
2000,"Sphoeroides",228582.15,3293779,"Demersal marine fishes","OTRAS","Tetraodontidae"
2001,"Sphoeroides",261448.05,3933494,"Demersal marine fishes","OTRAS","Tetraodontidae"
2002,"Sphoeroides",318230.35,5452172,"Demersal marine fishes","OTRAS","Tetraodontidae"
2003,"Sphoeroides",552166.5,10337405,"Demersal marine fishes","OTRAS","Tetraodontidae"
2004,"Sphoeroides",551095.85,12507983,"Demersal marine fishes","OTRAS","Tetraodontidae"
2005,"Sphoeroides",542076.2,12264902,"Demersal marine fishes","OTRAS","Tetraodontidae"
2006,"Sphoeroides",269250.5,5623147,"Demersal marine fishes","OTRAS","Tetraodontidae"
2007,"Sphoeroides",353138.725,7218175.5,"Demersal marine fishes","OTRAS","Tetraodontidae"
2008,"Sphoeroides",313139.9,7496301,"Demersal marine fishes","OTRAS","Tetraodontidae"
2009,"Sphoeroides",435688.7,11539642,"Demersal marine fishes","OTRAS","Tetraodontidae"
2010,"Sphoeroides",338293.65,8839796,"Demersal marine fishes","OTRAS","Tetraodontidae"
2011,"Sphoeroides",259381.35,7031466,"Demersal marine fishes","OTRAS","Tetraodontidae"
2012,"Sphoeroides",218710.15,6655047,"Demersal marine fishes","OTRAS","Tetraodontidae"
2013,"Sphoeroides",473464.55,16638263,"Demersal marine fishes","OTRAS","Tetraodontidae"
2014,"Sphoeroides",402454.05,15953320.64,"Demersal marine fishes","OTRAS","Tetraodontidae"
2015,"Sphoeroides",595479.6,24829235.5,"Demersal marine fishes","OTRAS","Tetraodontidae"
2016,"Sphoeroides",743968.3,34283983.5,"Demersal marine fishes","OTRAS","Tetraodontidae"
2017,"Sphoeroides",883575.45,42524537.33,"Demersal marine fishes","OTRAS","Tetraodontidae"
2018,"Sphoeroides",789020.85,44822454.78,"Demersal marine fishes","OTRAS","Tetraodontidae"
2019,"Sphoeroides",1040300.7,60774972.6394,"Demersal marine fishes","OTRAS","Tetraodontidae"
2020,"Sphoeroides",677693.45,38013955.35,"Demersal marine fishes","OTRAS","Tetraodontidae"
2021,"Sphoeroides",534911.9,21470531.35,"Demersal marine fishes","OTRAS","Tetraodontidae"
2022,"Sphoeroides",917733.35,43445589,"Demersal marine fishes","OTRAS","Tetraodontidae"
2023,"Sphoeroides",1033868,49300869,"Demersal marine fishes","OTRAS","Tetraodontidae"
2024,"Sphoeroides",1049975.105,50487330.909,"Demersal marine fishes","OTRAS","Tetraodontidae"
2003,"Sphyraena",500,3000,"Pelagic marine fish (excl. anchovy & sardine)","OTRAS","Sphyraenidae"
2006,"Sphyraena",88,880,"Pelagic marine fish (excl. anchovy & sardine)","OTRAS","Sphyraenidae"
2008,"Sphyraena",1033,10372,"Pelagic marine fish (excl. anchovy & sardine)","OTRAS","Sphyraenidae"
2009,"Sphyraena",3212,14245,"Pelagic marine fish (excl. anchovy & sardine)","OTRAS","Sphyraenidae"
2010,"Sphyraena",7403,98483,"Pelagic marine fish (excl. anchovy & sardine)","OTRAS","Sphyraenidae"
2011,"Sphyraena",1829,12787,"Pelagic marine fish (excl. anchovy & sardine)","OTRAS","Sphyraenidae"
2012,"Sphyraena",967,13420,"Pelagic marine fish (excl. anchovy & sardine)","OTRAS","Sphyraenidae"
2013,"Sphyraena",13841,186531,"Pelagic marine fish (excl. anchovy & sardine)","OTRAS","Sphyraenidae"
2014,"Sphyraena",18162,281688,"Pelagic marine fish (excl. anchovy & sardine)","OTRAS","Sphyraenidae"
2015,"Sphyraena",14045,263530,"Pelagic marine fish (excl. anchovy & sardine)","OTRAS","Sphyraenidae"
2016,"Sphyraena",3110,78275,"Pelagic marine fish (excl. anchovy & sardine)","OTRAS","Sphyraenidae"
2017,"Sphyraena",12898,376780,"Pelagic marine fish (excl. anchovy & sardine)","OTRAS","Sphyraenidae"
2018,"Sphyraena",4068,116000,"Pelagic marine fish (excl. anchovy & sardine)","OTRAS","Sphyraenidae"
2019,"Sphyraena",5211,153450,"Pelagic marine fish (excl. anchovy & sardine)","OTRAS","Sphyraenidae"
2020,"Sphyraena",4970,122803,"Pelagic marine fish (excl. anchovy & sardine)","OTRAS","Sphyraenidae"
2021,"Sphyraena",4300,106099,"Pelagic marine fish (excl. anchovy & sardine)","OTRAS","Sphyraenidae"
2022,"Sphyraena",4998,147661,"Pelagic marine fish (excl. anchovy & sardine)","OTRAS","Sphyraenidae"
2023,"Sphyraena",4657,110678,"Pelagic marine fish (excl. anchovy & sardine)","OTRAS","Sphyraenidae"
2024,"Sphyraena",2715,56752,"Pelagic marine fish (excl. anchovy & sardine)","OTRAS","Sphyraenidae"
2000,"Sphyrna",2525.65,12365,"Sharks","TIBURON","Sphyrnidae"
2001,"Sphyrna",2455.65,11598,"Sharks","TIBURON","Sphyrnidae"
2002,"Sphyrna",461.25,2880,"Sharks","TIBURON","Sphyrnidae"
2003,"Sphyrna",23856.35,132833,"Sharks","TIBURON","Sphyrnidae"
2004,"Sphyrna",11764.7,131403,"Sharks","TIBURON","Sphyrnidae"
2005,"Sphyrna",20303.45,74755,"Sharks","TIBURON","Sphyrnidae"
2006,"Sphyrna",1991.5,13796,"Sharks","TIBURON","Sphyrnidae"
2007,"Sphyrna",46645.15,411994,"Sharks","TIBURON","Sphyrnidae"
2008,"Sphyrna",70934.55,586806,"Sharks","TIBURON","Sphyrnidae"
2009,"Sphyrna",55923.25,502275,"Sharks","TIBURON","Sphyrnidae"
2010,"Sphyrna",91857.95,862146,"Sharks","TIBURON","Sphyrnidae"
2011,"Sphyrna",35226.75,373168,"Sharks","TIBURON","Sphyrnidae"
2012,"Sphyrna",53194.95,520089,"Sharks","TIBURON","Sphyrnidae"
2013,"Sphyrna",141569.75,1110089,"Sharks","TIBURON","Sphyrnidae"
2014,"Sphyrna",365695.6,4575000,"Sharks","TIBURON","Sphyrnidae"
2015,"Sphyrna",875729.4875,10176956.75,"Sharks","TIBURON","Sphyrnidae"
2016,"Sphyrna",3309143.65,62556189,"Sharks","TIBURON","Sphyrnidae"
2017,"Sphyrna",2644943.85,38464942,"Sharks","TIBURON","Sphyrnidae"
2018,"Sphyrna",630712.65,9767337.2,"Sharks","TIBURON","Sphyrnidae"
2019,"Sphyrna",1073557.25,16261021,"Sharks","TIBURON","Sphyrnidae"
2020,"Sphyrna",1248812.2,20069826,"Sharks","TIBURON","Sphyrnidae"
2021,"Sphyrna",1322931.95,15392525,"Sharks","TIBURON","Sphyrnidae"
2022,"Sphyrna",499704.2,7842307,"Sharks","TIBURON","Sphyrnidae"
2023,"Sphyrna",1435921,12877161,"Sharks","TIBURON","Sphyrnidae"
2024,"Sphyrna",1455429.95,15533206.3,"Sharks","TIBURON","Sphyrnidae"
2000,"Squatina",1178000.4,12203743,"Sharks","TIBURON","Squatinidae"
2001,"Squatina",782729.45,6972201,"Sharks","TIBURON","Squatinidae"
2002,"Squatina",394110.1,3363732,"Sharks","TIBURON","Squatinidae"
2003,"Squatina",660863.95,6465679,"Sharks","TIBURON","Squatinidae"
2004,"Squatina",679807.25,6059732,"Sharks","TIBURON","Squatinidae"
2005,"Squatina",600756.5,6346676,"Sharks","TIBURON","Squatinidae"
2006,"Squatina",469886.95,5407682.5,"Sharks","TIBURON","Squatinidae"
2007,"Squatina",1730028.1,26727705,"Sharks","TIBURON","Squatinidae"
2008,"Squatina",584486.75,6659518,"Sharks","TIBURON","Squatinidae"
2009,"Squatina",449283.1,5192407,"Sharks","TIBURON","Squatinidae"
2010,"Squatina",402510.65,4373683,"Sharks","TIBURON","Squatinidae"
2011,"Squatina",627720.2,6158523,"Sharks","TIBURON","Squatinidae"
2012,"Squatina",676027.2,6776513,"Sharks","TIBURON","Squatinidae"
2013,"Squatina",724357.8,6750818,"Sharks","TIBURON","Squatinidae"
2014,"Squatina",650300.62,6400989.5,"Sharks","TIBURON","Squatinidae"
2015,"Squatina",667287.3,6374021,"Sharks","TIBURON","Squatinidae"
2016,"Squatina",609241.75,7545116,"Sharks","TIBURON","Squatinidae"
2017,"Squatina",600586.6,10855734,"Sharks","TIBURON","Squatinidae"
2018,"Squatina",827764.85,11148368.2,"Sharks","TIBURON","Squatinidae"
2019,"Squatina",861671.35,11967733,"Sharks","TIBURON","Squatinidae"
2020,"Squatina",599468.1,8822803,"Sharks","TIBURON","Squatinidae"
2021,"Squatina",695962.6,10900589,"Sharks","TIBURON","Squatinidae"
2022,"Squatina",508354.3,9460071,"Sharks","TIBURON","Squatinidae"
2023,"Squatina",497320,7931633,"Sharks","TIBURON","Squatinidae"
2024,"Squatina",573353.95,9251123,"Sharks","TIBURON","Squatinidae"
2000,"Stereolepis",383.6,9063,"Demersal marine fishes","OTRAS","Polyprionidae"
2001,"Stereolepis",131.5,2469,"Demersal marine fishes","OTRAS","Polyprionidae"
2002,"Stereolepis",111.9,2082,"Demersal marine fishes","OTRAS","Polyprionidae"
2003,"Stereolepis",346,9410,"Demersal marine fishes","OTRAS","Polyprionidae"
2004,"Stereolepis",9.9,252,"Demersal marine fishes","OTRAS","Polyprionidae"
2005,"Stereolepis",573.1,6672,"Demersal marine fishes","OTRAS","Polyprionidae"
2006,"Stereolepis",2073.9,11148,"Demersal marine fishes","OTRAS","Polyprionidae"
2007,"Stereolepis",334.6,7765,"Demersal marine fishes","OTRAS","Polyprionidae"
2008,"Stereolepis",134,1614,"Demersal marine fishes","OTRAS","Polyprionidae"
2009,"Stereolepis",548.2,9685,"Demersal marine fishes","OTRAS","Polyprionidae"
2010,"Stereolepis",309,9823,"Demersal marine fishes","OTRAS","Polyprionidae"
2011,"Stereolepis",24.2,880,"Demersal marine fishes","OTRAS","Polyprionidae"
2012,"Stereolepis",81.8,2630,"Demersal marine fishes","OTRAS","Polyprionidae"
2013,"Stereolepis",486.8,29140,"Demersal marine fishes","OTRAS","Polyprionidae"
2014,"Stereolepis",505,14445,"Demersal marine fishes","OTRAS","Polyprionidae"
2015,"Stereolepis",1694.8,57670,"Demersal marine fishes","OTRAS","Polyprionidae"
2016,"Stereolepis",2801.1,85148,"Demersal marine fishes","OTRAS","Polyprionidae"
2017,"Stereolepis",2631.5,115280,"Demersal marine fishes","OTRAS","Polyprionidae"
2018,"Stereolepis",882.1,39735,"Demersal marine fishes","OTRAS","Polyprionidae"
2019,"Stereolepis",1847.4,37300,"Demersal marine fishes","OTRAS","Polyprionidae"
2020,"Stereolepis",1018.8,37860,"Demersal marine fishes","OTRAS","Polyprionidae"
2021,"Stereolepis",4614.5,235820,"Demersal marine fishes","OTRAS","Polyprionidae"
2022,"Stereolepis",2185.2,97562,"Demersal marine fishes","OTRAS","Polyprionidae"
2023,"Stereolepis",17052,461535,"Demersal marine fishes","OTRAS","Polyprionidae"
2024,"Stereolepis",112840.5,1280090,"Demersal marine fishes","OTRAS","Polyprionidae"
2011,"Stomolophus",13861479,16540385,"Jellies","OTRAS","Stomolophidae"
2012,"Stomolophus",20987768,33446256,"Jellies","OTRAS","Stomolophidae"
2013,"Stomolophus",14999109,20997974,"Jellies","OTRAS","Stomolophidae"
2014,"Stomolophus",34567988,80033750,"Jellies","OTRAS","Stomolophidae"
2015,"Stomolophus",21929654,31960055.4,"Jellies","OTRAS","Stomolophidae"
2016,"Stomolophus",9739831,11241914.8,"Jellies","OTRAS","Stomolophidae"
2017,"Stomolophus",37144016,139853468.3,"Jellies","OTRAS","Stomolophidae"
2018,"Stomolophus",63158680,253626936.1,"Jellies","OTRAS","Stomolophidae"
2019,"Stomolophus",45417673,135426987.3,"Jellies","OTRAS","Stomolophidae"
2020,"Stomolophus",12369021,30577238.1,"Jellies","OTRAS","Stomolophidae"
2021,"Stomolophus",78489089,283939991.6,"Jellies","OTRAS","Stomolophidae"
2022,"Stomolophus",55280697,169231014.6,"Jellies","OTRAS","Stomolophidae"
2023,"Stomolophus",1906059,5805272,"Jellies","OTRAS","Stomolophidae"
2024,"Stomolophus",57235825.07,166998114.297,"Jellies","OTRAS","Stomolophidae"
2000,"Synodus",42018,161432,"Demersal marine fishes","OTRAS","Synodontidae"
2001,"Synodus",22726,103462,"Demersal marine fishes","OTRAS","Synodontidae"
2002,"Synodus",15197,81146,"Demersal marine fishes","OTRAS","Synodontidae"
2003,"Synodus",48089,231062,"Demersal marine fishes","OTRAS","Synodontidae"
2004,"Synodus",30717,132441,"Demersal marine fishes","OTRAS","Synodontidae"
2005,"Synodus",19744,82409,"Demersal marine fishes","OTRAS","Synodontidae"
2006,"Synodus",24496,160541,"Demersal marine fishes","OTRAS","Synodontidae"
2007,"Synodus",18013,97220,"Demersal marine fishes","OTRAS","Synodontidae"
2008,"Synodus",38382,165216,"Demersal marine fishes","OTRAS","Synodontidae"
2009,"Synodus",68083.5,469846,"Demersal marine fishes","OTRAS","Synodontidae"
2010,"Synodus",113766.9,640144,"Demersal marine fishes","OTRAS","Synodontidae"
2011,"Synodus",107400.1,610467,"Demersal marine fishes","OTRAS","Synodontidae"
2012,"Synodus",154044.8,1080365,"Demersal marine fishes","OTRAS","Synodontidae"
2013,"Synodus",151972.6,1018079,"Demersal marine fishes","OTRAS","Synodontidae"
2014,"Synodus",133877.1,1209270,"Demersal marine fishes","OTRAS","Synodontidae"
2015,"Synodus",241382.4,2373861,"Demersal marine fishes","OTRAS","Synodontidae"
2016,"Synodus",277691.2,2617158,"Demersal marine fishes","OTRAS","Synodontidae"
2017,"Synodus",548075.4,5326400,"Demersal marine fishes","OTRAS","Synodontidae"
2018,"Synodus",520041.7,5983932,"Demersal marine fishes","OTRAS","Synodontidae"
2019,"Synodus",529943.1,5020898,"Demersal marine fishes","OTRAS","Synodontidae"
2020,"Synodus",412349.2,3152151,"Demersal marine fishes","OTRAS","Synodontidae"
2021,"Synodus",531478.7,4108710,"Demersal marine fishes","OTRAS","Synodontidae"
2022,"Synodus",489202.9,7381390,"Demersal marine fishes","OTRAS","Synodontidae"
2023,"Synodus",363234,2970948,"Demersal marine fishes","OTRAS","Synodontidae"
2024,"Synodus",483808.5,3901127.2,"Demersal marine fishes","OTRAS","Synodontidae"
2000,"Thunnus",52553965,309855057,"Pelagic marine fish (excl. anchovy & sardine)","ATUN","Scombridae"
2001,"Thunnus",67446997.8,449722002,"Pelagic marine fish (excl. anchovy & sardine)","ATUN","Scombridae"
2002,"Thunnus",694286,4285383,"Pelagic marine fish (excl. anchovy & sardine)","ATUN","Scombridae"
2003,"Thunnus",82997793.5,460254479,"Pelagic marine fish (excl. anchovy & sardine)","ATUN","Scombridae"
2004,"Thunnus",53918910,328334961,"Pelagic marine fish (excl. anchovy & sardine)","ATUN","Scombridae"
2005,"Thunnus",65335819.1,425644964.2,"Pelagic marine fish (excl. anchovy & sardine)","ATUN","Scombridae"
2006,"Thunnus",46834780.3,290018685,"Pelagic marine fish (excl. anchovy & sardine)","ATUN","Scombridae"
2007,"Thunnus",48052981.4,3776962977,"Pelagic marine fish (excl. anchovy & sardine)","ATUN","Scombridae"
2008,"Thunnus",58745197.5,561068375,"Pelagic marine fish (excl. anchovy & sardine)","ATUN","Scombridae"
2009,"Thunnus",63902360.3,586050152,"Pelagic marine fish (excl. anchovy & sardine)","ATUN","Scombridae"
2010,"Thunnus",64475987.5,622062817,"Pelagic marine fish (excl. anchovy & sardine)","ATUN","Scombridae"
2011,"Thunnus",66741894.4,570305371,"Pelagic marine fish (excl. anchovy & sardine)","ATUN","Scombridae"
2012,"Thunnus",56011493.5,487714066,"Pelagic marine fish (excl. anchovy & sardine)","ATUN","Scombridae"
2013,"Thunnus",67610549,573572680,"Pelagic marine fish (excl. anchovy & sardine)","ATUN","Scombridae"
2014,"Thunnus",75346878.2,642436486,"Pelagic marine fish (excl. anchovy & sardine)","ATUN","Scombridae"
2015,"Thunnus",68816694.88,635352867,"Pelagic marine fish (excl. anchovy & sardine)","ATUN","Scombridae"
2016,"Thunnus",60927612.2,581005480,"Pelagic marine fish (excl. anchovy & sardine)","ATUN","Scombridae"
2017,"Thunnus",52674551.1,558213663.7,"Pelagic marine fish (excl. anchovy & sardine)","ATUN","Scombridae"
2018,"Thunnus",69451959.1,767727086,"Pelagic marine fish (excl. anchovy & sardine)","ATUN","Scombridae"
2019,"Thunnus",74503633.52,885709831,"Pelagic marine fish (excl. anchovy & sardine)","ATUN","Scombridae"
2020,"Thunnus",77638455.74,892436194,"Pelagic marine fish (excl. anchovy & sardine)","ATUN","Scombridae"
2021,"Thunnus",78242432.9,811833287,"Pelagic marine fish (excl. anchovy & sardine)","ATUN","Scombridae"
2022,"Thunnus",88278939.4,976676718,"Pelagic marine fish (excl. anchovy & sardine)","ATUN","Scombridae"
2023,"Thunnus",101764835,1128292670,"Pelagic marine fish (excl. anchovy & sardine)","ATUN","Scombridae"
2024,"Thunnus",118818992.29,1336176099.81,"Pelagic marine fish (excl. anchovy & sardine)","ATUN","Scombridae"
2000,"Trachinotus",165207.1,751683,"Pelagic marine fish (excl. anchovy & sardine)","PAMPANO","Carangidae"
2001,"Trachinotus",132167.9,647019,"Pelagic marine fish (excl. anchovy & sardine)","PAMPANO","Carangidae"
2002,"Trachinotus",132216.8,713481,"Pelagic marine fish (excl. anchovy & sardine)","PAMPANO","Carangidae"
2003,"Trachinotus",116510.2,427733,"Pelagic marine fish (excl. anchovy & sardine)","PAMPANO","Carangidae"
2004,"Trachinotus",103014.8,648188,"Pelagic marine fish (excl. anchovy & sardine)","PAMPANO","Carangidae"
2005,"Trachinotus",962108.7,882556,"Pelagic marine fish (excl. anchovy & sardine)","PAMPANO","Carangidae"
2006,"Trachinotus",123687.4,776473,"Pelagic marine fish (excl. anchovy & sardine)","PAMPANO","Carangidae"
2007,"Trachinotus",145331.5,1005423,"Pelagic marine fish (excl. anchovy & sardine)","PAMPANO","Carangidae"
2008,"Trachinotus",136839.3,1166107,"Pelagic marine fish (excl. anchovy & sardine)","PAMPANO","Carangidae"
2009,"Trachinotus",550681.8,1560669,"Pelagic marine fish (excl. anchovy & sardine)","PAMPANO","Carangidae"
2010,"Trachinotus",177600.5,1695845,"Pelagic marine fish (excl. anchovy & sardine)","PAMPANO","Carangidae"
2011,"Trachinotus",136400.8,1520783,"Pelagic marine fish (excl. anchovy & sardine)","PAMPANO","Carangidae"
2012,"Trachinotus",195546.5,2121129,"Pelagic marine fish (excl. anchovy & sardine)","PAMPANO","Carangidae"
2013,"Trachinotus",3928905.2,2005099,"Pelagic marine fish (excl. anchovy & sardine)","PAMPANO","Carangidae"
2014,"Trachinotus",152297.12,1836363,"Pelagic marine fish (excl. anchovy & sardine)","PAMPANO","Carangidae"
2015,"Trachinotus",231999.9,2630731,"Pelagic marine fish (excl. anchovy & sardine)","PAMPANO","Carangidae"
2016,"Trachinotus",226836.4,2826666.5,"Pelagic marine fish (excl. anchovy & sardine)","PAMPANO","Carangidae"
2017,"Trachinotus",273615.1,4163653,"Pelagic marine fish (excl. anchovy & sardine)","PAMPANO","Carangidae"
2018,"Trachinotus",343134.7,5297404.7,"Pelagic marine fish (excl. anchovy & sardine)","PAMPANO","Carangidae"
2019,"Trachinotus",290339.6,5200991,"Pelagic marine fish (excl. anchovy & sardine)","PAMPANO","Carangidae"
2020,"Trachinotus",167725.5,3191808,"Pelagic marine fish (excl. anchovy & sardine)","PAMPANO","Carangidae"
2021,"Trachinotus",257573.4,3230054,"Pelagic marine fish (excl. anchovy & sardine)","PAMPANO","Carangidae"
2022,"Trachinotus",200654.1,4303831,"Pelagic marine fish (excl. anchovy & sardine)","PAMPANO","Carangidae"
2023,"Trachinotus",198846,4355271,"Pelagic marine fish (excl. anchovy & sardine)","PAMPANO","Carangidae"
2024,"Trachinotus",106317.491,1929423,"Pelagic marine fish (excl. anchovy & sardine)","PAMPANO","Carangidae"
2008,"Trichiurus",6235,273025,"Pelagic marine fish (excl. anchovy & sardine)","CINTILLA","Trichiuridae"
2009,"Trichiurus",12820,549480,"Pelagic marine fish (excl. anchovy & sardine)","CINTILLA","Trichiuridae"
2010,"Trichiurus",9772,410687,"Pelagic marine fish (excl. anchovy & sardine)","CINTILLA","Trichiuridae"
2011,"Trichiurus",4406,164237,"Pelagic marine fish (excl. anchovy & sardine)","CINTILLA","Trichiuridae"
2012,"Trichiurus",3700,173946,"Pelagic marine fish (excl. anchovy & sardine)","CINTILLA","Trichiuridae"
2013,"Trichiurus",2494,108425,"Pelagic marine fish (excl. anchovy & sardine)","CINTILLA","Trichiuridae"
2014,"Trichiurus",2792,80815,"Pelagic marine fish (excl. anchovy & sardine)","CINTILLA","Trichiuridae"
2015,"Trichiurus",1993,86655,"Pelagic marine fish (excl. anchovy & sardine)","CINTILLA","Trichiuridae"
2016,"Trichiurus",7544,363660,"Pelagic marine fish (excl. anchovy & sardine)","CINTILLA","Trichiuridae"
2017,"Trichiurus",10810,563800,"Pelagic marine fish (excl. anchovy & sardine)","CINTILLA","Trichiuridae"
2018,"Trichiurus",7862,450320,"Pelagic marine fish (excl. anchovy & sardine)","CINTILLA","Trichiuridae"
2019,"Trichiurus",8283,573080,"Pelagic marine fish (excl. anchovy & sardine)","CINTILLA","Trichiuridae"
2020,"Trichiurus",9433,511330,"Pelagic marine fish (excl. anchovy & sardine)","CINTILLA","Trichiuridae"
2021,"Trichiurus",6043,317240,"Pelagic marine fish (excl. anchovy & sardine)","CINTILLA","Trichiuridae"
2022,"Trichiurus",3477,205670,"Pelagic marine fish (excl. anchovy & sardine)","CINTILLA","Trichiuridae"
2023,"Trichiurus",200,26600,"Pelagic marine fish (excl. anchovy & sardine)","CINTILLA","Trichiuridae"
2024,"Trichiurus",538,67440,"Pelagic marine fish (excl. anchovy & sardine)","CINTILLA","Trichiuridae"
2010,"Turbo",14970,312650,"Molluscs excl. Cephalopods","CARACOL","Turbinidae"
2011,"Turbo",11985,244540,"Molluscs excl. Cephalopods","CARACOL","Turbinidae"
2012,"Turbo",300,6000,"Molluscs excl. Cephalopods","CARACOL","Turbinidae"
2013,"Turbo",1719,41128,"Molluscs excl. Cephalopods","CARACOL","Turbinidae"
2014,"Turbo",1756,44900,"Molluscs excl. Cephalopods","CARACOL","Turbinidae"
2015,"Turbo",12530,286480,"Molluscs excl. Cephalopods","CARACOL","Turbinidae"
2016,"Turbo",10611,522919,"Molluscs excl. Cephalopods","CARACOL","Turbinidae"
2017,"Turbo",7743,233830,"Molluscs excl. Cephalopods","CARACOL","Turbinidae"
2018,"Turbo",10361,430397,"Molluscs excl. Cephalopods","CARACOL","Turbinidae"
2019,"Turbo",10073,343884.85,"Molluscs excl. Cephalopods","CARACOL","Turbinidae"
2020,"Turbo",7351,392750.63,"Molluscs excl. Cephalopods","CARACOL","Turbinidae"
2021,"Turbo",6941,260559.83,"Molluscs excl. Cephalopods","CARACOL","Turbinidae"
2022,"Turbo",8451,290690.45,"Molluscs excl. Cephalopods","CARACOL","Turbinidae"
2023,"Turbo",11415,263271,"Molluscs excl. Cephalopods","CARACOL","Turbinidae"
2024,"Turbo",8019,131715.44,"Molluscs excl. Cephalopods","CARACOL","Turbinidae"
2000,"Xenichthys",200,200,"Demersal marine fishes","OTRAS","Haemulidae"
2001,"Xenichthys",851,2602,"Demersal marine fishes","OTRAS","Haemulidae"
2003,"Xenichthys",387,774,"Demersal marine fishes","OTRAS","Haemulidae"
2006,"Xenichthys",120,360,"Demersal marine fishes","OTRAS","Haemulidae"
2007,"Xenichthys",155,609,"Demersal marine fishes","OTRAS","Haemulidae"
2009,"Xenichthys",108,1740,"Demersal marine fishes","OTRAS","Haemulidae"
2010,"Xenichthys",1317,9155,"Demersal marine fishes","OTRAS","Haemulidae"
2011,"Xenichthys",823,10325,"Demersal marine fishes","OTRAS","Haemulidae"
2012,"Xenichthys",7,84,"Demersal marine fishes","OTRAS","Haemulidae"
2013,"Xenichthys",6603,69089,"Demersal marine fishes","OTRAS","Haemulidae"
2014,"Xenichthys",2001,23325,"Demersal marine fishes","OTRAS","Haemulidae"
2015,"Xenichthys",2636,56905,"Demersal marine fishes","OTRAS","Haemulidae"
2016,"Xenichthys",5024,98895,"Demersal marine fishes","OTRAS","Haemulidae"
2017,"Xenichthys",9176,223790,"Demersal marine fishes","OTRAS","Haemulidae"
2018,"Xenichthys",10924,257560,"Demersal marine fishes","OTRAS","Haemulidae"
2019,"Xenichthys",18310,402149,"Demersal marine fishes","OTRAS","Haemulidae"
2020,"Xenichthys",13202,289753,"Demersal marine fishes","OTRAS","Haemulidae"
2021,"Xenichthys",11073,252265,"Demersal marine fishes","OTRAS","Haemulidae"
2022,"Xenichthys",12134,361625,"Demersal marine fishes","OTRAS","Haemulidae"
2023,"Xenichthys",4000,141350,"Demersal marine fishes","OTRAS","Haemulidae"
2000,"Xiphias",38715.75,647210,"Pelagic marine fish (excl. anchovy & sardine)","OTRAS","Xiphiidae"
2001,"Xiphias",24281.25,863625,"Pelagic marine fish (excl. anchovy & sardine)","OTRAS","Xiphiidae"
2002,"Xiphias",5902,101566,"Pelagic marine fish (excl. anchovy & sardine)","OTRAS","Xiphiidae"
2003,"Xiphias",11183.25,127437,"Pelagic marine fish (excl. anchovy & sardine)","OTRAS","Xiphiidae"
2004,"Xiphias",24939.25,595015,"Pelagic marine fish (excl. anchovy & sardine)","OTRAS","Xiphiidae"
2005,"Xiphias",13924.25,161432,"Pelagic marine fish (excl. anchovy & sardine)","OTRAS","Xiphiidae"
2006,"Xiphias",135875.5,3642672,"Pelagic marine fish (excl. anchovy & sardine)","OTRAS","Xiphiidae"
2007,"Xiphias",143006,2807295,"Pelagic marine fish (excl. anchovy & sardine)","OTRAS","Xiphiidae"
2008,"Xiphias",108795.25,2094269,"Pelagic marine fish (excl. anchovy & sardine)","OTRAS","Xiphiidae"
2009,"Xiphias",95315.75,2241755,"Pelagic marine fish (excl. anchovy & sardine)","OTRAS","Xiphiidae"
2010,"Xiphias",110322.25,1234687,"Pelagic marine fish (excl. anchovy & sardine)","OTRAS","Xiphiidae"
2011,"Xiphias",51236.75,767729,"Pelagic marine fish (excl. anchovy & sardine)","OTRAS","Xiphiidae"
2012,"Xiphias",33495,382860,"Pelagic marine fish (excl. anchovy & sardine)","OTRAS","Xiphiidae"
2013,"Xiphias",38429.25,830286,"Pelagic marine fish (excl. anchovy & sardine)","OTRAS","Xiphiidae"
2014,"Xiphias",61949,1278392,"Pelagic marine fish (excl. anchovy & sardine)","OTRAS","Xiphiidae"
2015,"Xiphias",47825.75,1017078,"Pelagic marine fish (excl. anchovy & sardine)","OTRAS","Xiphiidae"
2016,"Xiphias",95301,3044388,"Pelagic marine fish (excl. anchovy & sardine)","OTRAS","Xiphiidae"
2017,"Xiphias",288889,16772561,"Pelagic marine fish (excl. anchovy & sardine)","OTRAS","Xiphiidae"
2018,"Xiphias",483992.5,31347100,"Pelagic marine fish (excl. anchovy & sardine)","OTRAS","Xiphiidae"
2019,"Xiphias",599084,37749583,"Pelagic marine fish (excl. anchovy & sardine)","OTRAS","Xiphiidae"
2020,"Xiphias",611032.5,41182944,"Pelagic marine fish (excl. anchovy & sardine)","OTRAS","Xiphiidae"
2021,"Xiphias",429401.5,25221345,"Pelagic marine fish (excl. anchovy & sardine)","OTRAS","Xiphiidae"
2022,"Xiphias",565591.25,33137797,"Pelagic marine fish (excl. anchovy & sardine)","OTRAS","Xiphiidae"
2023,"Xiphias",420960,24312795,"Pelagic marine fish (excl. anchovy & sardine)","OTRAS","Xiphiidae"
2024,"Xiphias",497036.25,25358690,"Pelagic marine fish (excl. anchovy & sardine)","OTRAS","Xiphiidae"
