"year","estimated_genus_name","Major_Functional_Group","estimated_taxa_group","total_biomass_kg","total_revenue"
2000,"Ablennes","Pelagic marine fish (excl. anchovy & sardine)","OTRAS",6864,59515
2000,"Acanthurus","Demersal marine fishes","OTRAS",471,4169
2000,"Aetobatus","Demersal marine fishes","RAYA Y SIMILARES",10192.2,31213
2000,"Anisotremus","Demersal marine fishes","OTRAS",206167.1,1366815
2000,"Anoplopoma","Demersal marine fishes","OTRAS",40013.5,437298
2000,"Argopecten","Molluscs excl. Cephalopods","ALMEJA",6172454,17114198
2000,"Ariopsis","Demersal marine fishes","BAGRE",13638.5,95207
2000,"Balistes","Demersal marine fishes","OTRAS",1125040.4,14005018
2000,"Brotula","Demersal marine fishes","LENGUADO",842936.5,9320889
2000,"Calamus","Demersal marine fishes","MOJARRA",3421,16788
2000,"Caranx","Pelagic marine fish (excl. anchovy & sardine)","OTRAS",19287.2,1173688
2000,"Carcharhinus","Sharks","TIBURON",108086.8,485346
2000,"Caulolatilus","Demersal marine fishes","PIERNA",1075804.7,5205655
2000,"Centropomus","Demersal marine fishes","ROBALO",381391.52,8836257
2000,"Cetengraulis","Anchovy & Sardine (small pelagics)","SARDINA",111230308.52,69445768
2000,"Chanos","Diadromous fishes","OTRAS",5272.5,17270
2000,"Coryphaena","Pelagic marine fish (excl. anchovy & sardine)","OTRAS",89348.4,928447
2000,"Cynoscion","Demersal marine fishes","CORVINA",1988163.85,19959806
2000,"Diapterus","Demersal marine fishes","MOJARRA",27275,151866
2000,"Diplectrum","Demersal marine fishes","OTRAS",42273.65,830507
2000,"Dosidicus","Cephalopods","CALAMAR",27436745,66952711
2000,"Dosinia","Molluscs excl. Cephalopods","ALMEJA",359420,2123330
2000,"Epinephelus","Demersal marine fishes","MERO",71475.1,857018
2000,"Especies","Echinoderms","PEPINO DE MAR",425548,8823617
2000,"Etrumeus","Anchovy & Sardine (small pelagics)","SARDINA",4141784.64,782395
2000,"Eucinostomus","Demersal marine fishes","MOJARRA",56988,369606
2000,"Eugerres","Demersal marine fishes","MOJARRA",11800,50864
2000,"Farfantepenaeus","Shrimps, prawns","CAMARON",14473.8,609750
2000,"Galeocerdo","Sharks","TIBURON",1617,6706
2000,"Gelidium","Marine algae","ALGAS",4123655,4688314
2000,"Gerres","Demersal marine fishes","BANDERA",33861.9,192419
2000,"Ginglymostoma","Sharks","TIBURON",6941.8,23977
2000,"Haemulon","Demersal marine fishes","OTRAS",232461.9,810840
2000,"Haemulopsis","Demersal marine fishes","RONCO",139423.1,541828
2000,"Haliotis","Molluscs excl. Cephalopods","ABULON",632436.38,58405059
2000,"Hexaplex","Molluscs excl. Cephalopods","CARACOL",4750,3500
2000,"Hoplopagrus","Demersal marine fishes","PARGO",40043.8,544531
2000,"Hypanus","Demersal marine fishes","RAYA Y SIMILARES",1434106.9,7409171
2000,"Hyporthodus","Demersal marine fishes","MERO",368902.1,7528717
2000,"Istiophorus","Pelagic marine fish (excl. anchovy & sardine)","OTRAS",210,2450
2000,"Katsuwonus","Pelagic marine fish (excl. anchovy & sardine)","BARRILETE",4420012,23006543
2000,"Lamna","Sharks","TIBURON",6297.1,70250
2000,"Litopenaeus","Shrimps, prawns","CAMARON",56958.2,4742268
2000,"Lobatus","Molluscs excl. Cephalopods","CARACOL",8097,29552
2000,"Lutjanus","Demersal marine fishes","GUACHINANGO",2360311.6,44034954
2000,"Megapitaria","Molluscs excl. Cephalopods","ALMEJA",1402632,4508520
2000,"Megastraea","Molluscs excl. Cephalopods","CARACOL",1584048,4802482
2000,"Menticirrhus","Demersal marine fishes","BERRUGATA",360064.3,1283199
2000,"Merluccius","Demersal marine fishes","OTRAS",214923.4,1651110
2000,"Mesocentrotus","Echinoderms","ERIZO",5205,104100
2000,"Microlepidotus","Demersal marine fishes","OTRAS",573272.5,973539
2000,"Micropogonias","Demersal marine fishes","BERRUGATA",1920162.6,9858585
2000,"Mobula","Demersal marine fishes","RAYA Y SIMILARES",1335325.6,7163014
2000,"Mugil","Demersal marine fishes","LISA",1926891.8,8735349
2000,"Mustelus","Sharks","TIBURON",246002.1,2513957
2000,"Mycteroperca","Demersal marine fishes","CABRILLA",459249.25,6765056
2000,"Nematistius","Demersal marine fishes","OTRAS",698.4,3776
2000,"Nicholsina","Demersal marine fishes","OTRAS",4823,54119
2000,"Oligoplites","Pelagic marine fish (excl. anchovy & sardine)","OTRAS",339,1897
2000,"Opisthonema","Anchovy & Sardine (small pelagics)","SARDINA",52185085.88,11840604
2000,"Orthopristis","Demersal marine fishes","OTRAS",29854,158542
2000,"Panulirus","Crustaceans","LANGOSTA",1973829,97400766
2000,"Paralabrax","Demersal marine fishes","OTRAS",4242975.4,14987789
2000,"Paranthias","Demersal marine fishes","OTRAS",1560,17832
2000,"Parapsettus","Demersal marine fishes","OTRAS",2142,10710
2000,"Penaeus","Shrimps, prawns","CAMARON",4358458.2,289551358
2000,"Pseudobatos","Demersal marine fishes","RAYA Y SIMILARES",1491063.55,10988885
2000,"Pseudupeneus","Demersal marine fishes","OTRAS",43705.4,1301935
2000,"Rimapenaeus","Shrimps, prawns","CAMARON",322851,4975723
2000,"Sarda","Pelagic marine fish (excl. anchovy & sardine)","BONITO",50761.65,164640
2000,"Sardinops","Anchovy & Sardine (small pelagics)","SARDINA",102058462.28,55869369
2000,"Scomber","Pelagic marine fish (excl. anchovy & sardine)","MACARELA",27140816.5,26627664
2000,"Scomberomorus","Pelagic marine fish (excl. anchovy & sardine)","SIERRA",4632528.82,33614993
2000,"Scorpaena","Demersal marine fishes","OTRAS",84929,570533
2000,"Selene","Pelagic marine fish (excl. anchovy & sardine)","OTRAS",23692.6,53861
2000,"Seriola","Pelagic marine fish (excl. anchovy & sardine)","ESMEDREGAL",881692.1,7334294
2000,"Sicyonia","Shrimps, prawns","CAMARON",1559288.4,11847984
2000,"Sphoeroides","Demersal marine fishes","OTRAS",367279.15,4647743
2000,"Sphyraena","Pelagic marine fish (excl. anchovy & sardine)","OTRAS",1158,10012
2000,"Sphyrna","Sharks","TIBURON",2525.65,12365
2000,"Squatina","Sharks","TIBURON",1487600.3,13981129
2000,"Stereolepis","Demersal marine fishes","OTRAS",383.6,9063
2000,"Synodus","Demersal marine fishes","OTRAS",42710,165204
2000,"Thunnus","Pelagic marine fish (excl. anchovy & sardine)","ATUN",52638154,310687792
2000,"Trachinotus","Pelagic marine fish (excl. anchovy & sardine)","PAMPANO",211690.9,950082
2000,"Xiphias","Pelagic marine fish (excl. anchovy & sardine)","OTRAS",38715.75,647210
2001,"Ablennes","Pelagic marine fish (excl. anchovy & sardine)","OTRAS",1049,7960
2001,"Acanthurus","Demersal marine fishes","OTRAS",3661,67115
2001,"Aetobatus","Demersal marine fishes","RAYA Y SIMILARES",17111.75,44653
2001,"Alopias","Sharks","TIBURON",51,510
2001,"Anisotremus","Demersal marine fishes","OTRAS",181395.3,1580988
2001,"Anoplopoma","Demersal marine fishes","OTRAS",50079,449151
2001,"Argopecten","Molluscs excl. Cephalopods","ALMEJA",2721614,13609568
2001,"Ariopsis","Demersal marine fishes","BAGRE",28304,183940
2001,"Balistes","Demersal marine fishes","OTRAS",704349.4,5616751
2001,"Brotula","Demersal marine fishes","LENGUADO",316844.7,3327553
2001,"Calamus","Demersal marine fishes","MOJARRA",17774,76524
2001,"Caranx","Pelagic marine fish (excl. anchovy & sardine)","OTRAS",34208.5,2115487
2001,"Carcharhinus","Sharks","TIBURON",132004.3,481583
2001,"Caulolatilus","Demersal marine fishes","PIERNA",1092934.2,5446251
2001,"Centropomus","Demersal marine fishes","ROBALO",422521.8,10100628
2001,"Cetengraulis","Anchovy & Sardine (small pelagics)","SARDINA",124457771.12,7576806
2001,"Chanos","Diadromous fishes","OTRAS",7106,24605
2001,"Coryphaena","Pelagic marine fish (excl. anchovy & sardine)","OTRAS",139818.65,1551020
2001,"Cynoscion","Demersal marine fishes","CORVINA",4895282.55,42312677
2001,"Diapterus","Demersal marine fishes","MOJARRA",22352,123122
2001,"Diplectrum","Demersal marine fishes","OTRAS",38491.85,735235
2001,"Dosidicus","Cephalopods","CALAMAR",25687744.45,34350653
2001,"Dosinia","Molluscs excl. Cephalopods","ALMEJA",169168,859224
2001,"Epinephelus","Demersal marine fishes","MERO",51880.9,658349
2001,"Especies","Echinoderms","PEPINO DE MAR",441947,9140855
2001,"Etrumeus","Anchovy & Sardine (small pelagics)","SARDINA",304453.6,0
2001,"Eucinostomus","Demersal marine fishes","MOJARRA",73082,473732
2001,"Eugerres","Demersal marine fishes","MOJARRA",20487,108522
2001,"Farfantepenaeus","Shrimps, prawns","CAMARON",7909.8,435615
2001,"Galeocerdo","Sharks","TIBURON",4593.5,22262
2001,"Gelidium","Marine algae","ALGAS",4765200,4415313
2001,"Gerres","Demersal marine fishes","BANDERA",126178.3,767266
2001,"Ginglymostoma","Sharks","TIBURON",3667,31468
2001,"Haemulon","Demersal marine fishes","OTRAS",309885.5,1267307
2001,"Haemulopsis","Demersal marine fishes","RONCO",121758,550171
2001,"Haliotis","Molluscs excl. Cephalopods","ABULON",576130.98,41969952
2001,"Hexaplex","Molluscs excl. Cephalopods","CARACOL",20000,0
2001,"Hoplopagrus","Demersal marine fishes","PARGO",59065.2,726195
2001,"Hypanus","Demersal marine fishes","RAYA Y SIMILARES",1536405.1,7689494
2001,"Hyporthodus","Demersal marine fishes","MERO",311635.3,6766375
2001,"Katsuwonus","Pelagic marine fish (excl. anchovy & sardine)","BARRILETE",4803521,28819811
2001,"Lamna","Sharks","TIBURON",2298.8,33301
2001,"Litopenaeus","Shrimps, prawns","CAMARON",39562.2,2796440
2001,"Lobatus","Molluscs excl. Cephalopods","CARACOL",10000,0
2001,"Lutjanus","Demersal marine fishes","GUACHINANGO",2650341.35,52336140
2001,"Megapitaria","Molluscs excl. Cephalopods","ALMEJA",1740347,5683314
2001,"Megastraea","Molluscs excl. Cephalopods","CARACOL",1762877,4079056
2001,"Menticirrhus","Demersal marine fishes","BERRUGATA",232364.3,808488
2001,"Merluccius","Demersal marine fishes","OTRAS",655861.5,3429211
2001,"Mesocentrotus","Echinoderms","ERIZO",1852527,42632375
2001,"Microlepidotus","Demersal marine fishes","OTRAS",119474,1170850
2001,"Micropogonias","Demersal marine fishes","BERRUGATA",2222582.5,9721907
2001,"Mobula","Demersal marine fishes","RAYA Y SIMILARES",901850.55,4872954
2001,"Mugil","Demersal marine fishes","LISA",2140619,10708950
2001,"Mustelus","Sharks","TIBURON",124934.25,1085004
2001,"Mycteroperca","Demersal marine fishes","CABRILLA",534179,6793209
2001,"Nematistius","Demersal marine fishes","OTRAS",1534.1,6908
2001,"Nicholsina","Demersal marine fishes","OTRAS",4005,59713
2001,"Oligoplites","Pelagic marine fish (excl. anchovy & sardine)","OTRAS",204,766
2001,"Opisthonema","Anchovy & Sardine (small pelagics)","SARDINA",44310481.56,5371050
2001,"Orthopristis","Demersal marine fishes","OTRAS",44721,169825
2001,"Panulirus","Crustaceans","LANGOSTA",1665550,91944135
2001,"Paralabrax","Demersal marine fishes","OTRAS",3298968.3,13141424
2001,"Paranthias","Demersal marine fishes","OTRAS",1919,20787
2001,"Parapsettus","Demersal marine fishes","OTRAS",1744,8720
2001,"Penaeus","Shrimps, prawns","CAMARON",5258919.8,315355411
2001,"Prionace","Sharks","TIBURON",88338.5,484521
2001,"Pseudobatos","Demersal marine fishes","RAYA Y SIMILARES",1143684.9,8663372
2001,"Pseudupeneus","Demersal marine fishes","OTRAS",24445.7,508537
2001,"Rimapenaeus","Shrimps, prawns","CAMARON",232081.2,3486993
2001,"Sarda","Pelagic marine fish (excl. anchovy & sardine)","BONITO",121931.1,274002
2001,"Sardinops","Anchovy & Sardine (small pelagics)","SARDINA",295729983.56,104448187
2001,"Scomber","Pelagic marine fish (excl. anchovy & sardine)","MACARELA",13201205.64,8652436
2001,"Scomberomorus","Pelagic marine fish (excl. anchovy & sardine)","SIERRA",4391278.52,33102061
2001,"Scorpaena","Demersal marine fishes","OTRAS",110373.2,836637
2001,"Selene","Pelagic marine fish (excl. anchovy & sardine)","OTRAS",48132,172993
2001,"Seriola","Pelagic marine fish (excl. anchovy & sardine)","ESMEDREGAL",1255158.2,8862472
2001,"Sicyonia","Shrimps, prawns","CAMARON",484839.6,3798060
2001,"Sphoeroides","Demersal marine fishes","OTRAS",461726.1,5951580
2001,"Sphyraena","Pelagic marine fish (excl. anchovy & sardine)","OTRAS",1035,8280
2001,"Sphyrna","Sharks","TIBURON",4280.7,20690
2001,"Squatina","Sharks","TIBURON",937138.75,8006066
2001,"Stereolepis","Demersal marine fishes","OTRAS",131.5,2469
2001,"Strongylocentrotus","Echinoderms","ERIZO",365383,8603899
2001,"Synodus","Demersal marine fishes","OTRAS",24121,110732
2001,"Thunnus","Pelagic marine fish (excl. anchovy & sardine)","ATUN",90398795,638380762
2001,"Trachinotus","Pelagic marine fish (excl. anchovy & sardine)","PAMPANO",161762.9,800870
2001,"Xiphias","Pelagic marine fish (excl. anchovy & sardine)","OTRAS",575084.25,21638845
2002,"Ablennes","Pelagic marine fish (excl. anchovy & sardine)","OTRAS",1439.5,9041
2002,"Acanthurus","Demersal marine fishes","OTRAS",10437,118477
2002,"Aetobatus","Demersal marine fishes","RAYA Y SIMILARES",7446.3,30569
2002,"Alopias","Sharks","TIBURON",20372,159952
2002,"Anisotremus","Demersal marine fishes","OTRAS",150619.1,871607
2002,"Anoplopoma","Demersal marine fishes","OTRAS",19657,138541
2002,"Argopecten","Molluscs excl. Cephalopods","ALMEJA",9850647,50140465
2002,"Ariopsis","Demersal marine fishes","BAGRE",6361,34042
2002,"Balistes","Demersal marine fishes","OTRAS",413427.15,3260652
2002,"Brotula","Demersal marine fishes","LENGUADO",32845.4,356028
2002,"Calamus","Demersal marine fishes","MOJARRA",18015,91356
2002,"Caranx","Pelagic marine fish (excl. anchovy & sardine)","OTRAS",38570,1838110
2002,"Carcharhinus","Sharks","TIBURON",86126.3,278020
2002,"Caulolatilus","Demersal marine fishes","PIERNA",629178.95,3697335
2002,"Centropomus","Demersal marine fishes","ROBALO",328224,7668837
2002,"Chanos","Diadromous fishes","OTRAS",33938.5,129680
2002,"Coryphaena","Pelagic marine fish (excl. anchovy & sardine)","OTRAS",124200.35,1558389
2002,"Cynoscion","Demersal marine fishes","CORVINA",5059757.45,38346394
2002,"Diapterus","Demersal marine fishes","MOJARRA",8127,48389
2002,"Diplectrum","Demersal marine fishes","OTRAS",72918.85,1472540
2002,"Dosidicus","Cephalopods","CALAMAR",41982182.95,39100199
2002,"Dosinia","Molluscs excl. Cephalopods","ALMEJA",83341,262218
2002,"Epinephelus","Demersal marine fishes","MERO",45719.5,653211
2002,"Especies","Echinoderms","PEPINO DE MAR",290459,2393367
2002,"Eucinostomus","Demersal marine fishes","MOJARRA",84368,622349
2002,"Eugerres","Demersal marine fishes","MOJARRA",21979,119139
2002,"Galeocerdo","Sharks","TIBURON",3712.5,17517
2002,"Gelidium","Marine algae","ALGAS",5200598,8591979
2002,"Gerres","Demersal marine fishes","BANDERA",78452.9,482693
2002,"Ginglymostoma","Sharks","TIBURON",127.3,818
2002,"Haemulon","Demersal marine fishes","OTRAS",337328,1578338
2002,"Haemulopsis","Demersal marine fishes","RONCO",99760.1,523398
2002,"Haliotis","Molluscs excl. Cephalopods","ABULON",602441.54,37017956
2002,"Hexaplex","Molluscs excl. Cephalopods","CARACOL",51000,0
2002,"Hoplopagrus","Demersal marine fishes","PARGO",74381.6,995659
2002,"Hypanus","Demersal marine fishes","RAYA Y SIMILARES",1135521.8,6024502
2002,"Hyporthodus","Demersal marine fishes","MERO",262095.85,6036919
2002,"Istiophorus","Pelagic marine fish (excl. anchovy & sardine)","OTRAS",452,2908
2002,"Katsuwonus","Pelagic marine fish (excl. anchovy & sardine)","BARRILETE",418725,3295416
2002,"Lamna","Sharks","TIBURON",9310,98267
2002,"Litopenaeus","Shrimps, prawns","CAMARON",4128,272000
2002,"Lobatus","Molluscs excl. Cephalopods","CARACOL",400,5200
2002,"Lutjanus","Demersal marine fishes","GUACHINANGO",2349832.85,47335822
2002,"Megapitaria","Molluscs excl. Cephalopods","ALMEJA",1402369,5196188
2002,"Megastraea","Molluscs excl. Cephalopods","CARACOL",1751166,3959798
2002,"Menticirrhus","Demersal marine fishes","BERRUGATA",227045.1,763099
2002,"Merluccius","Demersal marine fishes","OTRAS",38756.2,197235
2002,"Mesocentrotus","Echinoderms","ERIZO",1623762,34100934
2002,"Microlepidotus","Demersal marine fishes","OTRAS",108756,1271594
2002,"Micropogonias","Demersal marine fishes","BERRUGATA",1140110.2,5538964
2002,"Mobula","Demersal marine fishes","RAYA Y SIMILARES",768506.65,4452691
2002,"Mugil","Demersal marine fishes","LISA",2824808,12933465
2002,"Mustelus","Sharks","TIBURON",94400.25,943907
2002,"Mycteroperca","Demersal marine fishes","CABRILLA",488733.85,6841454
2002,"Nematistius","Demersal marine fishes","OTRAS",531.9,4841
2002,"Nicholsina","Demersal marine fishes","OTRAS",1861,26940
2002,"Oligoplites","Pelagic marine fish (excl. anchovy & sardine)","OTRAS",1183.2,4760
2002,"Orthopristis","Demersal marine fishes","OTRAS",46112,191635
2002,"Panulirus","Crustaceans","LANGOSTA",1818268,95737217
2002,"Paralabrax","Demersal marine fishes","OTRAS",4241628.9,16062976
2002,"Paranthias","Demersal marine fishes","OTRAS",1121,12954
2002,"Parapsettus","Demersal marine fishes","OTRAS",890,4450
2002,"Penaeus","Shrimps, prawns","CAMARON",2901581.4,157033593
2002,"Prionace","Sharks","TIBURON",52406.25,234292
2002,"Pseudobatos","Demersal marine fishes","RAYA Y SIMILARES",919332.7,7315350
2002,"Pseudupeneus","Demersal marine fishes","OTRAS",22963.7,462706
2002,"Rimapenaeus","Shrimps, prawns","CAMARON",42712.2,515769
2002,"Sarda","Pelagic marine fish (excl. anchovy & sardine)","BONITO",201030.55,544439
2002,"Scomber","Pelagic marine fish (excl. anchovy & sardine)","MACARELA",25745,388415
2002,"Scomberomorus","Pelagic marine fish (excl. anchovy & sardine)","SIERRA",3680040.45,26248144
2002,"Scorpaena","Demersal marine fishes","OTRAS",118980.1,957890
2002,"Selene","Pelagic marine fish (excl. anchovy & sardine)","OTRAS",82687.3,406172
2002,"Seriola","Pelagic marine fish (excl. anchovy & sardine)","ESMEDREGAL",941128.2,6742092
2002,"Sicyonia","Shrimps, prawns","CAMARON",14457.2,180200
2002,"Sphoeroides","Demersal marine fishes","OTRAS",450949.85,6686368
2002,"Sphyraena","Pelagic marine fish (excl. anchovy & sardine)","OTRAS",502,4016
2002,"Sphyrna","Sharks","TIBURON",693.75,3624
2002,"Squatina","Sharks","TIBURON",476902.55,4029029
2002,"Stereolepis","Demersal marine fishes","OTRAS",111.9,2082
2002,"Strongylocentrotus","Echinoderms","ERIZO",442304,8203419
2002,"Synodus","Demersal marine fishes","OTRAS",15937,85706
2002,"Thunnus","Pelagic marine fish (excl. anchovy & sardine)","ATUN",1597180,13405050
2002,"Trachinotus","Pelagic marine fish (excl. anchovy & sardine)","PAMPANO",198030.6,1037607
2002,"Xiphias","Pelagic marine fish (excl. anchovy & sardine)","OTRAS",62707,2494526
2003,"Ablennes","Pelagic marine fish (excl. anchovy & sardine)","OTRAS",1387.35,9781
2003,"Acanthurus","Demersal marine fishes","OTRAS",12022,157569
2003,"Aetobatus","Demersal marine fishes","RAYA Y SIMILARES",29406.05,86480
2003,"Alopias","Sharks","TIBURON",42254.4,322938
2003,"Anisotremus","Demersal marine fishes","OTRAS",160251.95,909824
2003,"Anoplopoma","Demersal marine fishes","OTRAS",30469.75,285778
2003,"Argopecten","Molluscs excl. Cephalopods","ALMEJA",6651563,32916037
2003,"Ariopsis","Demersal marine fishes","BAGRE",11890,75444
2003,"Balistes","Demersal marine fishes","OTRAS",1200494,10948933
2003,"Brotula","Demersal marine fishes","LENGUADO",180913.5,2018879
2003,"Calamus","Demersal marine fishes","MOJARRA",25890,138364
2003,"Caranx","Pelagic marine fish (excl. anchovy & sardine)","OTRAS",51690.7,2561224
2003,"Carcharhinus","Sharks","TIBURON",122561.1,505721
2003,"Caulolatilus","Demersal marine fishes","PIERNA",823501.25,4585077
2003,"Centropomus","Demersal marine fishes","ROBALO",421221.3,10374748
2003,"Cetengraulis","Anchovy & Sardine (small pelagics)","SARDINA",19058316.28,3224500
2003,"Chanos","Diadromous fishes","OTRAS",37411,205421
2003,"Coryphaena","Pelagic marine fish (excl. anchovy & sardine)","OTRAS",544649.65,5053047
2003,"Cynoscion","Demersal marine fishes","CORVINA",4393115,41954272
2003,"Diapterus","Demersal marine fishes","MOJARRA",20046,222441
2003,"Diplectrum","Demersal marine fishes","OTRAS",68636.9,1221597
2003,"Dosidicus","Cephalopods","CALAMAR",72912686.2,58942885
2003,"Dosinia","Molluscs excl. Cephalopods","ALMEJA",195877,671428
2003,"Epinephelus","Demersal marine fishes","MERO",57361.1,907890
2003,"Especies","Echinoderms","PEPINO DE MAR",200822,1355783
2003,"Etrumeus","Anchovy & Sardine (small pelagics)","SARDINA",8032614.88,3596404
2003,"Eucinostomus","Demersal marine fishes","MOJARRA",58831,458147
2003,"Eugerres","Demersal marine fishes","MOJARRA",31237,246050
2003,"Farfantepenaeus","Shrimps, prawns","CAMARON",5757,281579
2003,"Galeocerdo","Sharks","TIBURON",2347.5,8866
2003,"Gelidium","Marine algae","ALGAS",5082790,5033309
2003,"Gerres","Demersal marine fishes","BANDERA",121955.8,463207
2003,"Ginglymostoma","Sharks","TIBURON",3810.4,14820
2003,"Haemulon","Demersal marine fishes","OTRAS",445271.8,2343858
2003,"Haemulopsis","Demersal marine fishes","RONCO",239409.8,1091836
2003,"Haliotis","Molluscs excl. Cephalopods","ABULON",710080.96,53925336
2003,"Hexaplex","Molluscs excl. Cephalopods","CARACOL",33430,9800
2003,"Hoplopagrus","Demersal marine fishes","PARGO",90321,1331628
2003,"Hypanus","Demersal marine fishes","RAYA Y SIMILARES",1790718,11295037
2003,"Hyporthodus","Demersal marine fishes","MERO",407576.3,9501810
2003,"Istiophorus","Pelagic marine fish (excl. anchovy & sardine)","OTRAS",21183.45,109729
2003,"Katsuwonus","Pelagic marine fish (excl. anchovy & sardine)","BARRILETE",5604279.3,33492512
2003,"Lamna","Sharks","TIBURON",4357.1,63936
2003,"Litopenaeus","Shrimps, prawns","CAMARON",50442.2,3557440
2003,"Lobatus","Molluscs excl. Cephalopods","CARACOL",16822,40276
2003,"Lutjanus","Demersal marine fishes","GUACHINANGO",2942200,62487264
2003,"Megapitaria","Molluscs excl. Cephalopods","ALMEJA",1727526,6564413
2003,"Megastraea","Molluscs excl. Cephalopods","CARACOL",1269558,3735647
2003,"Menticirrhus","Demersal marine fishes","BERRUGATA",288054.6,1230658
2003,"Merluccius","Demersal marine fishes","OTRAS",969268.3,6091537
2003,"Mesocentrotus","Echinoderms","ERIZO",1559272,54976601
2003,"Microlepidotus","Demersal marine fishes","OTRAS",114648.2,1219934
2003,"Micropogonias","Demersal marine fishes","BERRUGATA",2157378.25,11460551
2003,"Mobula","Demersal marine fishes","RAYA Y SIMILARES",1141431.25,7292581
2003,"Mugil","Demersal marine fishes","LISA",2400771.2,11500910
2003,"Mustelus","Sharks","TIBURON",306830.75,3151147
2003,"Mycteroperca","Demersal marine fishes","CABRILLA",622496.35,9671029
2003,"Nematistius","Demersal marine fishes","OTRAS",421.5,3835
2003,"Nicholsina","Demersal marine fishes","OTRAS",10045.6,259515
2003,"Opisthonema","Anchovy & Sardine (small pelagics)","SARDINA",149525466.24,21288066
2003,"Orthopristis","Demersal marine fishes","OTRAS",35378,147639
2003,"Panulirus","Crustaceans","LANGOSTA",2026261,124379853
2003,"Paralabrax","Demersal marine fishes","OTRAS",5011745.8,19935602
2003,"Paranthias","Demersal marine fishes","OTRAS",2489,24965
2003,"Parapsettus","Demersal marine fishes","OTRAS",1352,6760
2003,"Penaeus","Shrimps, prawns","CAMARON",8971636,514222656
2003,"Prionace","Sharks","TIBURON",221092.15,929560
2003,"Pseudobatos","Demersal marine fishes","RAYA Y SIMILARES",1464584,13237641
2003,"Pseudupeneus","Demersal marine fishes","OTRAS",19498.1,447640
2003,"Rimapenaeus","Shrimps, prawns","CAMARON",311860,3991595
2003,"Sarda","Pelagic marine fish (excl. anchovy & sardine)","BONITO",68172.45,273372
2003,"Sardinops","Anchovy & Sardine (small pelagics)","SARDINA",201260172.84,46329184
2003,"Scomber","Pelagic marine fish (excl. anchovy & sardine)","MACARELA",10085197.52,11272759
2003,"Scomberomorus","Pelagic marine fish (excl. anchovy & sardine)","SIERRA",4251932.61,37307995
2003,"Scorpaena","Demersal marine fishes","OTRAS",124359.1,944814
2003,"Selene","Pelagic marine fish (excl. anchovy & sardine)","OTRAS",154540.6,818035
2003,"Seriola","Pelagic marine fish (excl. anchovy & sardine)","ESMEDREGAL",1388309.6,10569650
2003,"Sicyonia","Shrimps, prawns","CAMARON",204262.6,1226447
2003,"Sphoeroides","Demersal marine fishes","OTRAS",741186.25,12344179
2003,"Sphyraena","Pelagic marine fish (excl. anchovy & sardine)","OTRAS",500,3000
2003,"Sphyrna","Sharks","TIBURON",27133.85,146933
2003,"Squatina","Sharks","TIBURON",762652.7,7265856
2003,"Stereolepis","Demersal marine fishes","OTRAS",346,9410
2003,"Strongylocentrotus","Echinoderms","ERIZO",263989,6994284
2003,"Synodus","Demersal marine fishes","OTRAS",52894,251477
2003,"Thunnus","Pelagic marine fish (excl. anchovy & sardine)","ATUN",83027195.5,460594969
2003,"Trachinotus","Pelagic marine fish (excl. anchovy & sardine)","PAMPANO",206036.5,808256
2003,"Xiphias","Pelagic marine fish (excl. anchovy & sardine)","OTRAS",34543.25,1067259
2004,"Ablennes","Pelagic marine fish (excl. anchovy & sardine)","OTRAS",600.2,4140
2004,"Acanthurus","Demersal marine fishes","OTRAS",4326,87264
2004,"Aetobatus","Demersal marine fishes","RAYA Y SIMILARES",39823.25,175277
2004,"Alopias","Sharks","TIBURON",3386,26302
2004,"Anisotremus","Demersal marine fishes","OTRAS",176514.65,1360077
2004,"Anoplopoma","Demersal marine fishes","OTRAS",41344.3,450218
2004,"Argopecten","Molluscs excl. Cephalopods","ALMEJA",12819200,84829448
2004,"Ariopsis","Demersal marine fishes","BAGRE",10325,73745
2004,"Balistes","Demersal marine fishes","OTRAS",1413083.35,13739323
2004,"Brotula","Demersal marine fishes","LENGUADO",271368.6,3016360
2004,"Calamus","Demersal marine fishes","MOJARRA",19364,101066
2004,"Caranx","Pelagic marine fish (excl. anchovy & sardine)","OTRAS",68944.9,5335840
2004,"Carcharhinus","Sharks","TIBURON",187113,1078193
2004,"Caulolatilus","Demersal marine fishes","PIERNA",816501.6,4797677
2004,"Centropomus","Demersal marine fishes","ROBALO",538918.81,13020179
2004,"Cetengraulis","Anchovy & Sardine (small pelagics)","SARDINA",82607206.44,25441900
2004,"Chanos","Diadromous fishes","OTRAS",13468.1,82833
2004,"Coryphaena","Pelagic marine fish (excl. anchovy & sardine)","OTRAS",138439.45,1829936
2004,"Cynoscion","Demersal marine fishes","CORVINA",1951411,26402597
2004,"Diapterus","Demersal marine fishes","MOJARRA",32545,274334
2004,"Diplectrum","Demersal marine fishes","OTRAS",63681.9,1236603
2004,"Dosidicus","Cephalopods","CALAMAR",55356458,62580070
2004,"Dosinia","Molluscs excl. Cephalopods","ALMEJA",701610,3000466
2004,"Epinephelus","Demersal marine fishes","MERO",79369.2,1241540
2004,"Especies","Echinoderms","PEPINO DE MAR",383257,3754942
2004,"Etrumeus","Anchovy & Sardine (small pelagics)","SARDINA",8145357.6,6996021
2004,"Eucinostomus","Demersal marine fishes","MOJARRA",95370,697495
2004,"Eugerres","Demersal marine fishes","MOJARRA",52312,532407
2004,"Euthynnus","Pelagic marine fish (excl. anchovy & sardine)","BARRILETE",40020,40
2004,"Farfantepenaeus","Shrimps, prawns","CAMARON",32997.2,1522840
2004,"Galeocerdo","Sharks","TIBURON",25509.5,117542
2004,"Gelidium","Marine algae","ALGAS",5080130,4939912
2004,"Gerres","Demersal marine fishes","BANDERA",109572.6,437093
2004,"Ginglymostoma","Sharks","TIBURON",3576.4,12036
2004,"Haemulon","Demersal marine fishes","OTRAS",367354.2,2144246
2004,"Haemulopsis","Demersal marine fishes","RONCO",270835.6,1143942
2004,"Haliotis","Molluscs excl. Cephalopods","ABULON",717330.22,62806598
2004,"Hoplopagrus","Demersal marine fishes","PARGO",94865.6,2018105
2004,"Hypanus","Demersal marine fishes","RAYA Y SIMILARES",1532273.6,9693972
2004,"Hyporthodus","Demersal marine fishes","MERO",374128.4,9060093
2004,"Istiophorus","Pelagic marine fish (excl. anchovy & sardine)","OTRAS",32399.6,214508
2004,"Katsuwonus","Pelagic marine fish (excl. anchovy & sardine)","BARRILETE",13801596.6,81414179
2004,"Lamna","Sharks","TIBURON",4248,61840
2004,"Litopenaeus","Shrimps, prawns","CAMARON",80474.2,5120129
2004,"Lobatus","Molluscs excl. Cephalopods","CARACOL",7837,21558
2004,"Lutjanus","Demersal marine fishes","GUACHINANGO",3173369.9,74566947
2004,"Megapitaria","Molluscs excl. Cephalopods","ALMEJA",1468931,4956076
2004,"Megastraea","Molluscs excl. Cephalopods","CARACOL",1818884,5024256
2004,"Menticirrhus","Demersal marine fishes","BERRUGATA",221229,834214
2004,"Merluccius","Demersal marine fishes","OTRAS",2412717.1,15984345
2004,"Mesocentrotus","Echinoderms","ERIZO",1736776,32079208
2004,"Microlepidotus","Demersal marine fishes","OTRAS",1169292.3,2477904
2004,"Micropogonias","Demersal marine fishes","BERRUGATA",2612996.4,13421506
2004,"Mobula","Demersal marine fishes","RAYA Y SIMILARES",1250842.35,7345751
2004,"Mugil","Demersal marine fishes","LISA",2810789.5,12803696
2004,"Mustelus","Sharks","TIBURON",230968.8,2630226
2004,"Mycteroperca","Demersal marine fishes","CABRILLA",620922.75,10271626
2004,"Nematistius","Demersal marine fishes","OTRAS",99,1440
2004,"Nicholsina","Demersal marine fishes","OTRAS",16566.2,374335
2004,"Oligoplites","Pelagic marine fish (excl. anchovy & sardine)","OTRAS",500,1000
2004,"Opisthonema","Anchovy & Sardine (small pelagics)","SARDINA",127385887.2,66219422
2004,"Orthopristis","Demersal marine fishes","OTRAS",31089,129771
2004,"Panulirus","Crustaceans","LANGOSTA",1617026,123661981
2004,"Paralabrax","Demersal marine fishes","OTRAS",5056915.4,20045268
2004,"Paranthias","Demersal marine fishes","OTRAS",2758,30025
2004,"Parapsettus","Demersal marine fishes","OTRAS",15104,73920
2004,"Penaeus","Shrimps, prawns","CAMARON",8300091.6,468916097
2004,"Prionace","Sharks","TIBURON",175180,1147570
2004,"Pseudobatos","Demersal marine fishes","RAYA Y SIMILARES",1591594.2,14377848
2004,"Pseudupeneus","Demersal marine fishes","OTRAS",974.1,25814
2004,"Rimapenaeus","Shrimps, prawns","CAMARON",431721.2,5448323
2004,"Sarda","Pelagic marine fish (excl. anchovy & sardine)","BONITO",80625.65,496363
2004,"Sardinops","Anchovy & Sardine (small pelagics)","SARDINA",115635289.04,106328128
2004,"Scomber","Pelagic marine fish (excl. anchovy & sardine)","MACARELA",28900738.84,17561375
2004,"Scomberomorus","Pelagic marine fish (excl. anchovy & sardine)","SIERRA",3959309.02,36550427
2004,"Scorpaena","Demersal marine fishes","OTRAS",87197.9,773616
2004,"Selene","Pelagic marine fish (excl. anchovy & sardine)","OTRAS",128940.3,533311
2004,"Seriola","Pelagic marine fish (excl. anchovy & sardine)","ESMEDREGAL",1128922.3,9852547
2004,"Sicyonia","Shrimps, prawns","CAMARON",512507.2,3124294
2004,"Sphoeroides","Demersal marine fishes","OTRAS",679781.6,14062831
2004,"Sphyrna","Sharks","TIBURON",26112.2,198447
2004,"Squatina","Sharks","TIBURON",779126.1,6794175
2004,"Stereolepis","Demersal marine fishes","OTRAS",9.9,252
2004,"Strongylocentrotus","Echinoderms","ERIZO",167647,3994954
2004,"Synodus","Demersal marine fishes","OTRAS",31097,135561
2004,"Thunnus","Pelagic marine fish (excl. anchovy & sardine)","ATUN",53920421.6,328358375
2004,"Trachinotus","Pelagic marine fish (excl. anchovy & sardine)","PAMPANO",318972,1671432
2004,"Xiphias","Pelagic marine fish (excl. anchovy & sardine)","OTRAS",25013,597965
2005,"Ablennes","Pelagic marine fish (excl. anchovy & sardine)","OTRAS",495.3,4044
2005,"Acanthurus","Demersal marine fishes","OTRAS",965,15360
2005,"Aetobatus","Demersal marine fishes","RAYA Y SIMILARES",1296,4463
2005,"Alopias","Sharks","TIBURON",20506,147116
2005,"Anisotremus","Demersal marine fishes","OTRAS",58034.2,692793
2005,"Anoplopoma","Demersal marine fishes","OTRAS",6006.5,126477
2005,"Argopecten","Molluscs excl. Cephalopods","ALMEJA",101214,577110
2005,"Ariopsis","Demersal marine fishes","BAGRE",5208,63527
2005,"Balistes","Demersal marine fishes","OTRAS",1109784.55,12630447
2005,"Brotula","Demersal marine fishes","LENGUADO",341982.5,4105072
2005,"Calamus","Demersal marine fishes","MOJARRA",21668,102958
2005,"Callinectes","Crustaceans","JAIBA",443,5316
2005,"Caranx","Pelagic marine fish (excl. anchovy & sardine)","OTRAS",58211.2,4317484
2005,"Carcharhinus","Sharks","TIBURON",117991.25,697084
2005,"Caulolatilus","Demersal marine fishes","PIERNA",304945.6,2010499
2005,"Centropomus","Demersal marine fishes","ROBALO",596739.56,12314420
2005,"Cetengraulis","Anchovy & Sardine (small pelagics)","SARDINA",47260735.24,37580780
2005,"Chanos","Diadromous fishes","OTRAS",9420.6,60433
2005,"Coryphaena","Pelagic marine fish (excl. anchovy & sardine)","OTRAS",143842.65,2029047
2005,"Cynoscion","Demersal marine fishes","CORVINA",1346932.05,17373222.75
2005,"Diapterus","Demersal marine fishes","MOJARRA",17302,143404
2005,"Diplectrum","Demersal marine fishes","OTRAS",18066.05,409153
2005,"Dosidicus","Cephalopods","CALAMAR",28701146.35,60449575
2005,"Dosinia","Molluscs excl. Cephalopods","ALMEJA",912716,3895736
2005,"Epinephelus","Demersal marine fishes","MERO",16081.1,383665
2005,"Especies","Echinoderms","PEPINO DE MAR",7930,106755
2005,"Etrumeus","Anchovy & Sardine (small pelagics)","SARDINA",6829665.88,12955902
2005,"Eucinostomus","Demersal marine fishes","MOJARRA",67352,617038
2005,"Eugerres","Demersal marine fishes","MOJARRA",42135,438373
2005,"Euthynnus","Pelagic marine fish (excl. anchovy & sardine)","BARRILETE",374502,1478519
2005,"Farfantepenaeus","Shrimps, prawns","CAMARON",23781.4,1188225
2005,"Galeocerdo","Sharks","TIBURON",330.9,1730
2005,"Gelidium","Marine algae","ALGAS",1010214,1215123
2005,"Gerres","Demersal marine fishes","BANDERA",160477.5,851824
2005,"Ginglymostoma","Sharks","TIBURON",4360.9,16247
2005,"Haemulon","Demersal marine fishes","OTRAS",343679.7,2197628
2005,"Haemulopsis","Demersal marine fishes","RONCO",119409.3,571169
2005,"Haliotis","Molluscs excl. Cephalopods","ABULON",42210.02,4215151
2005,"Hexaplex","Molluscs excl. Cephalopods","CARACOL",5000,55000
2005,"Hoplopagrus","Demersal marine fishes","PARGO",64877.3,1157074
2005,"Hypanus","Demersal marine fishes","RAYA Y SIMILARES",1394862.2,8976300
2005,"Hyporthodus","Demersal marine fishes","MERO",289374.95,7393839
2005,"Istiophorus","Pelagic marine fish (excl. anchovy & sardine)","OTRAS",26435.5,152150
2005,"Isurus","Sharks","TIBURON",616.25,7888
2005,"Katsuwonus","Pelagic marine fish (excl. anchovy & sardine)","BARRILETE",23265826.6,121680813
2005,"Lamna","Sharks","TIBURON",2229.5,37391
2005,"Larimus","Demersal marine fishes","CORVINA",1506,30616
2005,"Litopenaeus","Shrimps, prawns","CAMARON",56311.2,4028230
2005,"Lobatus","Molluscs excl. Cephalopods","CARACOL",3380,19160
2005,"Lutjanus","Demersal marine fishes","GUACHINANGO",2843094.15,64345338
2005,"Megapitaria","Molluscs excl. Cephalopods","ALMEJA",547041,2725984
2005,"Megastraea","Molluscs excl. Cephalopods","CARACOL",68286,336236
2005,"Menticirrhus","Demersal marine fishes","BERRUGATA",41516.9,329656
2005,"Merluccius","Demersal marine fishes","OTRAS",1547778.1,11602216
2005,"Mesocentrotus","Echinoderms","ERIZO",67442,1178384
2005,"Microlepidotus","Demersal marine fishes","OTRAS",265261.2,105689
2005,"Micropogonias","Demersal marine fishes","BERRUGATA",3236627.4,19336610
2005,"Mobula","Demersal marine fishes","RAYA Y SIMILARES",1165986.85,15080369
2005,"Mugil","Demersal marine fishes","LISA",2113890.7,11539306
2005,"Mustelus","Sharks","TIBURON",149156.25,1832423
2005,"Mycteroperca","Demersal marine fishes","CABRILLA",412226.5,8014378
2005,"Nematistius","Demersal marine fishes","OTRAS",35,70
2005,"Nicholsina","Demersal marine fishes","OTRAS",1326.8,16292
2005,"Opisthonema","Anchovy & Sardine (small pelagics)","SARDINA",164187880.16,799544692
2005,"Orthopristis","Demersal marine fishes","OTRAS",16266,77957
2005,"Panopea","Molluscs excl. Cephalopods","ALMEJA",1633.44,81672
2005,"Panulirus","Crustaceans","LANGOSTA",225683,20557462
2005,"Paralabrax","Demersal marine fishes","OTRAS",594004.1,4770559
2005,"Paranthias","Demersal marine fishes","OTRAS",930,16020
2005,"Parapsettus","Demersal marine fishes","OTRAS",18677,93385
2005,"Penaeus","Shrimps, prawns","CAMARON",10572079.4,627586898
2005,"Prionace","Sharks","TIBURON",15624.25,100290
2005,"Pseudobatos","Demersal marine fishes","RAYA Y SIMILARES",1029989.75,11037415
2005,"Pseudupeneus","Demersal marine fishes","OTRAS",20948,515964
2005,"Rimapenaeus","Shrimps, prawns","CAMARON",223482,2759111
2005,"Sarda","Pelagic marine fish (excl. anchovy & sardine)","BONITO",7052,56881
2005,"Sardinops","Anchovy & Sardine (small pelagics)","SARDINA",133232426.4,127451641
2005,"Scomber","Pelagic marine fish (excl. anchovy & sardine)","MACARELA",32226510.76,29585171
2005,"Scomberomorus","Pelagic marine fish (excl. anchovy & sardine)","SIERRA",5052004.83,46998757
2005,"Scorpaena","Demersal marine fishes","OTRAS",19343.6,135317
2005,"Selene","Pelagic marine fish (excl. anchovy & sardine)","OTRAS",158271,776210
2005,"Seriola","Pelagic marine fish (excl. anchovy & sardine)","ESMEDREGAL",496803.6,4977995
2005,"Sicyonia","Shrimps, prawns","CAMARON",112986.2,2154906
2005,"Sphoeroides","Demersal marine fishes","OTRAS",542301.4,12254412
2005,"Sphyrna","Sharks","TIBURON",19912.2,71802
2005,"Squatina","Sharks","TIBURON",587175.5,6226713
2005,"Stereolepis","Demersal marine fishes","OTRAS",573.1,6672
2005,"Strongylocentrotus","Echinoderms","ERIZO",11513,57565
2005,"Synodus","Demersal marine fishes","OTRAS",19744,82409
2005,"Thunnus","Pelagic marine fish (excl. anchovy & sardine)","ATUN",65333583.1,425634864
2005,"Trachinotus","Pelagic marine fish (excl. anchovy & sardine)","PAMPANO",948252.2,810963
2005,"Xiphias","Pelagic marine fish (excl. anchovy & sardine)","OTRAS",14101.75,171372
2006,"Ablennes","Pelagic marine fish (excl. anchovy & sardine)","OTRAS",167.65,1709
2006,"Acanthurus","Demersal marine fishes","OTRAS",2638,41931
2006,"Aetobatus","Demersal marine fishes","RAYA Y SIMILARES",2571,18710
2006,"Anisotremus","Demersal marine fishes","OTRAS",31640.1,329145
2006,"Anoplopoma","Demersal marine fishes","OTRAS",473.2,10906
2006,"Argopecten","Molluscs excl. Cephalopods","ALMEJA",79214.39,242140.85
2006,"Ariopsis","Demersal marine fishes","BAGRE",3738,45702
2006,"Balistes","Demersal marine fishes","OTRAS",1193580.25,9961342
2006,"Brotula","Demersal marine fishes","LENGUADO",1715717,21984860
2006,"Calamus","Demersal marine fishes","MOJARRA",19608,94786
2006,"Caranx","Pelagic marine fish (excl. anchovy & sardine)","OTRAS",74643.3,4310339
2006,"Carcharhinus","Sharks","TIBURON",140228,869485.5
2006,"Caulolatilus","Demersal marine fishes","PIERNA",697697.9,3328821
2006,"Centropomus","Demersal marine fishes","ROBALO",525119.05,10833306.9
2006,"Cetengraulis","Anchovy & Sardine (small pelagics)","SARDINA",128703969.68,223928626
2006,"Chanos","Diadromous fishes","OTRAS",31600.4,124862
2006,"Coryphaena","Pelagic marine fish (excl. anchovy & sardine)","OTRAS",126748.8,1901606
2006,"Cynoscion","Demersal marine fishes","CORVINA",1516249.97,19455527.9
2006,"Diapterus","Demersal marine fishes","MOJARRA",315,2508
2006,"Diplectrum","Demersal marine fishes","OTRAS",31273.7,670965
2006,"Dosidicus","Cephalopods","CALAMAR",26357229.35,39370826.5
2006,"Dosinia","Molluscs excl. Cephalopods","ALMEJA",583535,1908670
2006,"Epinephelus","Demersal marine fishes","MERO",12371.6,318402
2006,"Especies","Echinoderms","PEPINO DE MAR",16364,211825
2006,"Etrumeus","Anchovy & Sardine (small pelagics)","SARDINA",6638635.92,92775767
2006,"Eucinostomus","Demersal marine fishes","MOJARRA",65661,521407
2006,"Eugerres","Demersal marine fishes","MOJARRA",16608,148296
2006,"Euthynnus","Pelagic marine fish (excl. anchovy & sardine)","BARRILETE",1160537,5667211
2006,"Farfantepenaeus","Shrimps, prawns","CAMARON",14371.4,485730
2006,"Galeocerdo","Sharks","TIBURON",22.5,75
2006,"Gelidium","Marine algae","ALGAS",356730,410366
2006,"Gerres","Demersal marine fishes","BANDERA",104148.9,642689
2006,"Ginglymostoma","Sharks","TIBURON",1730.1,7369
2006,"Haemulon","Demersal marine fishes","OTRAS",348465.7,2275048
2006,"Haemulopsis","Demersal marine fishes","RONCO",95207.8,622652.5
2006,"Haliotis","Molluscs excl. Cephalopods","ABULON",545.32,56225
2006,"Hoplopagrus","Demersal marine fishes","PARGO",64582.1,1216955
2006,"Hypanus","Demersal marine fishes","RAYA Y SIMILARES",802698.1,6875569.5
2006,"Hyporthodus","Demersal marine fishes","MERO",329507.8,7546035
2006,"Istiophorus","Pelagic marine fish (excl. anchovy & sardine)","OTRAS",19468,119163
2006,"Isurus","Sharks","TIBURON",2536.25,20290
2006,"Katsuwonus","Pelagic marine fish (excl. anchovy & sardine)","BARRILETE",14259733,75811107
2006,"Lamna","Sharks","TIBURON",1868.2,33485
2006,"Litopenaeus","Shrimps, prawns","CAMARON",71101.6,4186610
2006,"Lobatus","Molluscs excl. Cephalopods","CARACOL",212,3295
2006,"Lutjanus","Demersal marine fishes","GUACHINANGO",2799851.15,70193186.5
2006,"Megapitaria","Molluscs excl. Cephalopods","ALMEJA",604381,2815092
2006,"Megastraea","Molluscs excl. Cephalopods","CARACOL",116742,282126
2006,"Menticirrhus","Demersal marine fishes","BERRUGATA",25740.4,174283
2006,"Merluccius","Demersal marine fishes","OTRAS",1886785.5,11918724
2006,"Mesocentrotus","Echinoderms","ERIZO",4207,95485
2006,"Microlepidotus","Demersal marine fishes","OTRAS",96718,139058
2006,"Micropogonias","Demersal marine fishes","BERRUGATA",2581209.9,17201990.49
2006,"Mobula","Demersal marine fishes","RAYA Y SIMILARES",800477.65,5350766
2006,"Mugil","Demersal marine fishes","LISA",2269763,12785422
2006,"Mustelus","Sharks","TIBURON",31392.5,277992
2006,"Mycteroperca","Demersal marine fishes","CABRILLA",344973.05,7079371
2006,"Nematistius","Demersal marine fishes","OTRAS",123,1692
2006,"Nicholsina","Demersal marine fishes","OTRAS",415,6670
2006,"Oligoplites","Pelagic marine fish (excl. anchovy & sardine)","OTRAS",50,300
2006,"Opisthonema","Anchovy & Sardine (small pelagics)","SARDINA",145811011.68,634368171
2006,"Orthopristis","Demersal marine fishes","OTRAS",22996,142144
2006,"Panulirus","Crustaceans","LANGOSTA",149144.5,11024502
2006,"Paralabrax","Demersal marine fishes","OTRAS",481420.4,3807606
2006,"Paranthias","Demersal marine fishes","OTRAS",770,13140
2006,"Parapsettus","Demersal marine fishes","OTRAS",9732,50160
2006,"Penaeus","Shrimps, prawns","CAMARON",13160290.256,692401317.4
2006,"Prionace","Sharks","TIBURON",36507.45,302801
2006,"Pseudobatos","Demersal marine fishes","RAYA Y SIMILARES",906098.7,10086680.5
2006,"Pseudupeneus","Demersal marine fishes","OTRAS",611,17985
2006,"Rimapenaeus","Shrimps, prawns","CAMARON",66733.2,925900
2006,"Sarda","Pelagic marine fish (excl. anchovy & sardine)","BONITO",2100202.75,10623306
2006,"Sardinops","Anchovy & Sardine (small pelagics)","SARDINA",167182081.44,232931212
2006,"Scomber","Pelagic marine fish (excl. anchovy & sardine)","MACARELA",13719551.88,314688099
2006,"Scomberomorus","Pelagic marine fish (excl. anchovy & sardine)","SIERRA",4661444.77,42702216.18
2006,"Scorpaena","Demersal marine fishes","OTRAS",15617,110043
2006,"Selene","Pelagic marine fish (excl. anchovy & sardine)","OTRAS",289020.2,1272434
2006,"Seriola","Pelagic marine fish (excl. anchovy & sardine)","ESMEDREGAL",466264,4668815
2006,"Sicyonia","Shrimps, prawns","CAMARON",164721.4,1925731
2006,"Sphoeroides","Demersal marine fishes","OTRAS",263808,5548322
2006,"Sphyraena","Pelagic marine fish (excl. anchovy & sardine)","OTRAS",88,880
2006,"Sphyrna","Sharks","TIBURON",1377.75,8920
2006,"Squatina","Sharks","TIBURON",455775.95,5265511.5
2006,"Stereolepis","Demersal marine fishes","OTRAS",2073.9,11148
2006,"Strongylocentrotus","Echinoderms","ERIZO",1560,14040
2006,"Synodus","Demersal marine fishes","OTRAS",24466,159941
2006,"Thunnus","Pelagic marine fish (excl. anchovy & sardine)","ATUN",46834600.3,290016885
2006,"Trachinotus","Pelagic marine fish (excl. anchovy & sardine)","PAMPANO",122675.3,771114
2006,"Xiphias","Pelagic marine fish (excl. anchovy & sardine)","OTRAS",135875.5,3642672
2007,"Ablennes","Pelagic marine fish (excl. anchovy & sardine)","OTRAS",912.2,10350
2007,"Acanthurus","Demersal marine fishes","OTRAS",3311,67204
2007,"Aetobatus","Demersal marine fishes","RAYA Y SIMILARES",19883,94580
2007,"Alopias","Sharks","TIBURON",6567,58422
2007,"Anisotremus","Demersal marine fishes","OTRAS",35529.3,487274
2007,"Anoplopoma","Demersal marine fishes","OTRAS",1400.5,43350
2007,"Argopecten","Molluscs excl. Cephalopods","ALMEJA",23730,89130
2007,"Ariopsis","Demersal marine fishes","BAGRE",6861,89144
2007,"Balistes","Demersal marine fishes","OTRAS",1459820.85,15564180
2007,"Brotula","Demersal marine fishes","LENGUADO",357262.1,4616968.5
2007,"Calamus","Demersal marine fishes","MOJARRA",19220,108830
2007,"Caranx","Pelagic marine fish (excl. anchovy & sardine)","OTRAS",59347.5,2888389
2007,"Carcharhinus","Sharks","TIBURON",163828.35,1304875
2007,"Caulolatilus","Demersal marine fishes","PIERNA",591143.6,3854659
2007,"Centropomus","Demersal marine fishes","ROBALO",627679.85,15253830.5
2007,"Cetengraulis","Anchovy & Sardine (small pelagics)","SARDINA",23887170.08,17376488
2007,"Chanos","Diadromous fishes","OTRAS",289064,1023732.5
2007,"Coryphaena","Pelagic marine fish (excl. anchovy & sardine)","OTRAS",194105.6,3003581
2007,"Cynoscion","Demersal marine fishes","CORVINA",5146801.2,54729548.71
2007,"Diapterus","Demersal marine fishes","MOJARRA",1439,12745
2007,"Diplectrum","Demersal marine fishes","OTRAS",13251.7,306221.5
2007,"Dosidicus","Cephalopods","CALAMAR",26147497.15,41772576.8
2007,"Dosinia","Molluscs excl. Cephalopods","ALMEJA",1072943,3779777
2007,"Epinephelus","Demersal marine fishes","MERO",12797.25,331605
2007,"Especies","Echinoderms","PEPINO DE MAR",4476,67990
2007,"Etrumeus","Anchovy & Sardine (small pelagics)","SARDINA",3544261.68,2876898
2007,"Eucinostomus","Demersal marine fishes","MOJARRA",77807,563881
2007,"Eugerres","Demersal marine fishes","MOJARRA",10549,98344
2007,"Euthynnus","Pelagic marine fish (excl. anchovy & sardine)","BARRILETE",1061638,5376677
2007,"Farfantepenaeus","Shrimps, prawns","CAMARON",42457.4,1608080
2007,"Galeocerdo","Sharks","TIBURON",1306.7,7785
2007,"Gelidium","Marine algae","ALGAS",267265,356150
2007,"Gerres","Demersal marine fishes","BANDERA",145033.9,889839
2007,"Ginglymostoma","Sharks","TIBURON",7285.5,30234.5
2007,"Haemulon","Demersal marine fishes","OTRAS",419788.5,2695923
2007,"Haemulopsis","Demersal marine fishes","RONCO",157083.7,878054.5
2007,"Haliotis","Molluscs excl. Cephalopods","ABULON",50929.32,5531868
2007,"Hoplopagrus","Demersal marine fishes","PARGO",85301.7,1781918
2007,"Hypanus","Demersal marine fishes","RAYA Y SIMILARES",809487.9,6842281
2007,"Hyporthodus","Demersal marine fishes","MERO",386730.4,8845270.5
2007,"Istiophorus","Pelagic marine fish (excl. anchovy & sardine)","OTRAS",26360.2,193158
2007,"Isurus","Sharks","TIBURON",5160.85,33478
2007,"Katsuwonus","Pelagic marine fish (excl. anchovy & sardine)","BARRILETE",17636828.1,95607809
2007,"Lamna","Sharks","TIBURON",965.9,19611
2007,"Litopenaeus","Shrimps, prawns","CAMARON",50130.4,3277148
2007,"Lobatus","Molluscs excl. Cephalopods","CARACOL",3646,21434
2007,"Lutjanus","Demersal marine fishes","GUACHINANGO",2620883.35,67596930.14
2007,"Megapitaria","Molluscs excl. Cephalopods","ALMEJA",457838,2028616
2007,"Megastraea","Molluscs excl. Cephalopods","CARACOL",156632,339640
2007,"Menticirrhus","Demersal marine fishes","BERRUGATA",45447.5,214869
2007,"Merluccius","Demersal marine fishes","OTRAS",1050430.2,8605374
2007,"Mesocentrotus","Echinoderms","ERIZO",8326,129334
2007,"Microlepidotus","Demersal marine fishes","OTRAS",701203,725580
2007,"Micropogonias","Demersal marine fishes","BERRUGATA",2598980.4,15201795.26
2007,"Mobula","Demersal marine fishes","RAYA Y SIMILARES",1254405.4,12323114.5
2007,"Mugil","Demersal marine fishes","LISA",1363720,8916939.84
2007,"Mustelus","Sharks","TIBURON",12131.15,169157
2007,"Mycteroperca","Demersal marine fishes","CABRILLA",439438.1,8711538
2007,"Nasolamia","Sharks","TIBURON",775.25,13050
2007,"Nematistius","Demersal marine fishes","OTRAS",650,3751
2007,"Nicholsina","Demersal marine fishes","OTRAS",236.5,3240
2007,"Oligoplites","Pelagic marine fish (excl. anchovy & sardine)","OTRAS",463,1795
2007,"Opisthonema","Anchovy & Sardine (small pelagics)","SARDINA",192327522.08,827091400
2007,"Orthopristis","Demersal marine fishes","OTRAS",29559,177651.5
2007,"Panulirus","Crustaceans","LANGOSTA",145990,13784068
2007,"Paralabrax","Demersal marine fishes","OTRAS",706184.3,5317989.5
2007,"Parapsettus","Demersal marine fishes","OTRAS",841,4439
2007,"Penaeus","Shrimps, prawns","CAMARON",11383682.21,609853341.678
2007,"Prionace","Sharks","TIBURON",387184.75,3504254
2007,"Pseudobatos","Demersal marine fishes","RAYA Y SIMILARES",1009384.85,15674679
2007,"Pseudupeneus","Demersal marine fishes","OTRAS",1832,53393
2007,"Rimapenaeus","Shrimps, prawns","CAMARON",502968.8,16837163
2007,"Sarda","Pelagic marine fish (excl. anchovy & sardine)","BONITO",9562481,45900328
2007,"Sardinops","Anchovy & Sardine (small pelagics)","SARDINA",289653585.72,281600799
2007,"Scomber","Pelagic marine fish (excl. anchovy & sardine)","MACARELA",7614943.2,10423469
2007,"Scomberomorus","Pelagic marine fish (excl. anchovy & sardine)","SIERRA",5010155.68,57057116.64
2007,"Scorpaena","Demersal marine fishes","OTRAS",24171.7,160741.5
2007,"Selene","Pelagic marine fish (excl. anchovy & sardine)","OTRAS",374432.9,1616745
2007,"Seriola","Pelagic marine fish (excl. anchovy & sardine)","ESMEDREGAL",432412.8,4688338.5
2007,"Sicyonia","Shrimps, prawns","CAMARON",28101.2,1289404
2007,"Sphoeroides","Demersal marine fishes","OTRAS",350533.375,7175322.5
2007,"Sphyrna","Sharks","TIBURON",43663.45,392881
2007,"Squatina","Sharks","TIBURON",1727954.6,26682724
2007,"Stereolepis","Demersal marine fishes","OTRAS",334.6,7765
2007,"Strongylocentrotus","Echinoderms","ERIZO",150,1050
2007,"Synodus","Demersal marine fishes","OTRAS",18013,97220
2007,"Thunnus","Pelagic marine fish (excl. anchovy & sardine)","ATUN",48052976.4,3776962545
2007,"Trachinotus","Pelagic marine fish (excl. anchovy & sardine)","PAMPANO",144015.4,1000550
2007,"Xiphias","Pelagic marine fish (excl. anchovy & sardine)","OTRAS",143006,2807295
2008,"Ablennes","Pelagic marine fish (excl. anchovy & sardine)","OTRAS",736.25,10718
2008,"Acanthurus","Demersal marine fishes","OTRAS",1731,38503
2008,"Aetobatus","Demersal marine fishes","RAYA Y SIMILARES",7152.9,30555
2008,"Alopias","Sharks","TIBURON",3589,30942
2008,"Anisotremus","Demersal marine fishes","OTRAS",96248.8,961753
2008,"Anoplopoma","Demersal marine fishes","OTRAS",4936.8,87314
2008,"Argopecten","Molluscs excl. Cephalopods","ALMEJA",71720,327320
2008,"Ariopsis","Demersal marine fishes","BAGRE",12162,113591
2008,"Balistes","Demersal marine fishes","OTRAS",1124303.9,11567418
2008,"Brotula","Demersal marine fishes","LENGUADO",915054.2,12828775
2008,"Calamus","Demersal marine fishes","MOJARRA",16557,98755
2008,"Caranx","Pelagic marine fish (excl. anchovy & sardine)","OTRAS",67103.7,4203856
2008,"Carcharhinus","Sharks","TIBURON",256613.7,1721265
2008,"Caulolatilus","Demersal marine fishes","PIERNA",847154.8,5465659
2008,"Centropomus","Demersal marine fishes","ROBALO",657567.74,15413188
2008,"Cetengraulis","Anchovy & Sardine (small pelagics)","SARDINA",31977699.12,22066707
2008,"Chanos","Diadromous fishes","OTRAS",52404,234602
2008,"Coryphaena","Pelagic marine fish (excl. anchovy & sardine)","OTRAS",175890.55,2532838
2008,"Cynoscion","Demersal marine fishes","CORVINA",5576008.25,53137722
2008,"Diapterus","Demersal marine fishes","MOJARRA",9699,70285
2008,"Diplectrum","Demersal marine fishes","OTRAS",20460.5,474158
2008,"Dosidicus","Cephalopods","CALAMAR",47596611.75,71773807
2008,"Dosinia","Molluscs excl. Cephalopods","ALMEJA",1584959,9978688
2008,"Epinephelus","Demersal marine fishes","MERO",11636,306766
2008,"Especies","Echinoderms","PEPINO DE MAR",24091,240910
2008,"Etrumeus","Anchovy & Sardine (small pelagics)","SARDINA",958452.32,826252
2008,"Eucinostomus","Demersal marine fishes","MOJARRA",120799,987051
2008,"Eugerres","Demersal marine fishes","MOJARRA",26686,118787
2008,"Euthynnus","Pelagic marine fish (excl. anchovy & sardine)","BARRILETE",3262913,20170264
2008,"Farfantepenaeus","Shrimps, prawns","CAMARON",32230.6,1061730
2008,"Galeocerdo","Sharks","TIBURON",410,1540
2008,"Gelidium","Marine algae","ALGAS",174748,225184
2008,"Gerres","Demersal marine fishes","BANDERA",122682.9,836668
2008,"Ginglymostoma","Sharks","TIBURON",3339.6,14209
2008,"Haemulon","Demersal marine fishes","OTRAS",529073.4,3187413
2008,"Haemulopsis","Demersal marine fishes","RONCO",112540.4,765394
2008,"Haliotis","Molluscs excl. Cephalopods","ABULON",17922.24,1641130
2008,"Hoplopagrus","Demersal marine fishes","PARGO",81553.6,1677471
2008,"Hypanus","Demersal marine fishes","RAYA Y SIMILARES",832998,8325472
2008,"Hyporthodus","Demersal marine fishes","MERO",451720.3,11223514
2008,"Istiophorus","Pelagic marine fish (excl. anchovy & sardine)","OTRAS",30910.25,183408
2008,"Katsuwonus","Pelagic marine fish (excl. anchovy & sardine)","BARRILETE",18128612,157017778
2008,"Lamna","Sharks","TIBURON",485.7,10663
2008,"Litopenaeus","Shrimps, prawns","CAMARON",84809.4,4307426
2008,"Lobatus","Molluscs excl. Cephalopods","CARACOL",11969,101252
2008,"Lutjanus","Demersal marine fishes","GUACHINANGO",2410346.15,67097596
2008,"Megapitaria","Molluscs excl. Cephalopods","ALMEJA",296753,1092779
2008,"Megastraea","Molluscs excl. Cephalopods","CARACOL",51982,111390
2008,"Menticirrhus","Demersal marine fishes","BERRUGATA",37702.4,183806
2008,"Merluccius","Demersal marine fishes","OTRAS",1552220.4,11385280
2008,"Mesocentrotus","Echinoderms","ERIZO",11027,66162
2008,"Microlepidotus","Demersal marine fishes","OTRAS",14320,60077
2008,"Micropogonias","Demersal marine fishes","BERRUGATA",3367772.3,18020285
2008,"Mobula","Demersal marine fishes","RAYA Y SIMILARES",853931.4,6910051
2008,"Mugil","Demersal marine fishes","LISA",1761735.7,11418735
2008,"Mustelus","Sharks","TIBURON",16848.2,223652
2008,"Mycteroperca","Demersal marine fishes","CABRILLA",515664.8,10192245
2008,"Nematistius","Demersal marine fishes","OTRAS",386.3,3228
2008,"Nicholsina","Demersal marine fishes","OTRAS",1606,14006
2008,"Oligoplites","Pelagic marine fish (excl. anchovy & sardine)","OTRAS",270,1320
2008,"Opisthonema","Anchovy & Sardine (small pelagics)","SARDINA",103503767.76,80914886
2008,"Orthopristis","Demersal marine fishes","OTRAS",14832,93770
2008,"Panulirus","Crustaceans","LANGOSTA",143567,16994684
2008,"Paralabrax","Demersal marine fishes","OTRAS",498223.1,4387323
2008,"Parapsettus","Demersal marine fishes","OTRAS",5150,61469
2008,"Penaeus","Shrimps, prawns","CAMARON",18407091.2,1017010072
2008,"Prionace","Sharks","TIBURON",938859,8075651
2008,"Pseudobatos","Demersal marine fishes","RAYA Y SIMILARES",833083.3,8678343
2008,"Pseudupeneus","Demersal marine fishes","OTRAS",3509,60240
2008,"Rimapenaeus","Shrimps, prawns","CAMARON",153278,1814690
2008,"Sarda","Pelagic marine fish (excl. anchovy & sardine)","BONITO",4574835.6,38985326
2008,"Sardinops","Anchovy & Sardine (small pelagics)","SARDINA",525775702.56,410513216
2008,"Scomber","Pelagic marine fish (excl. anchovy & sardine)","MACARELA",6469103.12,8305479
2008,"Scomberomorus","Pelagic marine fish (excl. anchovy & sardine)","SIERRA",5498051.5,62677325
2008,"Scorpaena","Demersal marine fishes","OTRAS",18311.6,109816
2008,"Selene","Pelagic marine fish (excl. anchovy & sardine)","OTRAS",418822,1829941
2008,"Seriola","Pelagic marine fish (excl. anchovy & sardine)","ESMEDREGAL",596403.9,6181799
2008,"Sicyonia","Shrimps, prawns","CAMARON",597342,7417685
2008,"Sphoeroides","Demersal marine fishes","OTRAS",310835.4,7449801
2008,"Sphyraena","Pelagic marine fish (excl. anchovy & sardine)","OTRAS",1033,10372
2008,"Sphyrna","Sharks","TIBURON",70051.45,574563
2008,"Squatina","Sharks","TIBURON",582670.95,6620622
2008,"Stereolepis","Demersal marine fishes","OTRAS",134,1614
2008,"Synodus","Demersal marine fishes","OTRAS",38382,165216
2008,"Thunnus","Pelagic marine fish (excl. anchovy & sardine)","ATUN",58745197.5,561068375
2008,"Trachinotus","Pelagic marine fish (excl. anchovy & sardine)","PAMPANO",134911.5,1155494
2008,"Trichiurus","Pelagic marine fish (excl. anchovy & sardine)","CINTILLA",6235,273025
2008,"Xiphias","Pelagic marine fish (excl. anchovy & sardine)","OTRAS",108795.25,2094269
2009,"Ablennes","Pelagic marine fish (excl. anchovy & sardine)","OTRAS",2424.2,22954
2009,"Acanthurus","Demersal marine fishes","OTRAS",17918,321797
2009,"Aetobatus","Demersal marine fishes","RAYA Y SIMILARES",8580.3,51804
2009,"Alopias","Sharks","TIBURON",29935,207439
2009,"Anisotremus","Demersal marine fishes","OTRAS",94976.9,921028
2009,"Anoplopoma","Demersal marine fishes","OTRAS",139,2685
2009,"Argopecten","Molluscs excl. Cephalopods","ALMEJA",807760,2936900
2009,"Ariopsis","Demersal marine fishes","BAGRE",13762,68755
2009,"Balistes","Demersal marine fishes","OTRAS",1195550.6,11968108
2009,"Brotula","Demersal marine fishes","LENGUADO",463487,7400725
2009,"Calamus","Demersal marine fishes","MOJARRA",17545,168511
2009,"Caranx","Pelagic marine fish (excl. anchovy & sardine)","OTRAS",70143.4,3362301
2009,"Carcharhinus","Sharks","TIBURON",265261.1,1902958
2009,"Caulolatilus","Demersal marine fishes","PIERNA",557114.4,4236339
2009,"Centropomus","Demersal marine fishes","ROBALO",741582.6,19195084
2009,"Cetengraulis","Anchovy & Sardine (small pelagics)","SARDINA",15405603.88,9181047
2009,"Chanos","Diadromous fishes","OTRAS",56404.2,282078
2009,"Coryphaena","Pelagic marine fish (excl. anchovy & sardine)","OTRAS",238906.45,3461792
2009,"Cynoscion","Demersal marine fishes","CORVINA",6197356.5,67909208
2009,"Diapterus","Demersal marine fishes","MOJARRA",24330,214700
2009,"Diplectrum","Demersal marine fishes","OTRAS",13392.75,308017
2009,"Dosidicus","Cephalopods","CALAMAR",40648110.9,61189445
2009,"Dosinia","Molluscs excl. Cephalopods","ALMEJA",2008255,18509079
2009,"Epinephelus","Demersal marine fishes","MERO",25206.5,701082
2009,"Especies","Echinoderms","PEPINO DE MAR",25879,1037184
2009,"Etrumeus","Anchovy & Sardine (small pelagics)","SARDINA",512865,442125
2009,"Eucinostomus","Demersal marine fishes","MOJARRA",231158,2019361
2009,"Eugerres","Demersal marine fishes","MOJARRA",19731,93736
2009,"Euthynnus","Pelagic marine fish (excl. anchovy & sardine)","BARRILETE",2996956,14827771
2009,"Farfantepenaeus","Shrimps, prawns","CAMARON",20737.6,647282
2009,"Galeocerdo","Sharks","TIBURON",24160,220995
2009,"Gelidium","Marine algae","ALGAS",824730,976840
2009,"Gerres","Demersal marine fishes","BANDERA",152869.5,1025168
2009,"Ginglymostoma","Sharks","TIBURON",891,4254
2009,"Haemulon","Demersal marine fishes","OTRAS",698806.15,6966750
2009,"Haemulopsis","Demersal marine fishes","RONCO",131269,872675
2009,"Haliotis","Molluscs excl. Cephalopods","ABULON",28538.94,3195731
2009,"Hexaplex","Molluscs excl. Cephalopods","CARACOL",12415,50980
2009,"Hoplopagrus","Demersal marine fishes","PARGO",97915.3,1958275
2009,"Hypanus","Demersal marine fishes","RAYA Y SIMILARES",781700.6,7812184
2009,"Hyporthodus","Demersal marine fishes","MERO",490097.65,14949519
2009,"Istiophorus","Pelagic marine fish (excl. anchovy & sardine)","OTRAS",21059.5,214206
2009,"Isurus","Sharks","TIBURON",17812.75,148484
2009,"Katsuwonus","Pelagic marine fish (excl. anchovy & sardine)","BARRILETE",7688449.2,63880029
2009,"Lamna","Sharks","TIBURON",107.8,1470
2009,"Larimus","Demersal marine fishes","CORVINA",634,10375
2009,"Litopenaeus","Shrimps, prawns","CAMARON",180201,10633013
2009,"Lobatus","Molluscs excl. Cephalopods","CARACOL",4771,50955
2009,"Lutjanus","Demersal marine fishes","GUACHINANGO",2838413.5,84293568
2009,"Megapitaria","Molluscs excl. Cephalopods","ALMEJA",371871,1546640
2009,"Megastraea","Molluscs excl. Cephalopods","CARACOL",79506,170370
2009,"Menticirrhus","Demersal marine fishes","BERRUGATA",46408.5,332832
2009,"Merluccius","Demersal marine fishes","OTRAS",1676035.2,15585255
2009,"Mesocentrotus","Echinoderms","ERIZO",24973,365136
2009,"Microlepidotus","Demersal marine fishes","OTRAS",5693,47773
2009,"Micropogonias","Demersal marine fishes","BERRUGATA",3796538.4,22642086
2009,"Mobula","Demersal marine fishes","RAYA Y SIMILARES",1000616.6,8590411
2009,"Mugil","Demersal marine fishes","LISA",2068958,13651267
2009,"Mustelus","Sharks","TIBURON",37587,469865
2009,"Mycteroperca","Demersal marine fishes","CABRILLA",577366.25,12808617
2009,"Nasolamia","Sharks","TIBURON",850,10980
2009,"Nematistius","Demersal marine fishes","OTRAS",1168.7,13494
2009,"Nicholsina","Demersal marine fishes","OTRAS",2340.9,25240
2009,"Oligoplites","Pelagic marine fish (excl. anchovy & sardine)","OTRAS",2130,13960
2009,"Opisthonema","Anchovy & Sardine (small pelagics)","SARDINA",154945830.72,120852721
2009,"Orthopristis","Demersal marine fishes","OTRAS",4771,28774
2009,"Panopea","Molluscs excl. Cephalopods","ALMEJA",96113,1814500
2009,"Panulirus","Crustaceans","LANGOSTA",92415,10774764
2009,"Paralabrax","Demersal marine fishes","OTRAS",733834.5,6610841
2009,"Paranthias","Demersal marine fishes","OTRAS",474,8340
2009,"Parapsettus","Demersal marine fishes","OTRAS",8337,96650
2009,"Penaeus","Shrimps, prawns","CAMARON",20467145.8,1100820771
2009,"Prionace","Sharks","TIBURON",866523.05,6839346
2009,"Pseudobatos","Demersal marine fishes","RAYA Y SIMILARES",584326.65,5782369
2009,"Pseudupeneus","Demersal marine fishes","OTRAS",3824.8,85400
2009,"Rimapenaeus","Shrimps, prawns","CAMARON",48111.6,560743
2009,"Sarda","Pelagic marine fish (excl. anchovy & sardine)","BONITO",4678457,36007066
2009,"Sardinops","Anchovy & Sardine (small pelagics)","SARDINA",576875979.64,560503447
2009,"Scomber","Pelagic marine fish (excl. anchovy & sardine)","MACARELA",1090515.12,2634696
2009,"Scomberomorus","Pelagic marine fish (excl. anchovy & sardine)","SIERRA",5632932.54,64673172
2009,"Scorpaena","Demersal marine fishes","OTRAS",17242.8,113838
2009,"Selene","Pelagic marine fish (excl. anchovy & sardine)","OTRAS",314740.6,1348300
2009,"Seriola","Pelagic marine fish (excl. anchovy & sardine)","ESMEDREGAL",524836,5725227
2009,"Sicyonia","Shrimps, prawns","CAMARON",25632,255280
2009,"Sphoeroides","Demersal marine fishes","OTRAS",419575.4,11311483
2009,"Sphyraena","Pelagic marine fish (excl. anchovy & sardine)","OTRAS",3212,14245
2009,"Sphyrna","Sharks","TIBURON",56937.65,504092
2009,"Squatina","Sharks","TIBURON",444585.2,5114196
2009,"Stereolepis","Demersal marine fishes","OTRAS",548.2,9685
2009,"Strongylocentrotus","Echinoderms","ERIZO",5971,83594
2009,"Synodus","Demersal marine fishes","OTRAS",66120.5,456105
2009,"Thunnus","Pelagic marine fish (excl. anchovy & sardine)","ATUN",63902138.1,586047728
2009,"Trachinotus","Pelagic marine fish (excl. anchovy & sardine)","PAMPANO",550074.9,1556648
2009,"Trichiurus","Pelagic marine fish (excl. anchovy & sardine)","CINTILLA",12820,549480
2009,"Xiphias","Pelagic marine fish (excl. anchovy & sardine)","OTRAS",95315.75,2241755
2010,"Ablennes","Pelagic marine fish (excl. anchovy & sardine)","OTRAS",4348.35,51903
2010,"Acanthurus","Demersal marine fishes","OTRAS",18900,401510
2010,"Aetobatus","Demersal marine fishes","RAYA Y SIMILARES",13181.1,78961
2010,"Alopias","Sharks","TIBURON",87116,796671
2010,"Anisotremus","Demersal marine fishes","OTRAS",114359.4,1563906
2010,"Anoplopoma","Demersal marine fishes","OTRAS",489,12760
2010,"Argopecten","Molluscs excl. Cephalopods","ALMEJA",761223,3633566
2010,"Ariopsis","Demersal marine fishes","BAGRE",10971.3,71125
2010,"Balistes","Demersal marine fishes","OTRAS",1301160.05,13551431
2010,"Brotula","Demersal marine fishes","LENGUADO",174922.3,2843053
2010,"Calamus","Demersal marine fishes","MOJARRA",204366,377234
2010,"Caranx","Pelagic marine fish (excl. anchovy & sardine)","OTRAS",86484.7,4366896
2010,"Carcharhinus","Sharks","TIBURON",352618.3,2739251
2010,"Caulolatilus","Demersal marine fishes","PIERNA",539085.55,5035220
2010,"Centropomus","Demersal marine fishes","ROBALO",724136.45,21502208
2010,"Cetengraulis","Anchovy & Sardine (small pelagics)","SARDINA",13635495.36,10400647
2010,"Chanos","Diadromous fishes","OTRAS",38040,245390
2010,"Coryphaena","Pelagic marine fish (excl. anchovy & sardine)","OTRAS",302064.25,5033342
2010,"Cynoscion","Demersal marine fishes","CORVINA",5205540.55,64878592
2010,"Diapterus","Demersal marine fishes","MOJARRA",7236,87076
2010,"Diplectrum","Demersal marine fishes","OTRAS",9959.95,181105
2010,"Dosidicus","Cephalopods","CALAMAR",42785130.05,103691735
2010,"Dosinia","Molluscs excl. Cephalopods","ALMEJA",1320468,5851548
2010,"Epinephelus","Demersal marine fishes","MERO",20185.2,671135
2010,"Especies","Echinoderms","PEPINO DE MAR",22703,8420504
2010,"Etrumeus","Anchovy & Sardine (small pelagics)","SARDINA",10763495,9329075
2010,"Eucinostomus","Demersal marine fishes","MOJARRA",203327,1655586
2010,"Eugerres","Demersal marine fishes","MOJARRA",8136,68638
2010,"Euthynnus","Pelagic marine fish (excl. anchovy & sardine)","BARRILETE",2216197,10797148
2010,"Farfantepenaeus","Shrimps, prawns","CAMARON",46803.8,1991910
2010,"Galeocerdo","Sharks","TIBURON",13557.1,109047
2010,"Gelidium","Marine algae","ALGAS",140162,359405
2010,"Gerres","Demersal marine fishes","BANDERA",265840.1,1645763
2010,"Ginglymostoma","Sharks","TIBURON",2154.9,8011
2010,"Haemulon","Demersal marine fishes","OTRAS",734090.85,5270010
2010,"Haemulopsis","Demersal marine fishes","RONCO",112466.5,763068
2010,"Haliotis","Molluscs excl. Cephalopods","ABULON",43115.88,3479493
2010,"Hexaplex","Molluscs excl. Cephalopods","CARACOL",19889,148915
2010,"Hoplopagrus","Demersal marine fishes","PARGO",100664,2218307
2010,"Hypanus","Demersal marine fishes","RAYA Y SIMILARES",867790.8,8674724
2010,"Hyporthodus","Demersal marine fishes","MERO",536353.2,17295561
2010,"Istiophorus","Pelagic marine fish (excl. anchovy & sardine)","OTRAS",12849.35,208718
2010,"Isurus","Sharks","TIBURON",37657.45,177624
2010,"Katsuwonus","Pelagic marine fish (excl. anchovy & sardine)","BARRILETE",2760053.2,45417753
2010,"Lamna","Sharks","TIBURON",438.8,8122
2010,"Larimus","Demersal marine fishes","CORVINA",1375,36418
2010,"Litopenaeus","Shrimps, prawns","CAMARON",194252.6,12593423
2010,"Lobatus","Molluscs excl. Cephalopods","CARACOL",2728,45920
2010,"Lutjanus","Demersal marine fishes","GUACHINANGO",3041510.65,92804490
2010,"Megapitaria","Molluscs excl. Cephalopods","ALMEJA",330951,1622757
2010,"Megastraea","Molluscs excl. Cephalopods","CARACOL",177646,389170
2010,"Menticirrhus","Demersal marine fishes","BERRUGATA",53240.5,314805
2010,"Merluccius","Demersal marine fishes","OTRAS",1112636.2,8406957
2010,"Mesocentrotus","Echinoderms","ERIZO",13773,288675
2010,"Microlepidotus","Demersal marine fishes","OTRAS",153165,246393
2010,"Micropogonias","Demersal marine fishes","BERRUGATA",7549002,57739221
2010,"Mobula","Demersal marine fishes","RAYA Y SIMILARES",728105.75,6565782
2010,"Mugil","Demersal marine fishes","LISA",1980012.7,13232296
2010,"Mustelus","Sharks","TIBURON",24615.8,374286
2010,"Mycteroperca","Demersal marine fishes","CABRILLA",380174.45,8977421
2010,"Nasolamia","Sharks","TIBURON",38.75,775
2010,"Nematistius","Demersal marine fishes","OTRAS",751.3,12915
2010,"Nicholsina","Demersal marine fishes","OTRAS",499.9,5521
2010,"Oligoplites","Pelagic marine fish (excl. anchovy & sardine)","OTRAS",960,6180
2010,"Opisthonema","Anchovy & Sardine (small pelagics)","SARDINA",200878732.36,677564588
2010,"Orthopristis","Demersal marine fishes","OTRAS",6908,42350
2010,"Panopea","Molluscs excl. Cephalopods","ALMEJA",1137234,27338831
2010,"Panulirus","Crustaceans","LANGOSTA",169506,20842238
2010,"Paralabrax","Demersal marine fishes","OTRAS",841073.3,6393551
2010,"Paranthias","Demersal marine fishes","OTRAS",1009,19515
2010,"Parapsettus","Demersal marine fishes","OTRAS",2621,35022
2010,"Penaeus","Shrimps, prawns","CAMARON",21011721.8,1155989550
2010,"Prionace","Sharks","TIBURON",757606.2,5674587
2010,"Pseudobatos","Demersal marine fishes","RAYA Y SIMILARES",490250.4,5100765
2010,"Pseudupeneus","Demersal marine fishes","OTRAS",2828.5,28510
2010,"Rimapenaeus","Shrimps, prawns","CAMARON",99958.2,1310458
2010,"Sarda","Pelagic marine fish (excl. anchovy & sardine)","BONITO",2153309.4,14080005
2010,"Sardinops","Anchovy & Sardine (small pelagics)","SARDINA",264559999.4,365934851
2010,"Scomber","Pelagic marine fish (excl. anchovy & sardine)","MACARELA",14082930.36,35101996
2010,"Scomberomorus","Pelagic marine fish (excl. anchovy & sardine)","SIERRA",7033291.82,82023737
2010,"Scorpaena","Demersal marine fishes","OTRAS",20994.4,127214
2010,"Selene","Pelagic marine fish (excl. anchovy & sardine)","OTRAS",394184.6,1748391
2010,"Seriola","Pelagic marine fish (excl. anchovy & sardine)","ESMEDREGAL",927038.1,10331400
2010,"Sicyonia","Shrimps, prawns","CAMARON",16533,302500
2010,"Sphoeroides","Demersal marine fishes","OTRAS",326079.9,8670520
2010,"Sphyraena","Pelagic marine fish (excl. anchovy & sardine)","OTRAS",7403,98483
2010,"Sphyrna","Sharks","TIBURON",90749.15,835791
2010,"Squatina","Sharks","TIBURON",387719.95,4221956
2010,"Stereolepis","Demersal marine fishes","OTRAS",309,9823
2010,"Strongylocentrotus","Echinoderms","ERIZO",15914,201619
2010,"Synodus","Demersal marine fishes","OTRAS",113266.9,637144
2010,"Thunnus","Pelagic marine fish (excl. anchovy & sardine)","ATUN",64475987.5,622062817
2010,"Trachinotus","Pelagic marine fish (excl. anchovy & sardine)","PAMPANO",172878,1659975
2010,"Trichiurus","Pelagic marine fish (excl. anchovy & sardine)","CINTILLA",9772,410687
2010,"Turbo","Molluscs excl. Cephalopods","CARACOL",14970,312650
2010,"Xiphias","Pelagic marine fish (excl. anchovy & sardine)","OTRAS",110322.25,1234687
2011,"Ablennes","Pelagic marine fish (excl. anchovy & sardine)","OTRAS",3308.4,37881
2011,"Acanthurus","Demersal marine fishes","OTRAS",38290,976474
2011,"Aetobatus","Demersal marine fishes","RAYA Y SIMILARES",11205.4,57071
2011,"Alopias","Sharks","TIBURON",59465.8,537381
2011,"Anisotremus","Demersal marine fishes","OTRAS",104646.6,1780397
2011,"Anoplopoma","Demersal marine fishes","OTRAS",2477.5,67823
2011,"Argopecten","Molluscs excl. Cephalopods","ALMEJA",6284873,20254452
2011,"Ariopsis","Demersal marine fishes","BAGRE",6602,74896
2011,"Balistes","Demersal marine fishes","OTRAS",1266966.35,13989509
2011,"Brotula","Demersal marine fishes","LENGUADO",586138.4,8386475
2011,"Calamus","Demersal marine fishes","MOJARRA",28517.5,195543
2011,"Callinectes","Crustaceans","JAIBA",4191,77097
2011,"Caranx","Pelagic marine fish (excl. anchovy & sardine)","OTRAS",114585.1,4320065
2011,"Carcharhinus","Sharks","TIBURON",359714.55,2642722
2011,"Caulolatilus","Demersal marine fishes","PIERNA",611218.5,5889578
2011,"Centropomus","Demersal marine fishes","ROBALO",641595.3,19056791
2011,"Cetengraulis","Anchovy & Sardine (small pelagics)","SARDINA",113179462.72,82459729
2011,"Chanos","Diadromous fishes","OTRAS",85616,558349
2011,"Coryphaena","Pelagic marine fish (excl. anchovy & sardine)","OTRAS",244057.4,4968990
2011,"Cynoscion","Demersal marine fishes","CORVINA",1760750.7,25333965
2011,"Diapterus","Demersal marine fishes","MOJARRA",10140,98400
2011,"Diplectrum","Demersal marine fishes","OTRAS",13020.6,319910
2011,"Dosidicus","Cephalopods","CALAMAR",19096479.25,72923534
2011,"Dosinia","Molluscs excl. Cephalopods","ALMEJA",816714,2615843
2011,"Epinephelus","Demersal marine fishes","MERO",14227.6,343629
2011,"Especies","Echinoderms","PEPINO DE MAR",26908,1298590
2011,"Etrumeus","Anchovy & Sardine (small pelagics)","SARDINA",978338.2,843395
2011,"Eucinostomus","Demersal marine fishes","MOJARRA",253790,1723756
2011,"Eugerres","Demersal marine fishes","MOJARRA",35355,211419
2011,"Euthynnus","Pelagic marine fish (excl. anchovy & sardine)","BARRILETE",2738935,17324978
2011,"Farfantepenaeus","Shrimps, prawns","CAMARON",69525.6,2203225
2011,"Galeocerdo","Sharks","TIBURON",2551.75,27146
2011,"Gelidium","Marine algae","ALGAS",192804,582774
2011,"Gerres","Demersal marine fishes","BANDERA",287816.8,1820367
2011,"Ginglymostoma","Sharks","TIBURON",784.4,7010
2011,"Haemulon","Demersal marine fishes","OTRAS",866232.4,6766615
2011,"Haemulopsis","Demersal marine fishes","RONCO",105497.2,843469
2011,"Haliotis","Molluscs excl. Cephalopods","ABULON",53376.86,6266103
2011,"Hexaplex","Molluscs excl. Cephalopods","CARACOL",19802,111610
2011,"Hoplopagrus","Demersal marine fishes","PARGO",91064.4,2074733
2011,"Hypanus","Demersal marine fishes","RAYA Y SIMILARES",879751.3,8332625
2011,"Hyporthodus","Demersal marine fishes","MERO",409536.45,12154105
2011,"Istiophorus","Pelagic marine fish (excl. anchovy & sardine)","OTRAS",18094.75,179760
2011,"Isurus","Sharks","TIBURON",2692.5,30400
2011,"Katsuwonus","Pelagic marine fish (excl. anchovy & sardine)","BARRILETE",6397664.2,51377225
2011,"Lamna","Sharks","TIBURON",72,2160
2011,"Larimus","Demersal marine fishes","CORVINA",3048,96150
2011,"Litopenaeus","Shrimps, prawns","CAMARON",2017449.4,69196201
2011,"Lobatus","Molluscs excl. Cephalopods","CARACOL",9288,65475
2011,"Lutjanus","Demersal marine fishes","GUACHINANGO",2747890.4,88190425
2011,"Megapitaria","Molluscs excl. Cephalopods","ALMEJA",421218,1818489
2011,"Megastraea","Molluscs excl. Cephalopods","CARACOL",78855,224850
2011,"Menticirrhus","Demersal marine fishes","BERRUGATA",95448.7,600189
2011,"Merluccius","Demersal marine fishes","OTRAS",2000969,17996868
2011,"Mesocentrotus","Echinoderms","ERIZO",65407,1451633
2011,"Microlepidotus","Demersal marine fishes","OTRAS",16606,265839
2011,"Micropogonias","Demersal marine fishes","BERRUGATA",10632131.3,111550590
2011,"Mobula","Demersal marine fishes","RAYA Y SIMILARES",1009482.6,10086466
2011,"Mugil","Demersal marine fishes","LISA",2442910,16066969
2011,"Mustelus","Sharks","TIBURON",50015.8,649154
2011,"Mycteroperca","Demersal marine fishes","CABRILLA",360684.4,9366245
2011,"Nasolamia","Sharks","TIBURON",2375,41600
2011,"Nematistius","Demersal marine fishes","OTRAS",7325.7,53260
2011,"Nicholsina","Demersal marine fishes","OTRAS",62507.5,205169
2011,"Oligoplites","Pelagic marine fish (excl. anchovy & sardine)","OTRAS",3510,19980
2011,"Opisthonema","Anchovy & Sardine (small pelagics)","SARDINA",194494932.2,163719940
2011,"Orthopristis","Demersal marine fishes","OTRAS",7426.75,54269
2011,"Panopea","Molluscs excl. Cephalopods","ALMEJA",1261919,28783398
2011,"Panulirus","Crustaceans","LANGOSTA",287228,44440679
2011,"Paralabrax","Demersal marine fishes","OTRAS",718182.1,6348092
2011,"Paranthias","Demersal marine fishes","OTRAS",626,23070
2011,"Parapsettus","Demersal marine fishes","OTRAS",2566,31398
2011,"Penaeus","Shrimps, prawns","CAMARON",33677323.76,1853813999
2011,"Prionace","Sharks","TIBURON",691606.95,5617458
2011,"Pseudobatos","Demersal marine fishes","RAYA Y SIMILARES",611886.4,6335122
2011,"Pseudupeneus","Demersal marine fishes","OTRAS",4554,42950
2011,"Rimapenaeus","Shrimps, prawns","CAMARON",65975.6,870331
2011,"Sarda","Pelagic marine fish (excl. anchovy & sardine)","BONITO",5614134,44977013
2011,"Sardinops","Anchovy & Sardine (small pelagics)","SARDINA",158653541.04,150714513.5
2011,"Scomber","Pelagic marine fish (excl. anchovy & sardine)","MACARELA",36160450.52,37018044
2011,"Scomberomorus","Pelagic marine fish (excl. anchovy & sardine)","SIERRA",6973279.85,84073876
2011,"Scorpaena","Demersal marine fishes","OTRAS",18609.2,138043
2011,"Selene","Pelagic marine fish (excl. anchovy & sardine)","OTRAS",636639.1,2972638
2011,"Seriola","Pelagic marine fish (excl. anchovy & sardine)","ESMEDREGAL",719041.7,8084438
2011,"Sicyonia","Shrimps, prawns","CAMARON",162578.6,1943595
2011,"Sphoeroides","Demersal marine fishes","OTRAS",255432.75,6970338
2011,"Sphyraena","Pelagic marine fish (excl. anchovy & sardine)","OTRAS",1829,12787
2011,"Sphyrna","Sharks","TIBURON",35209.75,367925
2011,"Squatina","Sharks","TIBURON",621172.2,6083652
2011,"Stereolepis","Demersal marine fishes","OTRAS",24.2,880
2011,"Stomolophus","Jellies","OTRAS",13861479,16540385
2011,"Synodus","Demersal marine fishes","OTRAS",107400.1,610467
2011,"Thunnus","Pelagic marine fish (excl. anchovy & sardine)","ATUN",66741894.4,570305371
2011,"Trachinotus","Pelagic marine fish (excl. anchovy & sardine)","PAMPANO",135047,1511991
2011,"Trichiurus","Pelagic marine fish (excl. anchovy & sardine)","CINTILLA",4406,164237
2011,"Turbo","Molluscs excl. Cephalopods","CARACOL",11985,244540
2011,"Xiphias","Pelagic marine fish (excl. anchovy & sardine)","OTRAS",51236.75,767729
2012,"Ablennes","Pelagic marine fish (excl. anchovy & sardine)","OTRAS",3899.5,50626
2012,"Acanthurus","Demersal marine fishes","OTRAS",22773,422255
2012,"Aetobatus","Demersal marine fishes","RAYA Y SIMILARES",9926.6,70635
2012,"Alopias","Sharks","TIBURON",174265.4,1469754
2012,"Anisotremus","Demersal marine fishes","OTRAS",136767.8,2651025
2012,"Anoplopoma","Demersal marine fishes","OTRAS",993.2,38473
2012,"Argopecten","Molluscs excl. Cephalopods","ALMEJA",246853,874717
2012,"Ariopsis","Demersal marine fishes","BAGRE",3882.8,36980
2012,"Balistes","Demersal marine fishes","OTRAS",1237017.25,13686488
2012,"Brotula","Demersal marine fishes","LENGUADO",1043836,14094436
2012,"Calamus","Demersal marine fishes","MOJARRA",34318,226952
2012,"Callinectes","Crustaceans","JAIBA",714,12852
2012,"Caranx","Pelagic marine fish (excl. anchovy & sardine)","OTRAS",81667,6091763
2012,"Carcharhinus","Sharks","TIBURON",389656.05,2733993
2012,"Caulolatilus","Demersal marine fishes","PIERNA",1354417.6,10917295
2012,"Centropomus","Demersal marine fishes","ROBALO",825533.6,26374521
2012,"Cetengraulis","Anchovy & Sardine (small pelagics)","SARDINA",297306807.52,266175093
2012,"Chanos","Diadromous fishes","OTRAS",82345,479054
2012,"Chione","Molluscs excl. Cephalopods","ALMEJA",8600,34400
2012,"Coryphaena","Pelagic marine fish (excl. anchovy & sardine)","OTRAS",114362.6,2285461
2012,"Cynoscion","Demersal marine fishes","CORVINA",2672233.55,47992606
2012,"Diapterus","Demersal marine fishes","MOJARRA",180504,760600
2012,"Diplectrum","Demersal marine fishes","OTRAS",35615.9,804937
2012,"Dosidicus","Cephalopods","CALAMAR",8924050,41533275
2012,"Dosinia","Molluscs excl. Cephalopods","ALMEJA",939293,2365806
2012,"Epinephelus","Demersal marine fishes","MERO",13652.6,368670
2012,"Especies","Echinoderms","PEPINO DE MAR",29258,2789446
2012,"Etrumeus","Anchovy & Sardine (small pelagics)","SARDINA",2011720.72,2064235
2012,"Eucinostomus","Demersal marine fishes","MOJARRA",590027,2653048
2012,"Eugerres","Demersal marine fishes","MOJARRA",19241,149824
2012,"Euthynnus","Pelagic marine fish (excl. anchovy & sardine)","BARRILETE",3821741,22229415
2012,"Farfantepenaeus","Shrimps, prawns","CAMARON",156316.6,4534590
2012,"Galeocerdo","Sharks","TIBURON",4262.25,30048
2012,"Gelidium","Marine algae","ALGAS",52182,141909
2012,"Gerres","Demersal marine fishes","BANDERA",171319.2,1139355
2012,"Ginglymostoma","Sharks","TIBURON",541.3,2740
2012,"Haemulon","Demersal marine fishes","OTRAS",919494.4,7325141
2012,"Haemulopsis","Demersal marine fishes","RONCO",146388.1,1142738
2012,"Haliotis","Molluscs excl. Cephalopods","ABULON",46657.84,5499794
2012,"Hexaplex","Molluscs excl. Cephalopods","CARACOL",15130,75650
2012,"Hoplopagrus","Demersal marine fishes","PARGO",89492.4,2275722
2012,"Hypanus","Demersal marine fishes","RAYA Y SIMILARES",1233218.6,11376801
2012,"Hyporthodus","Demersal marine fishes","MERO",623134.95,17559645
2012,"Istiophorus","Pelagic marine fish (excl. anchovy & sardine)","OTRAS",15879.65,173329
2012,"Isurus","Sharks","TIBURON",1160.5,18990
2012,"Katsuwonus","Pelagic marine fish (excl. anchovy & sardine)","BARRILETE",10687521.1,84231226
2012,"Lamna","Sharks","TIBURON",1323.1,33066
2012,"Larimus","Demersal marine fishes","CORVINA",3930,85999
2012,"Litopenaeus","Shrimps, prawns","CAMARON",486771,21778392
2012,"Lobatus","Molluscs excl. Cephalopods","CARACOL",23026,95630
2012,"Lutjanus","Demersal marine fishes","GUACHINANGO",2807446.55,97145610
2012,"Megapitaria","Molluscs excl. Cephalopods","ALMEJA",213925,993497
2012,"Megastraea","Molluscs excl. Cephalopods","CARACOL",128618,375580
2012,"Menticirrhus","Demersal marine fishes","BERRUGATA",106656.1,908711
2012,"Merluccius","Demersal marine fishes","OTRAS",2591417.3,23688472
2012,"Mesocentrotus","Echinoderms","ERIZO",38424,845495
2012,"Microlepidotus","Demersal marine fishes","OTRAS",20415.8,287005
2012,"Micropogonias","Demersal marine fishes","BERRUGATA",10687859.4,125957751
2012,"Mobula","Demersal marine fishes","RAYA Y SIMILARES",1337893.1,12605595
2012,"Mugil","Demersal marine fishes","LISA",2542376,17641757
2012,"Mustelus","Sharks","TIBURON",53898.6,729990
2012,"Mycteroperca","Demersal marine fishes","CABRILLA",423323.5,10858940
2012,"Nasolamia","Sharks","TIBURON",3400,32640
2012,"Nematistius","Demersal marine fishes","OTRAS",4336.7,56169
2012,"Nicholsina","Demersal marine fishes","OTRAS",2757.6,25328
2012,"Oligoplites","Pelagic marine fish (excl. anchovy & sardine)","OTRAS",19535,122045
2012,"Opisthonema","Anchovy & Sardine (small pelagics)","SARDINA",132460326.92,104591796
2012,"Orthopristis","Demersal marine fishes","OTRAS",18612,149204
2012,"Panopea","Molluscs excl. Cephalopods","ALMEJA",1684293.01,57372908.2
2012,"Panulirus","Crustaceans","LANGOSTA",218920,29346460
2012,"Paralabrax","Demersal marine fishes","OTRAS",893499.8,7286299
2012,"Paranthias","Demersal marine fishes","OTRAS",740,19400
2012,"Parapsettus","Demersal marine fishes","OTRAS",14595,233571
2012,"Penaeus","Shrimps, prawns","CAMARON",22919208.2,1247952548
2012,"Prionace","Sharks","TIBURON",643871.1,5030882
2012,"Pseudobatos","Demersal marine fishes","RAYA Y SIMILARES",536711.25,5347635
2012,"Pseudupeneus","Demersal marine fishes","OTRAS",7125.6,162273
2012,"Rimapenaeus","Shrimps, prawns","CAMARON",196664.6,2763293
2012,"Sarda","Pelagic marine fish (excl. anchovy & sardine)","BONITO",3686847,29403584
2012,"Sardinops","Anchovy & Sardine (small pelagics)","SARDINA",99546476.48,107686423
2012,"Scomber","Pelagic marine fish (excl. anchovy & sardine)","MACARELA",44733781.2,50761322
2012,"Scomberomorus","Pelagic marine fish (excl. anchovy & sardine)","SIERRA",6147174.75,90749714
2012,"Scorpaena","Demersal marine fishes","OTRAS",11004.4,88091
2012,"Selene","Pelagic marine fish (excl. anchovy & sardine)","OTRAS",563930.7,2818801
2012,"Seriola","Pelagic marine fish (excl. anchovy & sardine)","ESMEDREGAL",1264678.2,17799748
2012,"Sicyonia","Shrimps, prawns","CAMARON",287076.4,3428591
2012,"Sphoeroides","Demersal marine fishes","OTRAS",191206.05,6220890
2012,"Sphyraena","Pelagic marine fish (excl. anchovy & sardine)","OTRAS",967,13420
2012,"Sphyrna","Sharks","TIBURON",51196.85,493731
2012,"Squatina","Sharks","TIBURON",652266.5,6540643
2012,"Stereolepis","Demersal marine fishes","OTRAS",81.8,2630
2012,"Stomolophus","Jellies","OTRAS",20987768,33446256
2012,"Strongylocentrotus","Echinoderms","ERIZO",13705,185910
2012,"Synodus","Demersal marine fishes","OTRAS",154596.8,1083677
2012,"Thunnus","Pelagic marine fish (excl. anchovy & sardine)","ATUN",56012153.5,487736466
2012,"Trachinotus","Pelagic marine fish (excl. anchovy & sardine)","PAMPANO",188576.7,2064150
2012,"Trichiurus","Pelagic marine fish (excl. anchovy & sardine)","CINTILLA",3668,172346
2012,"Turbo","Molluscs excl. Cephalopods","CARACOL",300,6000
2012,"Xiphias","Pelagic marine fish (excl. anchovy & sardine)","OTRAS",33495,382860
2013,"Ablennes","Pelagic marine fish (excl. anchovy & sardine)","OTRAS",15125.7,173970
2013,"Acanthurus","Demersal marine fishes","OTRAS",53597,1096319
2013,"Aetobatus","Demersal marine fishes","RAYA Y SIMILARES",10008,72090
2013,"Alopias","Sharks","TIBURON",68645.1,674653
2013,"Anisotremus","Demersal marine fishes","OTRAS",139184.6,2921915
2013,"Anoplopoma","Demersal marine fishes","OTRAS",2471.9,130525
2013,"Argopecten","Molluscs excl. Cephalopods","ALMEJA",35204,163120
2013,"Ariopsis","Demersal marine fishes","BAGRE",7925,75567
2013,"Balistes","Demersal marine fishes","OTRAS",1543012.6,18073635
2013,"Brotula","Demersal marine fishes","LENGUADO",730098.9,11071160
2013,"Calamus","Demersal marine fishes","MOJARRA",28883,198495
2013,"Callinectes","Crustaceans","JAIBA",425543,7509245
2013,"Caranx","Pelagic marine fish (excl. anchovy & sardine)","OTRAS",171514.4,6435768
2013,"Carcharhinus","Sharks","TIBURON",504626.15,4011733
2013,"Caulolatilus","Demersal marine fishes","PIERNA",653816,6115491
2013,"Centropomus","Demersal marine fishes","ROBALO",977729.95,34062465
2013,"Cetengraulis","Anchovy & Sardine (small pelagics)","SARDINA",179129084.62,156337942
2013,"Chanos","Diadromous fishes","OTRAS",83743,498115
2013,"Chione","Molluscs excl. Cephalopods","ALMEJA",146080,1383010
2013,"Coryphaena","Pelagic marine fish (excl. anchovy & sardine)","OTRAS",183758.5,2867387
2013,"Cynoscion","Demersal marine fishes","CORVINA",1988966.7,42578006
2013,"Diapterus","Demersal marine fishes","MOJARRA",28565,286870
2013,"Diplectrum","Demersal marine fishes","OTRAS",34242.5,896695
2013,"Dosidicus","Cephalopods","CALAMAR",14857316.3,67118169
2013,"Dosinia","Molluscs excl. Cephalopods","ALMEJA",1952224,4450460
2013,"Epinephelus","Demersal marine fishes","MERO",13803.95,485678
2013,"Especies","Echinoderms","PEPINO DE MAR",2010,49650
2013,"Etrumeus","Anchovy & Sardine (small pelagics)","SARDINA",16864686.68,18965504
2013,"Eucinostomus","Demersal marine fishes","MOJARRA",695165,4427462
2013,"Eugerres","Demersal marine fishes","MOJARRA",16541,124853
2013,"Euthynnus","Pelagic marine fish (excl. anchovy & sardine)","BARRILETE",2876802,13792003
2013,"Farfantepenaeus","Shrimps, prawns","CAMARON",122203.4,4709030
2013,"Galeocerdo","Sharks","TIBURON",886.2,8904
2013,"Gelidium","Marine algae","ALGAS",94044,233762
2013,"Gerres","Demersal marine fishes","BANDERA",129704.8,863075
2013,"Ginglymostoma","Sharks","TIBURON",530,3648
2013,"Haemulon","Demersal marine fishes","OTRAS",1099507.55,8727087
2013,"Haemulopsis","Demersal marine fishes","RONCO",170685.2,1570169
2013,"Haliotis","Molluscs excl. Cephalopods","ABULON",54920.78,8313607
2013,"Hexaplex","Molluscs excl. Cephalopods","CARACOL",4623,40274
2013,"Hoplopagrus","Demersal marine fishes","PARGO",106639.9,2768719
2013,"Hypanus","Demersal marine fishes","RAYA Y SIMILARES",1540542.3,10886327
2013,"Hyporthodus","Demersal marine fishes","MERO",816418.9,28210997
2013,"Istiophorus","Pelagic marine fish (excl. anchovy & sardine)","OTRAS",36506.05,347419
2013,"Isurus","Sharks","TIBURON",39688.3,391724
2013,"Katsuwonus","Pelagic marine fish (excl. anchovy & sardine)","BARRILETE",8142255.1,64765361
2013,"Lamna","Sharks","TIBURON",1471.2,49657
2013,"Larimus","Demersal marine fishes","CORVINA",11574,455205
2013,"Litopenaeus","Shrimps, prawns","CAMARON",3643953,177236738
2013,"Lobatus","Molluscs excl. Cephalopods","CARACOL",21486,101870
2013,"Lutjanus","Demersal marine fishes","GUACHINANGO",3051439.55,111708821
2013,"Megapitaria","Molluscs excl. Cephalopods","ALMEJA",569624,2394878
2013,"Megastraea","Molluscs excl. Cephalopods","CARACOL",133168,526300
2013,"Menticirrhus","Demersal marine fishes","BERRUGATA",89515.4,654452
2013,"Merluccius","Demersal marine fishes","OTRAS",6277231.5,49063127
2013,"Mesocentrotus","Echinoderms","ERIZO",41418,1656079
2013,"Microlepidotus","Demersal marine fishes","OTRAS",19426,284923
2013,"Micropogonias","Demersal marine fishes","BERRUGATA",6218244.3,69858320
2013,"Mobula","Demersal marine fishes","RAYA Y SIMILARES",1051449.5,11805439
2013,"Mugil","Demersal marine fishes","LISA",2820845,21418492
2013,"Mustelus","Sharks","TIBURON",43075.7,663043
2013,"Mycteroperca","Demersal marine fishes","CABRILLA",445762.2,11750916
2013,"Nasolamia","Sharks","TIBURON",29423.25,402147
2013,"Nematistius","Demersal marine fishes","OTRAS",654,6544
2013,"Nicholsina","Demersal marine fishes","OTRAS",251,5242
2013,"Oligoplites","Pelagic marine fish (excl. anchovy & sardine)","OTRAS",18100,127050
2013,"Opisthonema","Anchovy & Sardine (small pelagics)","SARDINA",220482458.6,161808983
2013,"Orthopristis","Demersal marine fishes","OTRAS",29686,208559
2013,"Panopea","Molluscs excl. Cephalopods","ALMEJA",2117107,73887838
2013,"Panulirus","Crustaceans","LANGOSTA",209477,29417285
2013,"Paralabrax","Demersal marine fishes","OTRAS",652309.5,6945740
2013,"Paranthias","Demersal marine fishes","OTRAS",799,35480
2013,"Parapsettus","Demersal marine fishes","OTRAS",5185,81827
2013,"Penaeus","Shrimps, prawns","CAMARON",27286335.2,1752658974
2013,"Prionace","Sharks","TIBURON",512807.25,3993108
2013,"Pseudobatos","Demersal marine fishes","RAYA Y SIMILARES",586580.85,5275384
2013,"Pseudupeneus","Demersal marine fishes","OTRAS",17077.7,560091
2013,"Rimapenaeus","Shrimps, prawns","CAMARON",74585.2,1458916
2013,"Sarda","Pelagic marine fish (excl. anchovy & sardine)","BONITO",813517.6,5964489
2013,"Sardinops","Anchovy & Sardine (small pelagics)","SARDINA",84790339.2,84431812
2013,"Scomber","Pelagic marine fish (excl. anchovy & sardine)","MACARELA",25279021.68,21475827
2013,"Scomberomorus","Pelagic marine fish (excl. anchovy & sardine)","SIERRA",6067705.4,92696703
2013,"Scorpaena","Demersal marine fishes","OTRAS",9960.2,64822
2013,"Selene","Pelagic marine fish (excl. anchovy & sardine)","OTRAS",553293.7,2680016
2013,"Seriola","Pelagic marine fish (excl. anchovy & sardine)","ESMEDREGAL",883688.4,11012832
2013,"Sicyonia","Shrimps, prawns","CAMARON",6807,97105
2013,"Sphoeroides","Demersal marine fishes","OTRAS",454608.45,16351281
2013,"Sphyraena","Pelagic marine fish (excl. anchovy & sardine)","OTRAS",13841,186531
2013,"Sphyrna","Sharks","TIBURON",136289.05,1047868
2013,"Squatina","Sharks","TIBURON",699505.1,6464979
2013,"Stereolepis","Demersal marine fishes","OTRAS",376.8,26140
2013,"Stomolophus","Jellies","OTRAS",14999109,20997974
2013,"Strongylocentrotus","Echinoderms","ERIZO",10003,152513
2013,"Synodus","Demersal marine fishes","OTRAS",145325.6,981990
2013,"Thunnus","Pelagic marine fish (excl. anchovy & sardine)","ATUN",67610409,573570309
2013,"Trachinotus","Pelagic marine fish (excl. anchovy & sardine)","PAMPANO",3927615.8,2048072
2013,"Trichiurus","Pelagic marine fish (excl. anchovy & sardine)","CINTILLA",2494,108425
2013,"Turbo","Molluscs excl. Cephalopods","CARACOL",1719,41128
2013,"Xiphias","Pelagic marine fish (excl. anchovy & sardine)","OTRAS",38429.25,830286
2014,"Ablennes","Pelagic marine fish (excl. anchovy & sardine)","OTRAS",17663.85,215863
2014,"Acanthurus","Demersal marine fishes","OTRAS",24223,484065
2014,"Aetobatus","Demersal marine fishes","RAYA Y SIMILARES",39314,382898
2014,"Alopias","Sharks","TIBURON",543814.45,5629403
2014,"Anisotremus","Demersal marine fishes","OTRAS",102170.67,2419739.5
2014,"Anoplopoma","Demersal marine fishes","OTRAS",2465.05,122873.5
2014,"Argopecten","Molluscs excl. Cephalopods","ALMEJA",816476,3039456
2014,"Ariopsis","Demersal marine fishes","BAGRE",3277.6,44963
2014,"Balistes","Demersal marine fishes","OTRAS",2027190.325,25085836
2014,"Brotula","Demersal marine fishes","LENGUADO",1060771.4,17033530
2014,"Calamus","Demersal marine fishes","MOJARRA",26283,229964
2014,"Callinectes","Crustaceans","JAIBA",619867,16769044
2014,"Caranx","Pelagic marine fish (excl. anchovy & sardine)","OTRAS",132854.5,7005868
2014,"Carcharhinus","Sharks","TIBURON",734096.9,7045768
2014,"Caulolatilus","Demersal marine fishes","PIERNA",528747.85,5592371
2014,"Centropomus","Demersal marine fishes","ROBALO",1188553.12,47618197.2
2014,"Cetengraulis","Anchovy & Sardine (small pelagics)","SARDINA",60719386.84,62234903.6
2014,"Chanos","Diadromous fishes","OTRAS",230100.6,1304021
2014,"Chione","Molluscs excl. Cephalopods","ALMEJA",192171,1873765
2014,"Coryphaena","Pelagic marine fish (excl. anchovy & sardine)","OTRAS",160780.85,3151926
2014,"Cynoscion","Demersal marine fishes","CORVINA",2010228.78,47980993.23
2014,"Diapterus","Demersal marine fishes","MOJARRA",32361,372077
2014,"Diplectrum","Demersal marine fishes","OTRAS",32678.95,884705
2014,"Dosidicus","Cephalopods","CALAMAR",24475530.05,149168130
2014,"Dosinia","Molluscs excl. Cephalopods","ALMEJA",905431,3183340
2014,"Epinephelus","Demersal marine fishes","MERO",13881.9,463046.5
2014,"Especies","Echinoderms","PEPINO DE MAR",35588,1988925
2014,"Etrumeus","Anchovy & Sardine (small pelagics)","SARDINA",7568697.24,7998389
2014,"Eucinostomus","Demersal marine fishes","MOJARRA",237337,2787713
2014,"Eugerres","Demersal marine fishes","MOJARRA",35923,352835
2014,"Euthynnus","Pelagic marine fish (excl. anchovy & sardine)","BARRILETE",3714911,14995636
2014,"Farfantepenaeus","Shrimps, prawns","CAMARON",357971,11496135
2014,"Galeocerdo","Sharks","TIBURON",2775.05,28262
2014,"Gelidium","Marine algae","ALGAS",64338,145399
2014,"Gerres","Demersal marine fishes","BANDERA",146550.8,1049822
2014,"Ginglymostoma","Sharks","TIBURON",3851.5,21438
2014,"Haemulon","Demersal marine fishes","OTRAS",929696.6,7640784
2014,"Haemulopsis","Demersal marine fishes","RONCO",211947.4,2137509
2014,"Haliotis","Molluscs excl. Cephalopods","ABULON",51200.86,7919757
2014,"Hexaplex","Molluscs excl. Cephalopods","CARACOL",1012006,6063662.5
2014,"Hoplopagrus","Demersal marine fishes","PARGO",108358.5,2960885
2014,"Hypanus","Demersal marine fishes","RAYA Y SIMILARES",1480658.85,10900053.75
2014,"Hyporthodus","Demersal marine fishes","MERO",968723.3,35912324.5
2014,"Istiophorus","Pelagic marine fish (excl. anchovy & sardine)","OTRAS",23746.15,255135
2014,"Isurus","Sharks","TIBURON",429825.5,6232581
2014,"Katsuwonus","Pelagic marine fish (excl. anchovy & sardine)","BARRILETE",4492837.2,33968889
2014,"Lamna","Sharks","TIBURON",2311.8,54955
2014,"Larimus","Demersal marine fishes","CORVINA",9653,456430
2014,"Litopenaeus","Shrimps, prawns","CAMARON",4163418.34,210249491.6
2014,"Lobatus","Molluscs excl. Cephalopods","CARACOL",19996,72505
2014,"Lutjanus","Demersal marine fishes","GUACHINANGO",3287675.4,130585426.69
2014,"Megapitaria","Molluscs excl. Cephalopods","ALMEJA",488697,2647890
2014,"Megastraea","Molluscs excl. Cephalopods","CARACOL",36855,157950
2014,"Menticirrhus","Demersal marine fishes","BERRUGATA",106432.8,562449
2014,"Merluccius","Demersal marine fishes","OTRAS",7262581,54628115.5
2014,"Mesocentrotus","Echinoderms","ERIZO",15863,502581
2014,"Microlepidotus","Demersal marine fishes","OTRAS",60052,457890
2014,"Micropogonias","Demersal marine fishes","BERRUGATA",8857066.56,89234388
2014,"Mobula","Demersal marine fishes","RAYA Y SIMILARES",1055850.65,12915735
2014,"Mugil","Demersal marine fishes","LISA",2053056.8,17378910
2014,"Mustelus","Sharks","TIBURON",48744.2,655158
2014,"Mycteroperca","Demersal marine fishes","CABRILLA",462417.85,12881117
2014,"Nasolamia","Sharks","TIBURON",32920.25,542277
2014,"Nematistius","Demersal marine fishes","OTRAS",8306,80659
2014,"Nicholsina","Demersal marine fishes","OTRAS",1809,31640
2014,"Oligoplites","Pelagic marine fish (excl. anchovy & sardine)","OTRAS",18020,126400
2014,"Opisthonema","Anchovy & Sardine (small pelagics)","SARDINA",225600754.44,232564823.4
2014,"Orthopristis","Demersal marine fishes","OTRAS",53083,448639.5
2014,"Panopea","Molluscs excl. Cephalopods","ALMEJA",2429061.92,77153944.48
2014,"Panulirus","Crustaceans","LANGOSTA",135765.9,20754199
2014,"Paralabrax","Demersal marine fishes","OTRAS",851542.65,10008055.5
2014,"Paranthias","Demersal marine fishes","OTRAS",2033.3,48015
2014,"Parapsettus","Demersal marine fishes","OTRAS",9438,173513
2014,"Penaeus","Shrimps, prawns","CAMARON",28256995.83,2031085292.46
2014,"Prionace","Sharks","TIBURON",1392770.65,14042779
2014,"Pseudobatos","Demersal marine fishes","RAYA Y SIMILARES",648210.7,6327157.5
2014,"Pseudupeneus","Demersal marine fishes","OTRAS",2304,67940
2014,"Rimapenaeus","Shrimps, prawns","CAMARON",72040,1682790
2014,"Sarda","Pelagic marine fish (excl. anchovy & sardine)","BONITO",986117.7,8404956
2014,"Sardinops","Anchovy & Sardine (small pelagics)","SARDINA",4023552.8,4486740
2014,"Scomber","Pelagic marine fish (excl. anchovy & sardine)","MACARELA",40393077.76,48757469
2014,"Scomberomorus","Pelagic marine fish (excl. anchovy & sardine)","SIERRA",5753831.2,87405788.65
2014,"Scorpaena","Demersal marine fishes","OTRAS",4217.5,63348
2014,"Selene","Pelagic marine fish (excl. anchovy & sardine)","OTRAS",446759.2,2386610
2014,"Seriola","Pelagic marine fish (excl. anchovy & sardine)","ESMEDREGAL",1201816.1,15696001.5
2014,"Sphoeroides","Demersal marine fishes","OTRAS",393579.45,15811744.64
2014,"Sphyraena","Pelagic marine fish (excl. anchovy & sardine)","OTRAS",18162,281688
2014,"Sphyrna","Sharks","TIBURON",359005,4423935
2014,"Squatina","Sharks","TIBURON",610644.72,5852347.5
2014,"Stereolepis","Demersal marine fishes","OTRAS",505,14445
2014,"Stomolophus","Jellies","OTRAS",34567988,80033750
2014,"Strongylocentrotus","Echinoderms","ERIZO",5062,93870
2014,"Synodus","Demersal marine fishes","OTRAS",133844.1,1209105
2014,"Thunnus","Pelagic marine fish (excl. anchovy & sardine)","ATUN",75346319.2,642428302
2014,"Trachinotus","Pelagic marine fish (excl. anchovy & sardine)","PAMPANO",141053.32,1728993
2014,"Trichiurus","Pelagic marine fish (excl. anchovy & sardine)","CINTILLA",2792,80815
2014,"Turbo","Molluscs excl. Cephalopods","CARACOL",1756,44900
2014,"Xiphias","Pelagic marine fish (excl. anchovy & sardine)","OTRAS",61949,1278392
2015,"Ablennes","Pelagic marine fish (excl. anchovy & sardine)","OTRAS",31507.75,443363
2015,"Acanthurus","Demersal marine fishes","OTRAS",29494,705681
2015,"Aetobatus","Demersal marine fishes","RAYA Y SIMILARES",24879,329906
2015,"Alopias","Sharks","TIBURON",549037.318,6964387
2015,"Anisotremus","Demersal marine fishes","OTRAS",65671.38,1616667
2015,"Anoplopoma","Demersal marine fishes","OTRAS",464.3,17540
2015,"Argopecten","Molluscs excl. Cephalopods","ALMEJA",413726,1708712
2015,"Ariopsis","Demersal marine fishes","BAGRE",8853,106590
2015,"Balistes","Demersal marine fishes","OTRAS",3241838.33,38637077.5
2015,"Brotula","Demersal marine fishes","LENGUADO",906695.1,13804188
2015,"Calamus","Demersal marine fishes","MOJARRA",24733,200815
2015,"Callinectes","Crustaceans","JAIBA",832879,18334788
2015,"Caranx","Pelagic marine fish (excl. anchovy & sardine)","OTRAS",85019.8,5634820
2015,"Carcharhinus","Sharks","TIBURON",1140862.6,10846155
2015,"Caulolatilus","Demersal marine fishes","PIERNA",498048.6,5658506.6
2015,"Centropomus","Demersal marine fishes","ROBALO",1091259.985,47746459.39
2015,"Cetengraulis","Anchovy & Sardine (small pelagics)","SARDINA",60839858.64,71333960.58
2015,"Chanos","Diadromous fishes","OTRAS",380420.4,2705212
2015,"Chione","Molluscs excl. Cephalopods","ALMEJA",57747,546203
2015,"Coryphaena","Pelagic marine fish (excl. anchovy & sardine)","OTRAS",122104.85,2779584
2015,"Cynoscion","Demersal marine fishes","CORVINA",2125875.251,56586817.02
2015,"Diapterus","Demersal marine fishes","MOJARRA",35185,350760
2015,"Diplectrum","Demersal marine fishes","OTRAS",87594.78,2672899
2015,"Dosidicus","Cephalopods","CALAMAR",1589608.95,13961217.5
2015,"Dosinia","Molluscs excl. Cephalopods","ALMEJA",757428,3572299.5
2015,"Epinephelus","Demersal marine fishes","MERO",58325.6,1241003
2015,"Especies","Echinoderms","PEPINO DE MAR",14935,600250
2015,"Etrumeus","Anchovy & Sardine (small pelagics)","SARDINA",7029227.06,9591466.2
2015,"Eucinostomus","Demersal marine fishes","MOJARRA",199340.7,2393382
2015,"Eugerres","Demersal marine fishes","MOJARRA",38358,409785
2015,"Euthynnus","Pelagic marine fish (excl. anchovy & sardine)","BARRILETE",2535062,71792289
2015,"Farfantepenaeus","Shrimps, prawns","CAMARON",170185.2,6746280
2015,"Galeocerdo","Sharks","TIBURON",2157.5,26736
2015,"Gelidium","Marine algae","ALGAS",387234,595607
2015,"Gerres","Demersal marine fishes","BANDERA",197470.2,1445111
2015,"Ginglymostoma","Sharks","TIBURON",4610.3,25081
2015,"Haemulon","Demersal marine fishes","OTRAS",1149882.9,11111175
2015,"Haemulopsis","Demersal marine fishes","RONCO",177049,1736629
2015,"Haliotis","Molluscs excl. Cephalopods","ABULON",62074.72,9191193
2015,"Hexaplex","Molluscs excl. Cephalopods","CARACOL",1472723,10769101
2015,"Hoplopagrus","Demersal marine fishes","PARGO",129975.1,3692537
2015,"Hypanus","Demersal marine fishes","RAYA Y SIMILARES",1588476.85,12808854
2015,"Hyporthodus","Demersal marine fishes","MERO",1151124.93,47869341.8
2015,"Istiophorus","Pelagic marine fish (excl. anchovy & sardine)","OTRAS",30664.75,389984
2015,"Isurus","Sharks","TIBURON",439293.3,7107120
2015,"Katsuwonus","Pelagic marine fish (excl. anchovy & sardine)","BARRILETE",15462616,122622558
2015,"Lamna","Sharks","TIBURON",7635.05,216881
2015,"Larimus","Demersal marine fishes","CORVINA",11573,664170
2015,"Litopenaeus","Shrimps, prawns","CAMARON",2816687.924,136860545.4
2015,"Lobatus","Molluscs excl. Cephalopods","CARACOL",4090,6580
2015,"Lutjanus","Demersal marine fishes","GUACHINANGO",4642536.135,185841014.97
2015,"Megapitaria","Molluscs excl. Cephalopods","ALMEJA",317577,1623480
2015,"Megastraea","Molluscs excl. Cephalopods","CARACOL",94031,482710
2015,"Menticirrhus","Demersal marine fishes","BERRUGATA",57880.9,426253
2015,"Merluccius","Demersal marine fishes","OTRAS",4980937.6,36951140.5
2015,"Mesocentrotus","Echinoderms","ERIZO",95591,1619299
2015,"Microlepidotus","Demersal marine fishes","OTRAS",112346,1163352
2015,"Micropogonias","Demersal marine fishes","BERRUGATA",8098251.5,89286539
2015,"Mobula","Demersal marine fishes","RAYA Y SIMILARES",1507699.6,16385767.5
2015,"Mugil","Demersal marine fishes","LISA",3126495.2,28398906.74
2015,"Mustelus","Sharks","TIBURON",144566.65,2820912
2015,"Mycteroperca","Demersal marine fishes","CABRILLA",726205.77,23191353.7
2015,"Nasolamia","Sharks","TIBURON",45899.65,615706
2015,"Nematistius","Demersal marine fishes","OTRAS",18332,204774
2015,"Nicholsina","Demersal marine fishes","OTRAS",1546,57750
2015,"Oligoplites","Pelagic marine fish (excl. anchovy & sardine)","OTRAS",22570,138200
2015,"Opisthonema","Anchovy & Sardine (small pelagics)","SARDINA",164653409.62,217857252.505
2015,"Orthopristis","Demersal marine fishes","OTRAS",26831.5,255289
2015,"Panopea","Molluscs excl. Cephalopods","ALMEJA",1544185.7,49043883.19
2015,"Panulirus","Crustaceans","LANGOSTA",162764.4,26380242.5
2015,"Paralabrax","Demersal marine fishes","OTRAS",924751.04,13322303.3
2015,"Paranthias","Demersal marine fishes","OTRAS",4732,114922
2015,"Parapsettus","Demersal marine fishes","OTRAS",3007,68858
2015,"Penaeus","Shrimps, prawns","CAMARON",24749120.04,1707806136.73
2015,"Prionace","Sharks","TIBURON",1297803.4,15023876
2015,"Pseudobatos","Demersal marine fishes","RAYA Y SIMILARES",782435.75,8097896.6
2015,"Pseudupeneus","Demersal marine fishes","OTRAS",1202,60605
2015,"Rimapenaeus","Shrimps, prawns","CAMARON",23624.6,417415
2015,"Sarda","Pelagic marine fish (excl. anchovy & sardine)","BONITO",546369.8,3975033.9
2015,"Sardinops","Anchovy & Sardine (small pelagics)","SARDINA",5119613.02,7650689.665
2015,"Scomber","Pelagic marine fish (excl. anchovy & sardine)","MACARELA",39312861.48,69118167.535
2015,"Scomberomorus","Pelagic marine fish (excl. anchovy & sardine)","SIERRA",5317169.3,90541007.4
2015,"Scorpaena","Demersal marine fishes","OTRAS",4959,52342
2015,"Selene","Pelagic marine fish (excl. anchovy & sardine)","OTRAS",582168.9,3252971
2015,"Seriola","Pelagic marine fish (excl. anchovy & sardine)","ESMEDREGAL",1235611.2,21615207.3
2015,"Sicyonia","Shrimps, prawns","CAMARON",4280,107350
2015,"Sphoeroides","Demersal marine fishes","OTRAS",571709.05,24522702
2015,"Sphyraena","Pelagic marine fish (excl. anchovy & sardine)","OTRAS",14045,263530
2015,"Sphyrna","Sharks","TIBURON",868723.2875,10009940.75
2015,"Squatina","Sharks","TIBURON",616167.2,5660695
2015,"Stereolepis","Demersal marine fishes","OTRAS",1694.8,57670
2015,"Stomolophus","Jellies","OTRAS",21929654,31960055.4
2015,"Strongylocentrotus","Echinoderms","ERIZO",30000,462900
2015,"Synodus","Demersal marine fishes","OTRAS",241382.4,2373861
2015,"Thunnus","Pelagic marine fish (excl. anchovy & sardine)","ATUN",68816554.88,635358517
2015,"Trachinotus","Pelagic marine fish (excl. anchovy & sardine)","PAMPANO",209395.7,2479864
2015,"Trichiurus","Pelagic marine fish (excl. anchovy & sardine)","CINTILLA",1993,86655
2015,"Turbo","Molluscs excl. Cephalopods","CARACOL",12530,286480
2015,"Xiphias","Pelagic marine fish (excl. anchovy & sardine)","OTRAS",47825.75,1017078
2016,"Ablennes","Pelagic marine fish (excl. anchovy & sardine)","OTRAS",40220.15,603348
2016,"Acanthurus","Demersal marine fishes","OTRAS",14918,390185
2016,"Aetobatus","Demersal marine fishes","RAYA Y SIMILARES",122536.9,1829505
2016,"Alopias","Sharks","TIBURON",871651.85,13254612
2016,"Anisotremus","Demersal marine fishes","OTRAS",67135.3,1615030
2016,"Anoplopoma","Demersal marine fishes","OTRAS",3096.7,148480
2016,"Argopecten","Molluscs excl. Cephalopods","ALMEJA",148532,856899
2016,"Ariopsis","Demersal marine fishes","BAGRE",1768,28954
2016,"Balistes","Demersal marine fishes","OTRAS",4802859.525,57355615.4
2016,"Brotula","Demersal marine fishes","LENGUADO",970949.55,20880179.5
2016,"Calamus","Demersal marine fishes","MOJARRA",17001,134448
2016,"Callinectes","Crustaceans","JAIBA",655164,19114795
2016,"Caranx","Pelagic marine fish (excl. anchovy & sardine)","OTRAS",172871.4,6450268.52
2016,"Carcharhinus","Sharks","TIBURON",1824609.9,17428445
2016,"Caulolatilus","Demersal marine fishes","PIERNA",511596.45,6713649.5
2016,"Centropomus","Demersal marine fishes","ROBALO",1617964.81,74522243.84
2016,"Cetengraulis","Anchovy & Sardine (small pelagics)","SARDINA",11769203.4,15128118.5
2016,"Chanos","Diadromous fishes","OTRAS",362743.4,2831661.69
2016,"Chione","Molluscs excl. Cephalopods","ALMEJA",43321,262810
2016,"Coryphaena","Pelagic marine fish (excl. anchovy & sardine)","OTRAS",144833.2,4026002
2016,"Cynoscion","Demersal marine fishes","CORVINA",2377826.76,74502679.27
2016,"Diapterus","Demersal marine fishes","MOJARRA",33230,355809
2016,"Diplectrum","Demersal marine fishes","OTRAS",33846.09,1730291
2016,"Dosidicus","Cephalopods","CALAMAR",831156.05,13450333.5
2016,"Dosinia","Molluscs excl. Cephalopods","ALMEJA",1438608,5518030
2016,"Epinephelus","Demersal marine fishes","MERO",31077.45,1367061.5
2016,"Especies","Echinoderms","PEPINO DE MAR",26899,229132
2016,"Etrumeus","Anchovy & Sardine (small pelagics)","SARDINA",25081082.1,253073124.1
2016,"Eucinostomus","Demersal marine fishes","MOJARRA",146633,2360331.5
2016,"Eugerres","Demersal marine fishes","MOJARRA",50119,489744
2016,"Euthynnus","Pelagic marine fish (excl. anchovy & sardine)","BARRILETE",3260390,24746110
2016,"Farfantepenaeus","Shrimps, prawns","CAMARON",290432.8,14031213
2016,"Galeocerdo","Sharks","TIBURON",2620.9,32836
2016,"Gelidium","Marine algae","ALGAS",5136,10378
2016,"Gerres","Demersal marine fishes","BANDERA",238394.6,1881095
2016,"Ginglymostoma","Sharks","TIBURON",1516.3,12801
2016,"Haemulon","Demersal marine fishes","OTRAS",1033539.7,10680646.4
2016,"Haemulopsis","Demersal marine fishes","RONCO",197952.7,2311227.605
2016,"Haliotis","Molluscs excl. Cephalopods","ABULON",66846.12,9989109
2016,"Hexaplex","Molluscs excl. Cephalopods","CARACOL",1667515,24746036
2016,"Hoplopagrus","Demersal marine fishes","PARGO",164024.95,5299120.5
2016,"Hypanus","Demersal marine fishes","RAYA Y SIMILARES",2158305.2,20699627
2016,"Hyporthodus","Demersal marine fishes","MERO",1585649.2,69613944.03
2016,"Istiophorus","Pelagic marine fish (excl. anchovy & sardine)","OTRAS",61092.5,1145863
2016,"Isurus","Sharks","TIBURON",497155.6,9625238.5
2016,"Katsuwonus","Pelagic marine fish (excl. anchovy & sardine)","BARRILETE",8551232.48,151718449
2016,"Lamna","Sharks","TIBURON",34661.54,1703133
2016,"Larimus","Demersal marine fishes","CORVINA",10076,608359
2016,"Litopenaeus","Shrimps, prawns","CAMARON",5874128.142,348467962.6
2016,"Lutjanus","Demersal marine fishes","GUACHINANGO",7456310.77,326592812.08
2016,"Megapitaria","Molluscs excl. Cephalopods","ALMEJA",330874,1663089
2016,"Megastraea","Molluscs excl. Cephalopods","CARACOL",39956,146692
2016,"Menticirrhus","Demersal marine fishes","BERRUGATA",70873.2,477103
2016,"Merluccius","Demersal marine fishes","OTRAS",6342965.3,68028681
2016,"Mesocentrotus","Echinoderms","ERIZO",6801,229340
2016,"Microlepidotus","Demersal marine fishes","OTRAS",131486.9,1719428
2016,"Micropogonias","Demersal marine fishes","BERRUGATA",6114645.39,69103777.8
2016,"Mobula","Demersal marine fishes","RAYA Y SIMILARES",1789578.8,23543946.8
2016,"Mugil","Demersal marine fishes","LISA",3520788.5,41262678.03
2016,"Mustelus","Sharks","TIBURON",251692.25,5057172
2016,"Mycteroperca","Demersal marine fishes","CABRILLA",685469.38,22385317.3
2016,"Nasolamia","Sharks","TIBURON",63301.15,854304
2016,"Nematistius","Demersal marine fishes","OTRAS",24151,286895
2016,"Nicholsina","Demersal marine fishes","OTRAS",692,25840
2016,"Oligoplites","Pelagic marine fish (excl. anchovy & sardine)","OTRAS",11885,84110
2016,"Opisthonema","Anchovy & Sardine (small pelagics)","SARDINA",168926062.56,181271396.45
2016,"Orthopristis","Demersal marine fishes","OTRAS",19852,159647
2016,"Panopea","Molluscs excl. Cephalopods","ALMEJA",1613381.83,44493560.2635
2016,"Panulirus","Crustaceans","LANGOSTA",214173.8,42125835.5
2016,"Paralabrax","Demersal marine fishes","OTRAS",964075.46,14022289.36
2016,"Paranthias","Demersal marine fishes","OTRAS",14865.6,256651
2016,"Parapsettus","Demersal marine fishes","OTRAS",12124,159970
2016,"Penaeus","Shrimps, prawns","CAMARON",26047121.576,1971184196.19
2016,"Prionace","Sharks","TIBURON",1041175.55,13010090
2016,"Pseudobatos","Demersal marine fishes","RAYA Y SIMILARES",891709.3,9959405
2016,"Pseudupeneus","Demersal marine fishes","OTRAS",8428,410745
2016,"Rimapenaeus","Shrimps, prawns","CAMARON",28643.6,693200
2016,"Sarda","Pelagic marine fish (excl. anchovy & sardine)","BONITO",409603,4058125
2016,"Sardinops","Anchovy & Sardine (small pelagics)","SARDINA",15280972.32,21679482.76
2016,"Scomber","Pelagic marine fish (excl. anchovy & sardine)","MACARELA",49178871.48,66031401.06
2016,"Scomberomorus","Pelagic marine fish (excl. anchovy & sardine)","SIERRA",6512124.6,116438485.52
2016,"Scorpaena","Demersal marine fishes","OTRAS",9391,92521
2016,"Selene","Pelagic marine fish (excl. anchovy & sardine)","OTRAS",641707.3,4001174
2016,"Seriola","Pelagic marine fish (excl. anchovy & sardine)","ESMEDREGAL",991144.15,19445784
2016,"Sicyonia","Shrimps, prawns","CAMARON",19038.6,643420
2016,"Sphoeroides","Demersal marine fishes","OTRAS",739258.65,34213126.5
2016,"Sphyraena","Pelagic marine fish (excl. anchovy & sardine)","OTRAS",3110,78275
2016,"Sphyrna","Sharks","TIBURON",3273964.55,62098041
2016,"Squatina","Sharks","TIBURON",578781.85,7102819
2016,"Stereolepis","Demersal marine fishes","OTRAS",2801.1,85148
2016,"Stomolophus","Jellies","OTRAS",9739831,11241914.8
2016,"Strongylocentrotus","Echinoderms","ERIZO",46080,876800
2016,"Synodus","Demersal marine fishes","OTRAS",277691.2,2617158
2016,"Thunnus","Pelagic marine fish (excl. anchovy & sardine)","ATUN",60927510.2,581002930
2016,"Trachinotus","Pelagic marine fish (excl. anchovy & sardine)","PAMPANO",213422.4,2688523.5
2016,"Trichiurus","Pelagic marine fish (excl. anchovy & sardine)","CINTILLA",7544,363660
2016,"Turbo","Molluscs excl. Cephalopods","CARACOL",11161,544919
2016,"Xiphias","Pelagic marine fish (excl. anchovy & sardine)","OTRAS",95301,3044388
2017,"Ablennes","Pelagic marine fish (excl. anchovy & sardine)","OTRAS",56252.85,944821
2017,"Acanthurus","Demersal marine fishes","OTRAS",71866,2200730
2017,"Aetobatus","Demersal marine fishes","RAYA Y SIMILARES",15482,249628
2017,"Alopias","Sharks","TIBURON",1710372.55,24455846
2017,"Anisotremus","Demersal marine fishes","OTRAS",86913,1899149
2017,"Anoplopoma","Demersal marine fishes","OTRAS",5544.6,226945
2017,"Argopecten","Molluscs excl. Cephalopods","ALMEJA",194440,1753674
2017,"Ariopsis","Demersal marine fishes","BAGRE",127,1270
2017,"Balistes","Demersal marine fishes","OTRAS",4076738.55,56553813.4
2017,"Brotula","Demersal marine fishes","LENGUADO",982167.7,20440701
2017,"Calamus","Demersal marine fishes","MOJARRA",17004.5,180272
2017,"Callinectes","Crustaceans","JAIBA",1209946,38437653
2017,"Caranx","Pelagic marine fish (excl. anchovy & sardine)","OTRAS",130030.8,6969389
2017,"Carcharhinus","Sharks","TIBURON",3213741.7,44292833.5
2017,"Caulolatilus","Demersal marine fishes","PIERNA",514300.1,6828423
2017,"Centropomus","Demersal marine fishes","ROBALO",1581655.26,85238541.46
2017,"Cetengraulis","Anchovy & Sardine (small pelagics)","SARDINA",75434508.84,101113137.1
2017,"Chanos","Diadromous fishes","OTRAS",253507,2246817
2017,"Chione","Molluscs excl. Cephalopods","ALMEJA",155451,2235289.5
2017,"Coryphaena","Pelagic marine fish (excl. anchovy & sardine)","OTRAS",97967.15,3268573.5
2017,"Cynoscion","Demersal marine fishes","CORVINA",2587633.32,82638948.22
2017,"Diapterus","Demersal marine fishes","MOJARRA",21608,254486
2017,"Diplectrum","Demersal marine fishes","OTRAS",57475.95,3184541
2017,"Dosidicus","Cephalopods","CALAMAR",620840.7,10052295.5
2017,"Dosinia","Molluscs excl. Cephalopods","ALMEJA",1988935,7481874
2017,"Epinephelus","Demersal marine fishes","MERO",20790.2,1075219
2017,"Especies","Echinoderms","PEPINO DE MAR",85498,1175007
2017,"Etrumeus","Anchovy & Sardine (small pelagics)","SARDINA",28279045.5,41918446.65
2017,"Eucinostomus","Demersal marine fishes","MOJARRA",167106,3273104
2017,"Eugerres","Demersal marine fishes","MOJARRA",74477,801941
2017,"Euthynnus","Pelagic marine fish (excl. anchovy & sardine)","BARRILETE",2198776,26729019
2017,"Farfantepenaeus","Shrimps, prawns","CAMARON",249103.6,13959810
2017,"Galeocerdo","Sharks","TIBURON",1678.5,23254
2017,"Gelidium","Marine algae","ALGAS",124464,194752
2017,"Gerres","Demersal marine fishes","BANDERA",204717.7,1874467
2017,"Ginglymostoma","Sharks","TIBURON",696.7,10887
2017,"Haemulon","Demersal marine fishes","OTRAS",1147808,13925679.7
2017,"Haemulopsis","Demersal marine fishes","RONCO",188480.3,2545183
2017,"Haliotis","Molluscs excl. Cephalopods","ABULON",54742.78,9150747
2017,"Hexaplex","Molluscs excl. Cephalopods","CARACOL",1327990,13139560
2017,"Hoplopagrus","Demersal marine fishes","PARGO",200327.45,6551279
2017,"Hypanus","Demersal marine fishes","RAYA Y SIMILARES",1660542.6,15638147
2017,"Hyporthodus","Demersal marine fishes","MERO",1506070.592,72177636.5
2017,"Istiophorus","Pelagic marine fish (excl. anchovy & sardine)","OTRAS",55067.9,1252537
2017,"Isurus","Sharks","TIBURON",330659.6,6376866
2017,"Katsuwonus","Pelagic marine fish (excl. anchovy & sardine)","BARRILETE",9183615.3,91467872.8
2017,"Lamna","Sharks","TIBURON",38247.1,1590672.5
2017,"Larimus","Demersal marine fishes","CORVINA",23881,857205
2017,"Litopenaeus","Shrimps, prawns","CAMARON",6021293.95,349114178
2017,"Lobatus","Molluscs excl. Cephalopods","CARACOL",80892,1387436.4
2017,"Lutjanus","Demersal marine fishes","GUACHINANGO",9345911.29,423104329.18
2017,"Megapitaria","Molluscs excl. Cephalopods","ALMEJA",215450,1962445.75
2017,"Megastraea","Molluscs excl. Cephalopods","CARACOL",56663,418729
2017,"Menticirrhus","Demersal marine fishes","BERRUGATA",75401.3,739162
2017,"Merluccius","Demersal marine fishes","OTRAS",4798186.6,47288358
2017,"Mesocentrotus","Echinoderms","ERIZO",39892,1741878
2017,"Microlepidotus","Demersal marine fishes","OTRAS",251071,3233694
2017,"Micropogonias","Demersal marine fishes","BERRUGATA",6102359.55,78675487.5
2017,"Mobula","Demersal marine fishes","RAYA Y SIMILARES",1613345.8,23911575.5
2017,"Mugil","Demersal marine fishes","LISA",3356065.5,39136877.2
2017,"Mustelus","Sharks","TIBURON",455548.5,10082265
2017,"Mycteroperca","Demersal marine fishes","CABRILLA",689863.11,24993223
2017,"Nasolamia","Sharks","TIBURON",69152.5,986001
2017,"Nematistius","Demersal marine fishes","OTRAS",9961,109490
2017,"Nicholsina","Demersal marine fishes","OTRAS",158,2248
2017,"Oligoplites","Pelagic marine fish (excl. anchovy & sardine)","OTRAS",4600,47505
2017,"Opisthonema","Anchovy & Sardine (small pelagics)","SARDINA",155052580.88,163569662.675
2017,"Orthopristis","Demersal marine fishes","OTRAS",18031,152042
2017,"Panopea","Molluscs excl. Cephalopods","ALMEJA",821566.52,26746277.15
2017,"Panulirus","Crustaceans","LANGOSTA",288747.86,67454714.2
2017,"Paralabrax","Demersal marine fishes","OTRAS",903322,15393134.8
2017,"Paranthias","Demersal marine fishes","OTRAS",25094,545800
2017,"Parapsettus","Demersal marine fishes","OTRAS",5440,118393
2017,"Penaeus","Shrimps, prawns","CAMARON",29120198.342,2466339339.04
2017,"Prionace","Sharks","TIBURON",1267144.45,15281923
2017,"Pseudobatos","Demersal marine fishes","RAYA Y SIMILARES",1004471.45,12024509
2017,"Pseudupeneus","Demersal marine fishes","OTRAS",10981,438470
2017,"Rimapenaeus","Shrimps, prawns","CAMARON",37742.8,848556
2017,"Sarda","Pelagic marine fish (excl. anchovy & sardine)","BONITO",1330469,14081621
2017,"Sardinops","Anchovy & Sardine (small pelagics)","SARDINA",173833459.38,265495643.275
2017,"Scomber","Pelagic marine fish (excl. anchovy & sardine)","MACARELA",49942738.92,61261448.375
2017,"Scomberomorus","Pelagic marine fish (excl. anchovy & sardine)","SIERRA",8842467.2,177500975
2017,"Scorpaena","Demersal marine fishes","OTRAS",26875,308746
2017,"Selene","Pelagic marine fish (excl. anchovy & sardine)","OTRAS",912818.2,6508313
2017,"Seriola","Pelagic marine fish (excl. anchovy & sardine)","ESMEDREGAL",942670.8,24003694
2017,"Sicyonia","Shrimps, prawns","CAMARON",173862.4,8501442
2017,"Sphoeroides","Demersal marine fishes","OTRAS",879840.05,42459120.33
2017,"Sphyraena","Pelagic marine fish (excl. anchovy & sardine)","OTRAS",12898,376780
2017,"Sphyrna","Sharks","TIBURON",2627995.6,38267980.8
2017,"Squatina","Sharks","TIBURON",553249.3,10116493.6
2017,"Stereolepis","Demersal marine fishes","OTRAS",2631.5,115280
2017,"Stomolophus","Jellies","OTRAS",37144016,139853468.3
2017,"Strongylocentrotus","Echinoderms","ERIZO",39360,601900
2017,"Synodus","Demersal marine fishes","OTRAS",548075.4,5326400
2017,"Thunnus","Pelagic marine fish (excl. anchovy & sardine)","ATUN",52674301.1,558209913.7
2017,"Trachinotus","Pelagic marine fish (excl. anchovy & sardine)","PAMPANO",258910,4006539
2017,"Trichiurus","Pelagic marine fish (excl. anchovy & sardine)","CINTILLA",10810,563800
2017,"Turbo","Molluscs excl. Cephalopods","CARACOL",8293,253080
2017,"Xiphias","Pelagic marine fish (excl. anchovy & sardine)","OTRAS",288889,16772561
2018,"Ablennes","Pelagic marine fish (excl. anchovy & sardine)","OTRAS",82334.95,1073789
2018,"Acanthurus","Demersal marine fishes","OTRAS",65580,2912660
2018,"Aetobatus","Demersal marine fishes","RAYA Y SIMILARES",23415.2,440570
2018,"Alopias","Sharks","TIBURON",1209216.8,19687947
2018,"Anisotremus","Demersal marine fishes","OTRAS",69948.8,1475536
2018,"Anoplopoma","Demersal marine fishes","OTRAS",5612.6,318965
2018,"Argopecten","Molluscs excl. Cephalopods","ALMEJA",1492928,8025455
2018,"Balistes","Demersal marine fishes","OTRAS",4460159.925,63032995.97
2018,"Brotula","Demersal marine fishes","LENGUADO",852652.4,18584712
2018,"Calamus","Demersal marine fishes","MOJARRA",16527,158356
2018,"Callinectes","Crustaceans","JAIBA",1071105,35477877
2018,"Caranx","Pelagic marine fish (excl. anchovy & sardine)","OTRAS",124233.6,6777468
2018,"Carcharhinus","Sharks","TIBURON",3620395.65,62860899.5
2018,"Caulolatilus","Demersal marine fishes","PIERNA",424370,6712451
2018,"Centropomus","Demersal marine fishes","ROBALO",1667979.948,96124456.1202
2018,"Cetengraulis","Anchovy & Sardine (small pelagics)","SARDINA",34145793.64,36897337
2018,"Chanos","Diadromous fishes","OTRAS",290180,2355457
2018,"Chione","Molluscs excl. Cephalopods","ALMEJA",612927,4721335.5
2018,"Coryphaena","Pelagic marine fish (excl. anchovy & sardine)","OTRAS",125707.8,3903577.5
2018,"Cynoscion","Demersal marine fishes","CORVINA",3178655.585,110244557.415
2018,"Diapterus","Demersal marine fishes","MOJARRA",68060,1001875
2018,"Diplectrum","Demersal marine fishes","OTRAS",35675.4,2260341
2018,"Dosidicus","Cephalopods","CALAMAR",446072.7,6578988.6
2018,"Dosinia","Molluscs excl. Cephalopods","ALMEJA",1312401,8038816.5
2018,"Epinephelus","Demersal marine fishes","MERO",26116.6,1363457
2018,"Especies","Echinoderms","PEPINO DE MAR",50743,778930
2018,"Etrumeus","Anchovy & Sardine (small pelagics)","SARDINA",14961989.14,24361925
2018,"Eucinostomus","Demersal marine fishes","MOJARRA",216188,3677556
2018,"Eugerres","Demersal marine fishes","MOJARRA",77045,829713
2018,"Euthynnus","Pelagic marine fish (excl. anchovy & sardine)","BARRILETE",1502269,23885288
2018,"Farfantepenaeus","Shrimps, prawns","CAMARON",312358.4,19671080
2018,"Galeocerdo","Sharks","TIBURON",224,3240
2018,"Gelidium","Marine algae","ALGAS",72900,109350
2018,"Gerres","Demersal marine fishes","BANDERA",243278.2,2620253
2018,"Ginglymostoma","Sharks","TIBURON",12989.5,94212
2018,"Haemulon","Demersal marine fishes","OTRAS",1184239.3,16141811
2018,"Haemulopsis","Demersal marine fishes","RONCO",135657.2,2100243
2018,"Haliotis","Molluscs excl. Cephalopods","ABULON",31919.82,5199128
2018,"Hexaplex","Molluscs excl. Cephalopods","CARACOL",1078781,12387085.5
2018,"Hoplopagrus","Demersal marine fishes","PARGO",168774.7,5891364
2018,"Hypanus","Demersal marine fishes","RAYA Y SIMILARES",1606022.5,14390748
2018,"Hyporthodus","Demersal marine fishes","MERO",2027202.292,109851561.43
2018,"Istiophorus","Pelagic marine fish (excl. anchovy & sardine)","OTRAS",65116.55,1364636
2018,"Isurus","Sharks","TIBURON",285776.65,6636342
2018,"Katsuwonus","Pelagic marine fish (excl. anchovy & sardine)","BARRILETE",9703739,136199078
2018,"Lamna","Sharks","TIBURON",56333.742,3080152.2
2018,"Larimus","Demersal marine fishes","CORVINA",9093,600060
2018,"Litopenaeus","Shrimps, prawns","CAMARON",135217911.168,11222234543.06
2018,"Lobatus","Molluscs excl. Cephalopods","CARACOL",33114,616990
2018,"Lutjanus","Demersal marine fishes","GUACHINANGO",8429708.168,411309497.565
2018,"Megapitaria","Molluscs excl. Cephalopods","ALMEJA",185710,2121941.15
2018,"Megastraea","Molluscs excl. Cephalopods","CARACOL",72394,473860
2018,"Menticirrhus","Demersal marine fishes","BERRUGATA",81093.1,953613
2018,"Merluccius","Demersal marine fishes","OTRAS",2805796,30371522
2018,"Mesocentrotus","Echinoderms","ERIZO",29893,452586
2018,"Microlepidotus","Demersal marine fishes","OTRAS",297297.5,4172243
2018,"Micropogonias","Demersal marine fishes","BERRUGATA",5870733.85,81602853.95
2018,"Mobula","Demersal marine fishes","RAYA Y SIMILARES",1070239,18253628
2018,"Mugil","Demersal marine fishes","LISA",3659318.4,46933631.5
2018,"Mustelus","Sharks","TIBURON",387050.2,8714732
2018,"Mycteroperca","Demersal marine fishes","CABRILLA",668331.25,27253484.25
2018,"Nasolamia","Sharks","TIBURON",68311.25,1130600
2018,"Nematistius","Demersal marine fishes","OTRAS",5170,38060
2018,"Nicholsina","Demersal marine fishes","OTRAS",704.1,9310
2018,"Oligoplites","Pelagic marine fish (excl. anchovy & sardine)","OTRAS",748128.16,1328322
2018,"Opisthonema","Anchovy & Sardine (small pelagics)","SARDINA",142296119.46,745294565
2018,"Orthopristis","Demersal marine fishes","OTRAS",50717,402202
2018,"Panopea","Molluscs excl. Cephalopods","ALMEJA",1225884,42843652.66
2018,"Panulirus","Crustaceans","LANGOSTA",288924.6,71732479
2018,"Paralabrax","Demersal marine fishes","OTRAS",862352.4,15981040.1
2018,"Paranthias","Demersal marine fishes","OTRAS",46728.2,965908
2018,"Parapsettus","Demersal marine fishes","OTRAS",9754,215290
2018,"Penaeus","Shrimps, prawns","CAMARON",33869020.54,2875872487.355
2018,"Prionace","Sharks","TIBURON",1103970.55,16436755
2018,"Pseudobatos","Demersal marine fishes","RAYA Y SIMILARES",926638.65,10649049.2
2018,"Pseudupeneus","Demersal marine fishes","OTRAS",4977,274730
2018,"Rimapenaeus","Shrimps, prawns","CAMARON",185035.8,4039762.4
2018,"Sarda","Pelagic marine fish (excl. anchovy & sardine)","BONITO",137060.8,1717273
2018,"Sardinops","Anchovy & Sardine (small pelagics)","SARDINA",215897176.96,2311180432
2018,"Scomber","Pelagic marine fish (excl. anchovy & sardine)","MACARELA",95209780.54,152374856
2018,"Scomberomorus","Pelagic marine fish (excl. anchovy & sardine)","SIERRA",7691342.1,156159768.88
2018,"Scorpaena","Demersal marine fishes","OTRAS",14435.4,171558
2018,"Selene","Pelagic marine fish (excl. anchovy & sardine)","OTRAS",941036,8981497
2018,"Seriola","Pelagic marine fish (excl. anchovy & sardine)","ESMEDREGAL",982064.5,28197692.9
2018,"Sicyonia","Shrimps, prawns","CAMARON",63050.2,2215962
2018,"Sphoeroides","Demersal marine fishes","OTRAS",784711.35,44730412.78
2018,"Sphyraena","Pelagic marine fish (excl. anchovy & sardine)","OTRAS",4068,116000
2018,"Sphyrna","Sharks","TIBURON",628128.4,9725815.2
2018,"Squatina","Sharks","TIBURON",778343.75,10414072.4
2018,"Stereolepis","Demersal marine fishes","OTRAS",882.1,39735
2018,"Stomolophus","Jellies","OTRAS",63158680,253626936.1
2018,"Strongylocentrotus","Echinoderms","ERIZO",1400,35600
2018,"Synodus","Demersal marine fishes","OTRAS",520041.7,5983932
2018,"Thunnus","Pelagic marine fish (excl. anchovy & sardine)","ATUN",69447721.1,767622908
2018,"Trachinotus","Pelagic marine fish (excl. anchovy & sardine)","PAMPANO",327491.5,5070267.7
2018,"Trichiurus","Pelagic marine fish (excl. anchovy & sardine)","CINTILLA",7862,450320
2018,"Turbo","Molluscs excl. Cephalopods","CARACOL",10361,430397
2018,"Xiphias","Pelagic marine fish (excl. anchovy & sardine)","OTRAS",484312.5,31356060
2019,"Ablennes","Pelagic marine fish (excl. anchovy & sardine)","OTRAS",64297,906270
2019,"Acanthurus","Demersal marine fishes","OTRAS",55508,2587015
2019,"Aetobatus","Demersal marine fishes","RAYA Y SIMILARES",115954.2,1743297
2019,"Alopias","Sharks","TIBURON",914303.9,16911520
2019,"Anisotremus","Demersal marine fishes","OTRAS",101286.5,2754288
2019,"Anoplopoma","Demersal marine fishes","OTRAS",11992.9,461573
2019,"Argopecten","Molluscs excl. Cephalopods","ALMEJA",1042095,6284640
2019,"Ariopsis","Demersal marine fishes","BAGRE",3642.6,44516.5
2019,"Balistes","Demersal marine fishes","OTRAS",2982076.3,44624950
2019,"Brotula","Demersal marine fishes","LENGUADO",782825.55,18189477
2019,"Calamus","Demersal marine fishes","MOJARRA",12834,147525
2019,"Callinectes","Crustaceans","JAIBA",1402770,43098464
2019,"Caranx","Pelagic marine fish (excl. anchovy & sardine)","OTRAS",105322.1,5161845
2019,"Carcharhinus","Sharks","TIBURON",2869290.8,38818565
2019,"Caulolatilus","Demersal marine fishes","PIERNA",360534.9,6806607.5
2019,"Centropomus","Demersal marine fishes","ROBALO",1581465.661,101759032.9236
2019,"Cetengraulis","Anchovy & Sardine (small pelagics)","SARDINA",17911105.28,24151708
2019,"Chanos","Diadromous fishes","OTRAS",503171.6,5068093
2019,"Chione","Molluscs excl. Cephalopods","ALMEJA",388780,4523605
2019,"Coryphaena","Pelagic marine fish (excl. anchovy & sardine)","OTRAS",145836.65,4677236
2019,"Cynoscion","Demersal marine fishes","CORVINA",3312323.52,118054715.684
2019,"Diapterus","Demersal marine fishes","MOJARRA",54715,692866
2019,"Diplectrum","Demersal marine fishes","OTRAS",77442,6429910
2019,"Dosidicus","Cephalopods","CALAMAR",481400.7,6857153
2019,"Dosinia","Molluscs excl. Cephalopods","ALMEJA",1004278,7321687
2019,"Epinephelus","Demersal marine fishes","MERO",25229.1,1382673
2019,"Especies","Echinoderms","PEPINO DE MAR",69863,1057510
2019,"Etrumeus","Anchovy & Sardine (small pelagics)","SARDINA",12545467.28,22109872
2019,"Eucinostomus","Demersal marine fishes","MOJARRA",198950.5,3068104.5
2019,"Eugerres","Demersal marine fishes","MOJARRA",75208,734101
2019,"Euthynnus","Pelagic marine fish (excl. anchovy & sardine)","BARRILETE",3135071,51863062
2019,"Farfantepenaeus","Shrimps, prawns","CAMARON",205071.4,12785259
2019,"Galeocerdo","Sharks","TIBURON",778,11044
2019,"Gelidium","Marine algae","ALGAS",825000,1237500
2019,"Gerres","Demersal marine fishes","BANDERA",289671.1,3253282
2019,"Ginglymostoma","Sharks","TIBURON",379,4810
2019,"Haemulon","Demersal marine fishes","OTRAS",1078799.1,14195781
2019,"Haemulopsis","Demersal marine fishes","RONCO",202975.1,2804961
2019,"Haliotis","Molluscs excl. Cephalopods","ABULON",30394.947,3830111
2019,"Hexaplex","Molluscs excl. Cephalopods","CARACOL",1113165,17298157
2019,"Hoplopagrus","Demersal marine fishes","PARGO",141608.8,5387356
2019,"Hypanus","Demersal marine fishes","RAYA Y SIMILARES",1976871.7,21632782
2019,"Hyporthodus","Demersal marine fishes","MERO",2357395.82,130223535.25
2019,"Istiophorus","Pelagic marine fish (excl. anchovy & sardine)","OTRAS",48645.7,1063002
2019,"Isurus","Sharks","TIBURON",635842,14820173
2019,"Katsuwonus","Pelagic marine fish (excl. anchovy & sardine)","BARRILETE",10727408.2,145479635
2019,"Lamna","Sharks","TIBURON",37607.632,1659657.4
2019,"Larimus","Demersal marine fishes","CORVINA",12770,834665
2019,"Litopenaeus","Shrimps, prawns","CAMARON",160334681.58,12677126458.71
2019,"Lobatus","Molluscs excl. Cephalopods","CARACOL",50847,306040
2019,"Lutjanus","Demersal marine fishes","GUACHINANGO",7844078.863,424591006.143
2019,"Megapitaria","Molluscs excl. Cephalopods","ALMEJA",228307,2979090.38
2019,"Megastraea","Molluscs excl. Cephalopods","CARACOL",60431,381872
2019,"Menticirrhus","Demersal marine fishes","BERRUGATA",64829,768719
2019,"Merluccius","Demersal marine fishes","OTRAS",2768757.4,31763965
2019,"Mesocentrotus","Echinoderms","ERIZO",17622,291925
2019,"Microlepidotus","Demersal marine fishes","OTRAS",143880,2133239
2019,"Micropogonias","Demersal marine fishes","BERRUGATA",9896502.1,145145315.5
2019,"Mobula","Demersal marine fishes","RAYA Y SIMILARES",623102,13087104.5
2019,"Mugil","Demersal marine fishes","LISA",3734976.23,62200209.76
2019,"Mustelus","Sharks","TIBURON",285730.65,6123413
2019,"Mycteroperca","Demersal marine fishes","CABRILLA",2425031.48,158623320
2019,"Nasolamia","Sharks","TIBURON",68931.25,1468755
2019,"Nematistius","Demersal marine fishes","OTRAS",6818.5,63080
2019,"Nicholsina","Demersal marine fishes","OTRAS",158,2220
2019,"Oligoplites","Pelagic marine fish (excl. anchovy & sardine)","OTRAS",968059.92,2254887
2019,"Opisthonema","Anchovy & Sardine (small pelagics)","SARDINA",202506460.6,361821831
2019,"Orthopristis","Demersal marine fishes","OTRAS",47217,430445
2019,"Panopea","Molluscs excl. Cephalopods","ALMEJA",1489128,53740840.92
2019,"Panulirus","Crustaceans","LANGOSTA",325724.9,79324896
2019,"Paralabrax","Demersal marine fishes","OTRAS",1327692.35,24835405
2019,"Paranthias","Demersal marine fishes","OTRAS",56498.6,859915
2019,"Parapsettus","Demersal marine fishes","OTRAS",29072,706600
2019,"Penaeus","Shrimps, prawns","CAMARON",33009763.264,2761339620.279
2019,"Prionace","Sharks","TIBURON",1356848.9,20255075
2019,"Pseudobatos","Demersal marine fishes","RAYA Y SIMILARES",873418.9,11690294
2019,"Pseudupeneus","Demersal marine fishes","OTRAS",571.5,23370
2019,"Rimapenaeus","Shrimps, prawns","CAMARON",87683.15,3391088.6395
2019,"Sarda","Pelagic marine fish (excl. anchovy & sardine)","BONITO",4431263,79532059
2019,"Sardinops","Anchovy & Sardine (small pelagics)","SARDINA",154742174.74,261767688.5
2019,"Scomber","Pelagic marine fish (excl. anchovy & sardine)","MACARELA",87784529.12,153661404
2019,"Scomberomorus","Pelagic marine fish (excl. anchovy & sardine)","SIERRA",8466679.411,182392213.76
2019,"Scorpaena","Demersal marine fishes","OTRAS",20155.6,376142
2019,"Selene","Pelagic marine fish (excl. anchovy & sardine)","OTRAS",712122.8,6671650
2019,"Seriola","Pelagic marine fish (excl. anchovy & sardine)","ESMEDREGAL",1358576.6,41008572.5
2019,"Sicyonia","Shrimps, prawns","CAMARON",8150.4,813060
2019,"Sphoeroides","Demersal marine fishes","OTRAS",1030124.7,60475494.6394
2019,"Sphyraena","Pelagic marine fish (excl. anchovy & sardine)","OTRAS",5211,153450
2019,"Sphyrna","Sharks","TIBURON",1064226.6,16127211
2019,"Squatina","Sharks","TIBURON",823680.35,11381644
2019,"Stereolepis","Demersal marine fishes","OTRAS",1847.4,37300
2019,"Stomolophus","Jellies","OTRAS",45417673,135426987.3
2019,"Synodus","Demersal marine fishes","OTRAS",512826.1,4891878
2019,"Thunnus","Pelagic marine fish (excl. anchovy & sardine)","ATUN",74978715.52,892370279
2019,"Trachinotus","Pelagic marine fish (excl. anchovy & sardine)","PAMPANO",277712.1,5036531
2019,"Trichiurus","Pelagic marine fish (excl. anchovy & sardine)","CINTILLA",8283,573080
2019,"Turbo","Molluscs excl. Cephalopods","CARACOL",10073,343884.85
2019,"Xiphias","Pelagic marine fish (excl. anchovy & sardine)","OTRAS",599084,37749583
2020,"Ablennes","Pelagic marine fish (excl. anchovy & sardine)","OTRAS",14231,271186
2020,"Acanthurus","Demersal marine fishes","OTRAS",26199,977439
2020,"Aetobatus","Demersal marine fishes","RAYA Y SIMILARES",55266.25,659255
2020,"Alopias","Sharks","TIBURON",1189933.45,20129876
2020,"Anisotremus","Demersal marine fishes","OTRAS",54134.3,1465967
2020,"Anoplopoma","Demersal marine fishes","OTRAS",6863.3,465590
2020,"Argopecten","Molluscs excl. Cephalopods","ALMEJA",755530,5683019
2020,"Ariopsis","Demersal marine fishes","BAGRE",27047.4,404200
2020,"Balistes","Demersal marine fishes","OTRAS",2502574.65,37808967.6
2020,"Brotula","Demersal marine fishes","LENGUADO",931644.5,86902207
2020,"Calamus","Demersal marine fishes","MOJARRA",15151,238354
2020,"Callinectes","Crustaceans","JAIBA",1611933,53843296.85
2020,"Caranx","Pelagic marine fish (excl. anchovy & sardine)","OTRAS",37395.2,1350680
2020,"Carcharhinus","Sharks","TIBURON",3761901.25,53209918
2020,"Caulolatilus","Demersal marine fishes","PIERNA",308493.8,7129041
2020,"Centropomus","Demersal marine fishes","ROBALO",1242104.2,77650210.3
2020,"Cetengraulis","Anchovy & Sardine (small pelagics)","SARDINA",12589607.98,19722096
2020,"Chanos","Diadromous fishes","OTRAS",250275,2830134
2020,"Chione","Molluscs excl. Cephalopods","ALMEJA",171420,2363925
2020,"Coryphaena","Pelagic marine fish (excl. anchovy & sardine)","OTRAS",126863.8,3873887
2020,"Cynoscion","Demersal marine fishes","CORVINA",3138635.191,105413979.1967
2020,"Diapterus","Demersal marine fishes","MOJARRA",52863,563940
2020,"Diplectrum","Demersal marine fishes","OTRAS",111998.8,8884280
2020,"Dosidicus","Cephalopods","CALAMAR",302444.4,6162464.4
2020,"Dosinia","Molluscs excl. Cephalopods","ALMEJA",1202131,7938149.75
2020,"Epinephelus","Demersal marine fishes","MERO",49410.3,1840607
2020,"Especies","Echinoderms","PEPINO DE MAR",110466,1252981
2020,"Etrumeus","Anchovy & Sardine (small pelagics)","SARDINA",6914008.32,14347342
2020,"Eucinostomus","Demersal marine fishes","MOJARRA",106383.3,1690107
2020,"Eugerres","Demersal marine fishes","MOJARRA",58767,482732
2020,"Euthynnus","Pelagic marine fish (excl. anchovy & sardine)","BARRILETE",1431477,17299966
2020,"Farfantepenaeus","Shrimps, prawns","CAMARON",115814,7485542
2020,"Galeocerdo","Sharks","TIBURON",9407.5,110672
2020,"Gelidium","Marine algae","ALGAS",232728,669568
2020,"Gerres","Demersal marine fishes","BANDERA",199940.8,2266402
2020,"Ginglymostoma","Sharks","TIBURON",961,10977
2020,"Haemulon","Demersal marine fishes","OTRAS",785203.55,9781266
2020,"Haemulopsis","Demersal marine fishes","RONCO",129577.6,2139140
2020,"Haliotis","Molluscs excl. Cephalopods","ABULON",3571.8,548490
2020,"Hexaplex","Molluscs excl. Cephalopods","CARACOL",1703916,19256192
2020,"Hoplopagrus","Demersal marine fishes","PARGO",142828.2,5633623
2020,"Hypanus","Demersal marine fishes","RAYA Y SIMILARES",2156764.2,22649967
2020,"Hyporthodus","Demersal marine fishes","MERO",2566944.95,141134457
2020,"Istiophorus","Pelagic marine fish (excl. anchovy & sardine)","OTRAS",27058.4,606149
2020,"Isurus","Sharks","TIBURON",647138.1,12149250
2020,"Katsuwonus","Pelagic marine fish (excl. anchovy & sardine)","BARRILETE",5282919,62876861
2020,"Lamna","Sharks","TIBURON",68920.75,3368598
2020,"Larimus","Demersal marine fishes","CORVINA",4015,185810
2020,"Litopenaeus","Shrimps, prawns","CAMARON",156384894.1,14879527189.41
2020,"Lobatus","Molluscs excl. Cephalopods","CARACOL",14116,1108010
2020,"Lutjanus","Demersal marine fishes","GUACHINANGO",6227918.27,336286027.51
2020,"Megapitaria","Molluscs excl. Cephalopods","ALMEJA",242844,3887825
2020,"Megastraea","Molluscs excl. Cephalopods","CARACOL",106104,743400
2020,"Menticirrhus","Demersal marine fishes","BERRUGATA",36222.5,386636
2020,"Merluccius","Demersal marine fishes","OTRAS",4945353.5,56963048
2020,"Mesocentrotus","Echinoderms","ERIZO",2856,185300
2020,"Microlepidotus","Demersal marine fishes","OTRAS",157533,1267576
2020,"Micropogonias","Demersal marine fishes","BERRUGATA",4424973.95,65933520
2020,"Mugil","Demersal marine fishes","LISA",2383624.2,35093960.6
2020,"Mustelus","Sharks","TIBURON",351542,4795080
2020,"Mycteroperca","Demersal marine fishes","CABRILLA",915405.8,42482234
2020,"Nasolamia","Sharks","TIBURON",32813.25,993600
2020,"Nematistius","Demersal marine fishes","OTRAS",7313.5,84980
2020,"Nicholsina","Demersal marine fishes","OTRAS",1171.9,23640
2020,"Oligoplites","Pelagic marine fish (excl. anchovy & sardine)","OTRAS",846747.52,1227033
2020,"Opisthonema","Anchovy & Sardine (small pelagics)","SARDINA",168548647.28,305595347
2020,"Orthopristis","Demersal marine fishes","OTRAS",102802,939068
2020,"Panopea","Molluscs excl. Cephalopods","ALMEJA",1833176,54946976.62
2020,"Panulirus","Crustaceans","LANGOSTA",237444.3,81943763
2020,"Paralabrax","Demersal marine fishes","OTRAS",1509984.8,29013793.1
2020,"Paranthias","Demersal marine fishes","OTRAS",56635.8,885139
2020,"Parapsettus","Demersal marine fishes","OTRAS",6368,120715
2020,"Penaeus","Shrimps, prawns","CAMARON",29692882.044,2533506379.6791
2020,"Prionace","Sharks","TIBURON",1021208.8,13892063
2020,"Pseudobatos","Demersal marine fishes","RAYA Y SIMILARES",605310,7248098.5
2020,"Pseudupeneus","Demersal marine fishes","OTRAS",1499.2,110250
2020,"Rimapenaeus","Shrimps, prawns","CAMARON",97055.4,3013747
2020,"Sarda","Pelagic marine fish (excl. anchovy & sardine)","BONITO",2648724.7,38686579
2020,"Sardinops","Anchovy & Sardine (small pelagics)","SARDINA",241538082.6,414967366
2020,"Scomber","Pelagic marine fish (excl. anchovy & sardine)","MACARELA",46107519.76,495614538
2020,"Scomberomorus","Pelagic marine fish (excl. anchovy & sardine)","SIERRA",7623371.51,170397880.5
2020,"Scorpaena","Demersal marine fishes","OTRAS",2505.9,36947
2020,"Selene","Pelagic marine fish (excl. anchovy & sardine)","OTRAS",514379.9,4482707
2020,"Seriola","Pelagic marine fish (excl. anchovy & sardine)","ESMEDREGAL",1012553.4,26355562
2020,"Sicyonia","Shrimps, prawns","CAMARON",8881.2,801480
2020,"Sphoeroides","Demersal marine fishes","OTRAS",666519.25,37707469.35
2020,"Sphyraena","Pelagic marine fish (excl. anchovy & sardine)","OTRAS",4970,122803
2020,"Sphyrna","Sharks","TIBURON",1243052.15,19979396
2020,"Squatina","Sharks","TIBURON",584932.5,8591073
2020,"Stereolepis","Demersal marine fishes","OTRAS",1018.8,37860
2020,"Stomolophus","Jellies","OTRAS",12369021,30577238.1
2020,"Strongylocentrotus","Echinoderms","ERIZO",900,62000
2020,"Synodus","Demersal marine fishes","OTRAS",304551.2,2397472
2020,"Thunnus","Pelagic marine fish (excl. anchovy & sardine)","ATUN",77638455.74,892436194
2020,"Trachinotus","Pelagic marine fish (excl. anchovy & sardine)","PAMPANO",157287.2,3051361
2020,"Trichiurus","Pelagic marine fish (excl. anchovy & sardine)","CINTILLA",9433,511330
2020,"Turbo","Molluscs excl. Cephalopods","CARACOL",7351,392750.63
2020,"Xiphias","Pelagic marine fish (excl. anchovy & sardine)","OTRAS",611032.5,41182944
2021,"Ablennes","Pelagic marine fish (excl. anchovy & sardine)","OTRAS",23762.5,514195
2021,"Acanthurus","Demersal marine fishes","OTRAS",8128,393077
2021,"Aetobatus","Demersal marine fishes","RAYA Y SIMILARES",17651.1,230880
2021,"Alopias","Sharks","TIBURON",1005623.1,13171073
2021,"Anisotremus","Demersal marine fishes","OTRAS",71136,1758215
2021,"Anoplopoma","Demersal marine fishes","OTRAS",3249.6,226010
2021,"Argopecten","Molluscs excl. Cephalopods","ALMEJA",3111656,29896021
2021,"Ariopsis","Demersal marine fishes","BAGRE",19384.7,226903
2021,"Balistes","Demersal marine fishes","OTRAS",2599955.25,40844821
2021,"Brotula","Demersal marine fishes","LENGUADO",1597091.2,38768219
2021,"Calamus","Demersal marine fishes","MOJARRA",9946,150130
2021,"Callinectes","Crustaceans","JAIBA",2261087,76449322.5
2021,"Caranx","Pelagic marine fish (excl. anchovy & sardine)","OTRAS",55714.1,1633438
2021,"Carcharhinus","Sharks","TIBURON",3211628.25,39819159
2021,"Caulolatilus","Demersal marine fishes","PIERNA",527526,10032041
2021,"Centropomus","Demersal marine fishes","ROBALO",1653638.38,114376960
2021,"Cetengraulis","Anchovy & Sardine (small pelagics)","SARDINA",117062060.04,207934159
2021,"Chanos","Diadromous fishes","OTRAS",422050.8,4449058
2021,"Chione","Molluscs excl. Cephalopods","ALMEJA",231602,3438045
2021,"Coryphaena","Pelagic marine fish (excl. anchovy & sardine)","OTRAS",122226.8,3759107
2021,"Cynoscion","Demersal marine fishes","CORVINA",4530806.05,94599715.29
2021,"Diapterus","Demersal marine fishes","MOJARRA",35376,599172
2021,"Diplectrum","Demersal marine fishes","OTRAS",100063.5,8854073
2021,"Dosidicus","Cephalopods","CALAMAR",692971.75,17180291
2021,"Dosinia","Molluscs excl. Cephalopods","ALMEJA",1327512,10260278.84
2021,"Epinephelus","Demersal marine fishes","MERO",59909.5,2285712
2021,"Especies","Echinoderms","PEPINO DE MAR",104708,1072630
2021,"Etrumeus","Anchovy & Sardine (small pelagics)","SARDINA",3543139.96,6543623
2021,"Eucinostomus","Demersal marine fishes","MOJARRA",100859.5,1619747
2021,"Eugerres","Demersal marine fishes","MOJARRA",44521,476181
2021,"Euthynnus","Pelagic marine fish (excl. anchovy & sardine)","BARRILETE",2078659,20849113
2021,"Farfantepenaeus","Shrimps, prawns","CAMARON",339417.6,23304279
2021,"Galeocerdo","Sharks","TIBURON",2387.75,34506
2021,"Gelidium","Marine algae","ALGAS",150000,175000
2021,"Gerres","Demersal marine fishes","BANDERA",107196.1,1422889
2021,"Ginglymostoma","Sharks","TIBURON",381.4,5677
2021,"Haemulon","Demersal marine fishes","OTRAS",724375.45,9038362
2021,"Haemulopsis","Demersal marine fishes","RONCO",130517.2,2271578
2021,"Haliotis","Molluscs excl. Cephalopods","ABULON",119,2500
2021,"Hexaplex","Molluscs excl. Cephalopods","CARACOL",1189550,13428050
2021,"Hoplopagrus","Demersal marine fishes","PARGO",143173.9,5818694
2021,"Hypanus","Demersal marine fishes","RAYA Y SIMILARES",2710962.6,29046451
2021,"Hyporthodus","Demersal marine fishes","MERO",1874853.95,102173029
2021,"Istiophorus","Pelagic marine fish (excl. anchovy & sardine)","OTRAS",22896.75,396900
2021,"Isurus","Sharks","TIBURON",796511,9888285
2021,"Katsuwonus","Pelagic marine fish (excl. anchovy & sardine)","BARRILETE",5004082.2,46002414
2021,"Lamna","Sharks","TIBURON",294906.85,4426644
2021,"Larimus","Demersal marine fishes","CORVINA",4264,83956
2021,"Litopenaeus","Shrimps, prawns","CAMARON",167808729.6,16800124950.05
2021,"Lobatus","Molluscs excl. Cephalopods","CARACOL",49155,907042
2021,"Lutjanus","Demersal marine fishes","GUACHINANGO",5217189.6,295828289.39
2021,"Megapitaria","Molluscs excl. Cephalopods","ALMEJA",404875,5646283
2021,"Megastraea","Molluscs excl. Cephalopods","CARACOL",36181,428415
2021,"Menticirrhus","Demersal marine fishes","BERRUGATA",37380.9,561206
2021,"Merluccius","Demersal marine fishes","OTRAS",8074232.2,78619061
2021,"Mesocentrotus","Echinoderms","ERIZO",336,10000
2021,"Microlepidotus","Demersal marine fishes","OTRAS",49473,880965
2021,"Micropogonias","Demersal marine fishes","BERRUGATA",11872738.8,148524513.9
2021,"Mugil","Demersal marine fishes","LISA",1552090.7,19555707
2021,"Mustelus","Sharks","TIBURON",457872.5,6404254
2021,"Mycteroperca","Demersal marine fishes","CABRILLA",1161390.85,51954173.64
2021,"Nasolamia","Sharks","TIBURON",56642.5,1689025
2021,"Nematistius","Demersal marine fishes","OTRAS",8841.1,104125
2021,"Nicholsina","Demersal marine fishes","OTRAS",583,10583
2021,"Oligoplites","Pelagic marine fish (excl. anchovy & sardine)","OTRAS",906294.96,2646066
2021,"Opisthonema","Anchovy & Sardine (small pelagics)","SARDINA",171821495.64,425572127
2021,"Orthopristis","Demersal marine fishes","OTRAS",125155,1350696
2021,"Panopea","Molluscs excl. Cephalopods","ALMEJA",1944951,62293764.31
2021,"Panulirus","Crustaceans","LANGOSTA",185713,45386890
2021,"Paralabrax","Demersal marine fishes","OTRAS",1712477.7,32996265
2021,"Paranthias","Demersal marine fishes","OTRAS",140847.8,2237494
2021,"Parapsettus","Demersal marine fishes","OTRAS",17631,351557
2021,"Penaeus","Shrimps, prawns","CAMARON",36485763.69,3173956269.53
2021,"Prionace","Sharks","TIBURON",964986.6,13895074
2021,"Pseudobatos","Demersal marine fishes","RAYA Y SIMILARES",828288.1,10491157.5
2021,"Pseudupeneus","Demersal marine fishes","OTRAS",1603.1,129990
2021,"Rimapenaeus","Shrimps, prawns","CAMARON",70639.2,2439320
2021,"Sarda","Pelagic marine fish (excl. anchovy & sardine)","BONITO",5395028.55,84990593
2021,"Sardinops","Anchovy & Sardine (small pelagics)","SARDINA",246899399.6,465828095
2021,"Scomber","Pelagic marine fish (excl. anchovy & sardine)","MACARELA",26327682.52,58047794
2021,"Scomberomorus","Pelagic marine fish (excl. anchovy & sardine)","SIERRA",9207270.83,217089805.93
2021,"Scorpaena","Demersal marine fishes","OTRAS",10753,191844
2021,"Selene","Pelagic marine fish (excl. anchovy & sardine)","OTRAS",595681.7,5474236
2021,"Seriola","Pelagic marine fish (excl. anchovy & sardine)","ESMEDREGAL",1490677.6,32636336
2021,"Sicyonia","Shrimps, prawns","CAMARON",22857.6,2100080
2021,"Sphoeroides","Demersal marine fishes","OTRAS",510478.4,20886352.35
2021,"Sphyraena","Pelagic marine fish (excl. anchovy & sardine)","OTRAS",4300,106099
2021,"Sphyrna","Sharks","TIBURON",1321476.65,15362006
2021,"Squatina","Sharks","TIBURON",678864.9,10572022
2021,"Stereolepis","Demersal marine fishes","OTRAS",4614.5,235820
2021,"Stomolophus","Jellies","OTRAS",78489089,283939991.6
2021,"Synodus","Demersal marine fishes","OTRAS",371446.7,2988486
2021,"Thunnus","Pelagic marine fish (excl. anchovy & sardine)","ATUN",78241993.2,811821337
2021,"Trachinotus","Pelagic marine fish (excl. anchovy & sardine)","PAMPANO",247339.4,3089977
2021,"Trichiurus","Pelagic marine fish (excl. anchovy & sardine)","CINTILLA",6043,317240
2021,"Turbo","Molluscs excl. Cephalopods","CARACOL",6941,260559.83
2021,"Xiphias","Pelagic marine fish (excl. anchovy & sardine)","OTRAS",431339,25283345
2022,"Ablennes","Pelagic marine fish (excl. anchovy & sardine)","OTRAS",30911.45,733322
2022,"Acanthurus","Demersal marine fishes","OTRAS",14828,686155
2022,"Aetobatus","Demersal marine fishes","RAYA Y SIMILARES",76634.3,1694866
2022,"Alopias","Sharks","TIBURON",1003197.1,15281767
2022,"Anisotremus","Demersal marine fishes","OTRAS",121578.45,5341669
2022,"Anoplopoma","Demersal marine fishes","OTRAS",5911.4,381600
2022,"Argopecten","Molluscs excl. Cephalopods","ALMEJA",6231301,50340969
2022,"Ariopsis","Demersal marine fishes","BAGRE",19487,391123
2022,"Balistes","Demersal marine fishes","OTRAS",2445170.9,45559853
2022,"Brotula","Demersal marine fishes","LENGUADO",1570605,35571167
2022,"Calamus","Demersal marine fishes","MOJARRA",12445,144110
2022,"Callinectes","Crustaceans","JAIBA",2341690,90065895
2022,"Caranx","Pelagic marine fish (excl. anchovy & sardine)","OTRAS",98695.1,1391707
2022,"Carcharhinus","Sharks","TIBURON",2944689.8,30077273.55
2022,"Caulolatilus","Demersal marine fishes","PIERNA",441946.05,11235003
2022,"Centropomus","Demersal marine fishes","ROBALO",1256894.74,76483918
2022,"Cetengraulis","Anchovy & Sardine (small pelagics)","SARDINA",63428994.88,121312245.32
2022,"Chanos","Diadromous fishes","OTRAS",397430.7,4764643
2022,"Chione","Molluscs excl. Cephalopods","ALMEJA",649963,5374220
2022,"Coryphaena","Pelagic marine fish (excl. anchovy & sardine)","OTRAS",165685.05,5132670
2022,"Cynoscion","Demersal marine fishes","CORVINA",3341150.45,104537651
2022,"Diapterus","Demersal marine fishes","MOJARRA",71749,1029018
2022,"Diplectrum","Demersal marine fishes","OTRAS",111938.45,9278393
2022,"Dosidicus","Cephalopods","CALAMAR",848586.35,26712195
2022,"Dosinia","Molluscs excl. Cephalopods","ALMEJA",1661011,12796502.08
2022,"Epinephelus","Demersal marine fishes","MERO",29583.3,1151667
2022,"Especies","Echinoderms","PEPINO DE MAR",13724,643810
2022,"Etrumeus","Anchovy & Sardine (small pelagics)","SARDINA",4103045.28,8457495.5
2022,"Eucinostomus","Demersal marine fishes","MOJARRA",266225,3536855
2022,"Eugerres","Demersal marine fishes","MOJARRA",85586,918729
2022,"Euthynnus","Pelagic marine fish (excl. anchovy & sardine)","BARRILETE",2521459,26941160
2022,"Farfantepenaeus","Shrimps, prawns","CAMARON",283780.2,19509719
2022,"Galeocerdo","Sharks","TIBURON",6007.3,126996
2022,"Gelidium","Marine algae","ALGAS",1400,8400
2022,"Gerres","Demersal marine fishes","BANDERA",156813.9,3328330
2022,"Ginglymostoma","Sharks","TIBURON",1325.8,25174
2022,"Haemulon","Demersal marine fishes","OTRAS",745138.25,9174161
2022,"Haemulopsis","Demersal marine fishes","RONCO",143721.3,2484706
2022,"Haliotis","Molluscs excl. Cephalopods","ABULON",218.06,15400
2022,"Hexaplex","Molluscs excl. Cephalopods","CARACOL",741521,14616688.8
2022,"Hoplopagrus","Demersal marine fishes","PARGO",182264.6,10160785
2022,"Hypanus","Demersal marine fishes","RAYA Y SIMILARES",2439022.5,32446301
2022,"Hyporthodus","Demersal marine fishes","MERO",1588719.5,96264999
2022,"Istiophorus","Pelagic marine fish (excl. anchovy & sardine)","OTRAS",32216,609889
2022,"Isurus","Sharks","TIBURON",855813.85,25114750
2022,"Katsuwonus","Pelagic marine fish (excl. anchovy & sardine)","BARRILETE",7828357.4,70714711
2022,"Lamna","Sharks","TIBURON",45550.4,761250
2022,"Larimus","Demersal marine fishes","CORVINA",3409,95865
2022,"Litopenaeus","Shrimps, prawns","CAMARON",183948047,21608446083.48
2022,"Lobatus","Molluscs excl. Cephalopods","CARACOL",34072,1195160
2022,"Lutjanus","Demersal marine fishes","GUACHINANGO",5034521.35,335836294.81
2022,"Megapitaria","Molluscs excl. Cephalopods","ALMEJA",875108,11409680
2022,"Megastraea","Molluscs excl. Cephalopods","CARACOL",116628,769100
2022,"Menticirrhus","Demersal marine fishes","BERRUGATA",43210.2,501402
2022,"Merluccius","Demersal marine fishes","OTRAS",18466921.1,176557270.5
2022,"Mesocentrotus","Echinoderms","ERIZO",1862,261100
2022,"Microlepidotus","Demersal marine fishes","OTRAS",40871,807448
2022,"Micropogonias","Demersal marine fishes","BERRUGATA",10831920.8,162851151.96
2022,"Mugil","Demersal marine fishes","LISA",2197419.6,30007620
2022,"Mustelus","Sharks","TIBURON",545945.35,8307635
2022,"Mycteroperca","Demersal marine fishes","CABRILLA",1112037.25,57058612
2022,"Nasolamia","Sharks","TIBURON",23594.5,531635
2022,"Nematistius","Demersal marine fishes","OTRAS",2372,26454
2022,"Nicholsina","Demersal marine fishes","OTRAS",892.1,18873
2022,"Oligoplites","Pelagic marine fish (excl. anchovy & sardine)","OTRAS",977357.48,3980626.25
2022,"Opisthonema","Anchovy & Sardine (small pelagics)","SARDINA",211423765.72,494413003.65
2022,"Orthopristis","Demersal marine fishes","OTRAS",71499,908759
2022,"Panopea","Molluscs excl. Cephalopods","ALMEJA",1928645,80884840.88
2022,"Panulirus","Crustaceans","LANGOSTA",211767,59668549
2022,"Paralabrax","Demersal marine fishes","OTRAS",1669730.7,33048973
2022,"Paranthias","Demersal marine fishes","OTRAS",16386.3,242061
2022,"Parapsettus","Demersal marine fishes","OTRAS",35705,1970330
2022,"Penaeus","Shrimps, prawns","CAMARON",40417476.54,3587617610.86
2022,"Prionace","Sharks","TIBURON",1822697.85,34831829
2022,"Pseudobatos","Demersal marine fishes","RAYA Y SIMILARES",535438.2,7035138
2022,"Pseudupeneus","Demersal marine fishes","OTRAS",22,800
2022,"Rimapenaeus","Shrimps, prawns","CAMARON",88096,3513512
2022,"Sarda","Pelagic marine fish (excl. anchovy & sardine)","BONITO",2456871,40354007
2022,"Sardinops","Anchovy & Sardine (small pelagics)","SARDINA",74797178.16,144955948.67
2022,"Scomber","Pelagic marine fish (excl. anchovy & sardine)","MACARELA",31721364.24,66963853.43
2022,"Scomberomorus","Pelagic marine fish (excl. anchovy & sardine)","SIERRA",10889337.89,244883938.06
2022,"Scorpaena","Demersal marine fishes","OTRAS",5297.7,174882
2022,"Selene","Pelagic marine fish (excl. anchovy & sardine)","OTRAS",414112.1,3819415
2022,"Seriola","Pelagic marine fish (excl. anchovy & sardine)","ESMEDREGAL",1584792.8,45610061
2022,"Sicyonia","Shrimps, prawns","CAMARON",528,7050
2022,"Sphoeroides","Demersal marine fishes","OTRAS",864007.55,42020641
2022,"Sphyraena","Pelagic marine fish (excl. anchovy & sardine)","OTRAS",4998,147661
2022,"Sphyrna","Sharks","TIBURON",488853.65,7724219
2022,"Squatina","Sharks","TIBURON",475360.2,8984447
2022,"Stereolepis","Demersal marine fishes","OTRAS",2185.2,97562
2022,"Stomolophus","Jellies","OTRAS",55280697,169231014.6
2022,"Strongylocentrotus","Echinoderms","ERIZO",900,5400
2022,"Synodus","Demersal marine fishes","OTRAS",417309.9,6843091
2022,"Thunnus","Pelagic marine fish (excl. anchovy & sardine)","ATUN",88279609.4,976685768
2022,"Trachinotus","Pelagic marine fish (excl. anchovy & sardine)","PAMPANO",185762.6,4113308
2022,"Trichiurus","Pelagic marine fish (excl. anchovy & sardine)","CINTILLA",3477,205670
2022,"Turbo","Molluscs excl. Cephalopods","CARACOL",8451,290690.45
2022,"Xiphias","Pelagic marine fish (excl. anchovy & sardine)","OTRAS",569216.25,33253797
2023,"Ablennes","Pelagic marine fish (excl. anchovy & sardine)","OTRAS",32112,804009
2023,"Acanthurus","Demersal marine fishes","OTRAS",10614,539510
2023,"Aetobatus","Demersal marine fishes","RAYA Y SIMILARES",39225,687796
2023,"Alopias","Sharks","TIBURON",1728924,25690031
2023,"Anisotremus","Demersal marine fishes","OTRAS",227163,6282338
2023,"Anoplopoma","Demersal marine fishes","OTRAS",33343,1005875
2023,"Argopecten","Molluscs excl. Cephalopods","ALMEJA",317164,4632759
2023,"Ariopsis","Demersal marine fishes","BAGRE",25458,461780
2023,"Balistes","Demersal marine fishes","OTRAS",3018157,52410947
2023,"Brotula","Demersal marine fishes","LENGUADO",1535647,35005041
2023,"Calamus","Demersal marine fishes","MOJARRA",12459,166150
2023,"Callinectes","Crustaceans","JAIBA",3691041,143127965
2023,"Caranx","Pelagic marine fish (excl. anchovy & sardine)","OTRAS",164200,3609542
2023,"Carcharhinus","Sharks","TIBURON",3853435,50344812
2023,"Caulolatilus","Demersal marine fishes","PIERNA",401009,9970522
2023,"Centropomus","Demersal marine fishes","ROBALO",1141721,72207043
2023,"Cetengraulis","Anchovy & Sardine (small pelagics)","SARDINA",223069249,482662459
2023,"Chanos","Diadromous fishes","OTRAS",586440,5401683
2023,"Chione","Molluscs excl. Cephalopods","ALMEJA",280833,4150493
2023,"Coryphaena","Pelagic marine fish (excl. anchovy & sardine)","OTRAS",184596,5474058
2023,"Cynoscion","Demersal marine fishes","CORVINA",4576527,126310409
2023,"Diapterus","Demersal marine fishes","MOJARRA",33576,483092
2023,"Diplectrum","Demersal marine fishes","OTRAS",94389,7380560
2023,"Dosidicus","Cephalopods","CALAMAR",1117009,34045789
2023,"Dosinia","Molluscs excl. Cephalopods","ALMEJA",1419905,10386661
2023,"Epinephelus","Demersal marine fishes","MERO",24522,291771
2023,"Especies","Echinoderms","PEPINO DE MAR",5,125
2023,"Etrumeus","Anchovy & Sardine (small pelagics)","SARDINA",4099559,8924284
2023,"Eucinostomus","Demersal marine fishes","MOJARRA",253683,5413285
2023,"Eugerres","Demersal marine fishes","MOJARRA",75998,907851
2023,"Euthynnus","Pelagic marine fish (excl. anchovy & sardine)","BARRILETE",1007120,11235746
2023,"Farfantepenaeus","Shrimps, prawns","CAMARON",45136,2796140
2023,"Galeocerdo","Sharks","TIBURON",11521,232019
2023,"Gerres","Demersal marine fishes","BANDERA",178224,2668256
2023,"Ginglymostoma","Sharks","TIBURON",1956,34288
2023,"Haemulon","Demersal marine fishes","OTRAS",629199,8074820
2023,"Haemulopsis","Demersal marine fishes","RONCO",120987,2475926
2023,"Haliotis","Molluscs excl. Cephalopods","ABULON",7252,2187025
2023,"Hexaplex","Molluscs excl. Cephalopods","CARACOL",925719,10581186
2023,"Hoplopagrus","Demersal marine fishes","PARGO",151964,7380104
2023,"Hypanus","Demersal marine fishes","RAYA Y SIMILARES",2818128,38498825
2023,"Hyporthodus","Demersal marine fishes","MERO",2096469,128032555
2023,"Istiophorus","Pelagic marine fish (excl. anchovy & sardine)","OTRAS",51186,946740
2023,"Isurus","Sharks","TIBURON",863995,22566559
2023,"Katsuwonus","Pelagic marine fish (excl. anchovy & sardine)","BARRILETE",9198837,86100527
2023,"Lamna","Sharks","TIBURON",2732,42610
2023,"Larimus","Demersal marine fishes","CORVINA",1866,75720
2023,"Lobatus","Molluscs excl. Cephalopods","CARACOL",34857,657200
2023,"Lutjanus","Demersal marine fishes","GUACHINANGO",4968180,341942096
2023,"Megapitaria","Molluscs excl. Cephalopods","ALMEJA",486355,7556150
2023,"Megastraea","Molluscs excl. Cephalopods","CARACOL",43785,312750
2023,"Menticirrhus","Demersal marine fishes","BERRUGATA",62532,1065180
2023,"Merluccius","Demersal marine fishes","OTRAS",19807540,176015551
2023,"Mesocentrotus","Echinoderms","ERIZO",17840,270375
2023,"Microlepidotus","Demersal marine fishes","OTRAS",37009,760298
2023,"Micropogonias","Demersal marine fishes","BERRUGATA",14643950,222354975
2023,"Mugil","Demersal marine fishes","LISA",395627,5455819
2023,"Mustelus","Sharks","TIBURON",435350,7418672
2023,"Mycteroperca","Demersal marine fishes","CABRILLA",1201306,63475102
2023,"Nasolamia","Sharks","TIBURON",24404,502820
2023,"Nematistius","Demersal marine fishes","OTRAS",1871,50811
2023,"Nicholsina","Demersal marine fishes","OTRAS",7749,268960
2023,"Oligoplites","Pelagic marine fish (excl. anchovy & sardine)","OTRAS",905,9050
2023,"Opisthonema","Anchovy & Sardine (small pelagics)","SARDINA",200706537,483938894
2023,"Orthopristis","Demersal marine fishes","OTRAS",66553,690998
2023,"Panopea","Molluscs excl. Cephalopods","ALMEJA",2087752,82640047
2023,"Panulirus","Crustaceans","LANGOSTA",198010,55875115
2023,"Paralabrax","Demersal marine fishes","OTRAS",1761074,38046108
2023,"Paranthias","Demersal marine fishes","OTRAS",6112,107899
2023,"Parapsettus","Demersal marine fishes","OTRAS",8708,158036
2023,"Penaeus","Shrimps, prawns","CAMARON",222118324,22272493654
2023,"Prionace","Sharks","TIBURON",2079833,35872819
2023,"Pseudobatos","Demersal marine fishes","RAYA Y SIMILARES",522604,6768502
2023,"Rimapenaeus","Shrimps, prawns","CAMARON",263225,7204704
2023,"Sardinops","Anchovy & Sardine (small pelagics)","SARDINA",99040239,216392257
2023,"Scomber","Pelagic marine fish (excl. anchovy & sardine)","MACARELA",50800309,121630695
2023,"Scomberomorus","Pelagic marine fish (excl. anchovy & sardine)","SIERRA",10903927,214070675
2023,"Scorpaena","Demersal marine fishes","OTRAS",3793,70682
2023,"Selene","Pelagic marine fish (excl. anchovy & sardine)","OTRAS",355633,3246588
2023,"Seriola","Pelagic marine fish (excl. anchovy & sardine)","ESMEDREGAL",1326580,34847889
2023,"Sicyonia","Shrimps, prawns","CAMARON",630,50550
2023,"Sphoeroides","Demersal marine fishes","OTRAS",978644,47388077
2023,"Sphyraena","Pelagic marine fish (excl. anchovy & sardine)","OTRAS",4657,110678
2023,"Sphyrna","Sharks","TIBURON",840479,10326778
2023,"Squatina","Sharks","TIBURON",469208,7575001
2023,"Stereolepis","Demersal marine fishes","OTRAS",4569,127060
2023,"Stomolophus","Jellies","OTRAS",1906059,5805272
2023,"Synodus","Demersal marine fishes","OTRAS",325146,2693697
2023,"Thunnus","Pelagic marine fish (excl. anchovy & sardine)","ATUN",101763931,1128259280
2023,"Trachinotus","Pelagic marine fish (excl. anchovy & sardine)","PAMPANO",186466,4197147
2023,"Trichiurus","Pelagic marine fish (excl. anchovy & sardine)","CINTILLA",200,26600
2023,"Turbo","Molluscs excl. Cephalopods","CARACOL",11415,263271
2023,"Xiphias","Pelagic marine fish (excl. anchovy & sardine)","OTRAS",420960,24312795
2024,"Ablennes","Pelagic marine fish (excl. anchovy & sardine)","OTRAS",18387.9,426170
2024,"Acanthurus","Demersal marine fishes","OTRAS",7179,345324
2024,"Aetobatus","Demersal marine fishes","RAYA Y SIMILARES",20008.9,353875
2024,"Alopias","Sharks","TIBURON",913881.05,11495539
2024,"Anisotremus","Demersal marine fishes","OTRAS",484584.017,12406317.9
2024,"Anoplopoma","Demersal marine fishes","OTRAS",5326.6,340300
2024,"Argopecten","Molluscs excl. Cephalopods","ALMEJA",387752,3740769
2024,"Ariopsis","Demersal marine fishes","BAGRE",35526.8,421647
2024,"Balistes","Demersal marine fishes","OTRAS",2784333.28,47637766.1
2024,"Brotula","Demersal marine fishes","LENGUADO",1228514.775,26156709.5
2024,"Calamus","Demersal marine fishes","MOJARRA",11628.5,126742
2024,"Caranx","Pelagic marine fish (excl. anchovy & sardine)","OTRAS",140647.7,2673300.5
2024,"Carcharhinus","Sharks","TIBURON",8612992.6,114501272
2024,"Caulolatilus","Demersal marine fishes","PIERNA",271283.95,6405800.4
2024,"Centropomus","Demersal marine fishes","ROBALO",1573685.513,120491529.1
2024,"Cetengraulis","Anchovy & Sardine (small pelagics)","SARDINA",78075835.02,182172983.01
2024,"Chanos","Diadromous fishes","OTRAS",659921,6263617
2024,"Coryphaena","Pelagic marine fish (excl. anchovy & sardine)","OTRAS",140983.58,4559281
2024,"Cynoscion","Demersal marine fishes","CORVINA",6345866.354,165411698.33
2024,"Diapterus","Demersal marine fishes","MOJARRA",60365,737958
2024,"Diplectrum","Demersal marine fishes","OTRAS",105484.7,7012684
2024,"Dosidicus","Cephalopods","CALAMAR",1183391.02,37487031.8
2024,"Dosinia","Molluscs excl. Cephalopods","ALMEJA",1463217,9885565.5
2024,"Epinephelus","Demersal marine fishes","MERO",9404.9,536893
2024,"Especies","Echinoderms","PEPINO DE MAR",255,1275
2024,"Etrumeus","Anchovy & Sardine (small pelagics)","SARDINA",4723042.08,8703509.67
2024,"Eucinostomus","Demersal marine fishes","MOJARRA",373818,6577058
2024,"Eugerres","Demersal marine fishes","MOJARRA",89830,928981
2024,"Euthynnus","Pelagic marine fish (excl. anchovy & sardine)","BARRILETE",1285807,13254370
2024,"Farfantepenaeus","Shrimps, prawns","CAMARON",9566.4,549990
2024,"Galeocerdo","Sharks","TIBURON",46184.25,643429
2024,"Gerres","Demersal marine fishes","BANDERA",369838.6,6875318
2024,"Ginglymostoma","Sharks","TIBURON",862.6,10560
2024,"Haemulon","Demersal marine fishes","OTRAS",783599.35,10540783.2
2024,"Haemulopsis","Demersal marine fishes","RONCO",111005.8,2105150
2024,"Haliotis","Molluscs excl. Cephalopods","ABULON",4889.94,727350
2024,"Hexaplex","Molluscs excl. Cephalopods","CARACOL",219333,2576007
2024,"Hoplopagrus","Demersal marine fishes","PARGO",174942.08,7920526.9
2024,"Hypanus","Demersal marine fishes","RAYA Y SIMILARES",3210633.31,44753425.8
2024,"Hyporthodus","Demersal marine fishes","MERO",2207463.841,130730383.39
2024,"Istiophorus","Pelagic marine fish (excl. anchovy & sardine)","OTRAS",68068.5,1073684.5
2024,"Isurus","Sharks","TIBURON",1039622.925,13631222.9
2024,"Katsuwonus","Pelagic marine fish (excl. anchovy & sardine)","BARRILETE",13539845.93,127222359.71
2024,"Lamna","Sharks","TIBURON",4759.95,80284
2024,"Larimus","Demersal marine fishes","CORVINA",2592,59880
2024,"Lobatus","Molluscs excl. Cephalopods","CARACOL",51045,703870
2024,"Lutjanus","Demersal marine fishes","GUACHINANGO",5028716.6895,316201383.82
2024,"Megapitaria","Molluscs excl. Cephalopods","ALMEJA",42893,1529920
2024,"Megastraea","Molluscs excl. Cephalopods","CARACOL",81193,667105
2024,"Menticirrhus","Demersal marine fishes","BERRUGATA",29083.832,484667.4
2024,"Merluccius","Demersal marine fishes","OTRAS",27453117.7,242378160
2024,"Mesocentrotus","Echinoderms","ERIZO",13088,160497
2024,"Microlepidotus","Demersal marine fishes","OTRAS",43525,973914
2024,"Micropogonias","Demersal marine fishes","BERRUGATA",12947470.35,181590138.6
2024,"Mugil","Demersal marine fishes","LISA",362586.5,4893419
2024,"Mustelus","Sharks","TIBURON",806789.55,12715952.2
2024,"Mycteroperca","Demersal marine fishes","CABRILLA",1011792.774,54064536.05
2024,"Nasolamia","Sharks","TIBURON",31663.75,645548
2024,"Nematistius","Demersal marine fishes","OTRAS",2762,36840
2024,"Nicholsina","Demersal marine fishes","OTRAS",391,10635
2024,"Oligoplites","Pelagic marine fish (excl. anchovy & sardine)","OTRAS",1990,19900
2024,"Opisthonema","Anchovy & Sardine (small pelagics)","SARDINA",234375650.0836,2013290596.496
2024,"Orthopristis","Demersal marine fishes","OTRAS",111531,972929
2024,"Panopea","Molluscs excl. Cephalopods","ALMEJA",1616018.15,52552227.25
2024,"Panulirus","Crustaceans","LANGOSTA",184638.3,50964791
2024,"Paralabrax","Demersal marine fishes","OTRAS",1896787.56,39393705.5
2024,"Paranthias","Demersal marine fishes","OTRAS",5811.35,128202
2024,"Parapsettus","Demersal marine fishes","OTRAS",11650,253415
2024,"Penaeus","Shrimps, prawns","CAMARON",228399423.6467,21430182243.6988
2024,"Prionace","Sharks","TIBURON",5146010.8,59044753
2024,"Pseudobatos","Demersal marine fishes","RAYA Y SIMILARES",737954.9,10071366
2024,"Rimapenaeus","Shrimps, prawns","CAMARON",18480,340000
2024,"Sardinops","Anchovy & Sardine (small pelagics)","SARDINA",31270274.0712,64248054.187
2024,"Scomber","Pelagic marine fish (excl. anchovy & sardine)","MACARELA",33863265.7864,75385687.554
2024,"Scomberomorus","Pelagic marine fish (excl. anchovy & sardine)","SIERRA",12159328.73,276755146.58
2024,"Scorpaena","Demersal marine fishes","OTRAS",1065,13204
2024,"Selene","Pelagic marine fish (excl. anchovy & sardine)","OTRAS",424211.1,4095484
2024,"Seriola","Pelagic marine fish (excl. anchovy & sardine)","ESMEDREGAL",4492.6,165006
2024,"Sicyonia","Shrimps, prawns","CAMARON",800,15000
2024,"Sphoeroides","Demersal marine fishes","OTRAS",999235.155,48741068.909
2024,"Sphyraena","Pelagic marine fish (excl. anchovy & sardine)","OTRAS",2715,56752
2024,"Sphyrna","Sharks","TIBURON",1183627.85,14645824.3
2024,"Squatina","Sharks","TIBURON",557648,9075838
2024,"Stereolepis","Demersal marine fishes","OTRAS",110160.5,1210615
2024,"Stomolophus","Jellies","OTRAS",57235825.07,166998114.297
2024,"Strongylocentrotus","Echinoderms","ERIZO",2800,12100
2024,"Synodus","Demersal marine fishes","OTRAS",443262.6,3577640
2024,"Thunnus","Pelagic marine fish (excl. anchovy & sardine)","ATUN",119250413.29,1353447879.81
2024,"Trachinotus","Pelagic marine fish (excl. anchovy & sardine)","PAMPANO",94257.791,1735277
2024,"Trichiurus","Pelagic marine fish (excl. anchovy & sardine)","CINTILLA",538,67440
2024,"Turbo","Molluscs excl. Cephalopods","CARACOL",8019,131715.44
2024,"Xiphias","Pelagic marine fish (excl. anchovy & sardine)","OTRAS",497036.25,25358690
