sum_protected_area,border_area_km2,percent_protected
39136.66258658,262019.066021062,14.936570525533416
