protection,region,reef,year,nrsi,nrsi_01,latitude,longitude
Lightly Protected,La Paz,ESPIRITU_SANTO_BALLENA,1998,-0.9020469702624981,0.04897651486875093,24.48192949682278,-110.40116759637563
Lightly Protected,La Paz,ESPIRITU_SANTO_PUNTA_LOBOS,1998,-0.1696450505626833,0.41517747471865835,24.475421,-110.289305
Not Protected,Corredor,SAN_JOSE_ANIMAS_NORTE,1998,-0.5977794183047033,0.20111029084764837,25.089485,-110.566779
Not Protected,Corredor,SAN_JOSE_ANIMAS_PINACULOS,1998,0.2819694940826863,0.6409847470413431,25.089468,-110.566743
Lightly Protected,La Paz,ESPIRITU_SANTO_ISLOTES_ESTE,1998,0.006818061593258378,0.5034090307966292,24.598899,-110.399831
Lightly Protected,La Paz,ESPIRITU_SANTO_ISLOTES_NORTE,1998,-0.07881913403745677,0.4605904329812716,24.599432,-110.401188
Lightly Protected,La Paz,ESPIRITU_SANTO_PAILEBOTE,1998,-0.4656309767654187,0.2671845116172906,24.504571,-110.308406
Lightly Protected,La Paz,ESPIRITU_SANTO_PARTIDA_NORESTE,1998,0.06599990846620322,0.5329999542331016,24.562008,-110.366446
Lightly Protected,Loreto,CARMEN_ABISMO,1998,-0.3543560593422268,0.3228219703288866,25.84198452552898,-111.2329723153174
Lightly Protected,Loreto,CARMEN_PUNTA_LOBOS,1998,-0.7793275201268559,0.11033623993657204,26.068839,-111.070127
Lightly Protected,Loreto,CARMEN_PUNTA_PERICO,1998,-0.5676874354977165,0.21615628225114175,25.965265,-111.067303
Lightly Protected,Loreto,CARMEN_TINTORERA,1998,-0.6032636292041409,0.19836818539792955,26.064886,-111.131847
Lightly Protected,Loreto,CORONADO_LAJAS,1998,-0.8394472635373372,0.08027636823133139,26.126188,-111.258743
Not Protected,Loreto,CORONADO_MONO,1998,-0.4546008473378486,0.27269957633107567,26.135304,-111.279106
Not Protected,Loreto,CORONADO_PUNTA_BLANCA,1998,-0.340727972677338,0.329636013661331,26.137812,-111.265291
Lightly Protected,Loreto,DANZANTE_BIZNAGA,1998,-0.40266259160957907,0.29866870419521047,25.815202,-111.260062
Lightly Protected,Loreto,DANZANTE_PUNTA_ESTE,1998,-0.6642447329177196,0.16787763354114021,25.788956,-111.242819
Lightly Protected,Loreto,DANZANTE_PUNTA_NOROESTE,1998,-0.6152482037506596,0.1923758981246702,25.800718,-111.257608
Lightly Protected,Loreto,DANZANTE_PUNTA_SURESTE,1998,-0.5616687419753976,0.2191656290123012,25.763561,-111.243521
Lightly Protected,Loreto,MONSERRAT_GALERAS,1998,-0.5839575938640829,0.20802120306795857,25.742757,-111.046611
Lightly Protected,Loreto,MONSERRAT_PUNTA_SURESTE,1998,-0.2701310587660105,0.36493447061699474,25.675881,-111.011271
Lightly Protected,Loreto,MONSERRAT_REINITA,1998,-0.5144326498813907,0.24278367505930465,25.747822,-111.060217
Fully Protected,Cabo Pulmo,BAJO_CABO_PULMO,1999,-0.024963971932725995,0.487518014033637,23.457861,-109.405463
Fully Protected,Cabo Pulmo,CANTILES_CABO_PULMO,1999,-0.11113248385026381,0.44443375807486807,23.438823,-109.410821
Not Protected,Los Cabos,ARCO_SAN_LUCAS,1999,0.12948724749326365,0.5647436237466318,22.876139,-109.892835
Lightly Protected,La Paz,ESPIRITU_SANTO_BALLENA,1999,0.41286952325783366,0.7064347616289168,24.48192949682278,-110.40116759637563
Lightly Protected,La Paz,ESPIRITU_SANTO_PUNTA_LOBOS,1999,-0.21430102861057584,0.39284948569471206,24.475421,-110.289305
Not Protected,La Ventana,CERRALVO_CARPINTERO,1999,-0.19912023285167887,0.40043988357416055,24.325082211886304,-109.93980755813953
Not Protected,La Ventana,CERRALVO_REINA,1999,0.1478389484448131,0.5739194742224065,24.388762,-109.939961
Not Protected,Corredor,SAN_JOSE_ANIMAS_NORTE,1999,0.20939694657423483,0.6046984732871175,25.089485,-110.566779
Not Protected,Corredor,SAN_JOSE_ANIMAS_PINACULOS,1999,0.15598001467825653,0.5779900073391283,25.089468,-110.566743
Lightly Protected,La Paz,ESPIRITU_SANTO_ISLOTES_ESTE,1999,-0.20668132387533114,0.39665933806233444,24.598899,-110.399831
Lightly Protected,La Paz,ESPIRITU_SANTO_ISLOTES_NORTE,1999,0.2532449177941205,0.6266224588970603,24.599432,-110.401188
Lightly Protected,La Paz,ESPIRITU_SANTO_PAILEBOTE,1999,-0.4596097682073053,0.27019511589634737,24.504571,-110.308406
Lightly Protected,La Paz,ESPIRITU_SANTO_PARTIDA_NORESTE,1999,-0.12225838164594677,0.4388708091770266,24.562008,-110.366446
Lightly Protected,Loreto,CARMEN_ABISMO,1999,-0.38222079413113363,0.3088896029344332,25.84198452552898,-111.2329723153174
Lightly Protected,Loreto,CARMEN_PUNTA_LOBOS,1999,0.07949978707193013,0.539749893535965,26.068839,-111.070127
Lightly Protected,Loreto,CARMEN_PUNTA_PERICO,1999,0.12462222166408209,0.562311110832041,25.965265,-111.067303
Lightly Protected,Loreto,CORONADO_LAJAS,1999,-0.15145514202610116,0.4242724289869494,26.126188,-111.258743
Not Protected,Loreto,CORONADO_MONO,1999,-0.16828651165421016,0.4158567441728949,26.135304,-111.279106
Not Protected,Loreto,CORONADO_PUNTA_BLANCA,1999,0.10933333428835583,0.5546666671441779,26.137812,-111.265291
Lightly Protected,Loreto,DANZANTE_BIZNAGA,1999,-0.4939814981237578,0.2530092509381211,25.815202,-111.260062
Lightly Protected,Loreto,DANZANTE_PUNTA_ESTE,1999,-0.26751430654437586,0.36624284672781204,25.788956,-111.242819
Lightly Protected,Loreto,DANZANTE_PUNTA_NOROESTE,1999,-0.4649128215683583,0.2675435892158209,25.800718,-111.257608
Lightly Protected,Loreto,DANZANTE_PUNTA_SURESTE,1999,-0.386630287304208,0.306684856347896,25.763561,-111.243521
Lightly Protected,Loreto,MONSERRAT_GALERAS,1999,-0.27849922545288125,0.36075038727355935,25.742757,-111.046611
Lightly Protected,Loreto,MONSERRAT_PUNTA_SURESTE,1999,0.06504775937744796,0.53252387968872394,25.675881,-111.011271
Lightly Protected,Loreto,MONSERRAT_REINITA,1999,0.011635780555710013,0.505817890277855,25.747822,-111.060217
Not Protected,Santa Rosalia,TORTUGA_PUNTA_OESTE,1999,-0.3195069085796381,0.340246545710181,27.450869,-111.902138
Lightly Protected,Alto Golfo,SALSIPUEDES,1999,-0.29626063649825435,0.35186968175087285,28.718917588921283,-112.94885127405249
Fully Protected,Cabo Pulmo,CANTIL_MEDIO,2000,-0.16065152033269306,0.4196742398336535,23.434309,-109.414791
Fully Protected,Cabo Pulmo,MORROS_CABO_PULMO,2000,-0.12570483426796028,0.43714758286601985,23.461938,-109.407203
Lightly Protected,La Paz,ESPIRITU_SANTO_BALLENA,2000,-0.2140879124319686,0.3929560437840157,24.48192949682278,-110.40116759637563
Lightly Protected,La Paz,ESPIRITU_SANTO_PUNTA_LOBOS,2000,-0.498484097726915,0.25075795113654253,24.475421,-110.289305
Not Protected,Corredor,SAN_JOSE_ANIMAS_NORTE,2000,-0.2382385423151048,0.3808807288424476,25.089485,-110.566779
Not Protected,Corredor,SAN_JOSE_ANIMAS_PINACULOS,2000,0.3692413940293077,0.6846206970146539,25.089468,-110.566743
Lightly Protected,La Paz,ESPIRITU_SANTO_ISLOTES_ESTE,2000,0.5293996149210486,0.7646998074605242,24.598899,-110.399831
Lightly Protected,La Paz,ESPIRITU_SANTO_ISLOTES_NORTE,2000,0.7446817631040838,0.8723408815520419,24.599432,-110.401188
Lightly Protected,La Paz,ESPIRITU_SANTO_PAILEBOTE,2000,-0.20033755003400933,0.39983122498299534,24.504571,-110.308406
Lightly Protected,La Paz,ESPIRITU_SANTO_PARTIDA_NORESTE,2000,-0.49420525443130636,0.2528973727843468,24.562008,-110.366446
Lightly Protected,Loreto,CARMEN_ABISMO,2000,-0.018116221386343057,0.49094188930682847,25.84198452552898,-111.2329723153174
Lightly Protected,Loreto,CARMEN_PUNTA_LOBOS,2000,-0.48140684205793155,0.2592965789710342,26.068839,-111.070127
Lightly Protected,Loreto,CARMEN_PUNTA_PERICO,2000,-0.25481610517316955,0.3725919474134152,25.965265,-111.067303
Lightly Protected,Loreto,CARMEN_TINTORERA,2000,0.07285365161945447,0.5364268258097272,26.064886,-111.131847
Lightly Protected,Loreto,CORONADO_LAJAS,2000,0.06063107513082805,0.530315537565414,26.126188,-111.258743
Not Protected,Loreto,CORONADO_MONO,2000,-0.3015736313935408,0.34921318430322956,26.135304,-111.279106
Not Protected,Loreto,CORONADO_PUNTA_BLANCA,2000,0.12737819121721372,0.5636890956086069,26.137812,-111.265291
Lightly Protected,Loreto,DANZANTE_BIZNAGA,2000,-0.32004656233780593,0.33997671883109704,25.815202,-111.260062
Lightly Protected,Loreto,DANZANTE_PUNTA_ESTE,2000,-0.19042458796661066,0.40478770601669467,25.788956,-111.242819
Lightly Protected,Loreto,DANZANTE_PUNTA_NOROESTE,2000,-0.5511152616174979,0.22444236919125105,25.800718,-111.257608
Lightly Protected,Loreto,DANZANTE_PUNTA_SURESTE,2000,-0.34014728312772585,0.32992635843613705,25.763561,-111.243521
Lightly Protected,Loreto,MONSERRAT_GALERAS,2000,-0.2846023543952066,0.35769882280239673,25.742757,-111.046611
Lightly Protected,Loreto,MONSERRAT_PUNTA_SURESTE,2000,-0.27305216712672853,0.36347391643663574,25.675881,-111.011271
Lightly Protected,Loreto,MONSERRAT_REINITA,2000,-0.4258409665145001,0.28707951674274995,25.747822,-111.060217
Lightly Protected,La Paz,ESPIRITU_SANTO_BALLENA,2001,-0.7362814272957919,0.13185928635210403,24.48192949682278,-110.40116759637563
Lightly Protected,La Paz,ESPIRITU_SANTO_PUNTA_LOBOS,2001,-0.557271288400787,0.2213643557996065,24.475421,-110.289305
Not Protected,Corredor,SAN_JOSE_ANIMAS_NORTE,2001,-0.11122659022635048,0.44438670488682475,25.089485,-110.566779
Not Protected,Corredor,SAN_JOSE_ANIMAS_PINACULOS,2001,-0.13653346137119968,0.43173326931440015,25.089468,-110.566743
Lightly Protected,La Paz,ESPIRITU_SANTO_ISLOTES_ESTE,2001,-0.25591015007665036,0.37204492496167485,24.598899,-110.399831
Lightly Protected,La Paz,ESPIRITU_SANTO_ISLOTES_NORTE,2001,-0.14267523851330324,0.4286623807433484,24.599432,-110.401188
Lightly Protected,La Paz,ESPIRITU_SANTO_PAILEBOTE,2001,-0.44838959387733157,0.2758052030613342,24.504571,-110.308406
Lightly Protected,Loreto,CARMEN_ABISMO,2001,-0.5257321126384504,0.23713394368077478,25.84198452552898,-111.2329723153174
Lightly Protected,Loreto,CARMEN_PUNTA_LOBOS,2001,-0.2645023076652459,0.367748846167377,26.068839,-111.070127
Lightly Protected,Loreto,CARMEN_PUNTA_PERICO,2001,0.11130548490378424,0.5556527424518921,25.965265,-111.067303
Lightly Protected,Loreto,CARMEN_TINTORERA,2001,-0.4572811200800325,0.27135943995998374,26.064886,-111.131847
Lightly Protected,Loreto,CORONADO_LAJAS,2001,0.16083224110382027,0.5804161205519102,26.126188,-111.258743
Not Protected,Loreto,CORONADO_MONO,2001,0.07095440959816181,0.5354772047990809,26.135304,-111.279106
Not Protected,Loreto,CORONADO_PUNTA_BLANCA,2001,0.14393105756921534,0.5719655287846077,26.137812,-111.265291
Lightly Protected,Loreto,DANZANTE_BIZNAGA,2001,-0.08822702801396985,0.45588648599301507,25.815202,-111.260062
Lightly Protected,Loreto,DANZANTE_PUNTA_ESTE,2001,-0.4079847119661428,0.2960076440169286,25.788956,-111.242819
Lightly Protected,Loreto,DANZANTE_PUNTA_NOROESTE,2001,-0.5707075494299045,0.21464622528504773,25.800718,-111.257608
Lightly Protected,Loreto,DANZANTE_PUNTA_SURESTE,2001,-0.6120820693746871,0.19395896531265644,25.763561,-111.243521
Lightly Protected,Loreto,MONSERRAT_GALERAS,2001,-0.15460892434239754,0.4226955378288012,25.742757,-111.046611
Lightly Protected,Loreto,MONSERRAT_PUNTA_SURESTE,2001,-0.3204951184116689,0.33975244079416556,25.675881,-111.011271
Lightly Protected,Loreto,MONSERRAT_REINITA,2001,-0.484182310677839,0.2579088446610805,25.747822,-111.060217
Lightly Protected,La Paz,ESPIRITU_SANTO_BALLENA,2002,-0.4790104051950829,0.2604947974024585,24.48192949682278,-110.40116759637563
Lightly Protected,La Paz,ESPIRITU_SANTO_PUNTA_LOBOS,2002,-0.4957987457130806,0.2521006271434597,24.475421,-110.289305
Lightly Protected,La Paz,ESPIRITU_SANTO_ISLOTES_ESTE,2002,0.27012687025153953,0.6350634351257698,24.598899,-110.399831
Lightly Protected,La Paz,ESPIRITU_SANTO_ISLOTES_NORTE,2002,-0.0812559896571765,0.45937200517141175,24.599432,-110.401188
Lightly Protected,La Paz,ESPIRITU_SANTO_PAILEBOTE,2002,-0.08009994527505869,0.45995002736247065,24.504571,-110.308406
Lightly Protected,La Paz,ESPIRITU_SANTO_PARTIDA_NORESTE,2002,-0.19664852892993337,0.40167573553503333,24.562008,-110.366446
Lightly Protected,Loreto,CARMEN_ABISMO,2002,-0.42848725072903504,0.2857563746354825,25.84198452552898,-111.2329723153174
Lightly Protected,Loreto,CARMEN_PUNTA_LOBOS,2002,0.09726147009901014,0.5486307350495051,26.068839,-111.070127
Lightly Protected,Loreto,CARMEN_PUNTA_PERICO,2002,0.1181382569749382,0.5590691284874691,25.965265,-111.067303
Lightly Protected,Loreto,CARMEN_TINTORERA,2002,-0.09794284691476378,0.45102857654261813,26.064886,-111.131847
Lightly Protected,Loreto,CORONADO_LAJAS,2002,-0.11270875527106519,0.4436456223644674,26.126188,-111.258743
Not Protected,Loreto,CORONADO_MONO,2002,-0.17450313699539194,0.412748431502304,26.135304,-111.279106
Not Protected,Loreto,CORONADO_PUNTA_BLANCA,2002,0.31211504622383335,0.6560575231119167,26.137812,-111.265291
Lightly Protected,Loreto,DANZANTE_BIZNAGA,2002,-0.4447044154627127,0.27764779226864367,25.815202,-111.260062
Lightly Protected,Loreto,DANZANTE_PUNTA_ESTE,2002,-0.6067874163784376,0.1966062918107812,25.788956,-111.242819
Lightly Protected,Loreto,DANZANTE_PUNTA_NOROESTE,2002,-0.729738998464105,0.13513050076794753,25.800718,-111.257608
Lightly Protected,Loreto,DANZANTE_PUNTA_SURESTE,2002,-0.5086642929510753,0.24566785352446235,25.763561,-111.243521
Lightly Protected,Loreto,MONSERRAT_GALERAS,2002,-0.5357767633701752,0.2321116183149124,25.742757,-111.046611
Lightly Protected,Loreto,MONSERRAT_PUNTA_SURESTE,2002,-0.19501700105801356,0.4024914994709932,25.675881,-111.011271
Lightly Protected,Loreto,MONSERRAT_REINITA,2002,-0.06458535203588106,0.4677073239820595,25.747822,-111.060217
Lightly Protected,La Paz,ESPIRITU_SANTO_BALLENA,2003,-0.6818601511482486,0.1590699244258757,24.48192949682278,-110.40116759637563
Lightly Protected,La Paz,ESPIRITU_SANTO_PUNTA_LOBOS,2003,0.10212081769653038,0.5510604088482652,24.475421,-110.289305
Not Protected,Corredor,SAN_JOSE_ANIMAS_NORTE,2003,-0.12601403082758814,0.43699298458620595,25.089485,-110.566779
Not Protected,Corredor,SAN_JOSE_ANIMAS_PINACULOS,2003,0.33470527408441053,0.6673526370422053,25.089468,-110.566743
Lightly Protected,La Paz,ESPIRITU_SANTO_ISLOTES_ESTE,2003,-0.3081858219200027,0.34590708903999867,24.598899,-110.399831
Lightly Protected,La Paz,ESPIRITU_SANTO_ISLOTES_NORTE,2003,0.41115131164838686,0.7055756558241935,24.599432,-110.401188
Lightly Protected,La Paz,ESPIRITU_SANTO_PAILEBOTE,2003,-0.03461203545297529,0.48269398227351235,24.504571,-110.308406
Lightly Protected,La Paz,ESPIRITU_SANTO_PARTIDA_NORESTE,2003,0.1474874855586402,0.57374374277932,24.562008,-110.366446
Lightly Protected,Loreto,CARMEN_ABISMO,2003,-0.5289461171068226,0.2355269414465887,25.84198452552898,-111.2329723153174
Lightly Protected,Loreto,CARMEN_PUNTA_LOBOS,2003,0.04840244680493441,0.5242012234024672,26.068839,-111.070127
Lightly Protected,Loreto,CARMEN_PUNTA_PERICO,2003,-0.696449005738933,0.1517754971305335,25.965265,-111.067303
Lightly Protected,Loreto,CARMEN_TINTORERA,2003,-0.5848684164928395,0.20756579175358025,26.064886,-111.131847
Lightly Protected,Loreto,CORONADO_LAJAS,2003,-0.09410837803714209,0.45294581098142894,26.126188,-111.258743
Not Protected,Loreto,CORONADO_MONO,2003,-0.46453394115065355,0.26773302942467325,26.135304,-111.279106
Not Protected,Loreto,CORONADO_PUNTA_BLANCA,2003,-0.10458018642008952,0.44770990678995526,26.137812,-111.265291
Lightly Protected,Loreto,DANZANTE_BIZNAGA,2003,-0.4291998794855863,0.2854000602572069,25.815202,-111.260062
Lightly Protected,Loreto,DANZANTE_PUNTA_ESTE,2003,-0.6386903439709274,0.1806548280145363,25.788956,-111.242819
Lightly Protected,Loreto,DANZANTE_PUNTA_NOROESTE,2003,-0.4332202783190259,0.28338986084048706,25.800718,-111.257608
Lightly Protected,Loreto,DANZANTE_PUNTA_SURESTE,2003,-0.28703853992731504,0.3564807300363425,25.763561,-111.243521
Lightly Protected,Loreto,MONSERRAT_PUNTA_SURESTE,2003,-0.2210276413148112,0.3894861793425944,25.675881,-111.011271
Lightly Protected,La Paz,ESPIRITU_SANTO_BALLENA,2004,-0.6175318403105967,0.19123407984470164,24.48192949682278,-110.40116759637563
Lightly Protected,La Paz,ESPIRITU_SANTO_PUNTA_LOBOS,2004,-0.5512218547052063,0.22438907264739683,24.475421,-110.289305
Not Protected,Corredor,SAN_JOSE_ANIMAS_NORTE,2004,-0.08696526365031104,0.45651736817484445,25.089485,-110.566779
Not Protected,Corredor,SAN_JOSE_ANIMAS_PINACULOS,2004,-0.3857904171556668,0.3071047914221666,25.089468,-110.566743
Lightly Protected,La Paz,ESPIRITU_SANTO_ISLOTES_ESTE,2004,-0.2598063044166128,0.3700968477916936,24.598899,-110.399831
Lightly Protected,La Paz,ESPIRITU_SANTO_ISLOTES_NORTE,2004,0.6409822584324042,0.820491129216202,24.599432,-110.401188
Lightly Protected,La Paz,ESPIRITU_SANTO_PAILEBOTE,2004,0.06788016889978032,0.5339400844498902,24.504571,-110.308406
Lightly Protected,La Paz,ESPIRITU_SANTO_PARTIDA_NORESTE,2004,0.16043830379137183,0.580219151895686,24.562008,-110.366446
Lightly Protected,Loreto,CARMEN_ABISMO,2004,-0.20026512813213032,0.3998674359339348,25.84198452552898,-111.2329723153174
Lightly Protected,Loreto,CARMEN_PUNTA_LOBOS,2004,-0.03130194038408739,0.4843490298079563,26.068839,-111.070127
Lightly Protected,Loreto,CARMEN_PUNTA_PERICO,2004,-0.17900709355673228,0.41049645322163386,25.965265,-111.067303
Lightly Protected,Loreto,CARMEN_TINTORERA,2004,-0.6269827807038431,0.18650860964807847,26.064886,-111.131847
Lightly Protected,Loreto,CORONADO_LAJAS,2004,-0.16253581671763961,0.4187320916411802,26.126188,-111.258743
Not Protected,Loreto,CORONADO_MONO,2004,-0.3726753195030275,0.31366234024848627,26.135304,-111.279106
Not Protected,Loreto,CORONADO_PUNTA_BLANCA,2004,-0.3644413599705143,0.31777932001474285,26.137812,-111.265291
Lightly Protected,Loreto,DANZANTE_BIZNAGA,2004,-0.38362281355523314,0.30818859322238346,25.815202,-111.260062
Lightly Protected,Loreto,DANZANTE_PUNTA_ESTE,2004,-0.4695538063006932,0.2652230968496534,25.788956,-111.242819
Lightly Protected,Loreto,DANZANTE_PUNTA_NOROESTE,2004,-0.8461556597799239,0.07692217011003805,25.800718,-111.257608
Lightly Protected,Loreto,DANZANTE_PUNTA_SURESTE,2004,-0.4745203840741087,0.26273980796294566,25.763561,-111.243521
Lightly Protected,Loreto,MONSERRAT_GALERAS,2004,-0.49931685923554675,0.2503415703822266,25.742757,-111.046611
Lightly Protected,Loreto,MONSERRAT_PUNTA_SURESTE,2004,-0.452865459556615,0.27356727022169247,25.675881,-111.011271
Lightly Protected,Loreto,MONSERRAT_REINITA,2004,-0.34150629367858104,0.32924685316070945,25.747822,-111.060217
Lightly Protected,La Paz,ESPIRITU_SANTO_BALLENA,2005,-0.63200238033023,0.18399880983488498,24.48192949682278,-110.40116759637563
Not Protected,Corredor,SAN_JOSE_ANIMAS_NORTE,2005,-0.2878679042655846,0.3560660478672077,25.089485,-110.566779
Not Protected,Corredor,SAN_JOSE_ANIMAS_PINACULOS,2005,-0.3386551632288369,0.3306724183855816,25.089468,-110.566743
Lightly Protected,La Paz,ESPIRITU_SANTO_ISLOTES_ESTE,2005,-0.0010662240008455371,0.4994668879995772,24.598899,-110.399831
Lightly Protected,La Paz,ESPIRITU_SANTO_ISLOTES_NORTE,2005,-0.3986760561066415,0.30066197194667926,24.599432,-110.401188
Lightly Protected,La Paz,ESPIRITU_SANTO_PAILEBOTE,2005,-0.40689316540179526,0.29655341729910234,24.504571,-110.308406
Lightly Protected,La Paz,ESPIRITU_SANTO_PARTIDA_NORESTE,2005,-0.4362417222506039,0.28187913887469807,24.562008,-110.366446
Lightly Protected,Loreto,CARMEN_ABISMO,2005,-0.2979433885198091,0.35102830574009547,25.84198452552898,-111.2329723153174
Lightly Protected,Loreto,CARMEN_PUNTA_LOBOS,2005,0.02507382546899741,0.5125369127344988,26.068839,-111.070127
Lightly Protected,Loreto,CARMEN_PUNTA_PERICO,2005,-0.07540588027140657,0.4622970598642967,25.965265,-111.067303
Lightly Protected,Loreto,CARMEN_TINTORERA,2005,-0.5502958454048482,0.2248520772975759,26.064886,-111.131847
Lightly Protected,Loreto,CORONADO_LAJAS,2005,-0.16841744966038413,0.41579127516980796,26.126188,-111.258743
Not Protected,Loreto,CORONADO_MONO,2005,-0.043701735673056914,0.47814913216347155,26.135304,-111.279106
Not Protected,Loreto,CORONADO_PUNTA_BLANCA,2005,-0.48977258508770233,0.2551137074561488,26.137812,-111.265291
Lightly Protected,Loreto,DANZANTE_BIZNAGA,2005,-0.02746023075600796,0.486269884621996,25.815202,-111.260062
Lightly Protected,Loreto,DANZANTE_PUNTA_ESTE,2005,-0.6664571492809853,0.16677142535950734,25.788956,-111.242819
Lightly Protected,Loreto,DANZANTE_PUNTA_NOROESTE,2005,-0.28538141475261447,0.35730929262369276,25.800718,-111.257608
Lightly Protected,Loreto,DANZANTE_PUNTA_SURESTE,2005,-0.6832763952839241,0.15836180235803793,25.763561,-111.243521
Lightly Protected,Loreto,MONSERRAT_GALERAS,2005,-0.546709950275604,0.226645024862198,25.742757,-111.046611
Lightly Protected,Loreto,MONSERRAT_PUNTA_SURESTE,2005,-0.2727036542041284,0.36364817289793583,25.675881,-111.011271
Lightly Protected,Loreto,MONSERRAT_REINITA,2005,-0.2562658117945654,0.3718670941027173,25.747822,-111.060217
Lightly Protected,Alto Golfo,ALCATRAZ,2005,-0.6064644199319014,0.19676779003404932,29.168623,-113.607147
Lightly Protected,Alto Golfo,CANTILES_GUADALUPE,2005,-0.9226848397579434,0.03865758012102832,29.197441,-113.638887
Lightly Protected,Alto Golfo,CORONADITO,2005,-0.9234211302004962,0.038289434899751895,29.096397,-113.530829
Lightly Protected,Alto Golfo,PESCADOR,2005,-0.507685040775709,0.2461574796121455,28.935405,-113.382567
Fully Protected,Revillagigedo,ROCA_PARTIDA,2006,-0.40544764478391104,0.2972761776080445,19.008889,-112.082222
Fully Protected,Revillagigedo,SAN_BENEDICTO_CANION,2006,-0.5961587880174714,0.20192060599126432,19.297803455652176,-110.80469214608695
Lightly Protected,La Paz,ESPIRITU_SANTO_BALLENA,2006,-0.655526804597055,0.17223659770147248,24.48192949682278,-110.40116759637563
Lightly Protected,La Paz,ESPIRITU_SANTO_PUNTA_LOBOS,2006,-0.6331244638906804,0.18343776805465978,24.475421,-110.289305
Not Protected,Corredor,SAN_JOSE_ANIMAS_NORTE,2006,0.2134552396842328,0.6067276198421164,25.089485,-110.566779
Not Protected,Corredor,SAN_JOSE_ANIMAS_PINACULOS,2006,0.14498125433993864,0.5724906271699693,25.089468,-110.566743
Lightly Protected,La Paz,ESPIRITU_SANTO_ISLOTES_ESTE,2006,-0.3746632073544516,0.3126683963227742,24.598899,-110.399831
Lightly Protected,La Paz,ESPIRITU_SANTO_ISLOTES_NORTE,2006,-0.07333881063023462,0.4633305946848827,24.599432,-110.401188
Lightly Protected,La Paz,ESPIRITU_SANTO_PAILEBOTE,2006,-0.7442637752181411,0.12786811239092943,24.504571,-110.308406
Lightly Protected,La Paz,ESPIRITU_SANTO_PARTIDA_NORESTE,2006,-0.2313432715042565,0.38432836424787176,24.562008,-110.366446
Lightly Protected,Loreto,CARMEN_ABISMO,2006,0.005447001378533187,0.5027235006892666,25.84198452552898,-111.2329723153174
Lightly Protected,Loreto,CARMEN_PUNTA_LOBOS,2006,-0.10925266684052644,0.44537366657973676,26.068839,-111.070127
Lightly Protected,Loreto,CARMEN_PUNTA_PERICO,2006,0.04143898565805059,0.5207194928290253,25.965265,-111.067303
Lightly Protected,Loreto,CARMEN_TINTORERA,2006,0.018749184875831302,0.5093745924379156,26.064886,-111.131847
Lightly Protected,Loreto,CORONADO_LAJAS,2006,-0.12392122118743465,0.4380393894062827,26.126188,-111.258743
Not Protected,Loreto,CORONADO_MONO,2006,-0.3553090989095151,0.32234545054524244,26.135304,-111.279106
Not Protected,Loreto,CORONADO_PUNTA_BLANCA,2006,0.26107664827844124,0.6305383241392206,26.137812,-111.265291
Lightly Protected,Loreto,DANZANTE_BIZNAGA,2006,-0.26502730960351384,0.3674863451982431,25.815202,-111.260062
Lightly Protected,Loreto,DANZANTE_PUNTA_ESTE,2006,-0.2868344980043727,0.35658275099781367,25.788956,-111.242819
Lightly Protected,Loreto,DANZANTE_PUNTA_NOROESTE,2006,-0.32955167581773137,0.3352241620911343,25.800718,-111.257608
Lightly Protected,Loreto,DANZANTE_PUNTA_SURESTE,2006,-0.41278634285702565,0.2936068285714872,25.763561,-111.243521
Lightly Protected,Loreto,MONSERRAT_GALERAS,2006,-0.2929948520641973,0.35350257396790136,25.742757,-111.046611
Lightly Protected,Loreto,MONSERRAT_PUNTA_SURESTE,2006,0.16197839119830806,0.5809891955991541,25.675881,-111.011271
Lightly Protected,Loreto,MONSERRAT_REINITA,2006,0.3108116749569098,0.6554058374784549,25.747822,-111.060217
Lightly Protected,Alto Golfo,ALCATRAZ,2006,-0.7386171970617829,0.13069140146910857,29.168623,-113.607147
Lightly Protected,Alto Golfo,CANTILES_GUADALUPE,2006,-0.15477630473120116,0.4226118476343994,29.197441,-113.638887
Lightly Protected,Alto Golfo,CHOROS,2006,-0.3867436997452405,0.30662815012737976,28.839478,-113.246814
Lightly Protected,Alto Golfo,CORONADITO,2006,-0.6264536488536014,0.18677317557319928,29.096397,-113.530829
Lightly Protected,Alto Golfo,PESCADOR,2006,-0.4858232128398691,0.2570883935800654,28.935405,-113.382567
Lightly Protected,Alto Golfo,VENTANA,2006,-0.18836345678731584,0.4058182716063421,28.990807,-113.495004
Lightly Protected,La Paz,ESPIRITU_SANTO_BALLENA,2007,-0.7562789413092784,0.12186052934536079,24.48192949682278,-110.40116759637563
Lightly Protected,La Paz,ESPIRITU_SANTO_PUNTA_LOBOS,2007,0.11488169630756373,0.5574408481537818,24.475421,-110.289305
Not Protected,Corredor,SAN_JOSE_ANIMAS_NORTE,2007,0.22268141236666428,0.6113407061833321,25.089485,-110.566779
Not Protected,Corredor,SAN_JOSE_ANIMAS_PINACULOS,2007,0.01632098132555704,0.5081604906627786,25.089468,-110.566743
Lightly Protected,La Paz,ESPIRITU_SANTO_ISLOTES_ESTE,2007,-0.25476866146111715,0.37261566926944145,24.598899,-110.399831
Lightly Protected,La Paz,ESPIRITU_SANTO_ISLOTES_NORTE,2007,0.14994192323718303,0.5749709616185915,24.599432,-110.401188
Lightly Protected,La Paz,ESPIRITU_SANTO_PAILEBOTE,2007,-0.6192314162313006,0.1903842918843497,24.504571,-110.308406
Lightly Protected,La Paz,ESPIRITU_SANTO_PARTIDA_NORESTE,2007,-0.32952798067038097,0.3352360096648095,24.562008,-110.366446
Lightly Protected,Loreto,CARMEN_ABISMO,2007,-0.6594314029353106,0.17028429853234472,25.84198452552898,-111.2329723153174
Lightly Protected,Loreto,CARMEN_PUNTA_LOBOS,2007,0.06307928906412479,0.5315396445320624,26.068839,-111.070127
Lightly Protected,Loreto,CARMEN_PUNTA_PERICO,2007,-0.027121954114557673,0.4864390229427212,25.965265,-111.067303
Lightly Protected,Loreto,CARMEN_TINTORERA,2007,-0.27048113045820726,0.36475943477089634,26.064886,-111.131847
Lightly Protected,Loreto,CORONADO_LAJAS,2007,-0.05514918944580898,0.47242540527709553,26.126188,-111.258743
Not Protected,Loreto,CORONADO_MONO,2007,-0.2806152260432675,0.35969238697836625,26.135304,-111.279106
Not Protected,Loreto,CORONADO_PUNTA_BLANCA,2007,0.1777332513444884,0.5888666256722442,26.137812,-111.265291
Lightly Protected,Loreto,DANZANTE_BIZNAGA,2007,0.10866181083831307,0.5543309054191565,25.815202,-111.260062
Lightly Protected,Loreto,DANZANTE_PUNTA_ESTE,2007,-0.8406860775663708,0.07965696121681459,25.788956,-111.242819
Lightly Protected,Loreto,DANZANTE_PUNTA_NOROESTE,2007,-0.8809902021617245,0.05950489891913774,25.800718,-111.257608
Lightly Protected,Loreto,DANZANTE_PUNTA_SURESTE,2007,-0.3826154319650649,0.3086922840174675,25.763561,-111.243521
Lightly Protected,Loreto,MONSERRAT_GALERAS,2007,-0.8315710813450489,0.08421445932747557,25.742757,-111.046611
Lightly Protected,Loreto,MONSERRAT_PUNTA_SURESTE,2007,-0.336416005191858,0.331791997404071,25.675881,-111.011271
Lightly Protected,Loreto,MONSERRAT_REINITA,2007,-0.11255202225297573,0.44372398887351217,25.747822,-111.060217
Lightly Protected,Alto Golfo,ALCATRAZ,2007,-0.6245092596976309,0.18774537015118453,29.168623,-113.607147
Lightly Protected,Alto Golfo,CANTILES_GUADALUPE,2007,-0.6741344410415615,0.16293277947921925,29.197441,-113.638887
Lightly Protected,Alto Golfo,CHOROS,2007,-0.8563581475110275,0.07182092624448627,28.839478,-113.246814
Lightly Protected,Alto Golfo,CORONADITO,2007,-0.930441101577882,0.03477944921105902,29.096397,-113.530829
Lightly Protected,Alto Golfo,PESCADOR,2007,-0.8407730873923873,0.07961345630380634,28.935405,-113.382567
Lightly Protected,Alto Golfo,VENTANA,2007,-0.2385799816756513,0.38071000916217435,28.990807,-113.495004
Lightly Protected,La Paz,ESPIRITU_SANTO_BALLENA,2008,-0.6806762659462089,0.15966186702689555,24.48192949682278,-110.40116759637563
Lightly Protected,La Paz,ESPIRITU_SANTO_PUNTA_LOBOS,2008,-0.15833835954059894,0.42083082022970053,24.475421,-110.289305
Not Protected,Corredor,SAN_JOSE_ANIMAS_NORTE,2008,-0.07399450142909302,0.4630027492854535,25.089485,-110.566779
Not Protected,Corredor,SAN_JOSE_ANIMAS_PINACULOS,2008,0.22701608090465875,0.6135080404523294,25.089468,-110.566743
Lightly Protected,La Paz,ESPIRITU_SANTO_ISLOTES_NORTE,2008,0.08267546803617798,0.5413377340180889,24.599432,-110.401188
Lightly Protected,La Paz,ESPIRITU_SANTO_PAILEBOTE,2008,-0.4549381240531801,0.27253093797340994,24.504571,-110.308406
Lightly Protected,La Paz,ESPIRITU_SANTO_PARTIDA_NORESTE,2008,-0.2543214891859651,0.37283925540701746,24.562008,-110.366446
Lightly Protected,Loreto,CARMEN_ABISMO,2008,-0.5005337199240742,0.24973314003796288,25.84198452552898,-111.2329723153174
Lightly Protected,Loreto,CARMEN_PUNTA_PERICO,2008,0.08420571327055669,0.5421028566352784,25.965265,-111.067303
Lightly Protected,Loreto,CARMEN_TINTORERA,2008,-0.47655157644662305,0.2617242117766885,26.064886,-111.131847
Lightly Protected,Loreto,CORONADO_LAJAS,2008,0.14519724438726472,0.5725986221936323,26.126188,-111.258743
Not Protected,Loreto,CORONADO_MONO,2008,-0.230969944668975,0.3845150276655125,26.135304,-111.279106
Not Protected,Loreto,CORONADO_PUNTA_BLANCA,2008,-0.1139391290969486,0.4430304354515257,26.137812,-111.265291
Lightly Protected,Loreto,DANZANTE_BIZNAGA,2008,-0.13006636933374943,0.4349668153331253,25.815202,-111.260062
Lightly Protected,Loreto,DANZANTE_PUNTA_ESTE,2008,-0.5881275546238715,0.20593622268806427,25.788956,-111.242819
Lightly Protected,Loreto,DANZANTE_PUNTA_NOROESTE,2008,-0.43616598828367104,0.2819170058581645,25.800718,-111.257608
Lightly Protected,Loreto,DANZANTE_PUNTA_SURESTE,2008,-0.5967391652211419,0.20163041738942905,25.763561,-111.243521
Lightly Protected,Loreto,MONSERRAT_GALERAS,2008,0.11747065398156666,0.5587353269907833,25.742757,-111.046611
Lightly Protected,Loreto,MONSERRAT_PUNTA_SURESTE,2008,-0.21149248304500878,0.3942537584774956,25.675881,-111.011271
Lightly Protected,Loreto,MONSERRAT_REINITA,2008,-0.6070510750466986,0.19647446247665068,25.747822,-111.060217
Lightly Protected,Alto Golfo,ALCATRAZ,2008,-0.7205927344043752,0.1397036327978124,29.168623,-113.607147
Lightly Protected,Alto Golfo,CANTILES_GUADALUPE,2008,-0.8563541514820989,0.07182292425895054,29.197441,-113.638887
Lightly Protected,Alto Golfo,CHOROS,2008,-0.6728076438016378,0.1635961780991811,28.839478,-113.246814
Lightly Protected,Alto Golfo,CORONADITO,2008,-0.8687561624159806,0.06562191879200968,29.096397,-113.530829
Lightly Protected,Alto Golfo,PESCADOR,2008,-0.7956659121360988,0.10216704393195059,28.935405,-113.382567
Lightly Protected,Alto Golfo,VENTANA,2008,-0.5078066739010987,0.24609666304945066,28.990807,-113.495004
Fully Protected,Cabo Pulmo,BAJO_CABO_PULMO,2009,0.4265835981184478,0.7132917990592239,23.457861,-109.405463
Fully Protected,Cabo Pulmo,BARRA_PRIMERA,2009,0.47805628363623615,0.739028141818118,23.434781,-109.424377
Not Protected,Cabo Pulmo,BLEDITO,2009,-0.5823649819769571,0.20881750901152146,23.361148,-109.421591
Fully Protected,Cabo Pulmo,CANTILES_CABO_PULMO,2009,0.36435111140729204,0.682175555703646,23.438823,-109.410821
Fully Protected,Cabo Pulmo,CANTIL_MEDIO,2009,-0.2937869562478841,0.35310652187605795,23.434309,-109.414791
Fully Protected,Cabo Pulmo,CASITAS,2009,0.2870995661409366,0.6435497830704683,23.403539,-109.414811
Fully Protected,Cabo Pulmo,ESPERANZA,2009,-0.48960712510689375,0.2551964374465531,23.424715,-109.408303
Fully Protected,Cabo Pulmo,GAVILANES_CABO_PULMO,2009,0.34437438282541255,0.6721871914127062,23.452161,-109.424501
Fully Protected,Cabo Pulmo,ISLOTE_CABO_PULMO,2009,-0.32954893344618474,0.33522553327690763,23.407996156161044,-109.41333698739325
Not Protected,Cabo Pulmo,LINEA,2009,-0.4598059482279527,0.2700970258860237,23.319897,-109.417391
Fully Protected,Cabo Pulmo,LISAS,2009,0.036456208067102626,0.5182281040335514,23.458291,-109.428915
Fully Protected,Cabo Pulmo,LOBERA_CABO_PULMO,2009,0.3660555925722256,0.6830277962861128,23.384551,-109.412618
Fully Protected,Cabo Pulmo,MORROS_CABO_PULMO,2009,0.652901913259044,0.826450956629522,23.461938,-109.407203
Fully Protected,Cabo Pulmo,NAVAJAS,2009,0.16644497380145318,0.5832224869007265,23.446164,-109.416728
Not Protected,Cabo Pulmo,PIEDRAS_BOLAS,2009,-0.2832994976801438,0.35835025115992813,23.355254,-109.422322
Fully Protected,Cabo Pulmo,POTANCO,2009,-0.041333541670127476,0.47933322916493626,23.381516,-109.420505
Fully Protected,Cabo Pulmo,TACHUELAS,2009,-0.15065700767840476,0.42467149616079763,23.492131,-109.457481
Not Protected,Los Cabos,ANEGADA,2009,-0.3517563045489359,0.32412184772553204,22.878554055555554,-109.89883605555556
Not Protected,Los Cabos,ARCO_SAN_LUCAS,2009,0.18123588808848085,0.5906179440442404,22.876139,-109.892835
Not Protected,Los Cabos,CABEZA_BALLENA_CSL,2009,-0.547160642245731,0.2264196788771345,22.902206,-109.842622
Not Protected,Los Cabos,CHILENO,2009,-0.4808845653328263,0.25955771733358685,22.946031,-109.803661
Not Protected,Los Cabos,DEDO_NEPTUNO,2009,-0.5282176934950459,0.23589115325247706,22.877203,-109.895233
Not Protected,Los Cabos,GIORGIO,2009,-0.8672044860348811,0.06639775698255945,22.896039,-109.866002
Not Protected,Los Cabos,SANTA_MARIA,2009,0.243498261565902,0.621749130782951,22.927461,-109.815316
Lightly Protected,La Paz,ESPIRITU_SANTO_BALLENA,2009,-0.8354247750698829,0.08228761246505856,24.48192949682278,-110.40116759637563
Lightly Protected,La Paz,ESPIRITU_SANTO_GALLO,2009,-0.8185192193073731,0.09074039034631343,24.466619,-110.385076
Lightly Protected,La Paz,ESPIRITU_SANTO_PUNTA_LOBOS,2009,-0.12891262010840443,0.4355436899457978,24.475421,-110.289305
Not Protected,La Paz,ESPIRITU_SANTO_SOANY,2009,-0.8860885928931157,0.05695570355344215,24.391116,-110.304853
Not Protected,La Ventana,CERRALVO_CARPINTERO,2009,-0.5660583094631186,0.21697084526844068,24.325082211886304,-109.93980755813953
Not Protected,La Ventana,CERRALVO_NORTE,2009,0.023772716067541992,0.511886358033771,24.374969,-109.932606
Not Protected,Corredor,PARDITO_FARO_LOBERA,2009,-0.4689306179393097,0.26553469103034516,24.842937,-110.605687
Not Protected,Corredor,SAN_JOSE_ANIMAS_NORTE,2009,0.020363962761844975,0.5101819813809225,25.089485,-110.566779
Not Protected,Corredor,SAN_JOSE_ANIMAS_PINACULOS,2009,0.25931997680295504,0.6296599884014775,25.089468,-110.566743
Lightly Protected,La Paz,ESPIRITU_SANTO_ISLOTES_ESTE,2009,0.0033801142351977376,0.5016900571175988,24.598899,-110.399831
Lightly Protected,La Paz,ESPIRITU_SANTO_ISLOTES_NORTE,2009,0.042784958512369686,0.5213924792561848,24.599432,-110.401188
Lightly Protected,La Paz,ESPIRITU_SANTO_PAILEBOTE,2009,-0.8638506771748539,0.06807466141257307,24.504571,-110.308406
Lightly Protected,La Paz,ESPIRITU_SANTO_PARTIDA_NORESTE,2009,-0.6007180645730918,0.19964096771345408,24.562008,-110.366446
Lightly Protected,Loreto,CARMEN_ABISMO,2009,-0.29787412606254493,0.35106293696872753,25.84198452552898,-111.2329723153174
Lightly Protected,Loreto,CARMEN_PUNTA_LOBOS,2009,-0.207627944983151,0.39618602750842447,26.068839,-111.070127
Lightly Protected,Loreto,CARMEN_PUNTA_PERICO,2009,0.24311193368535264,0.6215559668426763,25.965265,-111.067303
Lightly Protected,Loreto,CARMEN_TINTORERA,2009,-0.583009647046045,0.20849517647697752,26.064886,-111.131847
Lightly Protected,Loreto,CORONADO_LAJAS,2009,-0.5162248155553442,0.24188759222232792,26.126188,-111.258743
Not Protected,Loreto,CORONADO_MONO,2009,-0.4435547423801941,0.27822262880990295,26.135304,-111.279106
Not Protected,Loreto,CORONADO_PUNTA_BLANCA,2009,-0.4996721744601212,0.25016391276993943,26.137812,-111.265291
Lightly Protected,Loreto,DANZANTE_BIZNAGA,2009,-0.32673549180909317,0.3366322540954534,25.815202,-111.260062
Lightly Protected,Loreto,DANZANTE_PUNTA_ESTE,2009,-0.38573479694561313,0.30713260152719346,25.788956,-111.242819
Lightly Protected,Loreto,DANZANTE_PUNTA_NOROESTE,2009,-0.6624005941350771,0.16879970293246144,25.800718,-111.257608
Lightly Protected,Loreto,DANZANTE_PUNTA_SURESTE,2009,-0.5670149833161827,0.21649250834190864,25.763561,-111.243521
Lightly Protected,Loreto,MONSERRAT_GALERAS,2009,-0.66200747133483,0.16899626433258502,25.742757,-111.046611
Lightly Protected,Loreto,MONSERRAT_PUNTA_SURESTE,2009,0.020734480115911183,0.5103672400579556,25.675881,-111.011271
Lightly Protected,Loreto,MONSERRAT_REINITA,2009,-0.3632038322206015,0.31839808388969926,25.747822,-111.060217
Not Protected,Santa Rosalia,PULPITO,2009,-0.18726453460960785,0.4063677326951961,26.516189,-111.442401
Not Protected,Santa Rosalia,TORTUGA_PUNTA_OESTE,2009,-0.7299526162865214,0.1350236918567393,27.450869,-111.902138
Lightly Protected,Alto Golfo,ALCATRAZ,2009,-0.7169269154719324,0.14153654226403378,29.168623,-113.607147
Lightly Protected,Alto Golfo,CANTILES_GUADALUPE,2009,-0.6841081767748506,0.1579459116125747,29.197441,-113.638887
Lightly Protected,Alto Golfo,CHOROS,2009,-0.3683580759176215,0.31582096204118926,28.839478,-113.246814
Lightly Protected,Alto Golfo,PESCADOR,2009,-0.5686745648499802,0.21566271757500988,28.935405,-113.382567
Lightly Protected,Alto Golfo,SALSIPUEDES,2009,-0.6314284336729368,0.1842857831635316,28.718917588921283,-112.94885127405249
Lightly Protected,Alto Golfo,VENTANA,2009,-0.5035390860358475,0.24823045698207624,28.990807,-113.495004
Fully Protected,Cabo Pulmo,BAJO_CABO_PULMO,2010,0.6982646244156087,0.8491323122078043,23.457861,-109.405463
Fully Protected,Cabo Pulmo,BARRA_PRIMERA,2010,0.01260196209360494,0.5063009810468024,23.434781,-109.424377
Not Protected,Cabo Pulmo,BLEDITO,2010,0.19718312968480506,0.5985915648424025,23.361148,-109.421591
Fully Protected,Cabo Pulmo,CANTILES_CABO_PULMO,2010,0.021033392374508183,0.510516696187254,23.438823,-109.410821
Fully Protected,Cabo Pulmo,CASITAS,2010,0.3009532438398703,0.6504766219199352,23.403539,-109.414811
Fully Protected,Cabo Pulmo,ESPERANZA,2010,0.09546033015141915,0.5477301650757096,23.424715,-109.408303
Fully Protected,Cabo Pulmo,GAVILANES_CABO_PULMO,2010,-0.12876313418470695,0.4356184329076465,23.452161,-109.424501
Fully Protected,Cabo Pulmo,ISLOTE_CABO_PULMO,2010,0.19357331256087498,0.5967866562804375,23.407996156161044,-109.41333698739325
Not Protected,Cabo Pulmo,LINEA,2010,-0.016448573312132522,0.4917757133439337,23.319897,-109.417391
Fully Protected,Cabo Pulmo,LISAS,2010,0.030489177544769513,0.5152445887723848,23.458291,-109.428915
Fully Protected,Cabo Pulmo,LOBERA_CABO_PULMO,2010,0.0031438758584107517,0.5015719379292054,23.384551,-109.412618
Fully Protected,Cabo Pulmo,MORROS_CABO_PULMO,2010,0.30968972628184194,0.6548448631409209,23.461938,-109.407203
Fully Protected,Cabo Pulmo,NAVAJAS,2010,-0.015173479401608318,0.49241326029919585,23.446164,-109.416728
Not Protected,Cabo Pulmo,PIEDRAS_BOLAS,2010,0.18064997737265553,0.5903249886863278,23.355254,-109.422322
Fully Protected,Cabo Pulmo,TACHUELAS,2010,-0.05270208305975722,0.4736489584701214,23.492131,-109.457481
Not Protected,Los Cabos,ANEGADA,2010,-0.19311872286112833,0.40344063856943585,22.878554055555554,-109.89883605555556
Not Protected,Los Cabos,CABEZA_BALLENA_CSL,2010,0.07315491020668027,0.5365774551033401,22.902206,-109.842622
Not Protected,Los Cabos,CHILENO,2010,0.01534185784292596,0.5076709289214629,22.946031,-109.803661
Not Protected,Los Cabos,GIORGIO,2010,0.07873609206051346,0.5393680460302568,22.896039,-109.866002
Not Protected,Los Cabos,SANTA_MARIA,2010,0.007701720596085593,0.5038508602980428,22.927461,-109.815316
Lightly Protected,La Paz,ESPIRITU_SANTO_BALLENA,2010,-0.9172199512121466,0.041390024393926694,24.48192949682278,-110.40116759637563
Lightly Protected,La Paz,ESPIRITU_SANTO_PUNTA_LOBOS,2010,-0.20923763641257095,0.3953811817937145,24.475421,-110.289305
Not Protected,Corredor,PARDITO_FARO_LOBERA,2010,-0.6007532599326856,0.1996233700336572,24.842937,-110.605687
Not Protected,Corredor,SAN_JOSE_ANIMAS_NORTE,2010,-0.19394137049556245,0.40302931475221876,25.089485,-110.566779
Not Protected,Corredor,SAN_JOSE_ANIMAS_PINACULOS,2010,-0.09234723540420703,0.4538263822978965,25.089468,-110.566743
Lightly Protected,La Paz,ESPIRITU_SANTO_ISLOTES_ESTE,2010,0.06370527548994488,0.5318526377449725,24.598899,-110.399831
Lightly Protected,La Paz,ESPIRITU_SANTO_ISLOTES_NORTE,2010,-0.6663307913569337,0.16683460432153313,24.599432,-110.401188
Lightly Protected,La Paz,ESPIRITU_SANTO_PAILEBOTE,2010,-0.8043372322480752,0.09783138387596241,24.504571,-110.308406
Lightly Protected,La Paz,ESPIRITU_SANTO_PARTIDA_NORESTE,2010,-0.014643237264956427,0.4926783813675218,24.562008,-110.366446
Lightly Protected,Loreto,CARMEN_ABISMO,2010,-0.5937794632224631,0.20311026838876844,25.84198452552898,-111.2329723153174
Lightly Protected,Loreto,CARMEN_PUNTA_LOBOS,2010,-0.22771641737823486,0.38614179131088255,26.068839,-111.070127
Lightly Protected,Loreto,CARMEN_PUNTA_PERICO,2010,0.004011677919165066,0.5020058389595825,25.965265,-111.067303
Lightly Protected,Loreto,CARMEN_TINTORERA,2010,0.025267579540615794,0.5126337897703079,26.064886,-111.131847
Lightly Protected,Loreto,CORONADO_LAJAS,2010,-0.3961497414555206,0.3019251292722397,26.126188,-111.258743
Not Protected,Loreto,CORONADO_MONO,2010,-0.6251737465210098,0.18741312673949512,26.135304,-111.279106
Not Protected,Loreto,CORONADO_PUNTA_BLANCA,2010,0.3101543551853954,0.6550771775926977,26.137812,-111.265291
Lightly Protected,Loreto,DANZANTE_BIZNAGA,2010,0.1262129554702563,0.5631064777351281,25.815202,-111.260062
Lightly Protected,Loreto,DANZANTE_PUNTA_ESTE,2010,-0.6325230366124284,0.18373848169378582,25.788956,-111.242819
Lightly Protected,Loreto,DANZANTE_PUNTA_NOROESTE,2010,-0.5244108150560919,0.23779459247195406,25.800718,-111.257608
Lightly Protected,Loreto,DANZANTE_PUNTA_SURESTE,2010,-0.6666399282838245,0.16668003585808777,25.763561,-111.243521
Lightly Protected,Loreto,MONSERRAT_GALERAS,2010,-0.6871390461980533,0.15643047690097334,25.742757,-111.046611
Lightly Protected,Loreto,MONSERRAT_PUNTA_SURESTE,2010,-0.09011580133802433,0.45494209933098784,25.675881,-111.011271
Lightly Protected,Loreto,MONSERRAT_REINITA,2010,-0.48516930200267466,0.2574153489986627,25.747822,-111.060217
Not Protected,Santa Rosalia,PULPITO,2010,-0.11045433642236482,0.4447728317888176,26.516189,-111.442401
Not Protected,Santa Rosalia,TORTUGA_PUNTA_OESTE,2010,-0.2910705254746449,0.3544647372626776,27.450869,-111.902138
Lightly Protected,Alto Golfo,ALCATRAZ,2010,-0.8008594496558146,0.09957027517209271,29.168623,-113.607147
Lightly Protected,Alto Golfo,CANTILES_GUADALUPE,2010,-0.5701008597843719,0.21494957010781407,29.197441,-113.638887
Lightly Protected,Alto Golfo,CHOROS,2010,0.042982414483029814,0.5214912072415149,28.839478,-113.246814
Lightly Protected,Alto Golfo,CORONADITO,2010,-0.7547363654881539,0.12263181725592304,29.096397,-113.530829
Lightly Protected,Alto Golfo,PESCADOR,2010,-0.34642789085587966,0.32678605457206017,28.935405,-113.382567
Lightly Protected,Alto Golfo,SALSIPUEDES,2010,-0.3050157316331645,0.34749213418341773,28.718917588921283,-112.94885127405249
Lightly Protected,Alto Golfo,VENTANA,2010,-0.5026716213671586,0.2486641893164207,28.990807,-113.495004
Fully Protected,Cabo Pulmo,BAJO_CABO_PULMO,2011,0.6283622833284346,0.8141811416642173,23.457861,-109.405463
Fully Protected,Cabo Pulmo,BARRA_PRIMERA,2011,0.3947358615554544,0.6973679307777272,23.434781,-109.424377
Not Protected,Cabo Pulmo,BLEDITO,2011,-0.6037944926716566,0.19810275366417168,23.361148,-109.421591
Fully Protected,Cabo Pulmo,CANTILES_CABO_PULMO,2011,-0.0802114571061962,0.45989427144690187,23.438823,-109.410821
Fully Protected,Cabo Pulmo,CANTIL_MEDIO,2011,0.14488822029569015,0.572444110147845,23.434309,-109.414791
Fully Protected,Cabo Pulmo,CASITAS,2011,-0.2023007964704255,0.39884960176478723,23.403539,-109.414811
Fully Protected,Cabo Pulmo,ESPERANZA,2011,0.5770268666856433,0.7885134333428216,23.424715,-109.408303
Fully Protected,Cabo Pulmo,GAVILANES_CABO_PULMO,2011,0.14422440423136035,0.5721122021156801,23.452161,-109.424501
Fully Protected,Cabo Pulmo,ISLOTE_CABO_PULMO,2011,0.48405804627246335,0.7420290231362316,23.407996156161044,-109.41333698739325
Not Protected,Cabo Pulmo,LINEA,2011,0.014871673812935315,0.5074358369064677,23.319897,-109.417391
Fully Protected,Cabo Pulmo,LISAS,2011,0.09253394304789424,0.5462669715239471,23.458291,-109.428915
Fully Protected,Cabo Pulmo,LOBERA_CABO_PULMO,2011,-0.027822074859384996,0.4860889625703075,23.384551,-109.412618
Fully Protected,Cabo Pulmo,MORROS_CABO_PULMO,2011,0.4359783326030951,0.7179891663015475,23.461938,-109.407203
Fully Protected,Cabo Pulmo,NAVAJAS,2011,-0.260210212889559,0.36989489355522054,23.446164,-109.416728
Not Protected,Cabo Pulmo,PIEDRAS_BOLAS,2011,-0.41396946159082093,0.29301526920458953,23.355254,-109.422322
Fully Protected,Cabo Pulmo,POTANCO,2011,-0.25456793688365353,0.37271603155817323,23.381516,-109.420505
Fully Protected,Cabo Pulmo,TACHUELAS,2011,-0.1295225540219287,0.43523872298903565,23.492131,-109.457481
Not Protected,Los Cabos,ANEGADA,2011,-0.16891514252303752,0.41554242873848124,22.878554055555554,-109.89883605555556
Not Protected,Los Cabos,ARCO_SAN_LUCAS,2011,0.18444202910993499,0.5922210145549675,22.876139,-109.892835
Not Protected,Los Cabos,CABEZA_BALLENA_CSL,2011,-0.0762851047523872,0.4618574476238064,22.902206,-109.842622
Not Protected,Los Cabos,CASA_ROJA_CSL,2011,-0.031125392655134615,0.4844373036724327,22.898756,-109.856611
Not Protected,Los Cabos,CHILENO,2011,0.17307674272046314,0.5865383713602316,22.946031,-109.803661
Not Protected,Los Cabos,DEDO_NEPTUNO,2011,0.042320516485515824,0.5211602582427579,22.877203,-109.895233
Not Protected,Los Cabos,GIORGIO,2011,0.13836390159202566,0.5691819507960129,22.896039,-109.866002
Not Protected,Los Cabos,PUNTA_OLMECA_CSL,2011,0.01136338959408076,0.5056816947970404,22.897225,-109.874944
Not Protected,Los Cabos,SANTA_MARIA,2011,0.10507869284769047,0.5525393464238453,22.927461,-109.815316
Lightly Protected,La Paz,ESPIRITU_SANTO_BALLENA,2011,-0.8161726215630191,0.09191368921849047,24.48192949682278,-110.40116759637563
Lightly Protected,La Paz,ESPIRITU_SANTO_EMPACHADO,2011,-0.8848361035554211,0.05758194822228946,24.447221,-110.378331
Lightly Protected,La Paz,ESPIRITU_SANTO_PUNTA_LOBOS,2011,-0.3151125847643672,0.3424437076178164,24.475421,-110.289305
Lightly Protected,La Paz,ESPIRITU_SANTO_SAN_GABRIEL,2011,-0.8543873350296115,0.07280633248519425,24.413891,-110.354441
Not Protected,Corredor,SAN_JOSE_ANIMAS_NORTE,2011,0.15552474890671675,0.5777623744533584,25.089485,-110.566779
Not Protected,Corredor,SAN_JOSE_ANIMAS_PINACULOS,2011,-0.35779520584050933,0.3211023970797453,25.089468,-110.566743
Lightly Protected,La Paz,ESPIRITU_SANTO_ISLOTES_ESTE,2011,-0.0877514777944085,0.45612426110279575,24.598899,-110.399831
Lightly Protected,La Paz,ESPIRITU_SANTO_ISLOTES_NORTE,2011,-0.2694099380854656,0.36529503095726723,24.599432,-110.401188
Lightly Protected,La Paz,ESPIRITU_SANTO_PAILEBOTE,2011,-0.7068452901010974,0.1465773549494513,24.504571,-110.308406
Lightly Protected,La Paz,ESPIRITU_SANTO_PARTIDA_NORESTE,2011,-0.3449059701115814,0.3275470149442093,24.562008,-110.366446
Lightly Protected,La Paz,ESPIRITU_SANTO_TIJERETAS,2011,0.07598713606106135,0.5379935680305307,24.571596,-110.414701
Lightly Protected,Loreto,CARMEN_ABISMO,2011,0.16591384990896288,0.5829569249544815,25.84198452552898,-111.2329723153174
Lightly Protected,Loreto,CARMEN_PUNTA_LOBOS,2011,0.04213811226307234,0.5210690561315362,26.068839,-111.070127
Lightly Protected,Loreto,CARMEN_PUNTA_PERICO,2011,-0.28371950415885655,0.35814024792057175,25.965265,-111.067303
Lightly Protected,Loreto,CARMEN_TINTORERA,2011,-0.17630577601728653,0.4118471119913567,26.064886,-111.131847
Lightly Protected,Loreto,CORONADO_LAJAS,2011,-0.17134922817849074,0.41432538591075463,26.126188,-111.258743
Not Protected,Loreto,CORONADO_MONO,2011,-0.30539253722721804,0.347303731386391,26.135304,-111.279106
Not Protected,Loreto,CORONADO_PUNTA_BLANCA,2011,0.008822057788584558,0.5044110288942922,26.137812,-111.265291
Lightly Protected,Loreto,DANZANTE_BIZNAGA,2011,0.06065489791219612,0.5303274489560981,25.815202,-111.260062
Lightly Protected,Loreto,DANZANTE_PUNTA_ESTE,2011,-0.2962532630818257,0.3518733684590871,25.788956,-111.242819
Lightly Protected,Loreto,DANZANTE_PUNTA_NOROESTE,2011,-0.6507981009470322,0.17460094952648392,25.800718,-111.257608
Lightly Protected,Loreto,DANZANTE_PUNTA_SURESTE,2011,-0.5283448471015795,0.23582757644921026,25.763561,-111.243521
Lightly Protected,Loreto,MONSERRAT_GALERAS,2011,-0.2589436557601639,0.37052817211991806,25.742757,-111.046611
Lightly Protected,Loreto,MONSERRAT_PUNTA_SURESTE,2011,-0.3146323492703936,0.34268382536480324,25.675881,-111.011271
Lightly Protected,Loreto,MONSERRAT_REINITA,2011,-0.18796471004563656,0.40601764497718174,25.747822,-111.060217
Fully Protected,Cabo Pulmo,BAJO_CABO_PULMO,2012,0.3966281308892695,0.6983140654446347,23.457861,-109.405463
Fully Protected,Cabo Pulmo,BARRA_PRIMERA,2012,0.2453959386412039,0.622697969320602,23.434781,-109.424377
Not Protected,Cabo Pulmo,BLEDITO,2012,0.06231807769355014,0.5311590388467751,23.361148,-109.421591
Fully Protected,Cabo Pulmo,CANTILES_CABO_PULMO,2012,0.09127198175614168,0.5456359908780708,23.438823,-109.410821
Fully Protected,Cabo Pulmo,CANTIL_MEDIO,2012,0.09940293317044109,0.5497014665852206,23.434309,-109.414791
Fully Protected,Cabo Pulmo,CASITAS,2012,0.42601656490640305,0.7130082824532016,23.403539,-109.414811
Fully Protected,Cabo Pulmo,ESPERANZA,2012,-0.14202639046775148,0.4289868047661243,23.424715,-109.408303
Fully Protected,Cabo Pulmo,GAVILANES_CABO_PULMO,2012,0.40475691894041405,0.702378459470207,23.452161,-109.424501
Fully Protected,Cabo Pulmo,ISLOTE_CABO_PULMO,2012,-0.1553319379661685,0.42233403101691575,23.407996156161044,-109.41333698739325
Not Protected,Cabo Pulmo,LINEA,2012,0.22650348854806654,0.6132517442740333,23.319897,-109.417391
Fully Protected,Cabo Pulmo,LISAS,2012,-0.16941645050785367,0.41529177474607315,23.458291,-109.428915
Fully Protected,Cabo Pulmo,LOBERA_CABO_PULMO,2012,0.18737919760835636,0.5936895988041782,23.384551,-109.412618
Fully Protected,Cabo Pulmo,MORROS_CABO_PULMO,2012,0.7783187415638585,0.8891593707819292,23.461938,-109.407203
Fully Protected,Cabo Pulmo,NAVAJAS,2012,0.18350804612808821,0.5917540230640441,23.446164,-109.416728
Not Protected,Cabo Pulmo,PIEDRAS_BOLAS,2012,-0.40253027864368807,0.29873486067815597,23.355254,-109.422322
Fully Protected,Cabo Pulmo,POTANCO,2012,0.1732403575953207,0.5866201787976604,23.381516,-109.420505
Fully Protected,Cabo Pulmo,TACHUELAS,2012,0.07796793928318771,0.5389839696415939,23.492131,-109.457481
Not Protected,Los Cabos,ANEGADA,2012,-0.4267285472498719,0.28663572637506407,22.878554055555554,-109.89883605555556
Not Protected,Los Cabos,ARCO_SAN_LUCAS,2012,-0.21867226183722635,0.39066386908138684,22.876139,-109.892835
Not Protected,Los Cabos,CABEZA_BALLENA_CSL,2012,-0.590671641135909,0.2046641794320455,22.902206,-109.842622
Not Protected,Los Cabos,CHILENO,2012,-0.12631637447107083,0.4368418127644646,22.946031,-109.803661
Not Protected,Los Cabos,GIORGIO,2012,0.136945623422585,0.5684728117112925,22.896039,-109.866002
Not Protected,Los Cabos,SANTA_MARIA,2012,0.5074329190634702,0.7537164595317352,22.927461,-109.815316
Lightly Protected,La Paz,ESPIRITU_SANTO_BALLENA,2012,-0.7907746095689371,0.10461269521553146,24.48192949682278,-110.40116759637563
Lightly Protected,La Paz,ESPIRITU_SANTO_PUNTA_LOBOS,2012,-0.35951095678214384,0.3202445216089281,24.475421,-110.289305
Not Protected,La Paz,ESPIRITU_SANTO_SOANY,2012,-0.8598153811668684,0.0700923094165658,24.391116,-110.304853
Not Protected,Corredor,SAN_JOSE_ANIMAS_NORTE,2012,0.32697011311292257,0.6634850565564613,25.089485,-110.566779
Not Protected,Corredor,SAN_JOSE_ANIMAS_PINACULOS,2012,0.49461444882393235,0.7473072244119662,25.089468,-110.566743
Lightly Protected,La Paz,ESPIRITU_SANTO_ISLOTES_ESTE,2012,-0.2794937608251516,0.36025311958742423,24.598899,-110.399831
Lightly Protected,La Paz,ESPIRITU_SANTO_ISLOTES_NORTE,2012,-0.08389413282989125,0.4580529335850544,24.599432,-110.401188
Lightly Protected,La Paz,ESPIRITU_SANTO_PAILEBOTE,2012,-0.5423771804446245,0.22881140977768777,24.504571,-110.308406
Lightly Protected,La Paz,ESPIRITU_SANTO_PARTIDA_NORESTE,2012,0.20737452386530697,0.6036872619326534,24.562008,-110.366446
Lightly Protected,Loreto,CARMEN_ABISMO,2012,0.2267358857608599,0.61336794288043,25.84198452552898,-111.2329723153174
Lightly Protected,Loreto,CARMEN_PUNTA_LOBOS,2012,0.21729327478031052,0.6086466373901552,26.068839,-111.070127
Lightly Protected,Loreto,CARMEN_PUNTA_PERICO,2012,0.27742543959194854,0.6387127197959743,25.965265,-111.067303
Lightly Protected,Loreto,CARMEN_TINTORERA,2012,0.15662086479778717,0.5783104323988936,26.064886,-111.131847
Lightly Protected,Loreto,CORONADO_LAJAS,2012,-0.04973545084613477,0.47513227457693263,26.126188,-111.258743
Not Protected,Loreto,CORONADO_MONO,2012,-0.4183355306162387,0.2908322346918807,26.135304,-111.279106
Not Protected,Loreto,CORONADO_PUNTA_BLANCA,2012,-0.34678503019531526,0.32660748490234237,26.137812,-111.265291
Lightly Protected,Loreto,DANZANTE_BIZNAGA,2012,0.07595276216965449,0.5379763810848273,25.815202,-111.260062
Lightly Protected,Loreto,DANZANTE_PUNTA_ESTE,2012,-0.13885020854147279,0.4305748957292636,25.788956,-111.242819
Lightly Protected,Loreto,DANZANTE_PUNTA_NOROESTE,2012,-0.8063546702760729,0.09682266486196356,25.800718,-111.257608
Lightly Protected,Loreto,DANZANTE_PUNTA_SURESTE,2012,-0.3241456829793162,0.33792715851034194,25.763561,-111.243521
Lightly Protected,Loreto,MONSERRAT_GALERAS,2012,0.14371605435717588,0.5718580271785879,25.742757,-111.046611
Lightly Protected,Loreto,MONSERRAT_PUNTA_SURESTE,2012,-0.4803134229376173,0.2598432885311913,25.675881,-111.011271
Lightly Protected,Loreto,MONSERRAT_REINITA,2012,-0.15584553326759554,0.42207723336620223,25.747822,-111.060217
Fully Protected,Cabo Pulmo,BAJO_CABO_PULMO,2013,0.37649024086456184,0.6882451204322809,23.457861,-109.405463
Fully Protected,Cabo Pulmo,BARRA_PRIMERA,2013,0.11712522215320607,0.558562611076603,23.434781,-109.424377
Not Protected,Cabo Pulmo,BLEDITO,2013,0.2678750926514741,0.6339375463257371,23.361148,-109.421591
Fully Protected,Cabo Pulmo,CANTILES_CABO_PULMO,2013,0.17299638354190058,0.5864981917709503,23.438823,-109.410821
Fully Protected,Cabo Pulmo,CANTIL_MEDIO,2013,0.05912064586158566,0.5295603229307928,23.434309,-109.414791
Fully Protected,Cabo Pulmo,CASITAS,2013,0.14545902134210625,0.5727295106710532,23.403539,-109.414811
Fully Protected,Cabo Pulmo,ESPERANZA,2013,0.21918502072517,0.609592510362585,23.424715,-109.408303
Fully Protected,Cabo Pulmo,GAVILANES_CABO_PULMO,2013,0.7890460889131594,0.8945230444565797,23.452161,-109.424501
Fully Protected,Cabo Pulmo,ISLOTE_CABO_PULMO,2013,0.24927394004262104,0.6246369700213106,23.407996156161044,-109.41333698739325
Not Protected,Cabo Pulmo,LINEA,2013,0.031165799022615914,0.515582899511308,23.319897,-109.417391
Fully Protected,Cabo Pulmo,LISAS,2013,-0.9631353076057565,0.01843234619712175,23.458291,-109.428915
Fully Protected,Cabo Pulmo,LOBERA_CABO_PULMO,2013,0.1574222325242899,0.578711116262145,23.384551,-109.412618
Fully Protected,Cabo Pulmo,MORROS_CABO_PULMO,2013,0.5643295811266889,0.7821647905633444,23.461938,-109.407203
Fully Protected,Cabo Pulmo,NAVAJAS,2013,-0.07300191013284099,0.4634990449335795,23.446164,-109.416728
Not Protected,Cabo Pulmo,PIEDRAS_BOLAS,2013,0.052460598629433426,0.5262302993147168,23.355254,-109.422322
Fully Protected,Cabo Pulmo,POTANCO,2013,0.29217584392272583,0.6460879219613629,23.381516,-109.420505
Fully Protected,Cabo Pulmo,TACHUELAS,2013,-0.35963712699573785,0.32018143650213104,23.492131,-109.457481
Not Protected,Los Cabos,ANEGADA,2013,-0.11939817859738447,0.4403009107013078,22.878554055555554,-109.89883605555556
Not Protected,Los Cabos,ARCO_SAN_LUCAS,2013,0.2634799172209951,0.6317399586104976,22.876139,-109.892835
Not Protected,Los Cabos,CABEZA_BALLENA_CSL,2013,0.0971826176785019,0.548591308839251,22.902206,-109.842622
Not Protected,Los Cabos,CHILENO,2013,0.3574888013748894,0.6787444006874447,22.946031,-109.803661
Not Protected,Los Cabos,DEDO_NEPTUNO,2013,0.4698892693146167,0.7349446346573083,22.877203,-109.895233
Not Protected,Los Cabos,GIORGIO,2013,0.07911558405317233,0.5395577920265862,22.896039,-109.866002
Not Protected,Los Cabos,PALMILLA_SAN_JOSE,2013,0.10352755531301457,0.5517637776565073,23.005917,-109.711367
Not Protected,Los Cabos,SANTA_MARIA,2013,0.15947356893304232,0.5797367844665211,22.927461,-109.815316
Lightly Protected,La Paz,ESPIRITU_SANTO_BALLENA,2013,-0.3854179876893687,0.3072910061553157,24.48192949682278,-110.40116759637563
Lightly Protected,La Paz,ESPIRITU_SANTO_EMPACHADO,2013,-0.038362814884523005,0.4808185925577385,24.447221,-110.378331
Lightly Protected,La Paz,ESPIRITU_SANTO_GALLO,2013,-0.43426602087951266,0.2828669895602437,24.466619,-110.385076
Lightly Protected,La Paz,ESPIRITU_SANTO_PUNTA_LOBOS,2013,-0.349863082318165,0.3250684588409175,24.475421,-110.289305
Lightly Protected,La Paz,ESPIRITU_SANTO_SAN_GABRIEL,2013,-0.5695765656985733,0.21521171715071336,24.413891,-110.354441
Not Protected,La Paz,ESPIRITU_SANTO_SOANY,2013,-0.8456541240211647,0.07717293798941766,24.391116,-110.304853
Not Protected,La Ventana,CERRALVO_BALISA,2013,-0.7517195152889374,0.12414024235553128,24.144871,-109.863211
Not Protected,La Ventana,CERRALVO_CARPINTERO,2013,-0.35949674083704886,0.32025162958147557,24.325082211886304,-109.93980755813953
Not Protected,La Ventana,CERRALVO_NORTE,2013,-0.4224233937375381,0.28878830313123094,24.374969,-109.932606
Not Protected,La Ventana,CERRALVO_REINA,2013,-0.2677847059051265,0.36610764704743676,24.388762,-109.939961
Not Protected,La Ventana,CERRALVO_SUR_BAJO,2013,-0.6165199216396516,0.19174003918017418,24.129707,-109.797021
Not Protected,La Ventana,PUNTA_PERICO,2013,0.004608050751215203,0.5023040253756076,24.014233,-109.806733
Not Protected,Corredor,BURROS,2013,-0.5140035118580978,0.2429982440709511,25.032361,-110.803731
Fishing Refuge,Corredor,HABANA,2013,-0.18067297639688973,0.40966351180155514,25.129618886529528,-110.86164967816855
Not Protected,Corredor,PARDITO_FARO_LOBERA,2013,0.05071831165614249,0.5253591558280712,24.842937,-110.605687
Not Protected,Corredor,PORTUGUES,2013,-0.5983033444345397,0.20084832778273015,24.747083,-110.677231
Fishing Refuge,Corredor,PUNTA_BOTELLA,2013,-0.37570874975678076,0.3121456251216096,25.292517,-110.93405
Fishing Refuge,Corredor,PUNTA_COYOTE,2013,-0.8367397419441673,0.08163012902791633,24.706066,-110.688271
Fishing Refuge,Corredor,REFUGIO_MORENA,2013,-0.5686741487211819,0.21566292563940903,25.245621,-110.922071
Fishing Refuge,Corredor,SAN_DIEGO_ABNEGADO,2013,-0.42760740505877187,0.28619629747061404,25.182633,-110.710011
Not Protected,Corredor,SAN_EVARISTO_PUNTA_NORTE,2013,-0.6035026370945796,0.19824868145271018,24.919291,-110.702781
Fishing Refuge,Corredor,SAN_FRANCISCO_PUNTA_NORTE_FARO,2013,-0.43522975237064204,0.28238512381467895,24.842971,-110.566011
Not Protected,Corredor,SAN_JOSE_ANIMAS_NORTE,2013,0.19343703355621478,0.5967185167781074,25.089485,-110.566779
Not Protected,Corredor,SAN_JOSE_ANIMAS_PINACULOS,2013,0.08299712023098707,0.5414985601154936,25.089468,-110.566743
Fishing Refuge,Corredor,SAN_MATEO_NORTE,2013,-0.7324878602291502,0.13375606988542488,25.365767,-110.984417
Lightly Protected,La Paz,ESPIRITU_SANTO_ISLOTES_ESTE,2013,-0.11070381654430593,0.44464809172784703,24.598899,-110.399831
Lightly Protected,La Paz,ESPIRITU_SANTO_ISLOTES_NORTE,2013,0.30875696515646733,0.6543784825782337,24.599432,-110.401188
Lightly Protected,La Paz,ESPIRITU_SANTO_PAILEBOTE,2013,-0.5314734850297739,0.23426325748511306,24.504571,-110.308406
Lightly Protected,La Paz,ESPIRITU_SANTO_PARTIDA_NORESTE,2013,-0.10922762948821216,0.4453861852558939,24.562008,-110.366446
Lightly Protected,La Paz,ESPIRITU_SANTO_TIJERETAS,2013,0.19429068460598756,0.5971453423029938,24.571596,-110.414701
Fishing Refuge,Corredor,ISLOTE_AGUA_VERDE,2013,-0.3842272174338722,0.3078863912830639,25.532506509775526,-111.06383274004344
Fishing Refuge,Corredor,REFUGIO_SAN_MARCIAL,2013,0.1510917950235977,0.5755458975117989,25.530862,-111.004843
Lightly Protected,Loreto,CARMEN_ABISMO,2013,-0.11671088257642111,0.4416445587117894,25.84198452552898,-111.2329723153174
Lightly Protected,Loreto,CARMEN_PUNTA_LOBOS,2013,0.029420473230517483,0.5147102366152587,26.068839,-111.070127
Lightly Protected,Loreto,CARMEN_PUNTA_PERICO,2013,-0.08617974982237313,0.45691012508881346,25.965265,-111.067303
Lightly Protected,Loreto,CARMEN_TINTORERA,2013,-0.025550868060078214,0.4872245659699609,26.064886,-111.131847
Lightly Protected,Loreto,CORONADO_LAJAS,2013,0.15278465157466514,0.5763923257873326,26.126188,-111.258743
Not Protected,Loreto,CORONADO_MONO,2013,-0.306880259866608,0.346559870066696,26.135304,-111.279106
Not Protected,Loreto,CORONADO_PUNTA_BLANCA,2013,-0.08039039985543958,0.4598048000722802,26.137812,-111.265291
Lightly Protected,Loreto,DANZANTE_BIZNAGA,2013,-0.03280474694942385,0.4835976265252881,25.815202,-111.260062
Lightly Protected,Loreto,DANZANTE_PUNTA_ESTE,2013,-0.730272372365645,0.1348638138171775,25.788956,-111.242819
Lightly Protected,Loreto,DANZANTE_PUNTA_NOROESTE,2013,-0.7463979250991204,0.1268010374504398,25.800718,-111.257608
Lightly Protected,Loreto,DANZANTE_PUNTA_SURESTE,2013,-0.2518653925371814,0.3740673037314093,25.763561,-111.243521
Lightly Protected,Loreto,MONSERRAT_GALERAS,2013,-0.3246895141128468,0.33765524294357663,25.742757,-111.046611
Lightly Protected,Loreto,MONSERRAT_PUNTA_SURESTE,2013,-0.16779925033266246,0.4161003748336688,25.675881,-111.011271
Lightly Protected,Loreto,MONSERRAT_REINITA,2013,-0.3646358617431004,0.31768206912844976,25.747822,-111.060217
Fully Protected,Cabo Pulmo,BAJO_CABO_PULMO,2014,0.15678952624709416,0.5783947631235471,23.457861,-109.405463
Fully Protected,Cabo Pulmo,BARRA_PRIMERA,2014,0.6413185919767115,0.8206592959883557,23.434781,-109.424377
Not Protected,Cabo Pulmo,BLEDITO,2014,0.0885920079091941,0.5442960039545971,23.361148,-109.421591
Fully Protected,Cabo Pulmo,CANTILES_CABO_PULMO,2014,-0.0330217782875917,0.48348911085620416,23.438823,-109.410821
Fully Protected,Cabo Pulmo,CANTIL_MEDIO,2014,-0.10770794083248518,0.44614602958375743,23.434309,-109.414791
Fully Protected,Cabo Pulmo,CASITAS,2014,0.1222067724379241,0.561103386218962,23.403539,-109.414811
Fully Protected,Cabo Pulmo,ESPERANZA,2014,0.03060893763563172,0.5153044688178159,23.424715,-109.408303
Fully Protected,Cabo Pulmo,GAVILANES_CABO_PULMO,2014,0.14954773168131077,0.5747738658406554,23.452161,-109.424501
Fully Protected,Cabo Pulmo,ISLOTE_CABO_PULMO,2014,0.4524691159483794,0.7262345579741897,23.407996156161044,-109.41333698739325
Not Protected,Cabo Pulmo,LINEA,2014,-0.23634561256818354,0.38182719371590823,23.319897,-109.417391
Fully Protected,Cabo Pulmo,LISAS,2014,0.2817997304734481,0.640899865236724,23.458291,-109.428915
Fully Protected,Cabo Pulmo,LOBERA_CABO_PULMO,2014,0.1420168455072953,0.5710084227536476,23.384551,-109.412618
Fully Protected,Cabo Pulmo,MORROS_CABO_PULMO,2014,0.2613666771085977,0.6306833385542988,23.461938,-109.407203
Fully Protected,Cabo Pulmo,NAVAJAS,2014,0.4023086300785314,0.7011543150392657,23.446164,-109.416728
Not Protected,Cabo Pulmo,PIEDRAS_BOLAS,2014,-0.3334193808621824,0.3332903095689088,23.355254,-109.422322
Fully Protected,Cabo Pulmo,TACHUELAS,2014,-0.11876157090105473,0.4406192145494726,23.492131,-109.457481
Not Protected,Los Cabos,ANEGADA,2014,0.1833284342126433,0.5916642171063217,22.878554055555554,-109.89883605555556
Not Protected,Los Cabos,ARCO_SAN_LUCAS,2014,0.3788255965726086,0.6894127982863043,22.876139,-109.892835
Not Protected,Los Cabos,CABEZA_BALLENA_CSL,2014,0.10272064021736897,0.5513603201086845,22.902206,-109.842622
Not Protected,Los Cabos,CHILENO,2014,0.33659067920229196,0.668295339601146,22.946031,-109.803661
Not Protected,Los Cabos,DEDO_NEPTUNO,2014,0.3108398517757397,0.6554199258878699,22.877203,-109.895233
Not Protected,Los Cabos,GIORGIO,2014,0.3105054971085759,0.655252748554288,22.896039,-109.866002
Not Protected,Los Cabos,PALMILLA_ESCALONES,2014,0.06457851095874388,0.5322892554793719,22.99705,-109.72245
Not Protected,Los Cabos,PALMILLA_REGINA,2014,0.2213136093441203,0.6106568046720602,22.98855,-109.732367
Not Protected,Los Cabos,PALMILLA_SAN_JOSE,2014,-0.049463203576689735,0.4752683982116551,23.005917,-109.711367
Not Protected,Los Cabos,SANTA_MARIA,2014,0.1746778231732354,0.5873389115866177,22.927461,-109.815316
Lightly Protected,La Paz,ESPIRITU_SANTO_BALLENA,2014,-0.7436408676642665,0.12817956616786674,24.48192949682278,-110.40116759637563
Lightly Protected,La Paz,ESPIRITU_SANTO_PUNTA_LOBOS,2014,0.03697542926269178,0.5184877146313459,24.475421,-110.289305
Not Protected,La Ventana,CERRALVO_BALISA,2014,0.04721712285289677,0.5236085614264484,24.144871,-109.863211
Not Protected,La Ventana,CERRALVO_CARPINTERO,2014,-0.04633874847871688,0.47683062576064156,24.325082211886304,-109.93980755813953
Not Protected,La Ventana,CERRALVO_NORTE,2014,-0.16243925659068872,0.41878037170465565,24.374969,-109.932606
Not Protected,La Ventana,CERRALVO_REINA,2014,-0.00977739388704407,0.495111303056478,24.388762,-109.939961
Not Protected,La Ventana,CERRALVO_SUR_BAJO,2014,-0.9830840446399187,0.00845797768004064,24.129707,-109.797021
Not Protected,La Ventana,PUNTA_ARENAS,2014,-0.6267649644638548,0.18661751776807262,24.043448,-109.825199
Not Protected,La Ventana,PUNTA_PERICO,2014,0.1407092992594455,0.5703546496297227,24.014233,-109.806733
Not Protected,Corredor,BURROS,2014,-0.37749380007986694,0.31125309996006656,25.032361,-110.803731
Fishing Refuge,Corredor,HABANA,2014,-0.6978718173016074,0.1510640913491963,25.129618886529528,-110.86164967816855
Fishing Refuge,Corredor,PARDITO_REFUGIO,2014,0.0412914803508627,0.5206457401754313,24.853533,-110.579633
Not Protected,Corredor,PORTUGUES,2014,-0.42379220509421534,0.28810389745289233,24.747083,-110.677231
Fishing Refuge,Corredor,PUNTA_BOTELLA,2014,-0.3126464035078104,0.34367679824609476,25.292517,-110.93405
Fishing Refuge,Corredor,PUNTA_COYOTE,2014,0.32538146351217556,0.6626907317560877,24.706066,-110.688271
Fishing Refuge,Corredor,REFUGIO_MORENA,2014,-0.3084978304866018,0.34575108475669913,25.245621,-110.922071
Fishing Refuge,Corredor,SAN_DIEGO_ABNEGADO,2014,0.15075073093026775,0.5753753654651339,25.182633,-110.710011
Fishing Refuge,Corredor,SAN_FRANCISCO_PUNTA_NORTE_FARO,2014,0.22433938174629042,0.6121696908731452,24.842971,-110.566011
Not Protected,Corredor,SAN_JOSE_ANIMAS_NORTE,2014,-0.26887508692456813,0.3655624565377159,25.089485,-110.566779
Not Protected,Corredor,SAN_JOSE_ANIMAS_PINACULOS,2014,-0.3326848822468633,0.33365755887656834,25.089468,-110.566743
Fishing Refuge,Corredor,SAN_MATEO_NORTE,2014,-0.5776982408824619,0.21115087955876904,25.365767,-110.984417
Lightly Protected,La Paz,ESPIRITU_SANTO_ISLOTES_ESTE,2014,0.10153099311106005,0.55076549655553,24.598899,-110.399831
Lightly Protected,La Paz,ESPIRITU_SANTO_ISLOTES_NORTE,2014,0.2176593272902423,0.6088296636451211,24.599432,-110.401188
Lightly Protected,La Paz,ESPIRITU_SANTO_PAILEBOTE,2014,-0.7906091434179555,0.10469542829102224,24.504571,-110.308406
Lightly Protected,La Paz,ESPIRITU_SANTO_PARTIDA_NORESTE,2014,0.18817991751118843,0.5940899587555942,24.562008,-110.366446
Fishing Refuge,Corredor,REFUGIO_SAN_MARCIAL,2014,-0.6002548743119904,0.1998725628440048,25.530862,-111.004843
Lightly Protected,Loreto,CARMEN_ABISMO,2014,-0.3577568617392635,0.32112156913036827,25.84198452552898,-111.2329723153174
Lightly Protected,Loreto,CARMEN_PUNTA_LOBOS,2014,0.10831157642507902,0.5541557882125395,26.068839,-111.070127
Lightly Protected,Loreto,CARMEN_PUNTA_PERICO,2014,-0.37611005163179195,0.31194497418410405,25.965265,-111.067303
Lightly Protected,Loreto,CARMEN_TINTORERA,2014,-0.7010873899627896,0.14945630501860518,26.064886,-111.131847
Lightly Protected,Loreto,CORONADO_LAJAS,2014,-0.33563840260802785,0.33218079869598605,26.126188,-111.258743
Not Protected,Loreto,CORONADO_MONO,2014,0.05384645022045305,0.5269232251102265,26.135304,-111.279106
Not Protected,Loreto,CORONADO_PUNTA_BLANCA,2014,-0.04860702541890156,0.4756964872905492,26.137812,-111.265291
Lightly Protected,Loreto,DANZANTE_BIZNAGA,2014,-0.6892012691082172,0.1553993654458914,25.815202,-111.260062
Lightly Protected,Loreto,DANZANTE_PUNTA_ESTE,2014,-0.5685386649316221,0.21573066753418896,25.788956,-111.242819
Lightly Protected,Loreto,DANZANTE_PUNTA_SURESTE,2014,0.5282894507356192,0.7641447253678095,25.763561,-111.243521
Lightly Protected,Loreto,MONSERRAT_GALERAS,2014,0.10277065998858516,0.5513853299942926,25.742757,-111.046611
Lightly Protected,Loreto,MONSERRAT_PUNTA_SURESTE,2014,-0.21824572348150661,0.3908771382592467,25.675881,-111.011271
Lightly Protected,Loreto,MONSERRAT_REINITA,2014,-0.21374272989923782,0.3931286350503811,25.747822,-111.060217
Fully Protected,Cabo Pulmo,BAJO_CABO_PULMO,2015,0.5274514034799261,0.763725701739963,23.457861,-109.405463
Fully Protected,Cabo Pulmo,BARRA_PRIMERA,2015,0.07268496537689612,0.5363424826884481,23.434781,-109.424377
Not Protected,Cabo Pulmo,BLEDITO,2015,-0.5159012211101908,0.24204938944490462,23.361148,-109.421591
Fully Protected,Cabo Pulmo,CANTIL_MEDIO,2015,-0.1667124385942306,0.4166437807028847,23.434309,-109.414791
Fully Protected,Cabo Pulmo,CASITAS,2015,0.23010228125249946,0.6150511406262498,23.403539,-109.414811
Fully Protected,Cabo Pulmo,ESPERANZA,2015,-0.31036412711293676,0.34481793644353165,23.424715,-109.408303
Fully Protected,Cabo Pulmo,GAVILANES_CABO_PULMO,2015,0.04910215439354164,0.5245510771967709,23.452161,-109.424501
Fully Protected,Cabo Pulmo,ISLOTE_CABO_PULMO,2015,0.0752126383539698,0.5376063191769849,23.407996156161044,-109.41333698739325
Not Protected,Cabo Pulmo,LINEA,2015,-0.05148733585669845,0.4742563320716508,23.319897,-109.417391
Fully Protected,Cabo Pulmo,LISAS,2015,0.07018011280363247,0.5350900564018163,23.458291,-109.428915
Fully Protected,Cabo Pulmo,LOBERA_CABO_PULMO,2015,0.15632217934347067,0.5781610896717353,23.384551,-109.412618
Fully Protected,Cabo Pulmo,MORROS_CABO_PULMO,2015,0.2511772514266292,0.6255886257133146,23.461938,-109.407203
Fully Protected,Cabo Pulmo,NAVAJAS,2015,0.024151172702391362,0.5120755863511957,23.446164,-109.416728
Not Protected,Cabo Pulmo,PIEDRAS_BOLAS,2015,-0.30578385139668873,0.34710807430165563,23.355254,-109.422322
Fully Protected,Cabo Pulmo,POTANCO,2015,0.1296410558230543,0.5648205279115271,23.381516,-109.420505
Fully Protected,Cabo Pulmo,TACHUELAS,2015,0.2814786194190669,0.6407393097095334,23.492131,-109.457481
Not Protected,Los Cabos,ANEGADA,2015,-0.18296276750357748,0.4085186162482113,22.878554055555554,-109.89883605555556
Not Protected,Los Cabos,ARCO_SAN_LUCAS,2015,-0.21407293729646054,0.39296353135176976,22.876139,-109.892835
Not Protected,Los Cabos,CABEZA_BALLENA_CSL,2015,-0.2590808921896904,0.37045955390515484,22.902206,-109.842622
Not Protected,Los Cabos,CHILENO,2015,-0.17208618579420168,0.4139569071028992,22.946031,-109.803661
Not Protected,Los Cabos,DEDO_NEPTUNO,2015,-0.2911457821197292,0.3544271089401354,22.877203,-109.895233
Not Protected,Los Cabos,GIORGIO,2015,-0.046264709821049764,0.4768676450894751,22.896039,-109.866002
Not Protected,Los Cabos,PALMILLA_ESCALONES,2015,0.3245901610306609,0.6622950805153305,22.99705,-109.72245
Not Protected,Los Cabos,PALMILLA_REGINA,2015,-0.07560512125947667,0.46219743937026164,22.98855,-109.732367
Not Protected,Los Cabos,PALMILLA_SAN_JOSE,2015,0.22854017120334494,0.6142700856016725,23.005917,-109.711367
Not Protected,Los Cabos,SANTA_MARIA,2015,0.12047069062514115,0.5602353453125706,22.927461,-109.815316
Lightly Protected,La Paz,ESPIRITU_SANTO_BALLENA,2015,-0.6741851902995677,0.16290740485021615,24.48192949682278,-110.40116759637563
Lightly Protected,La Paz,ESPIRITU_SANTO_PUNTA_LOBOS,2015,-0.03345000515317914,0.4832749974234104,24.475421,-110.289305
Not Protected,La Ventana,CERRALVO_BALISA,2015,-0.09637143656188606,0.45181428171905696,24.144871,-109.863211
Not Protected,La Ventana,CERRALVO_CARPINTERO,2015,-0.5870009922194555,0.20649950389027227,24.325082211886304,-109.93980755813953
Not Protected,La Ventana,CERRALVO_NORTE,2015,-0.38815271013637054,0.30592364493181473,24.374969,-109.932606
Not Protected,La Ventana,CERRALVO_REINA,2015,-0.19005986334999522,0.4049700683250024,24.388762,-109.939961
Not Protected,La Ventana,CERRALVO_SUR_BAJO,2015,-0.4724574224843736,0.2637712887578132,24.129707,-109.797021
Not Protected,La Ventana,PUNTA_ARENAS,2015,0.1977441615985377,0.5988720807992689,24.043448,-109.825199
Not Protected,La Ventana,PUNTA_PERICO,2015,-0.336482065133444,0.33175896743327804,24.014233,-109.806733
Not Protected,Corredor,BURROS,2015,4.641638914581848e-4,0.5002320819457291,25.032361,-110.803731
Fishing Refuge,Corredor,HABANA,2015,0.03641714443065091,0.5182085722153255,25.129618886529528,-110.86164967816855
Not Protected,Corredor,PARDITO_FARO_LOBERA,2015,-0.46299318801256845,0.2685034059937158,24.842937,-110.605687
Fishing Refuge,Corredor,PARDITO_REFUGIO,2015,0.06443461297089655,0.5322173064854483,24.853533,-110.579633
Not Protected,Corredor,PORTUGUES,2015,-0.7258971317688434,0.1370514341155783,24.747083,-110.677231
Fishing Refuge,Corredor,PUNTA_BOTELLA,2015,-0.29298587856037633,0.35350706071981186,25.292517,-110.93405
Fishing Refuge,Corredor,PUNTA_COYOTE,2015,-0.21870334540088726,0.39064832729955634,24.706066,-110.688271
Fishing Refuge,Corredor,REFUGIO_MORENA,2015,-0.39754271544159187,0.3012286422792041,25.245621,-110.922071
Fishing Refuge,Corredor,SAN_DIEGO_ABNEGADO,2015,-0.2805252295038448,0.35973738524807763,25.182633,-110.710011
Fishing Refuge,Corredor,SAN_FRANCISCO_PUNTA_NORTE_FARO,2015,-0.5712619080975682,0.21436904595121592,24.842971,-110.566011
Not Protected,Corredor,SAN_JOSE_ANIMAS_NORTE,2015,-0.08729369082461254,0.4563531545876937,25.089485,-110.566779
Not Protected,Corredor,SAN_JOSE_ANIMAS_PINACULOS,2015,0.3218453136323722,0.6609226568161861,25.089468,-110.566743
Fishing Refuge,Corredor,SAN_MATEO_NORTE,2015,-0.05141587787285361,0.4742920610635732,25.365767,-110.984417
Lightly Protected,La Paz,ESPIRITU_SANTO_ISLOTES_ESTE,2015,-0.688862234019312,0.155568882990344,24.598899,-110.399831
Lightly Protected,La Paz,ESPIRITU_SANTO_ISLOTES_NORTE,2015,-0.04377917918484727,0.47811041040757635,24.599432,-110.401188
Lightly Protected,La Paz,ESPIRITU_SANTO_PAILEBOTE,2015,-0.11369436924643012,0.44315281537678497,24.504571,-110.308406
Lightly Protected,La Paz,ESPIRITU_SANTO_PARTIDA_NORESTE,2015,0.11927463011636943,0.5596373150581847,24.562008,-110.366446
Fishing Refuge,Corredor,ISLOTE_AGUA_VERDE,2015,-0.5047861921928074,0.2476069039035963,25.532506509775526,-111.06383274004344
Fishing Refuge,Corredor,REFUGIO_SAN_MARCIAL,2015,0.43367543735270686,0.7168377186763535,25.530862,-111.004843
Lightly Protected,Loreto,CARMEN_ABISMO,2015,-0.5004486947266151,0.24977565263669244,25.84198452552898,-111.2329723153174
Lightly Protected,Loreto,CARMEN_PUNTA_LOBOS,2015,-0.5862342712184062,0.2068828643907969,26.068839,-111.070127
Lightly Protected,Loreto,CARMEN_PUNTA_PERICO,2015,0.16713257815923824,0.5835662890796192,25.965265,-111.067303
Lightly Protected,Loreto,CARMEN_TINTORERA,2015,0.08303831900989721,0.5415191595049486,26.064886,-111.131847
Lightly Protected,Loreto,CORONADO_LAJAS,2015,0.15521209546544712,0.5776060477327236,26.126188,-111.258743
Not Protected,Loreto,CORONADO_MONO,2015,-0.44014205275955764,0.2799289736202212,26.135304,-111.279106
Not Protected,Loreto,CORONADO_PUNTA_BLANCA,2015,0.11293039338751164,0.5564651966937558,26.137812,-111.265291
Lightly Protected,Loreto,DANZANTE_BIZNAGA,2015,-0.17647113537305814,0.41176443231347093,25.815202,-111.260062
Lightly Protected,Loreto,DANZANTE_PUNTA_ESTE,2015,-0.21651886435602655,0.39174056782198674,25.788956,-111.242819
Lightly Protected,Loreto,DANZANTE_PUNTA_NOROESTE,2015,-0.29964065520436894,0.35017967239781556,25.800718,-111.257608
Lightly Protected,Loreto,DANZANTE_PUNTA_SURESTE,2015,-0.41141118728198284,0.2942944063590086,25.763561,-111.243521
Lightly Protected,Loreto,MONSERRAT_GALERAS,2015,-0.2767551180521173,0.36162244097394136,25.742757,-111.046611
Lightly Protected,Loreto,MONSERRAT_PUNTA_SURESTE,2015,0.07301800197551436,0.5365090009877572,25.675881,-111.011271
Lightly Protected,Loreto,MONSERRAT_REINITA,2015,-0.4995452564585795,0.25022737177071025,25.747822,-111.060217
Fully Protected,Revillagigedo,ROCA_PARTIDA,2016,0.4032915479620403,0.7016457739810201,19.008889,-112.082222
Fully Protected,Revillagigedo,SAN_BENEDICTO_CANION,2016,0.0012637690247444765,0.5006318845123723,19.297803455652176,-110.80469214608695
Fully Protected,Cabo Pulmo,BAJO_CABO_PULMO,2016,0.1560838884617972,0.5780419442308986,23.457861,-109.405463
Fully Protected,Cabo Pulmo,BARRA_PRIMERA,2016,-0.8338428824703786,0.08307855876481068,23.434781,-109.424377
Not Protected,Cabo Pulmo,BLEDITO,2016,-0.3552834335541103,0.32235828322294485,23.361148,-109.421591
Fully Protected,Cabo Pulmo,CANTILES_CABO_PULMO,2016,0.1114943554504164,0.5557471777252082,23.438823,-109.410821
Fully Protected,Cabo Pulmo,CANTIL_MEDIO,2016,0.1301685535988746,0.5650842767994373,23.434309,-109.414791
Fully Protected,Cabo Pulmo,CASITAS,2016,0.14097573215334377,0.5704878660766719,23.403539,-109.414811
Fully Protected,Cabo Pulmo,ESPERANZA,2016,-0.3926891418585655,0.30365542907071724,23.424715,-109.408303
Fully Protected,Cabo Pulmo,GAVILANES_CABO_PULMO,2016,-0.7884611052160321,0.10576944739198396,23.452161,-109.424501
Fully Protected,Cabo Pulmo,ISLOTE_CABO_PULMO,2016,-0.31298371702145544,0.3435081414892723,23.407996156161044,-109.41333698739325
Not Protected,Cabo Pulmo,LINEA,2016,-0.3162698838669262,0.3418650580665369,23.319897,-109.417391
Fully Protected,Cabo Pulmo,LISAS,2016,0.4707732630609068,0.7353866315304534,23.458291,-109.428915
Fully Protected,Cabo Pulmo,LOBERA_CABO_PULMO,2016,0.17685402512267395,0.588427012561337,23.384551,-109.412618
Fully Protected,Cabo Pulmo,MORROS_CABO_PULMO,2016,0.6790332258768731,0.8395166129384366,23.461938,-109.407203
Fully Protected,Cabo Pulmo,NAVAJAS,2016,-0.2948822865058065,0.35255885674709675,23.446164,-109.416728
Not Protected,Cabo Pulmo,PIEDRAS_BOLAS,2016,0.0017761218949725332,0.5008880609474863,23.355254,-109.422322
Fully Protected,Cabo Pulmo,POTANCO,2016,0.33526151647538455,0.6676307582376922,23.381516,-109.420505
Fully Protected,Cabo Pulmo,TACHUELAS,2016,0.02225653217551887,0.5111282660877594,23.492131,-109.457481
Not Protected,Los Cabos,ANEGADA,2016,-0.44804843096805624,0.2759757845159719,22.878554055555554,-109.89883605555556
Not Protected,Los Cabos,ARCO_SAN_LUCAS,2016,-0.2575819074523245,0.3712090462738378,22.876139,-109.892835
Not Protected,Los Cabos,CABEZA_BALLENA_CSL,2016,-0.3645921653478137,0.31770391732609315,22.902206,-109.842622
Not Protected,Los Cabos,CHILENO,2016,0.0633870327892408,0.5316935163946204,22.946031,-109.803661
Not Protected,Los Cabos,DEDO_NEPTUNO,2016,-0.44314507959195804,0.278427460204021,22.877203,-109.895233
Not Protected,Los Cabos,GIORGIO,2016,-0.2537946322575227,0.3731026838712387,22.896039,-109.866002
Not Protected,Los Cabos,PALMILLA_ESCALONES,2016,0.12974601125900415,0.564873005629502,22.99705,-109.72245
Not Protected,Los Cabos,PALMILLA_REGINA,2016,-0.07959655990045497,0.4602017200497725,22.98855,-109.732367
Not Protected,Los Cabos,PALMILLA_SAN_JOSE,2016,0.239253653930117,0.6196268269650584,23.005917,-109.711367
Not Protected,Los Cabos,SANTA_MARIA,2016,-0.2161428058261709,0.3919285970869145,22.927461,-109.815316
Lightly Protected,La Paz,ESPIRITU_SANTO_BALLENA,2016,-0.6161419672443035,0.19192901637784826,24.48192949682278,-110.40116759637563
Lightly Protected,La Paz,ESPIRITU_SANTO_PUNTA_LOBOS,2016,-0.8509482982680973,0.07452585086595137,24.475421,-110.289305
Not Protected,La Ventana,CERRALVO_BALISA,2016,-0.5771573795253939,0.21142131023730304,24.144871,-109.863211
Not Protected,La Ventana,CERRALVO_CARPINTERO,2016,-0.5237920288849264,0.2381039855575368,24.325082211886304,-109.93980755813953
Not Protected,La Ventana,CERRALVO_NORTE,2016,-0.3258696163976778,0.3370651918011611,24.374969,-109.932606
Not Protected,La Ventana,CERRALVO_REINA,2016,-0.028893129347922368,0.48555343532603884,24.388762,-109.939961
Not Protected,La Ventana,CERRALVO_SUR_BAJO,2016,-0.20052848741306306,0.39973575629346847,24.129707,-109.797021
Not Protected,La Ventana,PUNTA_ARENAS,2016,-0.5793425622182781,0.21032871889086097,24.043448,-109.825199
Not Protected,La Ventana,PUNTA_PERICO,2016,-0.30285476515854554,0.3485726174207272,24.014233,-109.806733
Not Protected,Corredor,BURROS,2016,-0.2157509566863965,0.3921245216568018,25.032361,-110.803731
Fishing Refuge,Corredor,HABANA,2016,-0.22718112548384592,0.386409437258077,25.129618886529528,-110.86164967816855
Not Protected,Corredor,PARDITO_FARO_LOBERA,2016,-0.5443189890263475,0.22784050548682627,24.842937,-110.605687
Fishing Refuge,Corredor,PARDITO_REFUGIO,2016,0.10226396130921891,0.5511319806546094,24.853533,-110.579633
Not Protected,Corredor,PORTUGUES,2016,-0.25483826395551135,0.3725808680222443,24.747083,-110.677231
Fishing Refuge,Corredor,PUNTA_BOTELLA,2016,-0.48191385531656633,0.25904307234171686,25.292517,-110.93405
Fishing Refuge,Corredor,PUNTA_COYOTE,2016,-0.5654938591322022,0.2172530704338989,24.706066,-110.688271
Fishing Refuge,Corredor,REFUGIO_MORENA,2016,-0.13404746623971797,0.432976266880141,25.245621,-110.922071
Fishing Refuge,Corredor,SAN_DIEGO_ABNEGADO,2016,-0.3833217475614185,0.3083391262192907,25.182633,-110.710011
Not Protected,Corredor,SAN_EVARISTO_PUNTA_NORTE,2016,-0.24904143761874298,0.3754792811906285,24.919291,-110.702781
Fishing Refuge,Corredor,SAN_FRANCISCO_PUNTA_NORTE_FARO,2016,-0.6664377478861653,0.16678112605691736,24.842971,-110.566011
Not Protected,Corredor,SAN_JOSE_ANIMAS_NORTE,2016,-0.32455992174016307,0.33772003912991844,25.089485,-110.566779
Not Protected,Corredor,SAN_JOSE_ANIMAS_PINACULOS,2016,0.2305201113348307,0.6152600556674154,25.089468,-110.566743
Fishing Refuge,Corredor,SAN_MATEO_NORTE,2016,-0.3862982905038061,0.3068508547480969,25.365767,-110.984417
Lightly Protected,La Paz,ESPIRITU_SANTO_ISLOTES_ESTE,2016,0.16403916804348873,0.5820195840217444,24.598899,-110.399831
Lightly Protected,La Paz,ESPIRITU_SANTO_ISLOTES_NORTE,2016,-0.06882170869174288,0.46558914565412857,24.599432,-110.401188
Lightly Protected,La Paz,ESPIRITU_SANTO_PAILEBOTE,2016,-0.5605198279733618,0.21974008601331912,24.504571,-110.308406
Lightly Protected,La Paz,ESPIRITU_SANTO_PARTIDA_NORESTE,2016,-0.32025459686846774,0.3398727015657661,24.562008,-110.366446
Fishing Refuge,Corredor,ISLOTE_AGUA_VERDE,2016,-0.5644282491638274,0.2177858754180863,25.532506509775526,-111.06383274004344
Fishing Refuge,Corredor,REFUGIO_SAN_MARCIAL,2016,-0.3121384321341324,0.3439307839329338,25.530862,-111.004843
Lightly Protected,Loreto,CARMEN_ABISMO,2016,-0.4608903779686869,0.26955481101565654,25.84198452552898,-111.2329723153174
Lightly Protected,Loreto,CARMEN_PUNTA_LOBOS,2016,-0.4408997221719293,0.27955013891403535,26.068839,-111.070127
Lightly Protected,Loreto,CARMEN_PUNTA_PERICO,2016,-0.09142164893939621,0.4542891755303019,25.965265,-111.067303
Lightly Protected,Loreto,CARMEN_TINTORERA,2016,-0.314537280581294,0.342731359709353,26.064886,-111.131847
Lightly Protected,Loreto,CORONADO_LAJAS,2016,-0.018388633584567632,0.49080568320771617,26.126188,-111.258743
Not Protected,Loreto,CORONADO_MONO,2016,-0.42530553992923786,0.2873472300353811,26.135304,-111.279106
Not Protected,Loreto,CORONADO_PUNTA_BLANCA,2016,-0.18430984829107594,0.40784507585446206,26.137812,-111.265291
Lightly Protected,Loreto,DANZANTE_BIZNAGA,2016,-0.23519695008660663,0.38240152495669666,25.815202,-111.260062
Lightly Protected,Loreto,DANZANTE_PUNTA_ESTE,2016,-0.31513557726254077,0.3424322113687296,25.788956,-111.242819
Lightly Protected,Loreto,DANZANTE_PUNTA_NOROESTE,2016,-0.4884547090287613,0.25577264548561934,25.800718,-111.257608
Lightly Protected,Loreto,DANZANTE_PUNTA_SURESTE,2016,-0.5248735272972891,0.23756323635135546,25.763561,-111.243521
Lightly Protected,Loreto,MONSERRAT_GALERAS,2016,-0.14809150978062754,0.4259542451096862,25.742757,-111.046611
Lightly Protected,Loreto,MONSERRAT_PUNTA_SURESTE,2016,-0.28450818337333733,0.3577459083133313,25.675881,-111.011271
Lightly Protected,Loreto,MONSERRAT_REINITA,2016,-0.5633049824839083,0.21834750875804587,25.747822,-111.060217
Not Protected,Santa Rosalia,PULPITO,2016,0.3243186778057799,0.6621593389028899,26.516189,-111.442401
Lightly Protected,Alto Golfo,SALSIPUEDES,2016,-0.10194748891169163,0.4490262555441542,28.718917588921283,-112.94885127405249
Lightly Protected,Alto Golfo,VENTANA,2016,-0.7243551461086932,0.1378224269456534,28.990807,-113.495004
Fully Protected,Revillagigedo,ROCA_PARTIDA,2017,0.5025448893954436,0.7512724446977218,19.008889,-112.082222
Fully Protected,Revillagigedo,SAN_BENEDICTO_CANION,2017,0.023630657294463547,0.5118153286472318,19.297803455652176,-110.80469214608695
Fully Protected,Cabo Pulmo,BAJO_CABO_PULMO,2017,0.1645342687169219,0.5822671343584609,23.457861,-109.405463
Fully Protected,Cabo Pulmo,BARRA_PRIMERA,2017,0.060300909634695275,0.5301504548173477,23.434781,-109.424377
Not Protected,Cabo Pulmo,BLEDITO,2017,0.11471645925731404,0.557358229628657,23.361148,-109.421591
Fully Protected,Cabo Pulmo,CANTILES_CABO_PULMO,2017,-0.1906106094205203,0.40469469528973984,23.438823,-109.410821
Fully Protected,Cabo Pulmo,CANTIL_MEDIO,2017,0.3893604104312553,0.6946802052156277,23.434309,-109.414791
Fully Protected,Cabo Pulmo,CASITAS,2017,0.4118645574740306,0.7059322787370153,23.403539,-109.414811
Fully Protected,Cabo Pulmo,ESPERANZA,2017,0.2730843395303633,0.6365421697651816,23.424715,-109.408303
Fully Protected,Cabo Pulmo,GAVILANES_CABO_PULMO,2017,-0.17478354765362922,0.4126082261731854,23.452161,-109.424501
Fully Protected,Cabo Pulmo,ISLOTE_CABO_PULMO,2017,-0.1262235525297381,0.4368882237351309,23.407996156161044,-109.41333698739325
Not Protected,Cabo Pulmo,LINEA,2017,0.12338642643381359,0.5616932132169068,23.319897,-109.417391
Fully Protected,Cabo Pulmo,LISAS,2017,-0.36730993259899347,0.31634503370050326,23.458291,-109.428915
Fully Protected,Cabo Pulmo,LOBERA_CABO_PULMO,2017,0.5718439802342221,0.7859219901171111,23.384551,-109.412618
Fully Protected,Cabo Pulmo,MORROS_CABO_PULMO,2017,0.7091780448920206,0.8545890224460103,23.461938,-109.407203
Fully Protected,Cabo Pulmo,NAVAJAS,2017,-0.25328242090530045,0.3733587895473498,23.446164,-109.416728
Not Protected,Cabo Pulmo,PIEDRAS_BOLAS,2017,0.14482103212182032,0.5724105160609102,23.355254,-109.422322
Fully Protected,Cabo Pulmo,POTANCO,2017,-0.25399005822502746,0.3730049708874863,23.381516,-109.420505
Fully Protected,Cabo Pulmo,TACHUELAS,2017,0.5567314043531747,0.7783657021765873,23.492131,-109.457481
Not Protected,Los Cabos,ANEGADA,2017,0.00700684344097553,0.5035034217204878,22.878554055555554,-109.89883605555556
Not Protected,Los Cabos,ARCO_SAN_LUCAS,2017,-0.2765715385503526,0.36171423072482367,22.876139,-109.892835
Not Protected,Los Cabos,CABEZA_BALLENA_CSL,2017,-0.1841447965435966,0.4079276017282017,22.902206,-109.842622
Not Protected,Los Cabos,CHILENO,2017,0.3994743045172296,0.6997371522586148,22.946031,-109.803661
Not Protected,Los Cabos,DEDO_NEPTUNO,2017,-0.041989338880747906,0.479005330559626,22.877203,-109.895233
Not Protected,Los Cabos,GIORGIO,2017,-0.6978670317154083,0.15106648414229584,22.896039,-109.866002
Not Protected,Los Cabos,PALMILLA_ESCALONES,2017,0.3195188477154367,0.6597594238577184,22.99705,-109.72245
Not Protected,Los Cabos,PALMILLA_REGINA,2017,-0.31137018113255416,0.3443149094337229,22.98855,-109.732367
Not Protected,Los Cabos,PALMILLA_SAN_JOSE,2017,-0.8166406703559225,0.09167966482203876,23.005917,-109.711367
Not Protected,Los Cabos,SANTA_MARIA,2017,0.06657894058440086,0.5332894702922004,22.927461,-109.815316
Lightly Protected,La Paz,ESPIRITU_SANTO_BALLENA,2017,-0.37008860237837327,0.31495569881081337,24.48192949682278,-110.40116759637563
Lightly Protected,La Paz,ESPIRITU_SANTO_PUNTA_LOBOS,2017,-0.11547403668020088,0.4422629816598996,24.475421,-110.289305
Not Protected,La Ventana,CERRALVO_BALISA,2017,-0.2362305216711821,0.38188473916440896,24.144871,-109.863211
Not Protected,La Ventana,CERRALVO_CARPINTERO,2017,-0.7211540869236995,0.13942295653815023,24.325082211886304,-109.93980755813953
Not Protected,La Ventana,CERRALVO_NORTE,2017,-0.6228463649520543,0.18857681752397287,24.374969,-109.932606
Not Protected,La Ventana,CERRALVO_REINA,2017,-0.1643536160171434,0.4178231919914283,24.388762,-109.939961
Not Protected,La Ventana,CERRALVO_SUR_BAJO,2017,-0.5542928309505798,0.2228535845247101,24.129707,-109.797021
Not Protected,La Ventana,PUNTA_ARENAS,2017,-0.09549145840574041,0.45225427079712976,24.043448,-109.825199
Not Protected,La Ventana,PUNTA_PERICO,2017,-0.1312482753207182,0.4343758623396409,24.014233,-109.806733
Not Protected,Corredor,BURROS,2017,0.19608013400776023,0.5980400670038801,25.032361,-110.803731
Fishing Refuge,Corredor,HABANA,2017,0.055232790303173476,0.5276163951515868,25.129618886529528,-110.86164967816855
Not Protected,Corredor,PARDITO_FARO_LOBERA,2017,-0.5202776302563273,0.23986118487183633,24.842937,-110.605687
Fishing Refuge,Corredor,PARDITO_REFUGIO,2017,0.16280464793863078,0.5814023239693153,24.853533,-110.579633
Not Protected,Corredor,PORTUGUES,2017,-0.7146547308419491,0.14267263457902546,24.747083,-110.677231
Fishing Refuge,Corredor,PUNTA_BOTELLA,2017,-0.28455071574819385,0.35772464212590305,25.292517,-110.93405
Fishing Refuge,Corredor,PUNTA_COYOTE,2017,-0.8904615938825166,0.05476920305874172,24.706066,-110.688271
Fishing Refuge,Corredor,REFUGIO_MORENA,2017,-0.1621988359490178,0.4189005820254911,25.245621,-110.922071
Fishing Refuge,Corredor,SAN_DIEGO_ABNEGADO,2017,0.1906654278689045,0.5953327139344522,25.182633,-110.710011
Not Protected,Corredor,SAN_EVARISTO_PUNTA_NORTE,2017,-0.565767742872092,0.21711612856395401,24.919291,-110.702781
Fishing Refuge,Corredor,SAN_FRANCISCO_PUNTA_NORTE_FARO,2017,-0.20527392353474533,0.3973630382326273,24.842971,-110.566011
Not Protected,Corredor,SAN_JOSE_ANIMAS_NORTE,2017,-0.18341451487219806,0.40829274256390097,25.089485,-110.566779
Not Protected,Corredor,SAN_JOSE_ANIMAS_PINACULOS,2017,-0.0455495300909471,0.47722523495452646,25.089468,-110.566743
Fishing Refuge,Corredor,SAN_MATEO_NORTE,2017,-0.2584028556567926,0.3707985721716037,25.365767,-110.984417
Lightly Protected,La Paz,ESPIRITU_SANTO_ISLOTES_ESTE,2017,0.1308800683021733,0.5654400341510867,24.598899,-110.399831
Lightly Protected,La Paz,ESPIRITU_SANTO_ISLOTES_NORTE,2017,0.020689673152171444,0.5103448365760858,24.599432,-110.401188
Lightly Protected,La Paz,ESPIRITU_SANTO_PAILEBOTE,2017,0.1471346607879665,0.5735673303939832,24.504571,-110.308406
Lightly Protected,La Paz,ESPIRITU_SANTO_PARTIDA_NORESTE,2017,0.1706768980157208,0.5853384490078604,24.562008,-110.366446
Fishing Refuge,Corredor,ISLOTE_AGUA_VERDE,2017,0.14754233794905466,0.5737711689745273,25.532506509775526,-111.06383274004344
Fishing Refuge,Corredor,REFUGIO_SAN_MARCIAL,2017,-0.3703386330815419,0.31483068345922904,25.530862,-111.004843
Lightly Protected,Loreto,CARMEN_ABISMO,2017,-0.49516106914315294,0.25241946542842353,25.84198452552898,-111.2329723153174
Lightly Protected,Loreto,CARMEN_PUNTA_LOBOS,2017,0.044472695134736215,0.5222363475673681,26.068839,-111.070127
Lightly Protected,Loreto,CARMEN_PUNTA_PERICO,2017,0.014072176252294216,0.5070360881261471,25.965265,-111.067303
Lightly Protected,Loreto,CARMEN_TINTORERA,2017,-0.09323722467798233,0.45338138766100883,26.064886,-111.131847
Lightly Protected,Loreto,CORONADO_LAJAS,2017,0.14075447273339745,0.5703772363666987,26.126188,-111.258743
Not Protected,Loreto,CORONADO_MONO,2017,0.15165225175310262,0.5758261258765514,26.135304,-111.279106
Not Protected,Loreto,CORONADO_PUNTA_BLANCA,2017,0.038555829515903216,0.5192779147579516,26.137812,-111.265291
Lightly Protected,Loreto,DANZANTE_BIZNAGA,2017,-0.28818041445614623,0.3559097927719269,25.815202,-111.260062
Lightly Protected,Loreto,DANZANTE_PUNTA_ESTE,2017,-0.39299092429397015,0.3035045378530149,25.788956,-111.242819
Lightly Protected,Loreto,DANZANTE_PUNTA_NOROESTE,2017,-0.49756841377606725,0.2512157931119664,25.800718,-111.257608
Lightly Protected,Loreto,DANZANTE_PUNTA_SURESTE,2017,-0.7124326982991627,0.14378365085041867,25.763561,-111.243521
Lightly Protected,Loreto,MONSERRAT_GALERAS,2017,-0.10164014894340617,0.4491799255282969,25.742757,-111.046611
Lightly Protected,Loreto,MONSERRAT_PUNTA_SURESTE,2017,-0.00567877964112597,0.497160610179437,25.675881,-111.011271
Lightly Protected,Loreto,MONSERRAT_REINITA,2017,-0.7137252835140803,0.14313735824295987,25.747822,-111.060217
Fully Protected,Cabo Pulmo,BAJO_CABO_PULMO,2018,0.392734109912867,0.6963670549564335,23.457861,-109.405463
Fully Protected,Cabo Pulmo,BARRA_PRIMERA,2018,0.5519374131548154,0.7759687065774077,23.434781,-109.424377
Not Protected,Cabo Pulmo,BLEDITO,2018,-0.2197362939251034,0.3901318530374483,23.361148,-109.421591
Fully Protected,Cabo Pulmo,CANTILES_CABO_PULMO,2018,0.30977212504867035,0.6548860625243351,23.438823,-109.410821
Fully Protected,Cabo Pulmo,CANTIL_MEDIO,2018,0.4667480836377819,0.733374041818891,23.434309,-109.414791
Fully Protected,Cabo Pulmo,CASITAS,2018,0.22866805270894003,0.61433402635447,23.403539,-109.414811
Fully Protected,Cabo Pulmo,ESPERANZA,2018,0.11974361891040558,0.5598718094552028,23.424715,-109.408303
Fully Protected,Cabo Pulmo,GAVILANES_CABO_PULMO,2018,0.17423506838730796,0.587117534193654,23.452161,-109.424501
Fully Protected,Cabo Pulmo,ISLOTE_CABO_PULMO,2018,0.04414487222342771,0.5220724361117138,23.407996156161044,-109.41333698739325
Not Protected,Cabo Pulmo,LINEA,2018,0.14299997355167612,0.571499986775838,23.319897,-109.417391
Fully Protected,Cabo Pulmo,LISAS,2018,0.2515536423353051,0.6257768211676525,23.458291,-109.428915
Fully Protected,Cabo Pulmo,LOBERA_CABO_PULMO,2018,0.5457873836516643,0.7728936918258322,23.384551,-109.412618
Fully Protected,Cabo Pulmo,MORROS_CABO_PULMO,2018,0.466110976352578,0.733055488176289,23.461938,-109.407203
Fully Protected,Cabo Pulmo,NAVAJAS,2018,0.24696187180276086,0.6234809359013804,23.446164,-109.416728
Fully Protected,Cabo Pulmo,POTANCO,2018,0.260958278354323,0.6304791391771615,23.381516,-109.420505
Fully Protected,Cabo Pulmo,TACHUELAS,2018,0.1765384668617421,0.588269233430871,23.492131,-109.457481
Not Protected,Los Cabos,ANEGADA,2018,-0.13226493146196944,0.43386753426901525,22.878554055555554,-109.89883605555556
Not Protected,Los Cabos,ARCO_SAN_LUCAS,2018,-0.061347845979095726,0.46932607701045215,22.876139,-109.892835
Not Protected,Los Cabos,CABEZA_BALLENA_CSL,2018,-0.2587188584851344,0.37064057075743284,22.902206,-109.842622
Not Protected,Los Cabos,CHILENO,2018,-0.17493053887108276,0.4125347305644586,22.946031,-109.803661
Not Protected,Los Cabos,DEDO_NEPTUNO,2018,-0.20698886026602975,0.39650556986698515,22.877203,-109.895233
Not Protected,Los Cabos,GIORGIO,2018,0.029000515436712393,0.5145002577183562,22.896039,-109.866002
Not Protected,Los Cabos,PALMILLA_ESCALONES,2018,0.26628822218255693,0.6331441110912784,22.99705,-109.72245
Not Protected,Los Cabos,PALMILLA_REGINA,2018,0.0032584837104333983,0.5016292418552167,22.98855,-109.732367
Not Protected,Los Cabos,PALMILLA_SAN_JOSE,2018,-0.3737531385023741,0.31312343074881294,23.005917,-109.711367
Not Protected,Los Cabos,SANTA_MARIA,2018,-0.20119092161057558,0.3994045391947122,22.927461,-109.815316
Lightly Protected,La Paz,ESPIRITU_SANTO_BALLENA,2018,-0.42530293248955525,0.2873485337552224,24.48192949682278,-110.40116759637563
Lightly Protected,La Paz,ESPIRITU_SANTO_BONANZA,2018,-0.673182290789612,0.163408854605194,24.455518,-110.29038
Lightly Protected,La Paz,ESPIRITU_SANTO_C59,2018,0.23619453796841774,0.6180972689842089,24.43973,-110.37683
Not Protected,La Paz,ESPIRITU_SANTO_CATEDRAL,2018,-0.028496412931668758,0.48575179353416564,24.441111,-110.37475
Lightly Protected,La Paz,ESPIRITU_SANTO_DISPENSA,2018,-0.5684842425833361,0.21575787870833196,24.400494,-110.348259
Lightly Protected,La Paz,ESPIRITU_SANTO_EMPACHADO,2018,0.24857082945268638,0.6242854147263432,24.447221,-110.378331
Lightly Protected,La Paz,ESPIRITU_SANTO_FANG_MING,2018,-0.2972044408434643,0.35139777957826784,24.4447,-110.38135
Lightly Protected,La Paz,ESPIRITU_SANTO_GALLO,2018,-0.72676705427717,0.13661647286141498,24.466619,-110.385076
Lightly Protected,La Paz,ESPIRITU_SANTO_PUNTA_GALLO,2018,-0.3758703066531487,0.31206484667342566,24.466166,-110.374666
Lightly Protected,La Paz,ESPIRITU_SANTO_PUNTA_LOBOS,2018,-0.3812123673149918,0.30939381634250407,24.475421,-110.289305
Lightly Protected,La Paz,ESPIRITU_SANTO_SAN_GABRIEL,2018,-0.37956278277168676,0.3102186086141566,24.413891,-110.354441
Not Protected,La Paz,ESPIRITU_SANTO_SOANY,2018,-0.8697542213075383,0.06512288934623084,24.391116,-110.304853
Not Protected,La Ventana,CERRALVO_BALISA,2018,-0.3767718201176799,0.31161408994116,24.144871,-109.863211
Not Protected,La Ventana,CERRALVO_CARPINTERO,2018,-0.36625472405265214,0.31687263797367393,24.325082211886304,-109.93980755813953
Not Protected,La Ventana,CERRALVO_NORTE,2018,-0.6346480354616526,0.1826759822691737,24.374969,-109.932606
Not Protected,La Ventana,CERRALVO_REINA,2018,-0.6333615426713327,0.18331922866433364,24.388762,-109.939961
Not Protected,La Ventana,CERRALVO_SUR_BAJO,2018,-0.5595794078473718,0.2202102960763141,24.129707,-109.797021
Not Protected,La Ventana,PUNTA_ARENAS,2018,-0.4220071671729941,0.28899641641350293,24.043448,-109.825199
Not Protected,La Ventana,PUNTA_PERICO,2018,-0.46466816314966936,0.2676659184251653,24.014233,-109.806733
Not Protected,Corredor,BURROS,2018,-0.48054446476418605,0.25972776761790695,25.032361,-110.803731
Fishing Refuge,Corredor,HABANA,2018,0.03533047313473283,0.5176652365673664,25.129618886529528,-110.86164967816855
Not Protected,Corredor,PARDITO_FARO_LOBERA,2018,0.02121668794618749,0.5106083439730937,24.842937,-110.605687
Fishing Refuge,Corredor,PARDITO_REFUGIO,2018,0.3009204977820545,0.6504602488910273,24.853533,-110.579633
Fishing Refuge,Corredor,PUNTA_BOTELLA,2018,-0.38916401260865596,0.305417993695672,25.292517,-110.93405
Fishing Refuge,Corredor,REFUGIO_MORENA,2018,-0.13833741574143943,0.4308312921292803,25.245621,-110.922071
Fishing Refuge,Corredor,SAN_DIEGO_ABNEGADO,2018,0.0757073334092172,0.5378536667046085,25.182633,-110.710011
Not Protected,Corredor,SAN_EVARISTO_PUNTA_NORTE,2018,-0.4627740914055201,0.26861295429723997,24.919291,-110.702781
Not Protected,Corredor,SAN_JOSE_ANIMAS_NORTE,2018,-0.17828434663237666,0.41085782668381166,25.089485,-110.566779
Not Protected,Corredor,SAN_JOSE_ANIMAS_PINACULOS,2018,-0.03470581726898729,0.4826470913655064,25.089468,-110.566743
Lightly Protected,La Paz,ESPIRITU_SANTO_BAJITO,2018,0.03420680316326383,0.5171034015816319,24.596666,-110.40808
Lightly Protected,La Paz,ESPIRITU_SANTO_CARDONAL,2018,-0.7095316498337502,0.14523417508312492,24.53703,-110.39948
Lightly Protected,La Paz,ESPIRITU_SANTO_ISLOTES_ESTE,2018,0.1670421411322785,0.5835210705661392,24.598899,-110.399831
Lightly Protected,La Paz,ESPIRITU_SANTO_ISLOTES_NORTE,2018,0.1569039213972953,0.5784519606986477,24.599432,-110.401188
Lightly Protected,La Paz,ESPIRITU_SANTO_ISLOTES_SOMERO,2018,0.061090030331829005,0.5305450151659145,24.5983,-110.40081
Lightly Protected,La Paz,ESPIRITU_SANTO_PAILEBOTE,2018,0.02967966957266384,0.5148398347863319,24.504571,-110.308406
Lightly Protected,La Paz,ESPIRITU_SANTO_PARTIDA_NORESTE,2018,-0.08552609807351211,0.45723695096324396,24.562008,-110.366446
Lightly Protected,La Paz,ESPIRITU_SANTO_TIJERETAS,2018,-0.5626298336735013,0.21868508316324936,24.571596,-110.414701
Fishing Refuge,Corredor,ISLOTE_AGUA_VERDE,2018,-0.13146578841483517,0.43426710579258243,25.532506509775526,-111.06383274004344
Fishing Refuge,Corredor,REFUGIO_SAN_MARCIAL,2018,-0.26510361928364046,0.36744819035817977,25.530862,-111.004843
Lightly Protected,Loreto,CARMEN_ABISMO,2018,-0.5730163456235392,0.2134918271882304,25.84198452552898,-111.2329723153174
Lightly Protected,Loreto,CARMEN_PUNTA_LOBOS,2018,-0.26287659093136617,0.3685617045343169,26.068839,-111.070127
Lightly Protected,Loreto,CARMEN_PUNTA_PERICO,2018,0.3707209458211375,0.6853604729105688,25.965265,-111.067303
Lightly Protected,Loreto,CARMEN_TINTORERA,2018,-0.2027824914560707,0.3986087542719646,26.064886,-111.131847
Lightly Protected,Loreto,CORONADO_LAJAS,2018,0.3587330379796881,0.679366518989844,26.126188,-111.258743
Not Protected,Loreto,CORONADO_MONO,2018,-0.26940833190152397,0.36529583404923804,26.135304,-111.279106
Not Protected,Loreto,CORONADO_PUNTA_BLANCA,2018,-0.025619340813677168,0.48719032959316144,26.137812,-111.265291
Lightly Protected,Loreto,DANZANTE_BIZNAGA,2018,0.1411852547827207,0.5705926273913604,25.815202,-111.260062
Lightly Protected,Loreto,DANZANTE_PUNTA_ESTE,2018,-0.43636613597967483,0.28181693201016256,25.788956,-111.242819
Lightly Protected,Loreto,DANZANTE_PUNTA_NOROESTE,2018,-0.5493214527887721,0.22533927360561395,25.800718,-111.257608
Lightly Protected,Loreto,DANZANTE_PUNTA_SURESTE,2018,-0.3736667630579674,0.3131666184710163,25.763561,-111.243521
Lightly Protected,Loreto,MONSERRAT_GALERAS,2018,-0.45110072335037954,0.27444963832481023,25.742757,-111.046611
Lightly Protected,Loreto,MONSERRAT_PUNTA_SURESTE,2018,-0.44174175195033993,0.27912912402483003,25.675881,-111.011271
Lightly Protected,Loreto,MONSERRAT_REINITA,2018,0.04041210851219553,0.5202060542560978,25.747822,-111.060217
Fully Protected,Cabo Pulmo,BAJO_CABO_PULMO,2019,0.055251522214040207,0.5276257611070201,23.457861,-109.405463
Fully Protected,Cabo Pulmo,BARRA_PRIMERA,2019,0.12481986942285946,0.5624099347114297,23.434781,-109.424377
Not Protected,Cabo Pulmo,BLEDITO,2019,-0.8890018034986875,0.05549909825065624,23.361148,-109.421591
Fully Protected,Cabo Pulmo,CANTILES_CABO_PULMO,2019,0.3774240277535017,0.6887120138767509,23.438823,-109.410821
Fully Protected,Cabo Pulmo,CANTIL_MEDIO,2019,0.24017617280056913,0.6200880864002846,23.434309,-109.414791
Fully Protected,Cabo Pulmo,CASITAS,2019,0.48975782127188966,0.7448789106359448,23.403539,-109.414811
Fully Protected,Cabo Pulmo,ESPERANZA,2019,-0.004461070971124244,0.4977694645144379,23.424715,-109.408303
Fully Protected,Cabo Pulmo,GAVILANES_CABO_PULMO,2019,0.660908984873594,0.8304544924367969,23.452161,-109.424501
Fully Protected,Cabo Pulmo,ISLOTE_CABO_PULMO,2019,0.5217933184871356,0.7608966592435678,23.407996156161044,-109.41333698739325
Not Protected,Cabo Pulmo,LINEA,2019,0.13761447235524585,0.568807236177623,23.319897,-109.417391
Fully Protected,Cabo Pulmo,LISAS,2019,0.007930041806615634,0.5039650209033079,23.458291,-109.428915
Fully Protected,Cabo Pulmo,LOBERA_CABO_PULMO,2019,0.21865550332096295,0.6093277516604815,23.384551,-109.412618
Fully Protected,Cabo Pulmo,MORROS_CABO_PULMO,2019,0.6512911171363064,0.8256455585681532,23.461938,-109.407203
Fully Protected,Cabo Pulmo,NAVAJAS,2019,0.029416202228234704,0.5147081011141174,23.446164,-109.416728
Not Protected,Cabo Pulmo,PIEDRAS_BOLAS,2019,-0.22923956218962616,0.3853802189051869,23.355254,-109.422322
Fully Protected,Cabo Pulmo,POTANCO,2019,0.184787960310421,0.5923939801552105,23.381516,-109.420505
Fully Protected,Cabo Pulmo,TACHUELAS,2019,-0.42221903872545197,0.288890480637274,23.492131,-109.457481
Not Protected,Los Cabos,ANEGADA,2019,-0.10837507600721835,0.4458124619963908,22.878554055555554,-109.89883605555556
Not Protected,Los Cabos,ARCO_SAN_LUCAS,2019,-0.23795366999315526,0.38102316500342237,22.876139,-109.892835
Not Protected,Los Cabos,CABEZA_BALLENA_CSL,2019,-0.526584605487527,0.23670769725623653,22.902206,-109.842622
Not Protected,Los Cabos,CHILENO,2019,0.22279254830142725,0.6113962741507136,22.946031,-109.803661
Not Protected,Los Cabos,DEDO_NEPTUNO,2019,-0.800316341399392,0.099841829300304,22.877203,-109.895233
Not Protected,Los Cabos,GIORGIO,2019,0.043072586817791185,0.5215362934088956,22.896039,-109.866002
Not Protected,Los Cabos,SANTA_MARIA,2019,-0.04811397024099719,0.4759430148795014,22.927461,-109.815316
Lightly Protected,La Paz,ESPIRITU_SANTO_BALLENA,2019,-0.6607249602873801,0.16963751985630993,24.48192949682278,-110.40116759637563
Lightly Protected,La Paz,ESPIRITU_SANTO_BONANZA,2019,-0.5140550239316862,0.24297248803415689,24.455518,-110.29038
Lightly Protected,La Paz,ESPIRITU_SANTO_C59,2019,0.1211556571160787,0.5605778285580394,24.43973,-110.37683
Not Protected,La Paz,ESPIRITU_SANTO_CATEDRAL,2019,-0.0494967243011186,0.4752516378494407,24.441111,-110.37475
Lightly Protected,La Paz,ESPIRITU_SANTO_DISPENSA,2019,-0.6637103933989517,0.16814480330052417,24.400494,-110.348259
Lightly Protected,La Paz,ESPIRITU_SANTO_EMPACHADO,2019,-0.502440086912403,0.24877995654379848,24.447221,-110.378331
Lightly Protected,La Paz,ESPIRITU_SANTO_FANG_MING,2019,-0.1400826626534596,0.4299586686732702,24.4447,-110.38135
Lightly Protected,La Paz,ESPIRITU_SANTO_PUNTA_GALLO,2019,-0.6170796681026017,0.19146016594869913,24.466166,-110.374666
Lightly Protected,La Paz,ESPIRITU_SANTO_PUNTA_LOBOS,2019,0.019842398710650855,0.5099211993553254,24.475421,-110.289305
Lightly Protected,La Paz,ESPIRITU_SANTO_SAN_GABRIEL,2019,-0.7041571727031695,0.14792141364841527,24.413891,-110.354441
Not Protected,La Paz,ESPIRITU_SANTO_SOANY,2019,-0.2360084578061346,0.3819957710969327,24.391116,-110.304853
Not Protected,Corredor,BURROS,2019,-0.3198582984206853,0.3400708507896574,25.032361,-110.803731
Fishing Refuge,Corredor,HABANA,2019,-0.06933542650337784,0.46533228674831106,25.129618886529528,-110.86164967816855
Not Protected,Corredor,PARDITO_FARO_LOBERA,2019,-0.5135231544999329,0.24323842275003354,24.842937,-110.605687
Fishing Refuge,Corredor,PARDITO_REFUGIO,2019,0.12245103394256111,0.5612255169712805,24.853533,-110.579633
Not Protected,Corredor,PORTUGUES,2019,-0.3004770256593048,0.3497614871703476,24.747083,-110.677231
Fishing Refuge,Corredor,PUNTA_BOTELLA,2019,-0.04870019988702197,0.475649900056489,25.292517,-110.93405
Fishing Refuge,Corredor,PUNTA_COYOTE,2019,-0.5635857210758545,0.21820713946207276,24.706066,-110.688271
Fishing Refuge,Corredor,REFUGIO_MORENA,2019,-0.13956759542192118,0.4302162022890394,25.245621,-110.922071
Fishing Refuge,Corredor,SAN_DIEGO_ABNEGADO,2019,-0.42861958341104556,0.2856902082944772,25.182633,-110.710011
Not Protected,Corredor,SAN_EVARISTO_PUNTA_NORTE,2019,-0.47026250554283366,0.26486874722858317,24.919291,-110.702781
Fishing Refuge,Corredor,SAN_FRANCISCO_PUNTA_NORTE_FARO,2019,-0.27332140555780493,0.36333929722109753,24.842971,-110.566011
Not Protected,Corredor,SAN_JOSE_ANIMAS_NORTE,2019,-0.420931270716706,0.289534364641647,25.089485,-110.566779
Not Protected,Corredor,SAN_JOSE_ANIMAS_PINACULOS,2019,-0.17116529252193116,0.41441735373903443,25.089468,-110.566743
Fishing Refuge,Corredor,SAN_MATEO_NORTE,2019,-0.2924024400750125,0.35379877996249376,25.365767,-110.984417
Lightly Protected,La Paz,ESPIRITU_SANTO_BAJITO,2019,0.1430809997976908,0.5715404998988454,24.596666,-110.40808
Lightly Protected,La Paz,ESPIRITU_SANTO_CARDONAL,2019,-0.5692284331819627,0.21538578340901865,24.53703,-110.39948
Lightly Protected,La Paz,ESPIRITU_SANTO_ISLOTES_ESTE,2019,0.8152455242149532,0.9076227621074766,24.598899,-110.399831
Lightly Protected,La Paz,ESPIRITU_SANTO_ISLOTES_NORTE,2019,0.44904633192979587,0.724523165964898,24.599432,-110.401188
Lightly Protected,La Paz,ESPIRITU_SANTO_ISLOTES_SOMERO,2019,0.3513709461023842,0.6756854730511921,24.5983,-110.40081
Lightly Protected,La Paz,ESPIRITU_SANTO_PAILEBOTE,2019,-0.2117882131813424,0.3941058934093288,24.504571,-110.308406
Lightly Protected,La Paz,ESPIRITU_SANTO_PARTIDA_NORESTE,2019,-0.1589577359831288,0.4205211320084356,24.562008,-110.366446
Lightly Protected,La Paz,ESPIRITU_SANTO_TIJERETAS,2019,0.17244766143868778,0.5862238307193439,24.571596,-110.414701
Fishing Refuge,Corredor,ISLOTE_AGUA_VERDE,2019,-0.3527991588064607,0.32360042059676963,25.532506509775526,-111.06383274004344
Fishing Refuge,Corredor,REFUGIO_SAN_MARCIAL,2019,-0.2262690354028068,0.38686548229859663,25.530862,-111.004843
Lightly Protected,Loreto,CARMEN_ABISMO,2019,-0.46800687348913905,0.2659965632554305,25.84198452552898,-111.2329723153174
Lightly Protected,Loreto,CARMEN_PUNTA_LOBOS,2019,-0.05979226829777958,0.4701038658511102,26.068839,-111.070127
Lightly Protected,Loreto,CARMEN_PUNTA_PERICO,2019,-0.4315801891320433,0.28420990543397834,25.965265,-111.067303
Lightly Protected,Loreto,CARMEN_TINTORERA,2019,0.09913235637171962,0.5495661781858598,26.064886,-111.131847
Not Protected,Loreto,CORONADO_MONO,2019,-0.09937629454849865,0.4503118527257507,26.135304,-111.279106
Not Protected,Loreto,CORONADO_PUNTA_BLANCA,2019,-0.4068623516434192,0.2965688241782904,26.137812,-111.265291
Lightly Protected,Loreto,DANZANTE_BIZNAGA,2019,-0.012395145035338829,0.4938024274823306,25.815202,-111.260062
Lightly Protected,Loreto,DANZANTE_PUNTA_ESTE,2019,-0.5265550808183034,0.2367224595908483,25.788956,-111.242819
Lightly Protected,Loreto,DANZANTE_PUNTA_NOROESTE,2019,-0.03683240520778454,0.48158379739610774,25.800718,-111.257608
Lightly Protected,Loreto,DANZANTE_PUNTA_SURESTE,2019,-0.4092537835003704,0.2953731082498148,25.763561,-111.243521
Lightly Protected,Loreto,MONSERRAT_GALERAS,2019,-0.29575817507144647,0.3521209124642768,25.742757,-111.046611
Lightly Protected,Loreto,MONSERRAT_PUNTA_SURESTE,2019,-0.5972560050680454,0.20137199746597728,25.675881,-111.011271
Lightly Protected,Loreto,MONSERRAT_REINITA,2019,-0.42681017769103324,0.2865949111544834,25.747822,-111.060217
Not Protected,San Basilio,SB_19,2019,-0.32876629000246965,0.33561685499876515,26.383629,-111.427208
Not Protected,San Basilio,SB_23,2019,-0.27219615278925635,0.3639019236053718,26.348617,-111.399072
Fully Protected,Cabo Pulmo,BAJO_CABO_PULMO,2020,0.7630019725036874,0.8815009862518437,23.457861,-109.405463
Fully Protected,Cabo Pulmo,BARRA_PRIMERA,2020,0.15998507037589452,0.5799925351879472,23.434781,-109.424377
Fully Protected,Cabo Pulmo,CANTILES_CABO_PULMO,2020,-0.2142108788741961,0.39289456056290195,23.438823,-109.410821
Fully Protected,Cabo Pulmo,ESPERANZA,2020,0.07913370114958773,0.5395668505747939,23.424715,-109.408303
Fully Protected,Cabo Pulmo,GAVILANES_CABO_PULMO,2020,0.10626583059971159,0.5531329152998558,23.452161,-109.424501
Fully Protected,Cabo Pulmo,ISLOTE_CABO_PULMO,2020,0.3860984974525622,0.6930492487262812,23.407996156161044,-109.41333698739325
Fully Protected,Cabo Pulmo,MORROS_CABO_PULMO,2020,0.25393805783494977,0.6269690289174749,23.461938,-109.407203
Fully Protected,Cabo Pulmo,NAVAJAS,2020,0.5514000058018651,0.7757000029009326,23.446164,-109.416728
Fully Protected,Cabo Pulmo,POTANCO,2020,0.3920288384316102,0.6960144192158051,23.381516,-109.420505
Fully Protected,Cabo Pulmo,TACHUELAS,2020,-0.08255972547249321,0.4587201372637534,23.492131,-109.457481
Fully Protected,Cabo Pulmo,BAJO_CABO_PULMO,2021,0.4853362864054469,0.7426681432027235,23.457861,-109.405463
Fully Protected,Cabo Pulmo,BARRA_PRIMERA,2021,0.5879504009814897,0.7939752004907448,23.434781,-109.424377
Not Protected,Cabo Pulmo,BLEDITO,2021,-0.041663634701390534,0.4791681826493047,23.361148,-109.421591
Fully Protected,Cabo Pulmo,CANTILES_CABO_PULMO,2021,-0.0879944540139877,0.4560027729930062,23.438823,-109.410821
Fully Protected,Cabo Pulmo,CANTIL_MEDIO,2021,-0.12516591430171153,0.43741704284914423,23.434309,-109.414791
Fully Protected,Cabo Pulmo,CASITAS,2021,0.3510346709474427,0.6755173354737214,23.403539,-109.414811
Fully Protected,Cabo Pulmo,ESPERANZA,2021,-0.0730409281639735,0.4634795359180133,23.424715,-109.408303
Fully Protected,Cabo Pulmo,GAVILANES_CABO_PULMO,2021,-0.2792992237672125,0.36035038811639375,23.452161,-109.424501
Fully Protected,Cabo Pulmo,ISLOTE_CABO_PULMO,2021,-0.3870147572993508,0.3064926213503246,23.407996156161044,-109.41333698739325
Not Protected,Cabo Pulmo,LINEA,2021,0.23670948936225508,0.6183547446811275,23.319897,-109.417391
Fully Protected,Cabo Pulmo,LISAS,2021,0.08989123183612474,0.5449456159180623,23.458291,-109.428915
Fully Protected,Cabo Pulmo,LOBERA_CABO_PULMO,2021,0.1713977549620862,0.5856988774810431,23.384551,-109.412618
Fully Protected,Cabo Pulmo,MORROS_CABO_PULMO,2021,-0.27387499125111214,0.36306250437444393,23.461938,-109.407203
Fully Protected,Cabo Pulmo,NAVAJAS,2021,-0.1078056195199155,0.44609719024004224,23.446164,-109.416728
Not Protected,Cabo Pulmo,PIEDRAS_BOLAS,2021,0.25271622543286726,0.6263581127164336,23.355254,-109.422322
Fully Protected,Cabo Pulmo,POTANCO,2021,0.2949995610406845,0.6474997805203422,23.381516,-109.420505
Fully Protected,Cabo Pulmo,TACHUELAS,2021,0.3467315327366979,0.673365766368349,23.492131,-109.457481
Not Protected,Los Cabos,ANEGADA,2021,-0.2013363177536705,0.3993318411231648,22.878554055555554,-109.89883605555556
Not Protected,Los Cabos,ARCO_SAN_LUCAS,2021,-0.27269628316860045,0.3636518584156998,22.876139,-109.892835
Not Protected,Los Cabos,CABEZA_BALLENA_CSL,2021,-0.15047612363756074,0.42476193818121966,22.902206,-109.842622
Not Protected,Los Cabos,CASA_ROJA_CSL,2021,0.020141328424864328,0.5100706642124322,22.898756,-109.856611
Not Protected,Los Cabos,CHILENO,2021,0.08785513035228332,0.5439275651761417,22.946031,-109.803661
Not Protected,Los Cabos,DEDO_NEPTUNO,2021,-0.13710456197237192,0.43144771901381407,22.877203,-109.895233
Not Protected,Los Cabos,GIORGIO,2021,-0.09992073301795976,0.4500396334910201,22.896039,-109.866002
Not Protected,Los Cabos,PALMILLA_ESCALONES,2021,-0.9996368020474133,1.81598976293329e-4,22.99705,-109.72245
Not Protected,Los Cabos,PALMILLA_REGINA,2021,-0.862560414792035,0.06871979260398248,22.98855,-109.732367
Not Protected,Los Cabos,PALMILLA_SAN_JOSE,2021,-0.3617150123222884,0.3191424938388558,23.005917,-109.711367
Not Protected,Los Cabos,PUNTA_OLMECA_CSL,2021,-0.3314950087161349,0.33425249564193255,22.897225,-109.874944
Not Protected,Los Cabos,SANTA_MARIA,2021,-0.18147679596466648,0.40926160201766676,22.927461,-109.815316
Lightly Protected,La Paz,ESPIRITU_SANTO_BALLENA,2021,-0.6478212922343914,0.17608935388280428,24.48192949682278,-110.40116759637563
Lightly Protected,La Paz,ESPIRITU_SANTO_BONANZA,2021,0.0048987713448061495,0.502449385672403,24.455518,-110.29038
Lightly Protected,La Paz,ESPIRITU_SANTO_C59,2021,-0.5670524338777174,0.2164737830611413,24.43973,-110.37683
Not Protected,La Paz,ESPIRITU_SANTO_CATEDRAL,2021,-0.4990785148812066,0.2504607425593967,24.441111,-110.37475
Lightly Protected,La Paz,ESPIRITU_SANTO_EMPACHADO,2021,-0.6764865404891265,0.16175672975543676,24.447221,-110.378331
Lightly Protected,La Paz,ESPIRITU_SANTO_FANG_MING,2021,-0.11163312131082578,0.4441834393445871,24.4447,-110.38135
Lightly Protected,La Paz,ESPIRITU_SANTO_GALLO,2021,-0.7267538782446675,0.13662306087766624,24.466619,-110.385076
Lightly Protected,La Paz,ESPIRITU_SANTO_PUNTA_LOBOS,2021,-0.288702878495259,0.3556485607523705,24.475421,-110.289305
Lightly Protected,La Paz,ESPIRITU_SANTO_SAN_GABRIEL,2021,-0.2306441933481198,0.3846779033259401,24.413891,-110.354441
Not Protected,La Paz,ESPIRITU_SANTO_SOANY,2021,-0.8915117271193926,0.05424413644030368,24.391116,-110.304853
Lightly Protected,La Paz,ESPIRITU_SANTO_BAJITO,2021,-0.25173613700903796,0.374131931495481,24.596666,-110.40808
Lightly Protected,La Paz,ESPIRITU_SANTO_CARDONAL,2021,-0.6171932428842638,0.1914033785578681,24.53703,-110.39948
Lightly Protected,La Paz,ESPIRITU_SANTO_ISLOTES_ESTE,2021,-0.6749217546035825,0.16253912269820875,24.598899,-110.399831
Lightly Protected,La Paz,ESPIRITU_SANTO_ISLOTES_NORTE,2021,-0.4939077443374784,0.2530461278312608,24.599432,-110.401188
Lightly Protected,La Paz,ESPIRITU_SANTO_ISLOTES_SOMERO,2021,-0.5741931011252671,0.21290344943736644,24.5983,-110.40081
Lightly Protected,La Paz,ESPIRITU_SANTO_PAILEBOTE,2021,-0.12076219563968735,0.4396189021801563,24.504571,-110.308406
Lightly Protected,La Paz,ESPIRITU_SANTO_PARTIDA_NORESTE,2021,-0.2864095689436673,0.35679521552816634,24.562008,-110.366446
Lightly Protected,La Paz,ESPIRITU_SANTO_TIJERETAS,2021,-0.5515945001715233,0.22420274991423833,24.571596,-110.414701
Lightly Protected,Loreto,CARMEN_ABISMO,2021,-0.39733884397042224,0.3013305780147889,25.84198452552898,-111.2329723153174
Lightly Protected,Loreto,CARMEN_PUNTA_LOBOS,2021,-0.7714795395635564,0.11426023021822179,26.068839,-111.070127
Lightly Protected,Loreto,CARMEN_TINTORERA,2021,-0.5190255513288475,0.24048722433557623,26.064886,-111.131847
Lightly Protected,Loreto,CORONADO_LAJAS,2021,-0.3407624455973709,0.32961877720131455,26.126188,-111.258743
Not Protected,Loreto,CORONADO_MONO,2021,-0.5886385144185365,0.20568074279073173,26.135304,-111.279106
Not Protected,Loreto,CORONADO_PUNTA_BLANCA,2021,-0.28658561329409,0.356707193352955,26.137812,-111.265291
Lightly Protected,Loreto,DANZANTE_BIZNAGA,2021,-0.273772437122672,0.363113781438664,25.815202,-111.260062
Lightly Protected,Loreto,DANZANTE_PUNTA_ESTE,2021,-0.3800723652236618,0.30996381738816914,25.788956,-111.242819
Lightly Protected,Loreto,DANZANTE_PUNTA_SURESTE,2021,-0.48883264553029787,0.2555836772348511,25.763561,-111.243521
Lightly Protected,Loreto,MONSERRAT_GALERAS,2021,-0.03740659007275995,0.48129670496362004,25.742757,-111.046611
Lightly Protected,Loreto,MONSERRAT_PUNTA_SURESTE,2021,-0.674097263795332,0.16295136810233402,25.675881,-111.011271
Lightly Protected,Loreto,MONSERRAT_REINITA,2021,0.14316719998917687,0.5715835999945884,25.747822,-111.060217
Not Protected,San Basilio,SB_19,2021,-0.12387378147836138,0.4380631092608193,26.383629,-111.427208
Not Protected,San Basilio,SB_23,2021,-1,0,26.348617,-111.399072
Not Protected,Santa Rosalia,PULPITO,2021,-0.7595289154023022,0.12023554229884892,26.516189,-111.442401
Fully Protected,Cabo Pulmo,BAJO_CABO_PULMO,2022,0.6258903751883742,0.8129451875941871,23.457861,-109.405463
Not Protected,Cabo Pulmo,BLEDITO,2022,-0.5258154912794418,0.2370922543602791,23.361148,-109.421591
Fully Protected,Cabo Pulmo,CANTILES_CABO_PULMO,2022,0.3431626528911837,0.6715813264455919,23.438823,-109.410821
Fully Protected,Cabo Pulmo,CANTIL_MEDIO,2022,-0.06455882285846827,0.46772058857076587,23.434309,-109.414791
Fully Protected,Cabo Pulmo,CASITAS,2022,0.02302719891251989,0.51151359945626,23.403539,-109.414811
Fully Protected,Cabo Pulmo,ESPERANZA,2022,-0.4291261924316689,0.28543690378416553,23.424715,-109.408303
Fully Protected,Cabo Pulmo,GAVILANES_CABO_PULMO,2022,0.06196583825847752,0.5309829191292388,23.452161,-109.424501
Fully Protected,Cabo Pulmo,ISLOTE_CABO_PULMO,2022,0.15840062176237615,0.5792003108811881,23.407996156161044,-109.41333698739325
Fully Protected,Cabo Pulmo,LISAS,2022,0.13071887616317618,0.5653594380815881,23.458291,-109.428915
Fully Protected,Cabo Pulmo,LOBERA_CABO_PULMO,2022,0.17249581681124337,0.5862479084056217,23.384551,-109.412618
Fully Protected,Cabo Pulmo,MORROS_CABO_PULMO,2022,0.15879406286825543,0.5793970314341277,23.461938,-109.407203
Fully Protected,Cabo Pulmo,NAVAJAS,2022,-0.061445139301518584,0.4692774303492407,23.446164,-109.416728
Not Protected,Los Cabos,ANEGADA,2022,0.10633219905903793,0.553166099529519,22.878554055555554,-109.89883605555556
Not Protected,Los Cabos,ARCO_SAN_LUCAS,2022,-0.04264138825659514,0.47867930587170243,22.876139,-109.892835
Not Protected,Los Cabos,CABEZA_BALLENA_CSL,2022,0.2141877894928009,0.6070938947464004,22.902206,-109.842622
Not Protected,Los Cabos,CASA_ROJA_CSL,2022,-0.05844730786232574,0.4707763460688371,22.898756,-109.856611
Not Protected,Los Cabos,CHILENO,2022,-0.2230930334321502,0.3884534832839249,22.946031,-109.803661
Not Protected,Los Cabos,GIORGIO,2022,-0.007246077289134334,0.49637696135543286,22.896039,-109.866002
Not Protected,Los Cabos,PALMILLA_ESCALONES,2022,-0.905137283459587,0.0474313582702065,22.99705,-109.72245
Not Protected,Los Cabos,PALMILLA_REGINA,2022,-1,0,22.98855,-109.732367
Not Protected,Los Cabos,PALMILLA_SAN_JOSE,2022,-0.9950359634288916,0.0024820182855542217,23.005917,-109.711367
Not Protected,Los Cabos,PUNTA_OLMECA_CSL,2022,-0.2627302075469645,0.36863489622651774,22.897225,-109.874944
Not Protected,Los Cabos,SANTA_MARIA,2022,0.10873736225884853,0.5543686811294243,22.927461,-109.815316
Lightly Protected,La Paz,ESPIRITU_SANTO_BALLENA,2022,-0.783109486265931,0.10844525686703449,24.48192949682278,-110.40116759637563
Lightly Protected,La Paz,ESPIRITU_SANTO_BONANZA,2022,-0.8638997599465651,0.06805012002671745,24.455518,-110.29038
Lightly Protected,La Paz,ESPIRITU_SANTO_C59,2022,-0.8055166540244639,0.09724167298776804,24.43973,-110.37683
Not Protected,La Paz,ESPIRITU_SANTO_CATEDRAL,2022,0.3839447532244651,0.6919723766122325,24.441111,-110.37475
Lightly Protected,La Paz,ESPIRITU_SANTO_DISPENSA,2022,-0.6077888075184279,0.19610559624078605,24.400494,-110.348259
Lightly Protected,La Paz,ESPIRITU_SANTO_EMPACHADO,2022,-0.0303161894572446,0.4848419052713777,24.447221,-110.378331
Lightly Protected,La Paz,ESPIRITU_SANTO_FANG_MING,2022,0.3774665224811245,0.6887332612405622,24.4447,-110.38135
Lightly Protected,La Paz,ESPIRITU_SANTO_GALLO,2022,-0.6178307041280555,0.19108464793597224,24.466619,-110.385076
Lightly Protected,La Paz,ESPIRITU_SANTO_PUNTA_GALLO,2022,-0.6307552223830399,0.18462238880848003,24.466166,-110.374666
Lightly Protected,La Paz,ESPIRITU_SANTO_PUNTA_LOBOS,2022,-0.8743977242609998,0.06280113786950009,24.475421,-110.289305
Lightly Protected,La Paz,ESPIRITU_SANTO_SAN_GABRIEL,2022,-0.8715816557914954,0.06420917210425231,24.413891,-110.354441
Not Protected,La Paz,ESPIRITU_SANTO_SOANY,2022,-0.8277051030571871,0.08614744847140643,24.391116,-110.304853
Lightly Protected,La Paz,ESPIRITU_SANTO_BAJITO,2022,-0.3371515218058951,0.33142423909705243,24.596666,-110.40808
Lightly Protected,La Paz,ESPIRITU_SANTO_CARDONAL,2022,-0.4211542330181314,0.2894228834909343,24.53703,-110.39948
Lightly Protected,La Paz,ESPIRITU_SANTO_ISLOTES_ESTE,2022,0.20082113500265245,0.6004105675013263,24.598899,-110.399831
Lightly Protected,La Paz,ESPIRITU_SANTO_ISLOTES_NORTE,2022,-0.3090578450568791,0.3454710774715605,24.599432,-110.401188
Lightly Protected,La Paz,ESPIRITU_SANTO_ISLOTES_SOMERO,2022,-0.5248205529580263,0.23758972352098684,24.5983,-110.40081
Lightly Protected,La Paz,ESPIRITU_SANTO_PAILEBOTE,2022,-0.6204932414788735,0.18975337926056324,24.504571,-110.308406
Lightly Protected,La Paz,ESPIRITU_SANTO_PARTIDA_NORESTE,2022,-0.24434070502526262,0.3778296474873687,24.562008,-110.366446
Lightly Protected,La Paz,ESPIRITU_SANTO_TIJERETAS,2022,-0.587450778561564,0.206274610719218,24.571596,-110.414701
Lightly Protected,Loreto,CARMEN_ABISMO,2022,-0.47992952862438365,0.2600352356878082,25.84198452552898,-111.2329723153174
Lightly Protected,Loreto,CORONADO_LAJAS,2022,-0.46913904036865584,0.2654304798156721,26.126188,-111.258743
Not Protected,Loreto,CORONADO_MONO,2022,-0.31504069278321545,0.3424796536083923,26.135304,-111.279106
Not Protected,Loreto,CORONADO_PUNTA_BLANCA,2022,-0.42716367736677,0.286418161316615,26.137812,-111.265291
Lightly Protected,Loreto,DANZANTE_BIZNAGA,2022,-0.3494350398454776,0.32528248007726124,25.815202,-111.260062
Lightly Protected,Loreto,DANZANTE_PUNTA_ESTE,2022,-0.4833133166039471,0.2583433416980264,25.788956,-111.242819
Lightly Protected,Loreto,DANZANTE_PUNTA_NOROESTE,2022,-0.3280762564180257,0.33596187179098713,25.800718,-111.257608
Lightly Protected,Loreto,DANZANTE_PUNTA_SURESTE,2022,-0.3885641687444257,0.30571791562778716,25.763561,-111.243521
Lightly Protected,Loreto,MONSERRAT_GALERAS,2022,-0.23062081894945585,0.3846895905252721,25.742757,-111.046611
Lightly Protected,Loreto,MONSERRAT_PUNTA_SURESTE,2022,-0.2830459158111398,0.3584770420944301,25.675881,-111.011271
Lightly Protected,Loreto,MONSERRAT_REINITA,2022,0.037120898138200006,0.5185604490691,25.747822,-111.060217
Not Protected,San Basilio,SB_19,2022,-0.8595309243726135,0.07023453781369327,26.383629,-111.427208
Not Protected,San Basilio,SB_23,2022,0.13103378911185168,0.5655168945559258,26.348617,-111.399072
Not Protected,Santa Rosalia,PULPITO,2022,-0.4039772040505034,0.2980113979747483,26.516189,-111.442401
Fully Protected,Revillagigedo,ROCA_PARTIDA,2023,0.9257816838374003,0.9628908419187001,19.008889,-112.082222
Fully Protected,Revillagigedo,SAN_BENEDICTO_CANION,2023,0.22430740324931212,0.6121537016246561,19.297803455652176,-110.80469214608695
Fully Protected,Cabo Pulmo,BAJO_CABO_PULMO,2023,0.43205224530175873,0.7160261226508794,23.457861,-109.405463
Fully Protected,Cabo Pulmo,CANTILES_CABO_PULMO,2023,0.04572378910141995,0.52286189455071,23.438823,-109.410821
Fully Protected,Cabo Pulmo,CANTIL_MEDIO,2023,-0.3779812333528417,0.3110093833235792,23.434309,-109.414791
Fully Protected,Cabo Pulmo,CASITAS,2023,0.34822013293888293,0.6741100664694415,23.403539,-109.414811
Fully Protected,Cabo Pulmo,ESPERANZA,2023,0.17092424129994271,0.5854621206499714,23.424715,-109.408303
Fully Protected,Cabo Pulmo,ISLOTE_CABO_PULMO,2023,-0.10198020196257061,0.4490098990187147,23.407996156161044,-109.41333698739325
Fully Protected,Cabo Pulmo,LOBERA_CABO_PULMO,2023,-0.24980261166145395,0.375098694169273,23.384551,-109.412618
Fully Protected,Cabo Pulmo,MORROS_CABO_PULMO,2023,0.7835296663708661,0.8917648331854331,23.461938,-109.407203
Fully Protected,Cabo Pulmo,NAVAJAS,2023,-0.2412102719370393,0.37939486403148037,23.446164,-109.416728
Fully Protected,Cabo Pulmo,TACHUELAS,2023,0.15218707928045933,0.5760935396402297,23.492131,-109.457481
Not Protected,Los Cabos,ANEGADA,2023,-0.3043191803755969,0.34784040981220155,22.878554055555554,-109.89883605555556
Not Protected,Los Cabos,ARCO_SAN_LUCAS,2023,-0.6886936358667577,0.15565318206662115,22.876139,-109.892835
Not Protected,Los Cabos,CABEZA_BALLENA_CSL,2023,-0.6958398708201744,0.1520800645899128,22.902206,-109.842622
Not Protected,Los Cabos,CASA_ROJA_CSL,2023,-0.4834484082722968,0.25827579586385163,22.898756,-109.856611
Not Protected,Los Cabos,CHILENO,2023,-0.4644265708532947,0.2677867145733527,22.946031,-109.803661
Not Protected,Los Cabos,GIORGIO,2023,-0.48974979651872425,0.25512510174063785,22.896039,-109.866002
Not Protected,Los Cabos,PALMILLA_ESCALONES,2023,-0.6763006755157676,0.16184966224211622,22.99705,-109.72245
Not Protected,Los Cabos,PALMILLA_REGINA,2023,-0.5556657589762992,0.2221671205118504,22.98855,-109.732367
Not Protected,Los Cabos,PALMILLA_SAN_JOSE,2023,-0.3061979597779837,0.34690102011100815,23.005917,-109.711367
Not Protected,Los Cabos,PUNTA_OLMECA_CSL,2023,0.06524470779236369,0.5326223538961818,22.897225,-109.874944
Not Protected,Los Cabos,SANTA_MARIA,2023,-0.5962487794910732,0.20187561025446338,22.927461,-109.815316
Lightly Protected,La Paz,ESPIRITU_SANTO_BALLENA,2023,-0.7976564049526615,0.10117179752366923,24.48192949682278,-110.40116759637563
Lightly Protected,La Paz,ESPIRITU_SANTO_BONANZA,2023,-0.8680528828544672,0.06597355857276638,24.455518,-110.29038
Lightly Protected,La Paz,ESPIRITU_SANTO_C59,2023,-0.7749702940977008,0.1125148529511496,24.43973,-110.37683
Not Protected,La Paz,ESPIRITU_SANTO_CATEDRAL,2023,-0.4054328529209726,0.29728357353951373,24.441111,-110.37475
Lightly Protected,La Paz,ESPIRITU_SANTO_DISPENSA,2023,-0.6215170520757908,0.1892414739621046,24.400494,-110.348259
Lightly Protected,La Paz,ESPIRITU_SANTO_EMPACHADO,2023,-0.5491301700653001,0.22543491496734996,24.447221,-110.378331
Lightly Protected,La Paz,ESPIRITU_SANTO_FANG_MING,2023,0.1156799879263702,0.5578399939631851,24.4447,-110.38135
Lightly Protected,La Paz,ESPIRITU_SANTO_GALLO,2023,-0.5383519516002641,0.23082402419986797,24.466619,-110.385076
Lightly Protected,La Paz,ESPIRITU_SANTO_PUNTA_GALLO,2023,-0.5304476169288668,0.23477619153556661,24.466166,-110.374666
Lightly Protected,La Paz,ESPIRITU_SANTO_PUNTA_LOBOS,2023,0.06054996439990983,0.530274982199955,24.475421,-110.289305
Lightly Protected,La Paz,ESPIRITU_SANTO_SAN_GABRIEL,2023,-0.6926880474355903,0.15365597628220484,24.413891,-110.354441
Not Protected,La Paz,ESPIRITU_SANTO_SOANY,2023,-0.9001918247584917,0.049904087620754156,24.391116,-110.304853
Not Protected,La Ventana,CERRALVO_BALISA,2023,-0.2785984240651144,0.36070078796744276,24.144871,-109.863211
Not Protected,La Ventana,CERRALVO_CARPINTERO,2023,-0.4152021747779904,0.2923989126110048,24.325082211886304,-109.93980755813953
Not Protected,La Ventana,CERRALVO_NORTE,2023,-0.15053088081068985,0.42473455959465506,24.374969,-109.932606
Not Protected,La Ventana,CERRALVO_REINA,2023,-0.6315373502010642,0.18423132489946792,24.388762,-109.939961
Not Protected,La Ventana,CERRALVO_SUR_BAJO,2023,-0.7000631056281063,0.14996844718594687,24.129707,-109.797021
Not Protected,La Ventana,PUNTA_ARENAS,2023,-0.6422166669796124,0.17889166651019378,24.043448,-109.825199
Not Protected,La Ventana,PUNTA_PERICO,2023,-0.5103965443827011,0.24480172780864945,24.014233,-109.806733
Not Protected,Corredor,BURROS,2023,0.06792481137659166,0.5339624056882958,25.032361,-110.803731
Fishing Refuge,Corredor,HABANA,2023,-0.1802611286251098,0.4098694356874451,25.129618886529528,-110.86164967816855
Fishing Refuge,Corredor,PARDITO_REFUGIO,2023,-0.20245790931502788,0.3987710453424861,24.853533,-110.579633
Fishing Refuge,Corredor,PUNTA_BOTELLA,2023,0.02367773771744325,0.5118388688587217,25.292517,-110.93405
Fishing Refuge,Corredor,REFUGIO_MORENA,2023,-0.29458215915186114,0.3527089204240694,25.245621,-110.922071
Fishing Refuge,Corredor,SAN_DIEGO_ABNEGADO,2023,-0.15624108202143647,0.42187945898928175,25.182633,-110.710011
Not Protected,Corredor,SAN_EVARISTO_PUNTA_NORTE,2023,-0.56102785034628,0.21948607482686,24.919291,-110.702781
Not Protected,Corredor,SAN_JOSE_ANIMAS_NORTE,2023,-0.0012830097945667517,0.4993584951027166,25.089485,-110.566779
Not Protected,Corredor,SAN_JOSE_ANIMAS_PINACULOS,2023,-0.6302792698036032,0.18486036509819842,25.089468,-110.566743
Lightly Protected,La Paz,ESPIRITU_SANTO_BAJITO,2023,0.05253432830669333,0.5262671641533466,24.596666,-110.40808
Lightly Protected,La Paz,ESPIRITU_SANTO_CARDONAL,2023,-0.549421637039201,0.2252891814803995,24.53703,-110.39948
Lightly Protected,La Paz,ESPIRITU_SANTO_ISLOTES_ESTE,2023,-0.7954186375178633,0.10229068124106833,24.598899,-110.399831
Lightly Protected,La Paz,ESPIRITU_SANTO_ISLOTES_NORTE,2023,-0.2775171992038416,0.36124140039807917,24.599432,-110.401188
Lightly Protected,La Paz,ESPIRITU_SANTO_ISLOTES_SOMERO,2023,-0.5850073290824652,0.2074963354587674,24.5983,-110.40081
Lightly Protected,La Paz,ESPIRITU_SANTO_PAILEBOTE,2023,-0.5218154996402484,0.2390922501798758,24.504571,-110.308406
Lightly Protected,La Paz,ESPIRITU_SANTO_TIJERETAS,2023,-0.24501915313845143,0.37749042343077427,24.571596,-110.414701
Fishing Refuge,Corredor,ISLOTE_AGUA_VERDE,2023,-0.22087959250361827,0.3895602037481909,25.532506509775526,-111.06383274004344
Fishing Refuge,Corredor,REFUGIO_SAN_MARCIAL,2023,-0.5257334423451288,0.23713327882743562,25.530862,-111.004843
Lightly Protected,Loreto,CARMEN_ABISMO,2023,-0.602216717364401,0.19889164131779952,25.84198452552898,-111.2329723153174
Lightly Protected,Loreto,CARMEN_PUNTA_LOBOS,2023,-0.31915877585063507,0.34042061207468244,26.068839,-111.070127
Lightly Protected,Loreto,CARMEN_PUNTA_PERICO,2023,-0.7038390834000103,0.14808045829999483,25.965265,-111.067303
Lightly Protected,Loreto,CARMEN_TINTORERA,2023,-0.39922332461073873,0.30038833769463064,26.064886,-111.131847
Lightly Protected,Loreto,CORONADO_LAJAS,2023,-0.010771996583380954,0.49461400170830955,26.126188,-111.258743
Not Protected,Loreto,CORONADO_MONO,2023,-0.2744911845429101,0.36275440772854495,26.135304,-111.279106
Not Protected,Loreto,CORONADO_PUNTA_BLANCA,2023,-0.42269311235163287,0.28865344382418356,26.137812,-111.265291
Lightly Protected,Loreto,DANZANTE_BIZNAGA,2023,-0.5788290278212624,0.21058548608936878,25.815202,-111.260062
Lightly Protected,Loreto,DANZANTE_PUNTA_ESTE,2023,0.1364052204685877,0.5682026102342939,25.788956,-111.242819
Lightly Protected,Loreto,DANZANTE_PUNTA_NOROESTE,2023,-0.7416611020818283,0.12916944895908583,25.800718,-111.257608
Lightly Protected,Loreto,DANZANTE_PUNTA_SURESTE,2023,-0.09139360014390462,0.4543031999280477,25.763561,-111.243521
Lightly Protected,Loreto,MONSERRAT_GALERAS,2023,0.08957636410614013,0.5447881820530701,25.742757,-111.046611
Lightly Protected,Loreto,MONSERRAT_REINITA,2023,0.019593162945523452,0.5097965814727617,25.747822,-111.060217
Not Protected,San Basilio,SB_19,2023,-0.6666329314338156,0.16668353428309218,26.383629,-111.427208
Not Protected,San Basilio,SB_23,2023,-0.6178504723094739,0.19107476384526306,26.348617,-111.399072
Not Protected,Santa Rosalia,PULPITO,2023,-0.010843017518924398,0.4945784912405378,26.516189,-111.442401
Not Protected,Santa Rosalia,TORTUGA_PUNTA_OESTE,2023,-0.7977196853799603,0.10114015731001985,27.450869,-111.902138
Lightly Protected,Alto Golfo,ALCATRAZ,2023,-0.30900678221384653,0.34549660889307676,29.168623,-113.607147
Lightly Protected,Alto Golfo,CANTILES_GUADALUPE,2023,0.18837452530860804,0.594187262654304,29.197441,-113.638887
Lightly Protected,Alto Golfo,CHOROS,2023,-0.3681905193688012,0.3159047403155994,28.839478,-113.246814
Lightly Protected,Alto Golfo,CORONADITO,2023,-0.6815069323864824,0.1592465338067588,29.096397,-113.530829
Lightly Protected,Alto Golfo,SALSIPUEDES,2023,-0.1960850846296877,0.4019574576851561,28.718917588921283,-112.94885127405249
Lightly Protected,Alto Golfo,VENTANA,2023,-0.22241839836805738,0.3887908008159713,28.990807,-113.495004
Fully Protected,Revillagigedo,ROCA_PARTIDA,2024,0.22023174270788823,0.6101158713539441,19.008889,-112.082222
Fully Protected,Revillagigedo,SAN_BENEDICTO_CANION,2024,0.43731804894731346,0.7186590244736567,19.297803455652176,-110.80469214608695
Fully Protected,Cabo Pulmo,BAJO_CABO_PULMO,2024,0.3311367871162813,0.6655683935581407,23.457861,-109.405463
Fully Protected,Cabo Pulmo,BARRA_PRIMERA,2024,-0.37188782657190217,0.31405608671404894,23.434781,-109.424377
Not Protected,Cabo Pulmo,BLEDITO,2024,-0.5846642096694115,0.20766789516529427,23.361148,-109.421591
Fully Protected,Cabo Pulmo,CANTILES_CABO_PULMO,2024,-0.33703729765966384,0.3314813511701681,23.438823,-109.410821
Fully Protected,Cabo Pulmo,CASITAS,2024,-0.3282193616145739,0.33589031919271306,23.403539,-109.414811
Fully Protected,Cabo Pulmo,ESPERANZA,2024,-0.3013480785470651,0.3493259607264675,23.424715,-109.408303
Fully Protected,Cabo Pulmo,GAVILANES_CABO_PULMO,2024,-0.7002102002507732,0.1498948998746134,23.452161,-109.424501
Fully Protected,Cabo Pulmo,ISLOTE_CABO_PULMO,2024,-0.2751367232908634,0.36243163835456826,23.407996156161044,-109.41333698739325
Not Protected,Cabo Pulmo,LINEA,2024,-0.24597320907905448,0.37701339546047274,23.319897,-109.417391
Fully Protected,Cabo Pulmo,LISAS,2024,-0.5202606801468531,0.23986965992657344,23.458291,-109.428915
Fully Protected,Cabo Pulmo,LOBERA_CABO_PULMO,2024,-0.7377968401216628,0.1311015799391686,23.384551,-109.412618
Fully Protected,Cabo Pulmo,MORROS_CABO_PULMO,2024,0.8773895388588361,0.9386947694294181,23.461938,-109.407203
Fully Protected,Cabo Pulmo,NAVAJAS,2024,-0.7320644556268402,0.1339677721865799,23.446164,-109.416728
Not Protected,Cabo Pulmo,PIEDRAS_BOLAS,2024,-0.7406167082131282,0.1296916458934359,23.355254,-109.422322
Fully Protected,Cabo Pulmo,POTANCO,2024,-0.022520081711095232,0.4887399591444524,23.381516,-109.420505
Fully Protected,Cabo Pulmo,TACHUELAS,2024,-0.7803346804624829,0.10983265976875856,23.492131,-109.457481
Not Protected,Los Cabos,ANEGADA,2024,-0.47540376630064135,0.2622981168496793,22.878554055555554,-109.89883605555556
Not Protected,Los Cabos,ARCO_SAN_LUCAS,2024,-0.5999722830921942,0.2000138584539029,22.876139,-109.892835
Not Protected,Los Cabos,CABEZA_BALLENA_CSL,2024,-0.795336089564359,0.10233195521782051,22.902206,-109.842622
Not Protected,Los Cabos,CASA_ROJA_CSL,2024,-0.65459733654951,0.172701331725245,22.898756,-109.856611
Not Protected,Los Cabos,CHILENO,2024,-0.518056657489436,0.24097167125528202,22.946031,-109.803661
Not Protected,Los Cabos,GIORGIO,2024,-0.4709097030531148,0.26454514847344257,22.896039,-109.866002
Not Protected,Los Cabos,PALMILLA_ESCALONES,2024,-0.6051289616656981,0.19743551916715096,22.99705,-109.72245
Not Protected,Los Cabos,PALMILLA_REGINA,2024,-0.7691331020256481,0.11543344898717595,22.98855,-109.732367
Not Protected,Los Cabos,PALMILLA_SAN_JOSE,2024,-0.04062826358194471,0.47968586820902764,23.005917,-109.711367
Not Protected,Los Cabos,PUNTA_OLMECA_CSL,2024,-0.8295192468015427,0.08524037659922867,22.897225,-109.874944
Not Protected,Los Cabos,SANTA_MARIA,2024,-0.7088909146931041,0.14555454265344797,22.927461,-109.815316
Lightly Protected,La Paz,ESPIRITU_SANTO_BALLENA,2024,-0.62101322206108,0.18949338896946,24.48192949682278,-110.40116759637563
Lightly Protected,La Paz,ESPIRITU_SANTO_BONANZA,2024,0.2719221242987097,0.6359610621493549,24.455518,-110.29038
Lightly Protected,La Paz,ESPIRITU_SANTO_C59,2024,-0.7762917145138002,0.1118541427430999,24.43973,-110.37683
Not Protected,La Paz,ESPIRITU_SANTO_CATEDRAL,2024,-0.0836556745561392,0.4581721627219304,24.441111,-110.37475
Lightly Protected,La Paz,ESPIRITU_SANTO_DISPENSA,2024,-0.6017736878020533,0.19911315609897334,24.400494,-110.348259
Lightly Protected,La Paz,ESPIRITU_SANTO_EMPACHADO,2024,0.032411948969713895,0.5162059744848569,24.447221,-110.378331
Lightly Protected,La Paz,ESPIRITU_SANTO_FANG_MING,2024,-0.05027920424853356,0.4748603978757332,24.4447,-110.38135
Lightly Protected,La Paz,ESPIRITU_SANTO_GALLO,2024,-0.7626188407140169,0.11869057964299157,24.466619,-110.385076
Lightly Protected,La Paz,ESPIRITU_SANTO_PUNTA_GALLO,2024,-0.8679799661506684,0.066010016924665793,24.466166,-110.374666
Lightly Protected,La Paz,ESPIRITU_SANTO_PUNTA_LOBOS,2024,-0.3671039372010083,0.31644803139949584,24.475421,-110.289305
Lightly Protected,La Paz,ESPIRITU_SANTO_SAN_GABRIEL,2024,-0.4560403163176989,0.27197984184115054,24.413891,-110.354441
Not Protected,La Paz,ESPIRITU_SANTO_SOANY,2024,-0.860417793777662,0.06979110311116898,24.391116,-110.304853
Not Protected,La Ventana,CERRALVO_BALISA,2024,-0.1973542474463006,0.4013228762768497,24.144871,-109.863211
Not Protected,La Ventana,CERRALVO_CARPINTERO,2024,-0.5469687175679744,0.2265156412160128,24.325082211886304,-109.93980755813953
Not Protected,La Ventana,CERRALVO_NORTE,2024,-0.28765507891981856,0.3561724605400907,24.374969,-109.932606
Not Protected,La Ventana,CERRALVO_REINA,2024,-0.4745473897785575,0.26272630511072126,24.388762,-109.939961
Not Protected,La Ventana,CERRALVO_SUR_BAJO,2024,-0.45098413801775006,0.27450793099112497,24.129707,-109.797021
Not Protected,La Ventana,PUNTA_ARENAS,2024,-0.6225962596974502,0.18870187015127488,24.043448,-109.825199
Not Protected,La Ventana,PUNTA_PERICO,2024,-0.5950083508631899,0.20249582456840504,24.014233,-109.806733
Lightly Protected,La Paz,ESPIRITU_SANTO_BAJITO,2024,-0.11097821251462542,0.44451089374268726,24.596666,-110.40808
Lightly Protected,La Paz,ESPIRITU_SANTO_CARDONAL,2024,-0.286896498835015,0.3565517505824925,24.53703,-110.39948
Lightly Protected,La Paz,ESPIRITU_SANTO_ISLOTES_ESTE,2024,-0.9739395840880721,0.013030207955963935,24.598899,-110.399831
Lightly Protected,La Paz,ESPIRITU_SANTO_ISLOTES_NORTE,2024,-0.09876555662201185,0.4506172216889941,24.599432,-110.401188
Lightly Protected,La Paz,ESPIRITU_SANTO_ISLOTES_SOMERO,2024,-0.4114797222849099,0.29426013885754504,24.5983,-110.40081
Lightly Protected,La Paz,ESPIRITU_SANTO_PAILEBOTE,2024,-0.6598691150165535,0.17006544249172323,24.504571,-110.308406
Lightly Protected,La Paz,ESPIRITU_SANTO_PARTIDA_NORESTE,2024,-0.5581423384422294,0.2209288307788853,24.562008,-110.366446
Lightly Protected,La Paz,ESPIRITU_SANTO_TIJERETAS,2024,-0.5207463964455378,0.2396268017772311,24.571596,-110.414701
Lightly Protected,Loreto,CARMEN_ABISMO,2024,-0.08770568141238641,0.4561471592938068,25.84198452552898,-111.2329723153174
Lightly Protected,Loreto,CARMEN_PUNTA_LOBOS,2024,-0.008273940783056375,0.49586302960847184,26.068839,-111.070127
Lightly Protected,Loreto,CARMEN_TINTORERA,2024,-0.4284112915806162,0.2857943542096919,26.064886,-111.131847
Lightly Protected,Loreto,CORONADO_LAJAS,2024,-0.5953490850968723,0.20232545745156383,26.126188,-111.258743
Not Protected,Loreto,CORONADO_MONO,2024,-0.5728406540160362,0.21357967299198188,26.135304,-111.279106
Not Protected,Loreto,CORONADO_PUNTA_BLANCA,2024,-0.4760263087272568,0.2619868456363716,26.137812,-111.265291
Lightly Protected,Loreto,DANZANTE_BIZNAGA,2024,-0.5473904999677593,0.22630475001612033,25.815202,-111.260062
Lightly Protected,Loreto,DANZANTE_PUNTA_ESTE,2024,-0.014371083503233847,0.4928144582483831,25.788956,-111.242819
Lightly Protected,Loreto,DANZANTE_PUNTA_SURESTE,2024,-0.20634238466925248,0.39682880766537376,25.763561,-111.243521
Lightly Protected,Loreto,MONSERRAT_GALERAS,2024,-0.7844655012462255,0.10776724937688725,25.742757,-111.046611
Lightly Protected,Loreto,MONSERRAT_REINITA,2024,-0.03386126662128178,0.4830693666893591,25.747822,-111.060217
Fully Protected,Cabo Pulmo,BAJO_CABO_PULMO,2025,0.12730207878315233,0.5636510393915761,23.457861,-109.405463
Not Protected,Cabo Pulmo,BLEDITO,2025,0.4097796898137249,0.7048898449068625,23.361148,-109.421591
Fully Protected,Cabo Pulmo,ESPERANZA,2025,0.3184179028410523,0.6592089514205262,23.424715,-109.408303
Fully Protected,Cabo Pulmo,ISLOTE_CABO_PULMO,2025,-0.6123466756804606,0.19382666215976968,23.407996156161044,-109.41333698739325
Not Protected,Cabo Pulmo,LINEA,2025,0.15447169429086122,0.5772358471454306,23.319897,-109.417391
Not Protected,Cabo Pulmo,PIEDRAS_BOLAS,2025,0.020938769005379353,0.5104693845026896,23.355254,-109.422322
Lightly Protected,La Paz,ESPIRITU_SANTO_BALLENA,2025,-0.7496468380700361,0.12517658096498196,24.48192949682278,-110.40116759637563
Lightly Protected,La Paz,ESPIRITU_SANTO_BONANZA,2025,-0.5820184649163426,0.20899076754182871,24.455518,-110.29038
Not Protected,La Paz,ESPIRITU_SANTO_SOANY,2025,-0.4283268261123655,0.28583658694381725,24.391116,-110.304853
Fishing Refuge,Corredor,HABANA,2025,-0.5019578305375402,0.2490210847312299,25.129618886529528,-110.86164967816855
Not Protected,Corredor,PARDITO_FARO_LOBERA,2025,-0.4739113208091922,0.2630443395954039,24.842937,-110.605687
Fishing Refuge,Corredor,PARDITO_REFUGIO,2025,0.08160320655238958,0.5408016032761948,24.853533,-110.579633
Not Protected,Corredor,PORTUGUES,2025,-0.2689728234501249,0.3655135882749375,24.747083,-110.677231
Fishing Refuge,Corredor,PUNTA_BOTELLA,2025,-0.1970526998040703,0.4014736500979649,25.292517,-110.93405
Fishing Refuge,Corredor,REFUGIO_MORENA,2025,-0.6187408842797578,0.1906295578601211,25.245621,-110.922071
Fishing Refuge,Corredor,SAN_DIEGO_ABNEGADO,2025,-0.49916153828205717,0.25041923085897144,25.182633,-110.710011
Not Protected,Corredor,SAN_EVARISTO_PUNTA_NORTE,2025,-0.8253059148790549,0.08734704256047254,24.919291,-110.702781
Fishing Refuge,Corredor,SAN_FRANCISCO_PUNTA_NORTE_FARO,2025,-0.6070317556831302,0.19648412215843492,24.842971,-110.566011
Not Protected,Corredor,SAN_JOSE_ANIMAS_NORTE,2025,0.1410534434352938,0.5705267217176468,25.089485,-110.566779
Not Protected,Corredor,SAN_JOSE_ANIMAS_PINACULOS,2025,-0.7196586800843957,0.14017065995780215,25.089468,-110.566743
Lightly Protected,La Paz,ESPIRITU_SANTO_ISLOTES_NORTE,2025,-0.04924265420985471,0.47537867289507263,24.599432,-110.401188
Lightly Protected,La Paz,ESPIRITU_SANTO_PAILEBOTE,2025,-0.6125827048833009,0.19370864755834954,24.504571,-110.308406
Lightly Protected,La Paz,ESPIRITU_SANTO_PARTIDA_NORESTE,2025,-0.31221962654858637,0.3438901867257068,24.562008,-110.366446
Fishing Refuge,Corredor,ISLOTE_AGUA_VERDE,2025,-0.6650688228207053,0.16746558858964733,25.532506509775526,-111.06383274004344
Lightly Protected,Loreto,CARMEN_ABISMO,2025,-0.5293660868507504,0.2353169565746248,25.84198452552898,-111.2329723153174
Lightly Protected,Loreto,CORONADO_LAJAS,2025,-0.15086401913312483,0.42456799043343757,26.126188,-111.258743
Not Protected,Loreto,CORONADO_PUNTA_BLANCA,2025,0.025387204434400703,0.5126936022172004,26.137812,-111.265291
Lightly Protected,Loreto,DANZANTE_BIZNAGA,2025,0.15041734100689935,0.5752086705034497,25.815202,-111.260062
Lightly Protected,Loreto,DANZANTE_PUNTA_SURESTE,2025,-0.10324193612120958,0.4483790319393952,25.763561,-111.243521
Lightly Protected,Loreto,MONSERRAT_PUNTA_SURESTE,2025,-0.256758500599883,0.37162074970005854,25.675881,-111.011271
Not Protected,San Basilio,SB_19,2025,-0.431824564292136,0.284087717853932,26.383629,-111.427208
Not Protected,San Basilio,SB_23,2025,-0.7682649485018004,0.11586752574909981,26.348617,-111.399072
Not Protected,Santa Rosalia,PULPITO,2025,-0.5865386293795106,0.2067306853102447,26.516189,-111.442401
Not Protected,Santa Rosalia,TORTUGA_PUNTA_OESTE,2025,-0.8348565717381788,0.08257171413091058,27.450869,-111.902138
