"year","OHI_Region_No","estimated_genus_name","Annual_Catch_kg","Avg_Catch_Ref2018.22","n_years_Ref2018.22","status","control","notes","Stock_Status"
2023,"region_1","alopias",1760,NA,0,"maximally harvested","no increase",NA,NA
2022,"region_1","argopecten",24525,24525,1,"maximally harvested","no increase",NA,1
2018,"region_1","callinectes",408,408,1,"unclear",NA,NA,NA
2019,"region_1","carcharhinus",100,1612.6875,4,"maximally harvested","no increase",NA,1
2020,"region_1","carcharhinus",2453.25,1612.6875,4,"maximally harvested","no increase",NA,0.657367777438092
2021,"region_1","carcharhinus",1790,1612.6875,4,"maximally harvested","no increase",NA,0.900942737430168
2022,"region_1","carcharhinus",2107.5,1612.6875,4,"maximally harvested","no increase",NA,0.765213523131673
2023,"region_1","carcharhinus",35,1612.6875,4,"maximally harvested","no increase",NA,1
2018,"region_1","chione",147740,173129.8,5,"maximally harvested","no increase","Sonora was undetermined, but decided to go with the value of surrounding regions",1
2019,"region_1","chione",160171,173129.8,5,"maximally harvested","no increase","Sonora was undetermined, but decided to go with the value of surrounding regions",1
2020,"region_1","chione",142635,173129.8,5,"maximally harvested","no increase","Sonora was undetermined, but decided to go with the value of surrounding regions",1
2021,"region_1","chione",188149,173129.8,5,"maximally harvested","no increase","Sonora was undetermined, but decided to go with the value of surrounding regions",1
2022,"region_1","chione",226954,173129.8,5,"maximally harvested","no increase","Sonora was undetermined, but decided to go with the value of surrounding regions",0.762840928117592
2023,"region_1","chione",225609,173129.8,5,"maximally harvested","no increase","Sonora was undetermined, but decided to go with the value of surrounding regions",0.767388712329739
2018,"region_1","cynoscion",24626.01,41368.562,5,"maximally harvested","no increase",NA,1
2019,"region_1","cynoscion",28335.5,41368.562,5,"maximally harvested","no increase",NA,1
2020,"region_1","cynoscion",24990,41368.562,5,"maximally harvested","no increase",NA,1
2021,"region_1","cynoscion",64304.6,41368.562,5,"maximally harvested","no increase",NA,0.643321970745483
2022,"region_1","cynoscion",64586.7,41368.562,5,"maximally harvested","no increase",NA,0.640512086853795
2023,"region_1","cynoscion",180928,41368.562,5,"maximally harvested","no increase",NA,0.228646544481783
2024,"region_1","cynoscion",50375.5,41368.562,5,"maximally harvested","no increase",NA,0.821203997975206
2018,"region_1","dosinia",600,5978,2,"unclear",NA,"capture records are recent in this area, no pattern available",NA
2022,"region_1","dosinia",11356,5978,2,"unclear",NA,"capture records are recent in this area, no pattern available",NA
2024,"region_1","dosinia",1875,5978,2,"unclear",NA,"capture records are recent in this area, no pattern available",NA
2019,"region_1","galeorhinus",330,2341,2,"maximally harvested","no increase",NA,1
2022,"region_1","galeorhinus",4352,2341,2,"maximally harvested","no increase",NA,0.537913602941177
2023,"region_1","galeorhinus",3603,2341,2,"maximally harvested","no increase",NA,0.649736330835415
2024,"region_1","galeorhinus",5676,2341,2,"maximally harvested","no increase",NA,0.412438336856942
2022,"region_1","haliotis",88.06,88.06,1,"deteriorating","decrease","specifically says to not increase fishing effort on the Pacific Coast, but will assume standard throughout Baja",0.5
2023,"region_1","haliotis",112,88.06,1,"deteriorating","decrease","specifically says to not increase fishing effort on the Pacific Coast, but will assume standard throughout Baja",0.393125
2024,"region_1","haliotis",1190.26,88.06,1,"deteriorating","decrease","specifically says to not increase fishing effort on the Pacific Coast, but will assume standard throughout Baja",0.0369919177322602
2018,"region_1","hoplopagrus",294.8,294.8,1,"maximally harvested","no increase",NA,1
2024,"region_1","hoplopagrus",1035,294.8,1,"maximally harvested","no increase",NA,0.284830917874396
2020,"region_1","isurus",8176.5,5242.66666666667,3,"maximally harvested","no increase",NA,0.641187142012679
2021,"region_1","isurus",440,5242.66666666667,3,"maximally harvested","no increase",NA,1
2022,"region_1","isurus",7111.5,5242.66666666667,3,"maximally harvested","no increase",NA,0.737209683845415
2023,"region_1","isurus",3039,5242.66666666667,3,"maximally harvested","no increase",NA,1
2024,"region_1","isurus",2090,5242.66666666667,3,"maximally harvested","no increase",NA,1
2018,"region_1","lutjanus",3901.568,3538.9736,5,"maximally harvested","no increase",NA,0.907064441783406
2019,"region_1","lutjanus",536,3538.9736,5,"maximally harvested","no increase",NA,1
2020,"region_1","lutjanus",12399,3538.9736,5,"maximally harvested","no increase",NA,0.285424114847972
2021,"region_1","lutjanus",183.8,3538.9736,5,"maximally harvested","no increase",NA,1
2022,"region_1","lutjanus",674.5,3538.9736,5,"maximally harvested","no increase",NA,1
2023,"region_1","lutjanus",2835,3538.9736,5,"maximally harvested","no increase",NA,1
2024,"region_1","lutjanus",1083.8,3538.9736,5,"maximally harvested","no increase",NA,1
2018,"region_1","megapitaria",1804,1804,1,"maximally harvested","no increase","Within region variation in status, took most conservative",1
2020,"region_1","megastraea",23280,13093.3333333333,3,"deteriorating","decrease","recommendation is no increase, but decided to go with decrease based on deterioration",0.281214203894616
2021,"region_1","megastraea",3000,13093.3333333333,3,"deteriorating","decrease","recommendation is no increase, but decided to go with decrease based on deterioration",0.885437881873727
2022,"region_1","megastraea",13000,13093.3333333333,3,"deteriorating","decrease","recommendation is no increase, but decided to go with decrease based on deterioration",0.5
2023,"region_1","megastraea",700,13093.3333333333,3,"deteriorating","decrease","recommendation is no increase, but decided to go with decrease based on deterioration",0.97326883910387
2024,"region_1","megastraea",6300,13093.3333333333,3,"deteriorating","decrease","recommendation is no increase, but decided to go with decrease based on deterioration",0.759419551934827
2021,"region_1","mugil",125,262.5,2,"deteriorating","decrease",NA,0.761904761904762
2022,"region_1","mugil",400,262.5,2,"deteriorating","decrease",NA,0.328125
2020,"region_1","mustelus",3906.25,9582.03333333333,3,"maximally harvested","no increase",NA,1
2021,"region_1","mustelus",23650,9582.03333333333,3,"maximally harvested","no increase",NA,0.405159971811135
2022,"region_1","mustelus",1189.85,9582.03333333333,3,"maximally harvested","no increase",NA,1
2023,"region_1","mustelus",3794,9582.03333333333,3,"maximally harvested","no increase",NA,1
2024,"region_1","mustelus",10159.9,9582.03333333333,3,"maximally harvested","no increase",NA,1
2018,"region_1","panopea",620122.81,985905.962,5,"maximally harvested","no increase","Within region variation in status, took most conservative",1
2019,"region_1","panopea",777654,985905.962,5,"maximally harvested","no increase","Within region variation in status, took most conservative",1
2020,"region_1","panopea",965768,985905.962,5,"maximally harvested","no increase","Within region variation in status, took most conservative",1
2021,"region_1","panopea",1245748,985905.962,5,"maximally harvested","no increase","Within region variation in status, took most conservative",0.791416853167735
2022,"region_1","panopea",1320237,985905.962,5,"maximally harvested","no increase","Within region variation in status, took most conservative",0.746764377910936
2023,"region_1","panopea",1467747,985905.962,5,"maximally harvested","no increase","Within region variation in status, took most conservative",0.671713832152272
2024,"region_1","panopea",957853,985905.962,5,"maximally harvested","no increase","Within region variation in status, took most conservative",1
2018,"region_1","panulirus",23056,34025,5,NA,NA,NA,NA
2019,"region_1","panulirus",42925,34025,5,NA,NA,NA,NA
2020,"region_1","panulirus",39741,34025,5,NA,NA,NA,NA
2021,"region_1","panulirus",32255,34025,5,NA,NA,NA,NA
2022,"region_1","panulirus",32148,34025,5,NA,NA,NA,NA
2023,"region_1","panulirus",46792,34025,5,NA,NA,NA,NA
2024,"region_1","panulirus",43120,34025,5,NA,NA,NA,NA
2018,"region_1","paralabrax",2514.1,16450.46,5,"maximally harvested","no increase",NA,1
2019,"region_1","paralabrax",32885.9,16450.46,5,"maximally harvested","no increase",NA,0.500228365348067
2020,"region_1","paralabrax",7847.9,16450.46,5,"maximally harvested","no increase",NA,1
2021,"region_1","paralabrax",6908.5,16450.46,5,"maximally harvested","no increase",NA,1
2022,"region_1","paralabrax",32095.9,16450.46,5,"maximally harvested","no increase",NA,0.512540854127786
2023,"region_1","paralabrax",16542,16450.46,5,"maximally harvested","no increase",NA,1
2024,"region_1","paralabrax",15527,16450.46,5,"maximally harvested","no increase",NA,1
2020,"region_1","prionace",2282.5,2158.75,2,"maximally harvested","no increase",NA,1
2022,"region_1","prionace",2035,2158.75,2,"maximally harvested","no increase",NA,1
2023,"region_1","prionace",20,2158.75,2,"maximally harvested","no increase",NA,1
2024,"region_1","prionace",214.5,2158.75,2,"maximally harvested","no increase",NA,1
2018,"region_1","rhizoprionodon",1298.75,2965.15,5,"maximally harvested","no increase",NA,1
2019,"region_1","rhizoprionodon",1848,2965.15,5,"maximally harvested","no increase",NA,1
2020,"region_1","rhizoprionodon",1985.5,2965.15,5,"maximally harvested","no increase",NA,1
2021,"region_1","rhizoprionodon",332,2965.15,5,"maximally harvested","no increase",NA,1
2022,"region_1","rhizoprionodon",9361.5,2965.15,5,"maximally harvested","no increase",NA,0.316738770496181
2018,"region_1","scomberomorus",21000,409330.2,5,"maximally harvested","no increase",NA,1
2019,"region_1","scomberomorus",104305,409330.2,5,"maximally harvested","no increase",NA,1
2020,"region_1","scomberomorus",65881,409330.2,5,"maximally harvested","no increase",NA,1
2021,"region_1","scomberomorus",818398,409330.2,5,"maximally harvested","no increase",NA,0.500160313197246
2022,"region_1","scomberomorus",1037067,409330.2,5,"maximally harvested","no increase",NA,0.394699860279037
2023,"region_1","scomberomorus",723256,409330.2,5,"maximally harvested","no increase",NA,0.565954793323526
2024,"region_1","scomberomorus",1444694,409330.2,5,"maximally harvested","no increase",NA,0.283333494843891
2018,"region_1","sphyrna",40,40,1,"maximally harvested","no increase",NA,1
2020,"region_1","strongylocentrotus",500,500,1,"deteriorating","decrease",NA,0.5
2020,"region_1_2_baja_tbd","chione",1700,977.5,2,NA,NA,NA,NA
2021,"region_1_2_baja_tbd","chione",255,977.5,2,NA,NA,NA,NA
2018,"region_1_2_baja_tbd","cynoscion",158.4,8671.22,5,NA,NA,NA,NA
2019,"region_1_2_baja_tbd","cynoscion",16025.9,8671.22,5,NA,NA,NA,NA
2020,"region_1_2_baja_tbd","cynoscion",1576.2,8671.22,5,NA,NA,NA,NA
2021,"region_1_2_baja_tbd","cynoscion",23158.6,8671.22,5,NA,NA,NA,NA
2022,"region_1_2_baja_tbd","cynoscion",2437,8671.22,5,NA,NA,NA,NA
2023,"region_1_2_baja_tbd","cynoscion",500,8671.22,5,NA,NA,NA,NA
2024,"region_1_2_baja_tbd","cynoscion",382.5,8671.22,5,NA,NA,NA,NA
2021,"region_1_2_baja_tbd","mugil",1200,1200,1,NA,NA,NA,NA
2019,"region_1_2_baja_tbd","mustelus",150,150,1,NA,NA,NA,NA
2018,"region_1_2_baja_tbd","octopus",2880,1287.33333333333,3,NA,NA,NA,NA
2020,"region_1_2_baja_tbd","octopus",666,1287.33333333333,3,NA,NA,NA,NA
2021,"region_1_2_baja_tbd","octopus",316,1287.33333333333,3,NA,NA,NA,NA
2018,"region_1_2_baja_tbd","panopea",12576.99,13106.598,5,NA,NA,NA,NA
2019,"region_1_2_baja_tbd","panopea",187,13106.598,5,NA,NA,NA,NA
2020,"region_1_2_baja_tbd","panopea",23023,13106.598,5,NA,NA,NA,NA
2021,"region_1_2_baja_tbd","panopea",20956,13106.598,5,NA,NA,NA,NA
2022,"region_1_2_baja_tbd","panopea",8790,13106.598,5,NA,NA,NA,NA
2024,"region_1_2_baja_tbd","panopea",360,13106.598,5,NA,NA,NA,NA
2021,"region_1_2_baja_tbd","panulirus",110,110,1,NA,NA,NA,NA
2020,"region_1_2_baja_tbd","paralabrax",872,872,1,NA,NA,NA,NA
2024,"region_1_2_baja_tbd","paralabrax",4.4,872,1,NA,NA,NA,NA
2019,"region_1_2_baja_tbd","rhizoprionodon",400,400,1,NA,NA,NA,NA
2020,"region_1_2_baja_tbd","scomberomorus",200,7600,2,NA,NA,NA,NA
2021,"region_1_2_baja_tbd","scomberomorus",15000,7600,2,NA,NA,NA,NA
2018,"region_1_2_baja_tbd","strongylocentrotus",1400,900,2,NA,NA,NA,NA
2020,"region_1_2_baja_tbd","strongylocentrotus",400,900,2,NA,NA,NA,NA
2024,"region_1_2_baja_tbd","strongylocentrotus",500,900,2,NA,NA,NA,NA
2019,"region_1_2_baja_tbd","thunnus",474782,474782,1,NA,NA,NA,NA
2024,"region_1_2_baja_tbd","thunnus",432051,474782,1,NA,NA,NA,NA
2018,"region_2","alopias",3553,2067.25,4,"maximally harvested","no increase",NA,0.581832254432874
2020,"region_2","alopias",2802.5,2067.25,4,"maximally harvested","no increase",NA,0.73764495985727
2021,"region_2","alopias",1050,2067.25,4,"maximally harvested","no increase",NA,1
2022,"region_2","alopias",863.5,2067.25,4,"maximally harvested","no increase",NA,1
2023,"region_2","alopias",359,2067.25,4,"maximally harvested","no increase",NA,1
2024,"region_2","alopias",14760,2067.25,4,"maximally harvested","no increase",NA,0.140057588075881
2022,"region_2","argopecten",450,450,1,"maximally harvested","no increase",NA,1
2023,"region_2","argopecten",1405,450,1,"maximally harvested","no increase",NA,0.320284697508897
2024,"region_2","argopecten",38620,450,1,"maximally harvested","no increase",NA,0.0116519937856033
2018,"region_2","carcharhinus",140073.3,69649.075,4,"maximally harvested","no increase",NA,0.497233055835766
2020,"region_2","carcharhinus",79547.2,69649.075,4,"maximally harvested","no increase",NA,0.875569158939598
2021,"region_2","carcharhinus",17372.2,69649.075,4,"maximally harvested","no increase",NA,1
2022,"region_2","carcharhinus",41603.6,69649.075,4,"maximally harvested","no increase",NA,1
2023,"region_2","carcharhinus",30693,69649.075,4,"maximally harvested","no increase",NA,1
2024,"region_2","carcharhinus",31.4,69649.075,4,"maximally harvested","no increase",NA,1
2021,"region_2","centropomus",66,66,1,"maximally harvested","no increase",NA,1
2018,"region_2","chione",853,853,1,"maximally harvested","no increase","Sonora was undetermined, but decided to go with the value of surrounding regions",1
2018,"region_2","cynoscion",276244.65,270577.53,5,"maximally harvested","no increase",NA,1
2019,"region_2","cynoscion",272876.2,270577.53,5,"maximally harvested","no increase",NA,1
2020,"region_2","cynoscion",273233.35,270577.53,5,"maximally harvested","no increase",NA,1
2021,"region_2","cynoscion",347719.15,270577.53,5,"maximally harvested","no increase",NA,0.778149635992151
2022,"region_2","cynoscion",182814.3,270577.53,5,"maximally harvested","no increase",NA,1
2023,"region_2","cynoscion",441263,270577.53,5,"maximally harvested","no increase",NA,0.613188801236451
2024,"region_2","cynoscion",463851.1,270577.53,5,"maximally harvested","no increase",NA,0.583328421555969
2018,"region_2","dosinia",28139,31932.6,5,"unclear",NA,"capture records are recent in this area, no pattern available",NA
2019,"region_2","dosinia",36131,31932.6,5,"unclear",NA,"capture records are recent in this area, no pattern available",NA
2020,"region_2","dosinia",32397,31932.6,5,"unclear",NA,"capture records are recent in this area, no pattern available",NA
2021,"region_2","dosinia",9731,31932.6,5,"unclear",NA,"capture records are recent in this area, no pattern available",NA
2022,"region_2","dosinia",53265,31932.6,5,"unclear",NA,"capture records are recent in this area, no pattern available",NA
2023,"region_2","dosinia",26313,31932.6,5,"unclear",NA,"capture records are recent in this area, no pattern available",NA
2024,"region_2","dosinia",49876,31932.6,5,"unclear",NA,"capture records are recent in this area, no pattern available",NA
2022,"region_2","galeocerdo",120,120,1,"maximally harvested","no increase",NA,1
2018,"region_2","galeorhinus",440,2162.3875,4,"maximally harvested","no increase",NA,1
2020,"region_2","galeorhinus",2010,2162.3875,4,"maximally harvested","no increase",NA,1
2021,"region_2","galeorhinus",1050,2162.3875,4,"maximally harvested","no increase",NA,1
2022,"region_2","galeorhinus",5149.55,2162.3875,4,"maximally harvested","no increase",NA,0.419917759804255
2023,"region_2","galeorhinus",250,2162.3875,4,"maximally harvested","no increase",NA,1
2024,"region_2","galeorhinus",3749.9,2162.3875,4,"maximally harvested","no increase",NA,0.576652044054508
2018,"region_2","hoplopagrus",43,1030.68,5,"maximally harvested","no increase",NA,1
2019,"region_2","hoplopagrus",415,1030.68,5,"maximally harvested","no increase",NA,1
2020,"region_2","hoplopagrus",3044,1030.68,5,"maximally harvested","no increase",NA,0.338593955321945
2021,"region_2","hoplopagrus",452.5,1030.68,5,"maximally harvested","no increase",NA,1
2022,"region_2","hoplopagrus",1198.9,1030.68,5,"maximally harvested","no increase",NA,0.859688047376762
2023,"region_2","hoplopagrus",2907,1030.68,5,"maximally harvested","no increase",NA,0.354551083591331
2024,"region_2","hoplopagrus",12851.9,1030.68,5,"maximally harvested","no increase",NA,0.0801967024331033
2018,"region_2","isurus",2287,7311.08,5,"maximally harvested","no increase",NA,1
2019,"region_2","isurus",12278,7311.08,5,"maximally harvested","no increase",NA,0.595461801596351
2020,"region_2","isurus",4455,7311.08,5,"maximally harvested","no increase",NA,1
2021,"region_2","isurus",8762.2,7311.08,5,"maximally harvested","no increase",NA,0.834388623861587
2022,"region_2","isurus",8773.2,7311.08,5,"maximally harvested","no increase",NA,0.833342452012948
2023,"region_2","isurus",3663,7311.08,5,"maximally harvested","no increase",NA,1
2024,"region_2","isurus",6581.5,7311.08,5,"maximally harvested","no increase",NA,1
2018,"region_2","lutjanus",18082.83,25672.566,5,"maximally harvested","no increase",NA,1
2019,"region_2","lutjanus",18359.9,25672.566,5,"maximally harvested","no increase",NA,1
2020,"region_2","lutjanus",31340.55,25672.566,5,"maximally harvested","no increase",NA,0.819148547169721
2021,"region_2","lutjanus",31924.6,25672.566,5,"maximally harvested","no increase",NA,0.804162495379738
2022,"region_2","lutjanus",28654.95,25672.566,5,"maximally harvested","no increase",NA,0.895920809493648
2023,"region_2","lutjanus",37390,25672.566,5,"maximally harvested","no increase",NA,0.686615833110457
2024,"region_2","lutjanus",31745.4,25672.566,5,"maximally harvested","no increase",NA,0.808701922168251
2018,"region_2","megapitaria",1311,2097.25,4,"maximally harvested","no increase","Within region variation in status, took most conservative",1
2019,"region_2","megapitaria",4753,2097.25,4,"maximally harvested","no increase","Within region variation in status, took most conservative",0.441247633073848
2021,"region_2","megapitaria",900,2097.25,4,"maximally harvested","no increase","Within region variation in status, took most conservative",1
2022,"region_2","megapitaria",1425,2097.25,4,"maximally harvested","no increase","Within region variation in status, took most conservative",1
2023,"region_2","megapitaria",1015,2097.25,4,"maximally harvested","no increase","Within region variation in status, took most conservative",1
2021,"region_2","megastraea",7029,7029,1,"deteriorating","decrease","recommendation is no increase, but decided to go with decrease based on deterioration",0.5
2018,"region_2","mugil",50060.5,33802.7,5,"deteriorating","decrease",NA,0.337618481637219
2019,"region_2","mugil",36503,33802.7,5,"deteriorating","decrease",NA,0.5
2020,"region_2","mugil",33814,33802.7,5,"deteriorating","decrease",NA,0.5
2021,"region_2","mugil",23173,33802.7,5,"deteriorating","decrease",NA,0.657231522925683
2022,"region_2","mugil",25463,33802.7,5,"deteriorating","decrease",NA,0.623358489114775
2019,"region_2","mustelus",4212.5,18588.6875,4,"maximally harvested","no increase",NA,1
2020,"region_2","mustelus",1028.75,18588.6875,4,"maximally harvested","no increase",NA,1
2021,"region_2","mustelus",1981.25,18588.6875,4,"maximally harvested","no increase",NA,1
2022,"region_2","mustelus",67132.25,18588.6875,4,"maximally harvested","no increase",NA,0.276896536314513
2023,"region_2","mustelus",14497,18588.6875,4,"maximally harvested","no increase",NA,1
2024,"region_2","mustelus",40101,18588.6875,4,"maximally harvested","no increase",NA,0.463546732001696
2020,"region_2","nasolamia",125,125,1,"maximally harvested","no increase",NA,1
2018,"region_2","negaprion",980,499,2,"maximally harvested","no increase",NA,0.509183673469388
2019,"region_2","negaprion",18,499,2,"maximally harvested","no increase",NA,1
2018,"region_2","octopus",3459.8,2924.5,2,"maximally harvested","no increase",NA,0.845280073992716
2020,"region_2","octopus",2389.2,2924.5,2,"maximally harvested","no increase",NA,1
2018,"region_2","panopea",302962,336318,5,"maximally harvested","no increase","Within region variation in status, took most conservative",1
2019,"region_2","panopea",309718,336318,5,"maximally harvested","no increase","Within region variation in status, took most conservative",1
2020,"region_2","panopea",372669,336318,5,"maximally harvested","no increase","Within region variation in status, took most conservative",0.902457676919733
2021,"region_2","panopea",397944,336318,5,"maximally harvested","no increase","Within region variation in status, took most conservative",0.845139014534708
2022,"region_2","panopea",298297,336318,5,"maximally harvested","no increase","Within region variation in status, took most conservative",1
2023,"region_2","panopea",457782,336318,5,"maximally harvested","no increase","Within region variation in status, took most conservative",0.734668466650065
2024,"region_2","panopea",339651,336318,5,"maximally harvested","no increase","Within region variation in status, took most conservative",1
2018,"region_2","panulirus",15659.5,10860.1,5,NA,NA,NA,NA
2019,"region_2","panulirus",14330,10860.1,5,NA,NA,NA,NA
2020,"region_2","panulirus",9908,10860.1,5,NA,NA,NA,NA
2021,"region_2","panulirus",6335,10860.1,5,NA,NA,NA,NA
2022,"region_2","panulirus",8068,10860.1,5,NA,NA,NA,NA
2023,"region_2","panulirus",7094,10860.1,5,NA,NA,NA,NA
2024,"region_2","panulirus",5442,10860.1,5,NA,NA,NA,NA
2018,"region_2","paralabrax",270248.5,387449.37,5,"maximally harvested","no increase",NA,1
2019,"region_2","paralabrax",399187.05,387449.37,5,"maximally harvested","no increase",NA,1
2020,"region_2","paralabrax",439082.9,387449.37,5,"maximally harvested","no increase",NA,0.882405964796169
2021,"region_2","paralabrax",425058.2,387449.37,5,"maximally harvested","no increase",NA,1
2022,"region_2","paralabrax",403670.2,387449.37,5,"maximally harvested","no increase",NA,1
2023,"region_2","paralabrax",453533,387449.37,5,"maximally harvested","no increase",NA,0.85429146280425
2024,"region_2","paralabrax",551829.3,387449.37,5,"maximally harvested","no increase",NA,0.702118155016415
2018,"region_2","prionace",23580,18157.625,4,"maximally harvested","no increase",NA,0.770043469041561
2020,"region_2","prionace",3320,18157.625,4,"maximally harvested","no increase",NA,1
2021,"region_2","prionace",10308.5,18157.625,4,"maximally harvested","no increase",NA,1
2022,"region_2","prionace",35422,18157.625,4,"maximally harvested","no increase",NA,0.512608689514991
2023,"region_2","prionace",4505,18157.625,4,"maximally harvested","no increase",NA,1
2024,"region_2","prionace",87251.5,18157.625,4,"maximally harvested","no increase",NA,0.208106737419987
2018,"region_2","rhizoprionodon",44583.19,76725.658,5,"maximally harvested","no increase",NA,1
2019,"region_2","rhizoprionodon",15778.35,76725.658,5,"maximally harvested","no increase",NA,1
2020,"region_2","rhizoprionodon",96032.75,76725.658,5,"maximally harvested","no increase",NA,0.79895304466445
2021,"region_2","rhizoprionodon",53479.45,76725.658,5,"maximally harvested","no increase",NA,1
2022,"region_2","rhizoprionodon",173754.55,76725.658,5,"maximally harvested","no increase",NA,0.441574957317664
2018,"region_2","scomberomorus",2943447,2315515.82,5,"maximally harvested","no increase",NA,0.786668086770375
2019,"region_2","scomberomorus",3060744,2315515.82,5,"maximally harvested","no increase",NA,0.756520578003257
2020,"region_2","scomberomorus",2271568.8,2315515.82,5,"maximally harvested","no increase",NA,1
2021,"region_2","scomberomorus",1760539.3,2315515.82,5,"maximally harvested","no increase",NA,1
2022,"region_2","scomberomorus",1541280,2315515.82,5,"maximally harvested","no increase",NA,1
2023,"region_2","scomberomorus",1153887,2315515.82,5,"maximally harvested","no increase",NA,1
2024,"region_2","scomberomorus",2561787,2315515.82,5,"maximally harvested","no increase",NA,0.903867425355816
2019,"region_2","sphoeroides",28,2777.825,4,NA,NA,"Seems they might lump these Botetes into one species?",NA
2020,"region_2","sphoeroides",842,2777.825,4,NA,NA,"Seems they might lump these Botetes into one species?",NA
2021,"region_2","sphoeroides",4261.5,2777.825,4,NA,NA,"Seems they might lump these Botetes into one species?",NA
2022,"region_2","sphoeroides",5979.8,2777.825,4,NA,NA,"Seems they might lump these Botetes into one species?",NA
2023,"region_2","sphoeroides",1293,2777.825,4,NA,NA,"Seems they might lump these Botetes into one species?",NA
2024,"region_2","sphoeroides",2533.2,2777.825,4,NA,NA,"Seems they might lump these Botetes into one species?",NA
2018,"region_2","sphyrna",335.3,3645.2,3,"maximally harvested","no increase",NA,1
2021,"region_2","sphyrna",350,3645.2,3,"maximally harvested","no increase",NA,1
2022,"region_2","sphyrna",10250.3,3645.2,3,"maximally harvested","no increase",NA,0.355618859935807
2022,"region_2","strongylocentrotus",900,900,1,"deteriorating","decrease",NA,0.5
2019,"region_2","thunnus",133618,121319,3,"deteriorating","no increase","recovery phase",0.453977009085602
2021,"region_2","thunnus",3462,121319,3,"deteriorating","no increase","recovery phase",0.985731830958053
2022,"region_2","thunnus",226877,121319,3,"deteriorating","no increase","recovery phase",0.26736734001243
2024,"region_2","thunnus",3564391,121319,3,"deteriorating","no increase","recovery phase",0.0170181946930065
2018,"region_3","alopias",71009,23979.1,5,"maximally harvested","no increase",NA,0.337690996915884
2019,"region_3","alopias",28567.6,23979.1,5,"maximally harvested","no increase",NA,0.839380977050925
2020,"region_3","alopias",4665.5,23979.1,5,"maximally harvested","no increase",NA,1
2021,"region_3","alopias",11425.4,23979.1,5,"maximally harvested","no increase",NA,1
2022,"region_3","alopias",4228,23979.1,5,"maximally harvested","no increase",NA,1
2023,"region_3","alopias",2854,23979.1,5,"maximally harvested","no increase",NA,1
2024,"region_3","alopias",4107.9,23979.1,5,"maximally harvested","no increase",NA,1
2018,"region_3","carcharhinus",24470.6,17145.62,5,"maximally harvested","no increase",NA,0.700662018912491
2019,"region_3","carcharhinus",22834,17145.62,5,"maximally harvested","no increase",NA,0.750881142156433
2020,"region_3","carcharhinus",10937.5,17145.62,5,"maximally harvested","no increase",NA,1
2021,"region_3","carcharhinus",9167.5,17145.62,5,"maximally harvested","no increase",NA,1
2022,"region_3","carcharhinus",18318.5,17145.62,5,"maximally harvested","no increase",NA,1
2023,"region_3","carcharhinus",6250,17145.62,5,"maximally harvested","no increase",NA,1
2024,"region_3","carcharhinus",13922.4,17145.62,5,"maximally harvested","no increase",NA,1
2018,"region_3","centropomus",242,167.32,5,"maximally harvested","no increase",NA,0.691404958677686
2019,"region_3","centropomus",185.4,167.32,5,"maximally harvested","no increase",NA,0.902481121898598
2020,"region_3","centropomus",294.8,167.32,5,"maximally harvested","no increase",NA,0.567571234735414
2021,"region_3","centropomus",42.9,167.32,5,"maximally harvested","no increase",NA,1
2022,"region_3","centropomus",71.5,167.32,5,"maximally harvested","no increase",NA,1
2023,"region_3","centropomus",5,167.32,5,"maximally harvested","no increase",NA,1
2024,"region_3","centropomus",29.7,167.32,5,"maximally harvested","no increase",NA,1
2018,"region_3","cynoscion",68334,68673.27,5,NA,NA,NA,NA
2019,"region_3","cynoscion",47119.1,68673.27,5,NA,NA,NA,NA
2020,"region_3","cynoscion",62850.9,68673.27,5,NA,NA,NA,NA
2021,"region_3","cynoscion",60065.55,68673.27,5,NA,NA,NA,NA
2022,"region_3","cynoscion",104996.8,68673.27,5,NA,NA,NA,NA
2023,"region_3","cynoscion",113186,68673.27,5,NA,NA,NA,NA
2024,"region_3","cynoscion",41374,68673.27,5,NA,NA,NA,NA
2018,"region_3","galeocerdo",101,1653.2,5,"maximally harvested","no increase",NA,1
2019,"region_3","galeocerdo",183,1653.2,5,"maximally harvested","no increase",NA,1
2020,"region_3","galeocerdo",3396,1653.2,5,"maximally harvested","no increase",NA,0.48680800942285
2021,"region_3","galeocerdo",2312,1653.2,5,"maximally harvested","no increase",NA,0.715051903114187
2022,"region_3","galeocerdo",2274,1653.2,5,"maximally harvested","no increase",NA,0.727000879507476
2023,"region_3","galeocerdo",4744,1653.2,5,"maximally harvested","no increase",NA,0.348482293423272
2024,"region_3","galeocerdo",795.5,1653.2,5,"maximally harvested","no increase",NA,1
2019,"region_3","galeorhinus",48,687.25,4,"maximally harvested","no increase",NA,1
2020,"region_3","galeorhinus",858,687.25,4,"maximally harvested","no increase",NA,0.800990675990676
2021,"region_3","galeorhinus",488,687.25,4,"maximally harvested","no increase",NA,1
2022,"region_3","galeorhinus",1355,687.25,4,"maximally harvested","no increase",NA,0.50719557195572
2023,"region_3","galeorhinus",2912,687.25,4,"maximally harvested","no increase",NA,0.236006181318681
2024,"region_3","galeorhinus",281,687.25,4,"maximally harvested","no increase",NA,1
2018,"region_3","haliotis",31919.82,15787.189,3,"deteriorating","decrease","specifically says to not increase fishing effort on the Pacific Coast, but will assume standard throughout Baja",0.247294455294547
2019,"region_3","haliotis",14394.947,15787.189,3,"deteriorating","decrease","specifically says to not increase fishing effort on the Pacific Coast, but will assume standard throughout Baja",0.5
2020,"region_3","haliotis",1046.8,15787.189,3,"deteriorating","decrease","specifically says to not increase fishing effort on the Pacific Coast, but will assume standard throughout Baja",0.966846536137624
2023,"region_3","haliotis",7140,15787.189,3,"deteriorating","decrease","specifically says to not increase fishing effort on the Pacific Coast, but will assume standard throughout Baja",0.773867279349097
2024,"region_3","haliotis",3699.68,15787.189,3,"deteriorating","decrease","specifically says to not increase fishing effort on the Pacific Coast, but will assume standard throughout Baja",0.882826512053539
2018,"region_3","hoplopagrus",19743.9,15310.48,5,"maximally harvested","no increase",NA,0.775453684429115
2019,"region_3","hoplopagrus",12030.4,15310.48,5,"maximally harvested","no increase",NA,1
2020,"region_3","hoplopagrus",6506.9,15310.48,5,"maximally harvested","no increase",NA,1
2021,"region_3","hoplopagrus",17891.9,15310.48,5,"maximally harvested","no increase",NA,0.85572130405379
2022,"region_3","hoplopagrus",20379.3,15310.48,5,"maximally harvested","no increase",NA,0.751276049717115
2023,"region_3","hoplopagrus",20914,15310.48,5,"maximally harvested","no increase",NA,0.73206847088075
2024,"region_3","hoplopagrus",26419.5,15310.48,5,"maximally harvested","no increase",NA,0.579514373852647
2018,"region_3","isurus",7833,21700.09,5,"maximally harvested","no increase",NA,1
2019,"region_3","isurus",55442.7,21700.09,5,"maximally harvested","no increase",NA,0.391396703263009
2020,"region_3","isurus",24801.75,21700.09,5,"maximally harvested","no increase",NA,0.874941889181207
2021,"region_3","isurus",14859.55,21700.09,5,"maximally harvested","no increase",NA,1
2022,"region_3","isurus",5563.45,21700.09,5,"maximally harvested","no increase",NA,1
2023,"region_3","isurus",10605,21700.09,5,"maximally harvested","no increase",NA,1
2024,"region_3","isurus",17527.6,21700.09,5,"maximally harvested","no increase",NA,1
2018,"region_3","lutjanus",501839.98,444134.416,5,"maximally harvested","no increase",NA,0.88501202315527
2019,"region_3","lutjanus",418530.45,444134.416,5,"maximally harvested","no increase",NA,1
2020,"region_3","lutjanus",408498.45,444134.416,5,"maximally harvested","no increase",NA,1
2021,"region_3","lutjanus",459140.9,444134.416,5,"maximally harvested","no increase",NA,1
2022,"region_3","lutjanus",432662.3,444134.416,5,"maximally harvested","no increase",NA,1
2023,"region_3","lutjanus",446234,444134.416,5,"maximally harvested","no increase",NA,1
2024,"region_3","lutjanus",318763.56,444134.416,5,"maximally harvested","no increase",NA,1
2018,"region_3","megapitaria",18154,14884.6666666667,3,"maximally harvested","no increase","Within region variation in status, took most conservative",0.819911130696632
2021,"region_3","megapitaria",25000,14884.6666666667,3,"maximally harvested","no increase","Within region variation in status, took most conservative",0.595386666666667
2022,"region_3","megapitaria",1500,14884.6666666667,3,"maximally harvested","no increase","Within region variation in status, took most conservative",1
2018,"region_3","megastraea",72394,69085.8,5,"maximally harvested","no increase",NA,1
2019,"region_3","megastraea",60431,69085.8,5,"maximally harvested","no increase",NA,1
2020,"region_3","megastraea",82824,69085.8,5,"maximally harvested","no increase",NA,0.834127789046653
2021,"region_3","megastraea",26152,69085.8,5,"maximally harvested","no increase",NA,1
2022,"region_3","megastraea",103628,69085.8,5,"maximally harvested","no increase",NA,0.666671169954067
2023,"region_3","megastraea",43085,69085.8,5,"maximally harvested","no increase",NA,1
2024,"region_3","megastraea",74893,69085.8,5,"maximally harvested","no increase",NA,1
2018,"region_3","mugil",26081,27833,5,"maximally harvested","no increase",NA,1
2019,"region_3","mugil",44906,27833,5,"maximally harvested","no increase",NA,0.619805816594664
2020,"region_3","mugil",20410,27833,5,"maximally harvested","no increase",NA,1
2021,"region_3","mugil",23892,27833,5,"maximally harvested","no increase",NA,1
2022,"region_3","mugil",23876,27833,5,"maximally harvested","no increase",NA,1
2023,"region_3","mugil",15810,27833,5,"maximally harvested","no increase",NA,1
2024,"region_3","mugil",11957,27833,5,"maximally harvested","no increase",NA,1
2019,"region_3","mustelus",5282,9123.5,4,"maximally harvested","no increase",NA,1
2020,"region_3","mustelus",11023,9123.5,4,"maximally harvested","no increase",NA,0.827678490429103
2021,"region_3","mustelus",8576,9123.5,4,"maximally harvested","no increase",NA,1
2022,"region_3","mustelus",11613,9123.5,4,"maximally harvested","no increase",NA,0.785628175320761
2023,"region_3","mustelus",21426,9123.5,4,"maximally harvested","no increase",NA,0.425814431065061
2024,"region_3","mustelus",13589.2,9123.5,4,"maximally harvested","no increase",NA,0.67137874194213
2021,"region_3","negaprion",168,168,1,"maximally harvested","no increase",NA,1
2020,"region_3","octopus",3095,3095,1,"maximally harvested","no increase",NA,1
2018,"region_3","panulirus",148276.1,132975.42,5,NA,NA,NA,NA
2019,"region_3","panulirus",151478,132975.42,5,NA,NA,NA,NA
2020,"region_3","panulirus",132373,132975.42,5,NA,NA,NA,NA
2021,"region_3","panulirus",116395,132975.42,5,NA,NA,NA,NA
2022,"region_3","panulirus",116355,132975.42,5,NA,NA,NA,NA
2023,"region_3","panulirus",95147,132975.42,5,NA,NA,NA,NA
2024,"region_3","panulirus",79283,132975.42,5,NA,NA,NA,NA
2018,"region_3","paralabrax",205623,251131.36,5,"maximally harvested","no increase",NA,1
2019,"region_3","paralabrax",231965.1,251131.36,5,"maximally harvested","no increase",NA,1
2020,"region_3","paralabrax",211735.9,251131.36,5,"maximally harvested","no increase",NA,1
2021,"region_3","paralabrax",302589.8,251131.36,5,"maximally harvested","no increase",NA,0.829939938490987
2022,"region_3","paralabrax",303743,251131.36,5,"maximally harvested","no increase",NA,0.826788963037831
2023,"region_3","paralabrax",231439,251131.36,5,"maximally harvested","no increase",NA,1
2024,"region_3","paralabrax",298780.2,251131.36,5,"maximally harvested","no increase",NA,0.840522096176386
2018,"region_3","prionace",1247.8,2223.52,5,"maximally harvested","no increase",NA,1
2019,"region_3","prionace",6635,2223.52,5,"maximally harvested","no increase",NA,0.335119819140919
2020,"region_3","prionace",2258,2223.52,5,"maximally harvested","no increase",NA,1
2021,"region_3","prionace",955.8,2223.52,5,"maximally harvested","no increase",NA,1
2022,"region_3","prionace",21,2223.52,5,"maximally harvested","no increase",NA,1
2024,"region_3","prionace",67.5,2223.52,5,"maximally harvested","no increase",NA,1
2018,"region_3","rhizoprionodon",90865.32,151436.334,5,"maximally harvested","no increase",NA,1
2019,"region_3","rhizoprionodon",153329.8,151436.334,5,"maximally harvested","no increase",NA,1
2020,"region_3","rhizoprionodon",188729.45,151436.334,5,"maximally harvested","no increase",NA,0.802399063845097
2021,"region_3","rhizoprionodon",132018,151436.334,5,"maximally harvested","no increase",NA,1
2022,"region_3","rhizoprionodon",192239.1,151436.334,5,"maximally harvested","no increase",NA,0.787749911438412
2018,"region_3","scomberomorus",84181,95829.32,5,"maximally harvested","no increase",NA,1
2019,"region_3","scomberomorus",206182,95829.32,5,"maximally harvested","no increase",NA,0.464780242698199
2020,"region_3","scomberomorus",89903.5,95829.32,5,"maximally harvested","no increase",NA,1
2021,"region_3","scomberomorus",56350,95829.32,5,"maximally harvested","no increase",NA,1
2022,"region_3","scomberomorus",42530.1,95829.32,5,"maximally harvested","no increase",NA,1
2023,"region_3","scomberomorus",28613,95829.32,5,"maximally harvested","no increase",NA,1
2024,"region_3","scomberomorus",42831,95829.32,5,"maximally harvested","no increase",NA,1
2018,"region_3","sphoeroides",5775,3078.53,5,"maximally harvested","no increase","Seems they might lump these Botetes into one species?",0.533078787878788
2019,"region_3","sphoeroides",1450,3078.53,5,"maximally harvested","no increase","Seems they might lump these Botetes into one species?",1
2020,"region_3","sphoeroides",3770.5,3078.53,5,"maximally harvested","no increase","Seems they might lump these Botetes into one species?",0.816477920700172
2021,"region_3","sphoeroides",1862.75,3078.53,5,"maximally harvested","no increase","Seems they might lump these Botetes into one species?",1
2022,"region_3","sphoeroides",2534.4,3078.53,5,"maximally harvested","no increase","Seems they might lump these Botetes into one species?",1
2023,"region_3","sphoeroides",2607,3078.53,5,"maximally harvested","no increase","Seems they might lump these Botetes into one species?",1
2024,"region_3","sphoeroides",3961.15,3078.53,5,"maximally harvested","no increase","Seems they might lump these Botetes into one species?",0.777180869192028
2018,"region_3","sphyrna",11046,12015.38,5,"maximally harvested","no increase",NA,1
2019,"region_3","sphyrna",8638.2,12015.38,5,"maximally harvested","no increase",NA,1
2020,"region_3","sphyrna",10512,12015.38,5,"maximally harvested","no increase",NA,1
2021,"region_3","sphyrna",6685.9,12015.38,5,"maximally harvested","no increase",NA,1
2022,"region_3","sphyrna",23194.8,12015.38,5,"maximally harvested","no increase",NA,0.518020418369635
2023,"region_3","sphyrna",1258,12015.38,5,"maximally harvested","no increase",NA,1
2024,"region_3","sphyrna",981,12015.38,5,"maximally harvested","no increase",NA,1
2020,"region_3","thunnus",28.8,69.9,2,"deteriorating","no increase","recovery phase",0.793991416309013
2022,"region_3","thunnus",111,69.9,2,"deteriorating","no increase","recovery phase",0.314864864864865
2023,"region_3","thunnus",504,69.9,2,"deteriorating","no increase","recovery phase",0.0693452380952381
2024,"region_3","thunnus",584,69.9,2,"deteriorating","no increase","recovery phase",0.0598458904109589
2021,"region_3_4_bcs_tbd","argopecten",6100,6100,1,NA,NA,NA,NA
2023,"region_3_4_bcs_tbd","argopecten",44,6100,1,NA,NA,NA,NA
2024,"region_3_4_bcs_tbd","argopecten",3512,6100,1,NA,NA,NA,NA
2024,"region_3_4_bcs_tbd","atrina",30270,NA,0,NA,NA,NA,NA
2023,"region_3_4_bcs_tbd","cynoscion",1200,NA,0,NA,NA,NA,NA
2024,"region_3_4_bcs_tbd","cynoscion",5487,NA,0,NA,NA,NA,NA
2018,"region_3_4_bcs_tbd","haliotis",41,209.333333333333,3,NA,NA,NA,NA
2019,"region_3_4_bcs_tbd","haliotis",195,209.333333333333,3,NA,NA,NA,NA
2020,"region_3_4_bcs_tbd","haliotis",392,209.333333333333,3,NA,NA,NA,NA
2023,"region_3_4_bcs_tbd","haliotis",56,209.333333333333,3,NA,NA,NA,NA
2024,"region_3_4_bcs_tbd","lutjanus",93.5,NA,0,NA,NA,NA,NA
2018,"region_3_4_bcs_tbd","panulirus",1800,1800,1,NA,NA,NA,NA
2024,"region_3_4_bcs_tbd","panulirus",4500,1800,1,NA,NA,NA,NA
2023,"region_3_4_bcs_tbd","paralabrax",10771,NA,0,NA,NA,NA,NA
2024,"region_3_4_bcs_tbd","paralabrax",3152.6,NA,0,NA,NA,NA,NA
2023,"region_3_4_bcs_tbd","sphoeroides",32,NA,0,NA,NA,NA,NA
2018,"region_4","alopias",3803,72685.04,5,"maximally harvested","no increase",NA,1
2019,"region_4","alopias",33410,72685.04,5,"maximally harvested","no increase",NA,1
2020,"region_4","alopias",63615.45,72685.04,5,"maximally harvested","no increase",NA,1
2021,"region_4","alopias",258582.25,72685.04,5,"maximally harvested","no increase",NA,0.281090600766294
2022,"region_4","alopias",4014.5,72685.04,5,"maximally harvested","no increase",NA,1
2023,"region_4","alopias",76256,72685.04,5,"maximally harvested","no increase",NA,1
2024,"region_4","alopias",900,72685.04,5,"maximally harvested","no increase",NA,1
2022,"region_4","atrina",4,4,1,"maximally harvested","no increase",NA,1
2018,"region_4","carcharhinus",150154,330955.22,5,"maximally harvested","no increase",NA,1
2019,"region_4","carcharhinus",215048.95,330955.22,5,"maximally harvested","no increase",NA,1
2020,"region_4","carcharhinus",439948.75,330955.22,5,"maximally harvested","no increase",NA,0.752258575572723
2021,"region_4","carcharhinus",83182.9,330955.22,5,"maximally harvested","no increase",NA,1
2022,"region_4","carcharhinus",766441.5,330955.22,5,"maximally harvested","no increase",NA,0.431807541736714
2023,"region_4","carcharhinus",1004036,330955.22,5,"maximally harvested","no increase",NA,0.329624854088897
2024,"region_4","carcharhinus",1417111.75,330955.22,5,"maximally harvested","no increase",NA,0.233542075986597
2018,"region_4","centropomus",5777.54,2088.268,5,"maximally harvested","no increase",NA,0.361445874887928
2019,"region_4","centropomus",41.8,2088.268,5,"maximally harvested","no increase",NA,1
2020,"region_4","centropomus",110.3,2088.268,5,"maximally harvested","no increase",NA,1
2021,"region_4","centropomus",2043.9,2088.268,5,"maximally harvested","no increase",NA,1
2022,"region_4","centropomus",2467.8,2088.268,5,"maximally harvested","no increase",NA,0.846206337628657
2023,"region_4","centropomus",494,2088.268,5,"maximally harvested","no increase",NA,1
2024,"region_4","centropomus",797.9,2088.268,5,"maximally harvested","no increase",NA,1
2018,"region_4","cynoscion",18896.02,11592.704,5,NA,NA,NA,NA
2019,"region_4","cynoscion",16547,11592.704,5,NA,NA,NA,NA
2020,"region_4","cynoscion",5502.2,11592.704,5,NA,NA,NA,NA
2021,"region_4","cynoscion",6639.9,11592.704,5,NA,NA,NA,NA
2022,"region_4","cynoscion",10378.4,11592.704,5,NA,NA,NA,NA
2023,"region_4","cynoscion",3264,11592.704,5,NA,NA,NA,NA
2024,"region_4","cynoscion",15830.652,11592.704,5,NA,NA,NA,NA
2018,"region_4","galeocerdo",78,84.25,3,"maximally harvested","no increase",NA,1
2021,"region_4","galeocerdo",75.75,84.25,3,"maximally harvested","no increase",NA,1
2022,"region_4","galeocerdo",99,84.25,3,"maximally harvested","no increase",NA,0.851010101010101
2023,"region_4","galeocerdo",227,84.25,3,"maximally harvested","no increase",NA,0.371145374449339
2024,"region_4","galeocerdo",157.5,84.25,3,"maximally harvested","no increase",NA,0.534920634920635
2018,"region_4","hoplopagrus",33108.3,56865.72,5,"maximally harvested","no increase",NA,1
2019,"region_4","hoplopagrus",31941.6,56865.72,5,"maximally harvested","no increase",NA,1
2020,"region_4","hoplopagrus",66973.6,56865.72,5,"maximally harvested","no increase",NA,0.849076651098343
2021,"region_4","hoplopagrus",61055.3,56865.72,5,"maximally harvested","no increase",NA,1
2022,"region_4","hoplopagrus",91249.8,56865.72,5,"maximally harvested","no increase",NA,0.623187338492797
2023,"region_4","hoplopagrus",61338,56865.72,5,"maximally harvested","no increase",NA,1
2024,"region_4","hoplopagrus",59096.03,56865.72,5,"maximally harvested","no increase",NA,1
2018,"region_4","isurus",24802,78546.27,5,"maximally harvested","no increase",NA,1
2019,"region_4","isurus",26245.5,78546.27,5,"maximally harvested","no increase",NA,1
2020,"region_4","isurus",70133.55,78546.27,5,"maximally harvested","no increase",NA,1
2021,"region_4","isurus",171053.55,78546.27,5,"maximally harvested","no increase",NA,0.459191112958486
2022,"region_4","isurus",100496.75,78546.27,5,"maximally harvested","no increase",NA,0.781580200354738
2023,"region_4","isurus",119208,78546.27,5,"maximally harvested","no increase",NA,0.658900996577411
2024,"region_4","isurus",258645.7,78546.27,5,"maximally harvested","no increase",NA,0.303682875841354
2018,"region_4","lutjanus",1483380.12,1286983.746,5,"maximally harvested","no increase",NA,0.867602126149567
2019,"region_4","lutjanus",1308660.21,1286983.746,5,"maximally harvested","no increase",NA,1
2020,"region_4","lutjanus",1347273.1,1286983.746,5,"maximally harvested","no increase",NA,1
2021,"region_4","lutjanus",1036274.3,1286983.746,5,"maximally harvested","no increase",NA,1
2022,"region_4","lutjanus",1259331,1286983.746,5,"maximally harvested","no increase",NA,1
2023,"region_4","lutjanus",934994,1286983.746,5,"maximally harvested","no increase",NA,1
2024,"region_4","lutjanus",774785.385,1286983.746,5,"maximally harvested","no increase",NA,1
2018,"region_4","megapitaria",43171,66208.4,5,"maximally harvested","no increase","Within region variation in status, took most conservative",1
2019,"region_4","megapitaria",63467,66208.4,5,"maximally harvested","no increase","Within region variation in status, took most conservative",1
2020,"region_4","megapitaria",53242,66208.4,5,"maximally harvested","no increase","Within region variation in status, took most conservative",1
2021,"region_4","megapitaria",44132,66208.4,5,"maximally harvested","no increase","Within region variation in status, took most conservative",1
2022,"region_4","megapitaria",127030,66208.4,5,"maximally harvested","no increase","Within region variation in status, took most conservative",0.521202865464851
2023,"region_4","megapitaria",24940,66208.4,5,"maximally harvested","no increase","Within region variation in status, took most conservative",1
2024,"region_4","megapitaria",2975,66208.4,5,"maximally harvested","no increase","Within region variation in status, took most conservative",1
2018,"region_4","mugil",10620,6685.74,5,"maximally harvested","no increase",NA,0.629542372881356
2019,"region_4","mugil",5388,6685.74,5,"maximally harvested","no increase",NA,1
2020,"region_4","mugil",755,6685.74,5,"maximally harvested","no increase",NA,1
2021,"region_4","mugil",14369.7,6685.74,5,"maximally harvested","no increase",NA,0.465266498256749
2022,"region_4","mugil",2296,6685.74,5,"maximally harvested","no increase",NA,1
2023,"region_4","mugil",275,6685.74,5,"maximally harvested","no increase",NA,1
2024,"region_4","mugil",1945,6685.74,5,"maximally harvested","no increase",NA,1
2018,"region_4","mustelus",3608,11641.05,5,"maximally harvested","no increase",NA,1
2019,"region_4","mustelus",855,11641.05,5,"maximally harvested","no increase",NA,1
2020,"region_4","mustelus",19540.25,11641.05,5,"maximally harvested","no increase",NA,0.595747239671959
2021,"region_4","mustelus",21630,11641.05,5,"maximally harvested","no increase",NA,0.538190013869626
2022,"region_4","mustelus",12572,11641.05,5,"maximally harvested","no increase",NA,1
2023,"region_4","mustelus",19492,11641.05,5,"maximally harvested","no increase",NA,0.597221937205007
2024,"region_4","mustelus",4483.8,11641.05,5,"maximally harvested","no increase",NA,1
2021,"region_4","negaprion",3513,3513,1,"maximally harvested","no increase",NA,1
2024,"region_4","negaprion",766,3513,1,"maximally harvested","no increase",NA,1
2020,"region_4","octopus",217.8,217.8,1,"maximally harvested","no increase",NA,1
2023,"region_4","panopea",350,NA,0,"maximally harvested","no increase","Only in Baja California",NA
2024,"region_4","panopea",290,NA,0,"maximally harvested","no increase","Only in Baja California",NA
2020,"region_4","panulirus",3968,2084,2,NA,NA,NA,NA
2021,"region_4","panulirus",200,2084,2,NA,NA,NA,NA
2023,"region_4","panulirus",243,2084,2,NA,NA,NA,NA
2024,"region_4","panulirus",325,2084,2,NA,NA,NA,NA
2018,"region_4","paralabrax",36755.8,39475.1,5,"maximally harvested","no increase",NA,1
2019,"region_4","paralabrax",56960.2,39475.1,5,"maximally harvested","no increase",NA,0.693029518857026
2020,"region_4","paralabrax",32855.2,39475.1,5,"maximally harvested","no increase",NA,1
2021,"region_4","paralabrax",33317.6,39475.1,5,"maximally harvested","no increase",NA,1
2022,"region_4","paralabrax",37486.7,39475.1,5,"maximally harvested","no increase",NA,1
2023,"region_4","paralabrax",47653,39475.1,5,"maximally harvested","no increase",NA,0.828386460453696
2024,"region_4","paralabrax",33085.16,39475.1,5,"maximally harvested","no increase",NA,1
2018,"region_4","prionace",3202,41620.44,5,"maximally harvested","no increase",NA,1
2019,"region_4","prionace",4650,41620.44,5,"maximally harvested","no increase",NA,1
2020,"region_4","prionace",21928.75,41620.44,5,"maximally harvested","no increase",NA,1
2021,"region_4","prionace",87006.45,41620.44,5,"maximally harvested","no increase",NA,0.478360397418812
2022,"region_4","prionace",91315,41620.44,5,"maximally harvested","no increase",NA,0.455789738816186
2023,"region_4","prionace",210241,41620.44,5,"maximally harvested","no increase",NA,0.197965382584748
2024,"region_4","prionace",1577094.25,41620.44,5,"maximally harvested","no increase",NA,0.0263905850902697
2018,"region_4","rhizoprionodon",66196.95,177597.59,5,"maximally harvested","no increase",NA,1
2019,"region_4","rhizoprionodon",56069.75,177597.59,5,"maximally harvested","no increase",NA,1
2020,"region_4","rhizoprionodon",94646.55,177597.59,5,"maximally harvested","no increase",NA,1
2021,"region_4","rhizoprionodon",129310.7,177597.59,5,"maximally harvested","no increase",NA,1
2022,"region_4","rhizoprionodon",541764,177597.59,5,"maximally harvested","no increase",NA,0.327813568269579
2018,"region_4","scomberomorus",38911,59269.13,5,"maximally harvested","no increase",NA,1
2019,"region_4","scomberomorus",31733.9,59269.13,5,"maximally harvested","no increase",NA,1
2020,"region_4","scomberomorus",72087.7,59269.13,5,"maximally harvested","no increase",NA,0.822180899099292
2021,"region_4","scomberomorus",76620.72,59269.13,5,"maximally harvested","no increase",NA,0.773539194097889
2022,"region_4","scomberomorus",76992.33,59269.13,5,"maximally harvested","no increase",NA,0.769805641678853
2023,"region_4","scomberomorus",65932,59269.13,5,"maximally harvested","no increase",NA,0.898943305223564
2024,"region_4","scomberomorus",98954.9,59269.13,5,"maximally harvested","no increase",NA,0.598950936234588
2018,"region_4","sphoeroides",8103.75,4197.8,5,"maximally harvested","no increase","Seems they might lump these Botetes into one species?",0.518007095480487
2019,"region_4","sphoeroides",3944.75,4197.8,5,"maximally harvested","no increase","Seems they might lump these Botetes into one species?",1
2020,"region_4","sphoeroides",2792.5,4197.8,5,"maximally harvested","no increase","Seems they might lump these Botetes into one species?",1
2021,"region_4","sphoeroides",4732,4197.8,5,"maximally harvested","no increase","Seems they might lump these Botetes into one species?",0.887109044801353
2022,"region_4","sphoeroides",1416,4197.8,5,"maximally harvested","no increase","Seems they might lump these Botetes into one species?",1
2023,"region_4","sphoeroides",3473,4197.8,5,"maximally harvested","no increase","Seems they might lump these Botetes into one species?",1
2024,"region_4","sphoeroides",3596.5,4197.8,5,"maximally harvested","no increase","Seems they might lump these Botetes into one species?",1
2018,"region_4","sphyrna",98523,204664.99,5,"maximally harvested","no increase",NA,1
2019,"region_4","sphyrna",189039.5,204664.99,5,"maximally harvested","no increase",NA,1
2020,"region_4","sphyrna",258776.3,204664.99,5,"maximally harvested","no increase",NA,0.790895418166192
2021,"region_4","sphyrna",316278.9,204664.99,5,"maximally harvested","no increase",NA,0.647102889253757
2022,"region_4","sphyrna",160707.25,204664.99,5,"maximally harvested","no increase",NA,1
2023,"region_4","sphyrna",458553,204664.99,5,"maximally harvested","no increase",NA,0.446327883581614
2024,"region_4","sphyrna",311547.5,204664.99,5,"maximally harvested","no increase",NA,0.656930291528579
2024,"region_4","strongylocentrotus",2300,NA,0,"unclear",NA,NA,NA
2018,"region_4","thunnus",23922,8590.6,5,"deteriorating","no increase","recovery phase",0.179554385084859
2019,"region_4","thunnus",9674,8590.6,5,"deteriorating","no increase","recovery phase",0.444004548273723
2020,"region_4","thunnus",4766,8590.6,5,"deteriorating","no increase","recovery phase",0.72260377622052
2021,"region_4","thunnus",4151,8590.6,5,"deteriorating","no increase","recovery phase",0.758398714874398
2022,"region_4","thunnus",440,8590.6,5,"deteriorating","no increase","recovery phase",0.9743906129956
2023,"region_4","thunnus",3399,8590.6,5,"deteriorating","no increase","recovery phase",0.802167485391009
2024,"region_4","thunnus",6104.3,8590.6,5,"deteriorating","no increase","recovery phase",0.644710497520546
2022,"region_4_5_6_sonora_tbd","argopecten",1800,1800,1,NA,NA,NA,NA
2023,"region_4_5_6_sonora_tbd","argopecten",500,1800,1,NA,NA,NA,NA
2022,"region_4_5_6_sonora_tbd","centropomus",242,242,1,NA,NA,NA,NA
2018,"region_4_5_6_sonora_tbd","cynoscion",36340,45148.75,4,NA,NA,NA,NA
2019,"region_4_5_6_sonora_tbd","cynoscion",1500,45148.75,4,NA,NA,NA,NA
2021,"region_4_5_6_sonora_tbd","cynoscion",140000,45148.75,4,NA,NA,NA,NA
2022,"region_4_5_6_sonora_tbd","cynoscion",2755,45148.75,4,NA,NA,NA,NA
2023,"region_4_5_6_sonora_tbd","cynoscion",182856,45148.75,4,NA,NA,NA,NA
2024,"region_4_5_6_sonora_tbd","cynoscion",40000,45148.75,4,NA,NA,NA,NA
2022,"region_4_5_6_sonora_tbd","dosinia",4000,4000,1,NA,NA,NA,NA
2023,"region_4_5_6_sonora_tbd","dosinia",300,4000,1,NA,NA,NA,NA
2024,"region_4_5_6_sonora_tbd","dosinia",60,4000,1,NA,NA,NA,NA
2019,"region_4_5_6_sonora_tbd","haliotis",16000,16000,1,NA,NA,NA,NA
2020,"region_4_5_6_sonora_tbd","isurus",13762.5,11568.75,2,NA,NA,NA,NA
2021,"region_4_5_6_sonora_tbd","isurus",9375,11568.75,2,NA,NA,NA,NA
2018,"region_4_5_6_sonora_tbd","lutjanus",21610,5691.475,4,NA,NA,NA,NA
2019,"region_4_5_6_sonora_tbd","lutjanus",566,5691.475,4,NA,NA,NA,NA
2020,"region_4_5_6_sonora_tbd","lutjanus",26.4,5691.475,4,NA,NA,NA,NA
2022,"region_4_5_6_sonora_tbd","lutjanus",563.5,5691.475,4,NA,NA,NA,NA
2023,"region_4_5_6_sonora_tbd","lutjanus",205,5691.475,4,NA,NA,NA,NA
2024,"region_4_5_6_sonora_tbd","lutjanus",370,5691.475,4,NA,NA,NA,NA
2022,"region_4_5_6_sonora_tbd","megapitaria",2250,2250,1,NA,NA,NA,NA
2024,"region_4_5_6_sonora_tbd","megapitaria",65,2250,1,NA,NA,NA,NA
2023,"region_4_5_6_sonora_tbd","mustelus",3088,NA,0,NA,NA,NA,NA
2024,"region_4_5_6_sonora_tbd","mustelus",1250,NA,0,NA,NA,NA,NA
2018,"region_4_5_6_sonora_tbd","panopea",29384,7976,4,NA,NA,NA,NA
2019,"region_4_5_6_sonora_tbd","panopea",2000,7976,4,NA,NA,NA,NA
2021,"region_4_5_6_sonora_tbd","panopea",180,7976,4,NA,NA,NA,NA
2022,"region_4_5_6_sonora_tbd","panopea",340,7976,4,NA,NA,NA,NA
2023,"region_4_5_6_sonora_tbd","panopea",6087,7976,4,NA,NA,NA,NA
2024,"region_4_5_6_sonora_tbd","panopea",60,7976,4,NA,NA,NA,NA
2018,"region_4_5_6_sonora_tbd","paralabrax",993,1183.45,4,NA,NA,NA,NA
2019,"region_4_5_6_sonora_tbd","paralabrax",2360.8,1183.45,4,NA,NA,NA,NA
2021,"region_4_5_6_sonora_tbd","paralabrax",200,1183.45,4,NA,NA,NA,NA
2022,"region_4_5_6_sonora_tbd","paralabrax",1180,1183.45,4,NA,NA,NA,NA
2023,"region_4_5_6_sonora_tbd","paralabrax",6448,1183.45,4,NA,NA,NA,NA
2024,"region_4_5_6_sonora_tbd","paralabrax",11650,1183.45,4,NA,NA,NA,NA
2020,"region_4_5_6_sonora_tbd","prionace",41693.75,29909.375,2,NA,NA,NA,NA
2021,"region_4_5_6_sonora_tbd","prionace",18125,29909.375,2,NA,NA,NA,NA
2018,"region_4_5_6_sonora_tbd","rhizoprionodon",35,611.25,2,NA,NA,NA,NA
2021,"region_4_5_6_sonora_tbd","rhizoprionodon",1187.5,611.25,2,NA,NA,NA,NA
2019,"region_4_5_6_sonora_tbd","scomberomorus",6000,64200,4,NA,NA,NA,NA
2020,"region_4_5_6_sonora_tbd","scomberomorus",2000,64200,4,NA,NA,NA,NA
2021,"region_4_5_6_sonora_tbd","scomberomorus",245000,64200,4,NA,NA,NA,NA
2022,"region_4_5_6_sonora_tbd","scomberomorus",3800,64200,4,NA,NA,NA,NA
2023,"region_4_5_6_sonora_tbd","scomberomorus",9200,64200,4,NA,NA,NA,NA
2024,"region_4_5_6_sonora_tbd","scomberomorus",23350,64200,4,NA,NA,NA,NA
2018,"region_4_5_6_sonora_tbd","sphoeroides",5400,5400,1,NA,NA,NA,NA
2018,"region_5","argopecten",580050,1630495.6,5,"unclear",NA,NA,NA
2019,"region_5","argopecten",393248,1630495.6,5,"unclear",NA,NA,NA
2020,"region_5","argopecten",380225,1630495.6,5,"unclear",NA,NA,NA
2021,"region_5","argopecten",2522164,1630495.6,5,"unclear",NA,NA,NA
2022,"region_5","argopecten",4276791,1630495.6,5,"unclear",NA,NA,NA
2023,"region_5","argopecten",170441,1630495.6,5,"unclear",NA,NA,NA
2024,"region_5","argopecten",272242,1630495.6,5,"unclear",NA,NA,NA
2022,"region_5","callinectes",2500,2500,1,"maximally harvested","no increase",NA,1
2023,"region_5","callinectes",2500,2500,1,"maximally harvested","no increase",NA,1
2020,"region_5","carcharhinus",5758.75,6290.41666666667,3,"maximally harvested","no increase",NA,1
2021,"region_5","carcharhinus",11812.5,6290.41666666667,3,"maximally harvested","no increase",NA,0.532522045855379
2022,"region_5","carcharhinus",1300,6290.41666666667,3,"maximally harvested","no increase",NA,1
2023,"region_5","carcharhinus",2090,6290.41666666667,3,"maximally harvested","no increase",NA,1
2024,"region_5","carcharhinus",206097.85,6290.41666666667,3,"maximally harvested","no increase",NA,0.0305215055211234
2024,"region_5","centropomus",2000,NA,0,"maximally harvested","no increase",NA,NA
2018,"region_5","chione",41963,113820.25,4,"maximally harvested","no increase","Sonora was undetermined, but decided to go with the value of surrounding regions",1
2019,"region_5","chione",3749,113820.25,4,"maximally harvested","no increase","Sonora was undetermined, but decided to go with the value of surrounding regions",1
2021,"region_5","chione",24430,113820.25,4,"maximally harvested","no increase","Sonora was undetermined, but decided to go with the value of surrounding regions",1
2022,"region_5","chione",385139,113820.25,4,"maximally harvested","no increase","Sonora was undetermined, but decided to go with the value of surrounding regions",0.295530315029119
2023,"region_5","chione",53631,113820.25,4,"maximally harvested","no increase","Sonora was undetermined, but decided to go with the value of surrounding regions",1
2018,"region_5","cynoscion",55620.2,106379.43,5,"maximally harvested","no increase",NA,1
2019,"region_5","cynoscion",53590.6,106379.43,5,"maximally harvested","no increase",NA,1
2020,"region_5","cynoscion",53871.3,106379.43,5,"maximally harvested","no increase",NA,1
2021,"region_5","cynoscion",240747.95,106379.43,5,"maximally harvested","no increase",NA,0.441870553830261
2022,"region_5","cynoscion",128067.1,106379.43,5,"maximally harvested","no increase",NA,0.830653852550733
2023,"region_5","cynoscion",227192,106379.43,5,"maximally harvested","no increase",NA,0.468235809359485
2024,"region_5","cynoscion",1122400.9,106379.43,5,"maximally harvested","no increase",NA,0.0947784610650259
2018,"region_5","dosinia",679972,446946.8,5,"maximally harvested","no increase","highly variable catch",0.657301771249404
2019,"region_5","dosinia",320555,446946.8,5,"maximally harvested","no increase","highly variable catch",1
2020,"region_5","dosinia",189012,446946.8,5,"maximally harvested","no increase","highly variable catch",1
2021,"region_5","dosinia",506946,446946.8,5,"maximally harvested","no increase","highly variable catch",0.881645776867753
2022,"region_5","dosinia",538249,446946.8,5,"maximally harvested","no increase","highly variable catch",0.830371816761387
2023,"region_5","dosinia",398445,446946.8,5,"maximally harvested","no increase","highly variable catch",1
2024,"region_5","dosinia",137190,446946.8,5,"maximally harvested","no increase","highly variable catch",1
2023,"region_5","hoplopagrus",86,NA,0,"maximally harvested","no increase",NA,NA
2024,"region_5","hoplopagrus",951,NA,0,"maximally harvested","no increase",NA,NA
2021,"region_5","isurus",128.75,128.75,1,"maximally harvested","no increase",NA,1
2023,"region_5","isurus",6000,128.75,1,"maximally harvested","no increase",NA,0.0214583333333333
2024,"region_5","isurus",5660,128.75,1,"maximally harvested","no increase",NA,0.0227473498233216
2018,"region_5","lutjanus",21373.9,25451.42,5,"maximally harvested","no increase",NA,1
2019,"region_5","lutjanus",24525.2,25451.42,5,"maximally harvested","no increase",NA,1
2020,"region_5","lutjanus",12603.6,25451.42,5,"maximally harvested","no increase",NA,1
2021,"region_5","lutjanus",33487.9,25451.42,5,"maximally harvested","no increase",NA,0.760018394703759
2022,"region_5","lutjanus",35266.5,25451.42,5,"maximally harvested","no increase",NA,0.721688287751833
2023,"region_5","lutjanus",73168,25451.42,5,"maximally harvested","no increase",NA,0.347849059698229
2024,"region_5","lutjanus",47183,25451.42,5,"maximally harvested","no increase",NA,0.53941928236865
2018,"region_5","megapitaria",4077,4185,5,"unclear",NA,"Within region variation in status, took most conservative",NA
2019,"region_5","megapitaria",450,4185,5,"unclear",NA,"Within region variation in status, took most conservative",NA
2020,"region_5","megapitaria",2024,4185,5,"unclear",NA,"Within region variation in status, took most conservative",NA
2021,"region_5","megapitaria",2474,4185,5,"unclear",NA,"Within region variation in status, took most conservative",NA
2022,"region_5","megapitaria",11900,4185,5,"unclear",NA,"Within region variation in status, took most conservative",NA
2023,"region_5","megapitaria",300,4185,5,"unclear",NA,"Within region variation in status, took most conservative",NA
2018,"region_5","mugil",3455,4708,5,"deteriorating","decrease",NA,0.633071367884452
2019,"region_5","mugil",5685,4708,5,"deteriorating","decrease",NA,0.414072119613017
2020,"region_5","mugil",300,4708,5,"deteriorating","decrease",NA,0.968139337298216
2021,"region_5","mugil",5200,4708,5,"deteriorating","decrease",NA,0.452692307692308
2022,"region_5","mugil",8900,4708,5,"deteriorating","decrease",NA,0.264494382022472
2023,"region_5","mugil",2767,4708,5,"deteriorating","decrease",NA,0.706138487680544
2018,"region_5","mustelus",5650,11976.5625,4,"maximally harvested","no increase",NA,1
2019,"region_5","mustelus",262.5,11976.5625,4,"maximally harvested","no increase",NA,1
2020,"region_5","mustelus",4235,11976.5625,4,"maximally harvested","no increase",NA,1
2022,"region_5","mustelus",37758.75,11976.5625,4,"maximally harvested","no increase",NA,0.317186413745158
2023,"region_5","mustelus",31031,11976.5625,4,"maximally harvested","no increase",NA,0.385954771035416
2024,"region_5","mustelus",183876.75,11976.5625,4,"maximally harvested","no increase",NA,0.0651336425078211
2023,"region_5","negaprion",748,NA,0,"maximally harvested","no increase",NA,NA
2018,"region_5","panopea",14659,29742.6,5,"maximally harvested","no increase","Only in Baja California",1
2019,"region_5","panopea",82003,29742.6,5,"maximally harvested","no increase","Only in Baja California",0.362701364584223
2020,"region_5","panopea",3120,29742.6,5,"maximally harvested","no increase","Only in Baja California",1
2021,"region_5","panopea",44495,29742.6,5,"maximally harvested","no increase","Only in Baja California",0.668448140240476
2022,"region_5","panopea",4436,29742.6,5,"maximally harvested","no increase","Only in Baja California",1
2023,"region_5","panopea",28607,29742.6,5,"maximally harvested","no increase","Only in Baja California",1
2024,"region_5","panopea",37673,29742.6,5,"maximally harvested","no increase","Only in Baja California",0.78949380192711
2018,"region_5","paralabrax",101216,95291.26,5,NA,NA,NA,NA
2019,"region_5","paralabrax",101302,95291.26,5,NA,NA,NA,NA
2020,"region_5","paralabrax",87538.6,95291.26,5,NA,NA,NA,NA
2021,"region_5","paralabrax",101995.6,95291.26,5,NA,NA,NA,NA
2022,"region_5","paralabrax",84404.1,95291.26,5,NA,NA,NA,NA
2023,"region_5","paralabrax",148031,95291.26,5,NA,NA,NA,NA
2024,"region_5","paralabrax",152601.5,95291.26,5,NA,NA,NA,NA
2024,"region_5","prionace",55873.75,NA,0,"maximally harvested","no increase",NA,NA
2018,"region_5","rhizoprionodon",921553.25,664893.42,5,"maximally harvested","no increase",NA,0.721492132983091
2019,"region_5","rhizoprionodon",870242.65,664893.42,5,"maximally harvested","no increase",NA,0.764032215612508
2020,"region_5","rhizoprionodon",623114.2,664893.42,5,"maximally harvested","no increase",NA,1
2021,"region_5","rhizoprionodon",464571.25,664893.42,5,"maximally harvested","no increase",NA,1
2022,"region_5","rhizoprionodon",444985.75,664893.42,5,"maximally harvested","no increase",NA,1
2023,"region_5","rhizoprionodon",5000,664893.42,5,"maximally harvested","no increase",NA,1
2024,"region_5","rhizoprionodon",16500,664893.42,5,"maximally harvested","no increase",NA,1
2018,"region_5","scomberomorus",156769,1059044.146,5,"maximally harvested","no increase",NA,1
2019,"region_5","scomberomorus",134570.1,1059044.146,5,"maximally harvested","no increase",NA,1
2020,"region_5","scomberomorus",39005,1059044.146,5,"maximally harvested","no increase",NA,1
2021,"region_5","scomberomorus",1292722,1059044.146,5,"maximally harvested","no increase",NA,0.819235803212137
2022,"region_5","scomberomorus",3672154.63,1059044.146,5,"maximally harvested","no increase",NA,0.288398570514445
2023,"region_5","scomberomorus",4515639,1059044.146,5,"maximally harvested","no increase",NA,0.234528080300485
2024,"region_5","scomberomorus",2452402.32,1059044.146,5,"maximally harvested","no increase",NA,0.431839481378406
2018,"region_5","sphoeroides",8026.25,5326.9,5,"maximally harvested","no increase","Seems they might lump these Botetes into one species?",0.663684784301511
2019,"region_5","sphoeroides",12013.75,5326.9,5,"maximally harvested","no increase","Seems they might lump these Botetes into one species?",0.443400270523359
2020,"region_5","sphoeroides",1790.5,5326.9,5,"maximally harvested","no increase","Seems they might lump these Botetes into one species?",1
2021,"region_5","sphoeroides",4625.8,5326.9,5,"maximally harvested","no increase","Seems they might lump these Botetes into one species?",1
2022,"region_5","sphoeroides",178.2,5326.9,5,"maximally harvested","no increase","Seems they might lump these Botetes into one species?",1
2023,"region_5","sphoeroides",2581,5326.9,5,"maximally harvested","no increase","Seems they might lump these Botetes into one species?",1
2024,"region_5","sphoeroides",6180,5326.9,5,"maximally harvested","no increase","Seems they might lump these Botetes into one species?",0.861957928802589
2019,"region_5","sphyrna",375,375,1,"maximally harvested","no increase",NA,1
2024,"region_5","sphyrna",6964,375,1,"maximally harvested","no increase",NA,0.0538483630097645
2018,"region_6","argopecten",19500,125924.75,4,"unclear",NA,NA,NA
2020,"region_6","argopecten",12212,125924.75,4,"unclear",NA,NA,NA
2021,"region_6","argopecten",115609,125924.75,4,"unclear",NA,NA,NA
2022,"region_6","argopecten",356378,125924.75,4,"unclear",NA,NA,NA
2023,"region_6","argopecten",6050,125924.75,4,"unclear",NA,NA,NA
2024,"region_6","argopecten",20797,125924.75,4,"unclear",NA,NA,NA
2023,"region_6","atrina",100,NA,0,"maximally harvested","no increase",NA,NA
2019,"region_6","callinectes",19400,13711.25,4,"maximally harvested","no increase",NA,0.706765463917526
2020,"region_6","callinectes",33600,13711.25,4,"maximally harvested","no increase",NA,0.408072916666667
2021,"region_6","callinectes",1780,13711.25,4,"maximally harvested","no increase",NA,1
2022,"region_6","callinectes",65,13711.25,4,"maximally harvested","no increase",NA,1
2023,"region_6","callinectes",300,13711.25,4,"maximally harvested","no increase",NA,1
2018,"region_6","carcharhinus",16240.3,41686.16,5,"maximally harvested","no increase",NA,1
2019,"region_6","carcharhinus",54957,41686.16,5,"maximally harvested","no increase",NA,0.758523209054352
2020,"region_6","carcharhinus",28037,41686.16,5,"maximally harvested","no increase",NA,1
2021,"region_6","carcharhinus",51709,41686.16,5,"maximally harvested","no increase",NA,0.806168365274904
2022,"region_6","carcharhinus",57487.5,41686.16,5,"maximally harvested","no increase",NA,0.725134333550772
2024,"region_6","carcharhinus",560,41686.16,5,"maximally harvested","no increase",NA,1
2019,"region_6","centropomus",26500,13750,2,"maximally harvested","no increase",NA,0.518867924528302
2021,"region_6","centropomus",1000,13750,2,"maximally harvested","no increase",NA,1
2023,"region_6","centropomus",550,13750,2,"maximally harvested","no increase",NA,1
2018,"region_6","chione",4202,6707.5,4,"maximally harvested","no increase","Sonora was undetermined, but decided to go with the value of surrounding regions",1
2019,"region_6","chione",4440,6707.5,4,"maximally harvested","no increase","Sonora was undetermined, but decided to go with the value of surrounding regions",1
2021,"region_6","chione",11768,6707.5,4,"maximally harvested","no increase","Sonora was undetermined, but decided to go with the value of surrounding regions",0.569977906186268
2022,"region_6","chione",6420,6707.5,4,"maximally harvested","no increase","Sonora was undetermined, but decided to go with the value of surrounding regions",1
2018,"region_6","cynoscion",141520.7,258691.68,5,"maximally harvested","no increase",NA,1
2019,"region_6","cynoscion",225780.2,258691.68,5,"maximally harvested","no increase",NA,1
2020,"region_6","cynoscion",314615.6,258691.68,5,"maximally harvested","no increase",NA,0.822246830735666
2021,"region_6","cynoscion",361776.2,258691.68,5,"maximally harvested","no increase",NA,0.715059973541654
2022,"region_6","cynoscion",249765.7,258691.68,5,"maximally harvested","no increase",NA,1
2023,"region_6","cynoscion",393632,258691.68,5,"maximally harvested","no increase",NA,0.657191691732379
2024,"region_6","cynoscion",517634.8,258691.68,5,"maximally harvested","no increase",NA,0.499757126066485
2018,"region_6","dosinia",8059,48056,5,"maximally harvested","no increase","highly variable catch",1
2019,"region_6","dosinia",18362,48056,5,"maximally harvested","no increase","highly variable catch",1
2020,"region_6","dosinia",8999,48056,5,"maximally harvested","no increase","highly variable catch",1
2021,"region_6","dosinia",86350,48056,5,"maximally harvested","no increase","highly variable catch",0.556525767226404
2022,"region_6","dosinia",118510,48056,5,"maximally harvested","no increase","highly variable catch",0.405501645430765
2023,"region_6","dosinia",18537,48056,5,"maximally harvested","no increase","highly variable catch",1
2024,"region_6","dosinia",8672,48056,5,"maximally harvested","no increase","highly variable catch",1
2020,"region_6","hoplopagrus",336.8,164.6,3,"maximally harvested","no increase",NA,0.488717339667458
2021,"region_6","hoplopagrus",77,164.6,3,"maximally harvested","no increase",NA,1
2022,"region_6","hoplopagrus",80,164.6,3,"maximally harvested","no increase",NA,1
2023,"region_6","hoplopagrus",291,164.6,3,"maximally harvested","no increase",NA,0.565635738831615
2024,"region_6","hoplopagrus",470.5,164.6,3,"maximally harvested","no increase",NA,0.349840595111583
2022,"region_6","isurus",995,995,1,"maximally harvested","no increase",NA,1
2018,"region_6","lutjanus",48945.7,133908.77,5,"maximally harvested","no increase",NA,1
2019,"region_6","lutjanus",71442.9,133908.77,5,"maximally harvested","no increase",NA,1
2020,"region_6","lutjanus",195506.2,133908.77,5,"maximally harvested","no increase",NA,0.684933623588408
2021,"region_6","lutjanus",214408,133908.77,5,"maximally harvested","no increase",NA,0.624551182791687
2022,"region_6","lutjanus",139241.05,133908.77,5,"maximally harvested","no increase",NA,1
2023,"region_6","lutjanus",126097,133908.77,5,"maximally harvested","no increase",NA,1
2024,"region_6","lutjanus",98881.051,133908.77,5,"maximally harvested","no increase",NA,1
2018,"region_6","megapitaria",16470,30968.6,5,"unclear",NA,"Within region variation in status, took most conservative",NA
2019,"region_6","megapitaria",15226,30968.6,5,"unclear",NA,"Within region variation in status, took most conservative",NA
2020,"region_6","megapitaria",16348,30968.6,5,"unclear",NA,"Within region variation in status, took most conservative",NA
2021,"region_6","megapitaria",47018,30968.6,5,"unclear",NA,"Within region variation in status, took most conservative",NA
2022,"region_6","megapitaria",59781,30968.6,5,"unclear",NA,"Within region variation in status, took most conservative",NA
2023,"region_6","megapitaria",28319,30968.6,5,"unclear",NA,"Within region variation in status, took most conservative",NA
2024,"region_6","megapitaria",10372,30968.6,5,"unclear",NA,"Within region variation in status, took most conservative",NA
2018,"region_6","mugil",50756,52924.4,5,"deteriorating","decrease",NA,0.5
2019,"region_6","mugil",62194,52924.4,5,"deteriorating","decrease",NA,0.425478341962247
2020,"region_6","mugil",50410,52924.4,5,"deteriorating","decrease",NA,0.5
2021,"region_6","mugil",46651,52924.4,5,"deteriorating","decrease",NA,0.559267559008699
2022,"region_6","mugil",54611,52924.4,5,"deteriorating","decrease",NA,0.5
2023,"region_6","mugil",3675,52924.4,5,"deteriorating","decrease",NA,0.965280664495016
2018,"region_6","mustelus",373750,331079.43,5,"maximally harvested","no increase",NA,0.88583125083612
2019,"region_6","mustelus",274241.15,331079.43,5,"maximally harvested","no increase",NA,1
2020,"region_6","mustelus",300207.5,331079.43,5,"maximally harvested","no increase",NA,1
2021,"region_6","mustelus",347341.5,331079.43,5,"maximally harvested","no increase",NA,1
2022,"region_6","mustelus",359857,331079.43,5,"maximally harvested","no increase",NA,1
2023,"region_6","mustelus",265614,331079.43,5,"maximally harvested","no increase",NA,1
2024,"region_6","mustelus",367840.5,331079.43,5,"maximally harvested","no increase",NA,0.900062472729349
2020,"region_6","negaprion",625,412.5,2,"maximally harvested","no increase",NA,0.66
2022,"region_6","negaprion",200,412.5,2,"maximally harvested","no increase",NA,1
2023,"region_6","negaprion",6003,412.5,2,"maximally harvested","no increase",NA,0.0687156421789105
2024,"region_6","negaprion",3712.5,412.5,2,"maximally harvested","no increase",NA,0.111111111111111
2020,"region_6","octopus",780,417.5,2,"maximally harvested","no increase",NA,0.53525641025641
2022,"region_6","octopus",55,417.5,2,"maximally harvested","no increase",NA,1
2018,"region_6","panopea",159513.2,183531.04,5,"maximally harvested","no increase","Only in Baja California",1
2019,"region_6","panopea",292894,183531.04,5,"maximally harvested","no increase","Only in Baja California",0.626612494622628
2020,"region_6","panopea",101169,183531.04,5,"maximally harvested","no increase","Only in Baja California",1
2021,"region_6","panopea",180381,183531.04,5,"maximally harvested","no increase","Only in Baja California",1
2022,"region_6","panopea",183698,183531.04,5,"maximally harvested","no increase","Only in Baja California",1
2023,"region_6","panopea",84533,183531.04,5,"maximally harvested","no increase","Only in Baja California",1
2024,"region_6","panopea",19864,183531.04,5,"maximally harvested","no increase","Only in Baja California",1
2018,"region_6","panulirus",23141,15042.2,5,"development potential","increase",NA,1
2019,"region_6","panulirus",18190,15042.2,5,"development potential","increase",NA,1
2020,"region_6","panulirus",11310,15042.2,5,"development potential","increase",NA,1
2021,"region_6","panulirus",7420,15042.2,5,"development potential","increase",NA,1
2022,"region_6","panulirus",15150,15042.2,5,"development potential","increase",NA,1
2023,"region_6","panulirus",18353,15042.2,5,"development potential","increase",NA,1
2024,"region_6","panulirus",23760,15042.2,5,"development potential","increase",NA,1
2018,"region_6","paralabrax",133996.3,534830.48,5,NA,NA,NA,NA
2019,"region_6","paralabrax",441095.5,534830.48,5,NA,NA,NA,NA
2020,"region_6","paralabrax",657887.9,534830.48,5,NA,NA,NA,NA
2021,"region_6","paralabrax",749640,534830.48,5,NA,NA,NA,NA
2022,"region_6","paralabrax",691532.7,534830.48,5,NA,NA,NA,NA
2023,"region_6","paralabrax",656290,534830.48,5,NA,NA,NA,NA
2024,"region_6","paralabrax",679687.1,534830.48,5,NA,NA,NA,NA
2022,"region_6","prionace",1000,1000,1,"maximally harvested","no increase",NA,1
2024,"region_6","prionace",9870,1000,1,"maximally harvested","no increase",NA,0.101317122593718
2018,"region_6","rhizoprionodon",110050.75,278637.63,5,"maximally harvested","no increase",NA,1
2019,"region_6","rhizoprionodon",227074.15,278637.63,5,"maximally harvested","no increase",NA,1
2020,"region_6","rhizoprionodon",290693.9,278637.63,5,"maximally harvested","no increase",NA,1
2021,"region_6","rhizoprionodon",431008.6,278637.63,5,"maximally harvested","no increase",NA,0.646478121318229
2022,"region_6","rhizoprionodon",334360.75,278637.63,5,"maximally harvested","no increase",NA,0.833344314486673
2018,"region_6","scomberomorus",410711,652489.92,5,"maximally harvested","no increase",NA,1
2019,"region_6","scomberomorus",736886,652489.92,5,"maximally harvested","no increase",NA,0.885469285615414
2020,"region_6","scomberomorus",913006.6,652489.92,5,"maximally harvested","no increase",NA,0.714660682628143
2021,"region_6","scomberomorus",684147,652489.92,5,"maximally harvested","no increase",NA,1
2022,"region_6","scomberomorus",517699,652489.92,5,"maximally harvested","no increase",NA,1
2023,"region_6","scomberomorus",550337,652489.92,5,"maximally harvested","no increase",NA,1
2024,"region_6","scomberomorus",536075,652489.92,5,"maximally harvested","no increase",NA,1
2018,"region_6","sphoeroides",16329.5,20493.55,5,"maximally harvested","no increase","Seems they might lump these Botetes into one species?",1
2019,"region_6","sphoeroides",17073.5,20493.55,5,"maximally harvested","no increase","Seems they might lump these Botetes into one species?",1
2020,"region_6","sphoeroides",31156.05,20493.55,5,"maximally harvested","no increase","Seems they might lump these Botetes into one species?",0.657771123104501
2021,"region_6","sphoeroides",24658.7,20493.55,5,"maximally harvested","no increase","Seems they might lump these Botetes into one species?",0.831088013561137
2022,"region_6","sphoeroides",13250,20493.55,5,"maximally harvested","no increase","Seems they might lump these Botetes into one species?",1
2023,"region_6","sphoeroides",13352,20493.55,5,"maximally harvested","no increase","Seems they might lump these Botetes into one species?",1
2024,"region_6","sphoeroides",6146,20493.55,5,"maximally harvested","no increase","Seems they might lump these Botetes into one species?",1
2024,"region_6","sphyrna",8104,NA,0,"maximally harvested","no increase",NA,NA
2019,"region_7","alopias",42125,68128.5,4,"maximally harvested","no increase",NA,1
2020,"region_7","alopias",56625,68128.5,4,"maximally harvested","no increase",NA,1
2021,"region_7","alopias",40625,68128.5,4,"maximally harvested","no increase",NA,1
2022,"region_7","alopias",133139,68128.5,4,"maximally harvested","no increase",NA,0.511709566693456
2023,"region_7","alopias",278008,68128.5,4,"maximally harvested","no increase",NA,0.2450594946908
2024,"region_7","alopias",251375,68128.5,4,"maximally harvested","no increase",NA,0.271023371456987
2018,"region_7","argopecten",823568,729401.4,5,"unclear",NA,NA,NA
2019,"region_7","argopecten",525018,729401.4,5,"unclear",NA,NA,NA
2020,"region_7","argopecten",322593,729401.4,5,"unclear",NA,NA,NA
2021,"region_7","argopecten",433021,729401.4,5,"unclear",NA,NA,NA
2022,"region_7","argopecten",1542807,729401.4,5,"unclear",NA,NA,NA
2023,"region_7","argopecten",131274,729401.4,5,"unclear",NA,NA,NA
2024,"region_7","argopecten",50581,729401.4,5,"unclear",NA,NA,NA
2018,"region_7","callinectes",450,14472.6,5,"maximally harvested","no increase",NA,1
2019,"region_7","callinectes",65747,14472.6,5,"maximally harvested","no increase",NA,0.220125633108735
2020,"region_7","callinectes",2983,14472.6,5,"maximally harvested","no increase",NA,1
2021,"region_7","callinectes",783,14472.6,5,"maximally harvested","no increase",NA,1
2022,"region_7","callinectes",2400,14472.6,5,"maximally harvested","no increase",NA,1
2023,"region_7","callinectes",20100,14472.6,5,"maximally harvested","no increase",NA,0.720029850746269
2018,"region_7","carcharhinus",19750,139525.2,5,"maximally harvested","no increase",NA,1
2019,"region_7","carcharhinus",55238,139525.2,5,"maximally harvested","no increase",NA,1
2020,"region_7","carcharhinus",210188,139525.2,5,"maximally harvested","no increase",NA,0.663811444992102
2021,"region_7","carcharhinus",79165,139525.2,5,"maximally harvested","no increase",NA,1
2022,"region_7","carcharhinus",333285,139525.2,5,"maximally harvested","no increase",NA,0.418636302263828
2023,"region_7","carcharhinus",154397,139525.2,5,"maximally harvested","no increase",NA,0.903678180275524
2024,"region_7","carcharhinus",117770,139525.2,5,"maximally harvested","no increase",NA,1
2018,"region_7","centropomus",6449,12083.68,5,"maximally harvested","no increase",NA,1
2019,"region_7","centropomus",9657,12083.68,5,"maximally harvested","no increase",NA,1
2020,"region_7","centropomus",11281.9,12083.68,5,"maximally harvested","no increase",NA,1
2021,"region_7","centropomus",8523,12083.68,5,"maximally harvested","no increase",NA,1
2022,"region_7","centropomus",24507.5,12083.68,5,"maximally harvested","no increase",NA,0.493060491686219
2023,"region_7","centropomus",10354,12083.68,5,"maximally harvested","no increase",NA,1
2024,"region_7","centropomus",9108.7,12083.68,5,"maximally harvested","no increase",NA,1
2018,"region_7","chione",34034,34537.25,4,"maximally harvested","no increase","Sonora was undetermined, but decided to go with the value of surrounding regions",1
2019,"region_7","chione",56330,34537.25,4,"maximally harvested","no increase","Sonora was undetermined, but decided to go with the value of surrounding regions",0.613123557606959
2020,"region_7","chione",27085,34537.25,4,"maximally harvested","no increase","Sonora was undetermined, but decided to go with the value of surrounding regions",1
2022,"region_7","chione",20700,34537.25,4,"maximally harvested","no increase","Sonora was undetermined, but decided to go with the value of surrounding regions",1
2023,"region_7","chione",243,34537.25,4,"maximally harvested","no increase","Sonora was undetermined, but decided to go with the value of surrounding regions",1
2018,"region_7","cynoscion",219955.8,296125.96,5,"maximally harvested","no increase",NA,1
2019,"region_7","cynoscion",155110.2,296125.96,5,"maximally harvested","no increase",NA,1
2020,"region_7","cynoscion",414168.6,296125.96,5,"maximally harvested","no increase",NA,0.714988919971239
2021,"region_7","cynoscion",402527.4,296125.96,5,"maximally harvested","no increase",NA,0.735666590646997
2022,"region_7","cynoscion",288867.8,296125.96,5,"maximally harvested","no increase",NA,1
2023,"region_7","cynoscion",226684,296125.96,5,"maximally harvested","no increase",NA,1
2024,"region_7","cynoscion",407812.3,296125.96,5,"maximally harvested","no increase",NA,0.726132978333415
2018,"region_7","dosinia",200129,140024.4,5,"maximally harvested","no increase","highly variable catch",0.699670712390508
2019,"region_7","dosinia",66037,140024.4,5,"maximally harvested","no increase","highly variable catch",1
2020,"region_7","dosinia",39234,140024.4,5,"maximally harvested","no increase","highly variable catch",1
2021,"region_7","dosinia",121011,140024.4,5,"maximally harvested","no increase","highly variable catch",1
2022,"region_7","dosinia",273711,140024.4,5,"maximally harvested","no increase","highly variable catch",0.511577539813891
2023,"region_7","dosinia",354461,140024.4,5,"maximally harvested","no increase","highly variable catch",0.395034714679471
2024,"region_7","dosinia",298409,140024.4,5,"maximally harvested","no increase","highly variable catch",0.469236517665352
2021,"region_7","haliotis",119,119,1,NA,NA,"specifically says to not increase fishing effort on the Pacific Coast, but will assume standard throughout Baja",NA
2018,"region_7","hoplopagrus",558,1774.88,5,"maximally harvested","no increase",NA,1
2019,"region_7","hoplopagrus",490,1774.88,5,"maximally harvested","no increase",NA,1
2020,"region_7","hoplopagrus",1830,1774.88,5,"maximally harvested","no increase",NA,1
2021,"region_7","hoplopagrus",1848,1774.88,5,"maximally harvested","no increase",NA,1
2022,"region_7","hoplopagrus",4148.4,1774.88,5,"maximally harvested","no increase",NA,0.427846880725099
2023,"region_7","hoplopagrus",3079,1774.88,5,"maximally harvested","no increase",NA,0.576446898343618
2024,"region_7","hoplopagrus",3344,1774.88,5,"maximally harvested","no increase",NA,0.530765550239234
2019,"region_7","isurus",625,94596.25,3,"maximally harvested","no increase",NA,1
2020,"region_7","isurus",881.25,94596.25,3,"maximally harvested","no increase",NA,1
2022,"region_7","isurus",282282.5,94596.25,3,"maximally harvested","no increase",NA,0.335111988876392
2018,"region_7","lutjanus",479723.9,448730.95,5,"maximally harvested","no increase",NA,1
2019,"region_7","lutjanus",514763.15,448730.95,5,"maximally harvested","no increase",NA,0.871723141021264
2020,"region_7","lutjanus",552144.95,448730.95,5,"maximally harvested","no increase",NA,0.812704979009588
2021,"region_7","lutjanus",406982.6,448730.95,5,"maximally harvested","no increase",NA,1
2022,"region_7","lutjanus",290040.15,448730.95,5,"maximally harvested","no increase",NA,1
2023,"region_7","lutjanus",296564,448730.95,5,"maximally harvested","no increase",NA,1
2024,"region_7","lutjanus",235602.55,448730.95,5,"maximally harvested","no increase",NA,1
2018,"region_7","megapitaria",48733,106016.2,5,"unclear",NA,"Within region variation in status, took most conservative",NA
2019,"region_7","megapitaria",96851,106016.2,5,"unclear",NA,"Within region variation in status, took most conservative",NA
2020,"region_7","megapitaria",129832,106016.2,5,"unclear",NA,"Within region variation in status, took most conservative",NA
2021,"region_7","megapitaria",138919,106016.2,5,"unclear",NA,"Within region variation in status, took most conservative",NA
2022,"region_7","megapitaria",115746,106016.2,5,"unclear",NA,"Within region variation in status, took most conservative",NA
2023,"region_7","megapitaria",94353,106016.2,5,"unclear",NA,"Within region variation in status, took most conservative",NA
2018,"region_7","mugil",79568,70676.4,5,"deteriorating","decrease",NA,0.444125779207722
2019,"region_7","mugil",67608,70676.4,5,"deteriorating","decrease",NA,0.5
2020,"region_7","mugil",56345,70676.4,5,"deteriorating","decrease",NA,0.601387450407774
2021,"region_7","mugil",59816,70676.4,5,"deteriorating","decrease",NA,0.576831870327295
2022,"region_7","mugil",90045,70676.4,5,"deteriorating","decrease",NA,0.392450441445944
2024,"region_7","mugil",1300,70676.4,5,"deteriorating","decrease",NA,0.99080315352791
2018,"region_7","mustelus",3842.2,22167.54,5,"maximally harvested","no increase",NA,1
2019,"region_7","mustelus",117.5,22167.54,5,"maximally harvested","no increase",NA,1
2020,"region_7","mustelus",3679.25,22167.54,5,"maximally harvested","no increase",NA,1
2021,"region_7","mustelus",50301.25,22167.54,5,"maximally harvested","no increase",NA,0.44069560895604
2022,"region_7","mustelus",52897.5,22167.54,5,"maximally harvested","no increase",NA,0.419065929391748
2023,"region_7","mustelus",69000,22167.54,5,"maximally harvested","no increase",NA,0.321268695652174
2024,"region_7","mustelus",173488.4,22167.54,5,"maximally harvested","no increase",NA,0.127775344057585
2019,"region_7","nasolamia",1875,1875,1,"maximally harvested","no increase",NA,1
2023,"region_7","negaprion",1071,NA,0,"maximally harvested","no increase",NA,NA
2018,"region_7","panopea",58349,119691.8,5,"maximally harvested","no increase","Only in Baja California",1
2019,"region_7","panopea",22734,119691.8,5,"maximally harvested","no increase","Only in Baja California",1
2020,"region_7","panopea",363887,119691.8,5,"maximally harvested","no increase","Only in Baja California",0.328925737935128
2021,"region_7","panopea",52684,119691.8,5,"maximally harvested","no increase","Only in Baja California",1
2022,"region_7","panopea",100805,119691.8,5,"maximally harvested","no increase","Only in Baja California",1
2023,"region_7","panopea",34648,119691.8,5,"maximally harvested","no increase","Only in Baja California",1
2024,"region_7","panopea",258169.15,119691.8,5,"maximally harvested","no increase","Only in Baja California",0.463617748286346
2018,"region_7","panulirus",15780,6106.2,5,"development potential","increase",NA,1
2019,"region_7","panulirus",4234,6106.2,5,"development potential","increase",NA,1
2020,"region_7","panulirus",2300,6106.2,5,"development potential","increase",NA,1
2021,"region_7","panulirus",3741,6106.2,5,"development potential","increase",NA,1
2022,"region_7","panulirus",4476,6106.2,5,"development potential","increase",NA,1
2023,"region_7","panulirus",4533,6106.2,5,"development potential","increase",NA,1
2024,"region_7","panulirus",5470,6106.2,5,"development potential","increase",NA,1
2018,"region_7","paralabrax",54594.4,66455.94,5,NA,NA,NA,NA
2019,"region_7","paralabrax",54592.6,66455.94,5,NA,NA,NA,NA
2020,"region_7","paralabrax",68130.2,66455.94,5,NA,NA,NA,NA
2021,"region_7","paralabrax",80846.9,66455.94,5,NA,NA,NA,NA
2022,"region_7","paralabrax",74115.6,66455.94,5,NA,NA,NA,NA
2023,"region_7","paralabrax",44401,66455.94,5,NA,NA,NA,NA
2024,"region_7","paralabrax",73418.8,66455.94,5,NA,NA,NA,NA
2022,"region_7","prionace",2500,2500,1,"maximally harvested","no increase",NA,1
2023,"region_7","prionace",12830,2500,1,"maximally harvested","no increase",NA,0.19485580670304
2024,"region_7","prionace",73120,2500,1,"maximally harvested","no increase",NA,0.0341903719912473
2018,"region_7","rhizoprionodon",55058.35,126361.45,5,"maximally harvested","no increase",NA,1
2019,"region_7","rhizoprionodon",99961.5,126361.45,5,"maximally harvested","no increase",NA,1
2020,"region_7","rhizoprionodon",196288.9,126361.45,5,"maximally harvested","no increase",NA,0.643752397613925
2021,"region_7","rhizoprionodon",155896,126361.45,5,"maximally harvested","no increase",NA,0.81054966131267
2022,"region_7","rhizoprionodon",124602.5,126361.45,5,"maximally harvested","no increase",NA,1
2018,"region_7","scomberomorus",939651,837115.758,5,"maximally harvested","no increase",NA,0.89087944140963
2019,"region_7","scomberomorus",852219.9,837115.758,5,"maximally harvested","no increase",NA,1
2020,"region_7","scomberomorus",764243.3,837115.758,5,"maximally harvested","no increase",NA,1
2021,"region_7","scomberomorus",858756.09,837115.758,5,"maximally harvested","no increase",NA,1
2022,"region_7","scomberomorus",770708.5,837115.758,5,"maximally harvested","no increase",NA,1
2023,"region_7","scomberomorus",630927,837115.758,5,"maximally harvested","no increase",NA,1
2024,"region_7","scomberomorus",641536,837115.758,5,"maximally harvested","no increase",NA,1
2018,"region_7","sphoeroides",29495.5,49155.19,5,"maximally harvested","no increase","Seems they might lump these Botetes into one species?",1
2019,"region_7","sphoeroides",75964.5,49155.19,5,"maximally harvested","no increase","Seems they might lump these Botetes into one species?",0.647081070763317
2020,"region_7","sphoeroides",66739,49155.19,5,"maximally harvested","no increase","Seems they might lump these Botetes into one species?",0.736528716342768
2021,"region_7","sphoeroides",29246.85,49155.19,5,"maximally harvested","no increase","Seems they might lump these Botetes into one species?",1
2022,"region_7","sphoeroides",44330.1,49155.19,5,"maximally harvested","no increase","Seems they might lump these Botetes into one species?",1
2023,"region_7","sphoeroides",22208,49155.19,5,"maximally harvested","no increase","Seems they might lump these Botetes into one species?",1
2024,"region_7","sphoeroides",16493,49155.19,5,"maximally harvested","no increase","Seems they might lump these Botetes into one species?",1
2019,"region_7","sphyrna",67625,64799.75,4,"maximally harvested","no increase",NA,1
2020,"region_7","sphyrna",85750,64799.75,4,"maximally harvested","no increase",NA,0.75568221574344
2021,"region_7","sphyrna",51474,64799.75,4,"maximally harvested","no increase",NA,1
2022,"region_7","sphyrna",54350,64799.75,4,"maximally harvested","no increase",NA,1
2023,"region_7","thunnus",50,NA,0,"deteriorating","no increase","recovery phase",NA
2018,"region_8","alopias",559732.7,699602.43,5,"maximally harvested","no increase",NA,1
2019,"region_8","alopias",615847.85,699602.43,5,"maximally harvested","no increase",NA,1
2020,"region_8","alopias",888356.55,699602.43,5,"maximally harvested","no increase",NA,0.787524367327511
2021,"region_8","alopias",632650.5,699602.43,5,"maximally harvested","no increase",NA,1
2022,"region_8","alopias",801424.55,699602.43,5,"maximally harvested","no increase",NA,0.872948588859675
2023,"region_8","alopias",1329739,699602.43,5,"maximally harvested","no increase",NA,0.526120110788659
2024,"region_8","alopias",608579.7,699602.43,5,"maximally harvested","no increase",NA,1
2021,"region_8","argopecten",4662,7856,2,NA,NA,NA,NA
2022,"region_8","argopecten",11050,7856,2,NA,NA,NA,NA
2021,"region_8","atrina",600,600,1,NA,NA,NA,NA
2018,"region_8","callinectes",1070247,1711693.8,5,"maximally harvested","no increase",NA,1
2019,"region_8","callinectes",1317623,1711693.8,5,"maximally harvested","no increase",NA,1
2020,"region_8","callinectes",1575350,1711693.8,5,"maximally harvested","no increase",NA,1
2021,"region_8","callinectes",2258524,1711693.8,5,"maximally harvested","no increase",NA,0.757881607634012
2022,"region_8","callinectes",2336725,1711693.8,5,"maximally harvested","no increase",NA,0.732518289486354
2023,"region_8","callinectes",3667901,1711693.8,5,"maximally harvested","no increase",NA,0.466668484236625
2018,"region_8","carcharhinus",380599.15,1426748.03,5,"maximally harvested","no increase",NA,1
2019,"region_8","carcharhinus",623853.8,1426748.03,5,"maximally harvested","no increase",NA,1
2020,"region_8","carcharhinus",2315411.35,1426748.03,5,"maximally harvested","no increase",NA,0.616196353187955
2021,"region_8","carcharhinus",2526067.4,1426748.03,5,"maximally harvested","no increase",NA,0.56480996112772
2022,"region_8","carcharhinus",1287808.45,1426748.03,5,"maximally harvested","no increase",NA,1
2023,"region_8","carcharhinus",2189769,1426748.03,5,"maximally harvested","no increase",NA,0.651551844052957
2024,"region_8","carcharhinus",6547190.15,1426748.03,5,"maximally harvested","no increase",NA,0.21791761004528
2018,"region_8","centropomus",458305.148,541970.8578,5,"maximally harvested","no increase",NA,1
2019,"region_8","centropomus",645290.771,541970.8578,5,"maximally harvested","no increase",NA,0.839886268573334
2020,"region_8","centropomus",498500.1,541970.8578,5,"maximally harvested","no increase",NA,1
2021,"region_8","centropomus",486555.48,541970.8578,5,"maximally harvested","no increase",NA,1
2022,"region_8","centropomus",621202.79,541970.8578,5,"maximally harvested","no increase",NA,0.872453998154129
2023,"region_8","centropomus",582696,541970.8578,5,"maximally harvested","no increase",NA,1
2024,"region_8","centropomus",850850.463,541970.8578,5,"maximally harvested","no increase",NA,0.636975451466611
2018,"region_8","chione",384135,141493.75,4,"maximally harvested","no increase","Sonora was undetermined, but decided to go with the value of surrounding regions",0.368343811420464
2019,"region_8","chione",164090,141493.75,4,"maximally harvested","no increase","Sonora was undetermined, but decided to go with the value of surrounding regions",0.862293558413066
2021,"region_8","chione",7000,141493.75,4,"maximally harvested","no increase","Sonora was undetermined, but decided to go with the value of surrounding regions",1
2022,"region_8","chione",10750,141493.75,4,"maximally harvested","no increase","Sonora was undetermined, but decided to go with the value of surrounding regions",1
2023,"region_8","chione",1350,141493.75,4,"maximally harvested","no increase","Sonora was undetermined, but decided to go with the value of surrounding regions",1
2018,"region_8","cynoscion",1324805.805,1706888.0632,5,NA,NA,NA,NA
2019,"region_8","cynoscion",1646715.27,1706888.0632,5,NA,NA,NA,NA
2020,"region_8","cynoscion",1512858.791,1706888.0632,5,NA,NA,NA,NA
2021,"region_8","cynoscion",2270779.7,1706888.0632,5,NA,NA,NA,NA
2022,"region_8","cynoscion",1779280.75,1706888.0632,5,NA,NA,NA,NA
2023,"region_8","cynoscion",2376399,1706888.0632,5,NA,NA,NA,NA
2024,"region_8","cynoscion",3170729.452,1706888.0632,5,NA,NA,NA,NA
2018,"region_8","dosinia",354699,597173.8,5,"unclear",NA,"capture records are recent in this area, no pattern available",NA
2019,"region_8","dosinia",524193,597173.8,5,"unclear",NA,"capture records are recent in this area, no pattern available",NA
2020,"region_8","dosinia",910199,597173.8,5,"unclear",NA,"capture records are recent in this area, no pattern available",NA
2021,"region_8","dosinia",591350,597173.8,5,"unclear",NA,"capture records are recent in this area, no pattern available",NA
2022,"region_8","dosinia",605428,597173.8,5,"unclear",NA,"capture records are recent in this area, no pattern available",NA
2023,"region_8","dosinia",568760,597173.8,5,"unclear",NA,"capture records are recent in this area, no pattern available",NA
2024,"region_8","dosinia",967135,597173.8,5,"unclear",NA,"capture records are recent in this area, no pattern available",NA
2018,"region_8","galeocerdo",45,70,2,"maximally harvested","no increase",NA,1
2019,"region_8","galeocerdo",95,70,2,"maximally harvested","no increase",NA,0.736842105263158
2023,"region_8","galeocerdo",550,70,2,"maximally harvested","no increase",NA,0.127272727272727
2024,"region_8","galeocerdo",29381.25,70,2,"maximally harvested","no increase",NA,0.00238247181450755
2020,"region_8","galeorhinus",1917.5,1917.5,1,"maximally harvested","no increase",NA,1
2020,"region_8","haliotis",2525,1327.5,2,NA,NA,"specifically says to not increase fishing effort on the Pacific Coast, but will assume standard throughout Baja",NA
2022,"region_8","haliotis",130,1327.5,2,NA,NA,"specifically says to not increase fishing effort on the Pacific Coast, but will assume standard throughout Baja",NA
2018,"region_8","hoplopagrus",13597.5,18845.66,5,"maximally harvested","no increase",NA,1
2019,"region_8","hoplopagrus",17390.6,18845.66,5,"maximally harvested","no increase",NA,1
2020,"region_8","hoplopagrus",19230.3,18845.66,5,"maximally harvested","no increase",NA,1
2021,"region_8","hoplopagrus",18684.4,18845.66,5,"maximally harvested","no increase",NA,1
2022,"region_8","hoplopagrus",25325.5,18845.66,5,"maximally harvested","no increase",NA,0.744137726797102
2023,"region_8","hoplopagrus",20961,18845.66,5,"maximally harvested","no increase",NA,0.899082104861409
2024,"region_8","hoplopagrus",28856.75,18845.66,5,"maximally harvested","no increase",NA,0.653076316633023
2018,"region_8","isurus",205363.35,453060.08,5,"maximally harvested","no increase",NA,1
2019,"region_8","isurus",502345.6,453060.08,5,"maximally harvested","no increase",NA,0.901889217303784
2020,"region_8","isurus",521777.15,453060.08,5,"maximally harvested","no increase",NA,0.868301879451793
2021,"region_8","isurus",589426.95,453060.08,5,"maximally harvested","no increase",NA,0.768645003422392
2022,"region_8","isurus",446387.35,453060.08,5,"maximally harvested","no increase",NA,1
2023,"region_8","isurus",719786,453060.08,5,"maximally harvested","no increase",NA,0.629437193832611
2024,"region_8","isurus",747663.125,453060.08,5,"maximally harvested","no increase",NA,0.605968202591241
2018,"region_8","lutjanus",2417988.62,2143371.4786,5,"maximally harvested","no increase",NA,0.886427446709819
2019,"region_8","lutjanus",2654454.003,2143371.4786,5,"maximally harvested","no increase",NA,0.807462278938574
2020,"region_8","lutjanus",2072990.22,2143371.4786,5,"maximally harvested","no increase",NA,1
2021,"region_8","lutjanus",1918291.25,2143371.4786,5,"maximally harvested","no increase",NA,1
2022,"region_8","lutjanus",1653133.3,2143371.4786,5,"maximally harvested","no increase",NA,1
2023,"region_8","lutjanus",1933857,2143371.4786,5,"maximally harvested","no increase",NA,1
2024,"region_8","lutjanus",2370483.2135,2143371.4786,5,"maximally harvested","no increase",NA,0.904191797855142
2018,"region_8","macrobrachium",850,465,2,"maximally harvested","no increase",NA,0.547058823529412
2019,"region_8","macrobrachium",80,465,2,"maximally harvested","no increase",NA,1
2019,"region_8","megapitaria",4640,181366.5,4,"maximally harvested","no increase","Within region variation in status, took most conservative",1
2020,"region_8","megapitaria",40858,181366.5,4,"maximally harvested","no increase","Within region variation in status, took most conservative",1
2021,"region_8","megapitaria",134392,181366.5,4,"maximally harvested","no increase","Within region variation in status, took most conservative",1
2022,"region_8","megapitaria",545576,181366.5,4,"maximally harvested","no increase","Within region variation in status, took most conservative",0.332431228646421
2023,"region_8","megapitaria",330308,181366.5,4,"maximally harvested","no increase","Within region variation in status, took most conservative",0.549082977100161
2024,"region_8","megapitaria",29481,181366.5,4,"maximally harvested","no increase","Within region variation in status, took most conservative",1
2018,"region_8","mugil",3031910.3,2304039.486,5,"maximally harvested","no increase",NA,0.759929964286872
2019,"region_8","mugil",3235176.83,2304039.486,5,"maximally harvested","no increase",NA,0.712183477772991
2020,"region_8","mugil",2067394,2304039.486,5,"maximally harvested","no increase",NA,1
2021,"region_8","mugil",1288051,2304039.486,5,"maximally harvested","no increase",NA,1
2022,"region_8","mugil",1897665.3,2304039.486,5,"maximally harvested","no increase",NA,1
2023,"region_8","mugil",277157,2304039.486,5,"maximally harvested","no increase",NA,1
2024,"region_8","mugil",265404.5,2304039.486,5,"maximally harvested","no increase",NA,1
2018,"region_8","mustelus",200,3639.875,4,"maximally harvested","no increase",NA,1
2020,"region_8","mustelus",7042,3639.875,4,"maximally harvested","no increase",NA,0.516880857710878
2021,"region_8","mustelus",4392.5,3639.875,4,"maximally harvested","no increase",NA,0.828656801365965
2022,"region_8","mustelus",2925,3639.875,4,"maximally harvested","no increase",NA,1
2023,"region_8","mustelus",7408,3639.875,4,"maximally harvested","no increase",NA,0.4913438174946
2024,"region_8","mustelus",12000,3639.875,4,"maximally harvested","no increase",NA,0.303322916666667
2021,"region_8","nasolamia",7000,7000,1,"maximally harvested","no increase",NA,1
2024,"region_8","nasolamia",11000,7000,1,"maximally harvested","no increase",NA,0.636363636363636
2018,"region_8","negaprion",5766.25,9162.39,5,"maximally harvested","no increase",NA,1
2019,"region_8","negaprion",8250,9162.39,5,"maximally harvested","no increase",NA,1
2020,"region_8","negaprion",9028.75,9162.39,5,"maximally harvested","no increase",NA,1
2021,"region_8","negaprion",9493.75,9162.39,5,"maximally harvested","no increase",NA,1
2022,"region_8","negaprion",13273.2,9162.39,5,"maximally harvested","no increase",NA,0.690292469035349
2023,"region_8","negaprion",5920,9162.39,5,"maximally harvested","no increase",NA,1
2024,"region_8","negaprion",69906.6,9162.39,5,"maximally harvested","no increase",NA,0.13106616542644
2018,"region_8","panopea",1840,950,3,NA,NA,"Only in Baja California",NA
2021,"region_8","panopea",300,950,3,NA,NA,"Only in Baja California",NA
2022,"region_8","panopea",710,950,3,NA,NA,"Only in Baja California",NA
2018,"region_8","panulirus",17460,23208.44,5,"maximally harvested","no increase",NA,1
2019,"region_8","panulirus",28124.9,23208.44,5,"maximally harvested","no increase",NA,0.825191911793464
2020,"region_8","panulirus",22908.3,23208.44,5,"maximally harvested","no increase",NA,1
2021,"region_8","panulirus",16431,23208.44,5,"maximally harvested","no increase",NA,1
2022,"region_8","panulirus",31118,23208.44,5,"maximally harvested","no increase",NA,0.745820425477216
2023,"region_8","panulirus",20660,23208.44,5,"maximally harvested","no increase",NA,1
2024,"region_8","panulirus",19395.3,23208.44,5,"maximally harvested","no increase",NA,1
2018,"region_8","paralabrax",3165,8750.28,5,NA,NA,NA,NA
2019,"region_8","paralabrax",2448,8750.28,5,NA,NA,NA,NA
2020,"region_8","paralabrax",3101.4,8750.28,5,NA,NA,NA,NA
2021,"region_8","paralabrax",5352,8750.28,5,NA,NA,NA,NA
2022,"region_8","paralabrax",29685,8750.28,5,NA,NA,NA,NA
2023,"region_8","paralabrax",132005,8750.28,5,NA,NA,NA,NA
2024,"region_8","paralabrax",74336.5,8750.28,5,NA,NA,NA,NA
2018,"region_8","prionace",864938.7,1041716.97,5,"maximally harvested","no increase",NA,1
2019,"region_8","prionace",1037388.5,1041716.97,5,"maximally harvested","no increase",NA,1
2020,"region_8","prionace",872302.55,1041716.97,5,"maximally harvested","no increase",NA,1
2021,"region_8","prionace",784193.95,1041716.97,5,"maximally harvested","no increase",NA,1
2022,"region_8","prionace",1649761.15,1041716.97,5,"maximally harvested","no increase",NA,0.631435023185023
2023,"region_8","prionace",1776518,1041716.97,5,"maximally harvested","no increase",NA,0.586381320087947
2024,"region_8","prionace",3251798.25,1041716.97,5,"maximally harvested","no increase",NA,0.320351045763679
2018,"region_8","rhizoprionodon",1022008.55,1148619.59,5,"maximally harvested","no increase",NA,1
2019,"region_8","rhizoprionodon",1389825,1148619.59,5,"maximally harvested","no increase",NA,0.826449078121346
2020,"region_8","rhizoprionodon",1143587.9,1148619.59,5,"maximally harvested","no increase",NA,1
2021,"region_8","rhizoprionodon",1047296.1,1148619.59,5,"maximally harvested","no increase",NA,1
2022,"region_8","rhizoprionodon",1140380.4,1148619.59,5,"maximally harvested","no increase",NA,1
2023,"region_8","rhizoprionodon",1262,1148619.59,5,"maximally harvested","no increase",NA,1
2024,"region_8","rhizoprionodon",15775,1148619.59,5,"maximally harvested","no increase",NA,1
2018,"region_8","scomberomorus",1985939,2469620.8142,5,"maximally harvested","no increase",NA,1
2019,"region_8","scomberomorus",2456117.611,2469620.8142,5,"maximally harvested","no increase",NA,1
2020,"region_8","scomberomorus",2759869.61,2469620.8142,5,"maximally harvested","no increase",NA,0.894832424420225
2021,"region_8","scomberomorus",2726523.12,2469620.8142,5,"maximally harvested","no increase",NA,0.905776590003755
2022,"region_8","scomberomorus",2419654.73,2469620.8142,5,"maximally harvested","no increase",NA,1
2023,"region_8","scomberomorus",2630919,2469620.8142,5,"maximally harvested","no increase",NA,1
2024,"region_8","scomberomorus",3777063.08,2469620.8142,5,"maximally harvested","no increase",NA,0.653846854524865
2018,"region_8","sphoeroides",678893.15,653127.89,5,"maximally harvested","no increase","Seems they might lump these Botetes into one species?",1
2019,"region_8","sphoeroides",895002.9,653127.89,5,"maximally harvested","no increase","Seems they might lump these Botetes into one species?",0.729749467850886
2020,"region_8","sphoeroides",533072.6,653127.89,5,"maximally harvested","no increase","Seems they might lump these Botetes into one species?",1
2021,"region_8","sphoeroides",397287.7,653127.89,5,"maximally harvested","no increase","Seems they might lump these Botetes into one species?",1
2022,"region_8","sphoeroides",761383.1,653127.89,5,"maximally harvested","no increase","Seems they might lump these Botetes into one species?",0.85781768731142
2023,"region_8","sphoeroides",906717,653127.89,5,"maximally harvested","no increase","Seems they might lump these Botetes into one species?",0.720321654937538
2024,"region_8","sphoeroides",913196.455,653127.89,5,"maximally harvested","no increase","Seems they might lump these Botetes into one species?",0.71521071552999
2018,"region_8","sphyrna",95401.7,424111.75,5,"maximally harvested","no increase",NA,1
2019,"region_8","sphyrna",193970.1,424111.75,5,"maximally harvested","no increase",NA,1
2020,"region_8","sphyrna",783505.85,424111.75,5,"maximally harvested","no increase",NA,0.541300042622528
2021,"region_8","sphyrna",844968.85,424111.75,5,"maximally harvested","no increase",NA,0.50192589939854
2022,"region_8","sphyrna",202712.25,424111.75,5,"maximally harvested","no increase",NA,1
2023,"region_8","sphyrna",20554,424111.75,5,"maximally harvested","no increase",NA,1
2024,"region_8","sphyrna",219254.8,424111.75,5,"maximally harvested","no increase",NA,1
2018,"region_8","thunnus",68785476.1,77016762.172,5,"deteriorating","no increase","recovery phase",0.553438276550871
2019,"region_8","thunnus",73697386.52,77016762.172,5,"deteriorating","no increase","recovery phase",0.5
2020,"region_8","thunnus",77156869.14,77016762.172,5,"deteriorating","no increase","recovery phase",0.5
2021,"region_8","thunnus",77761004.9,77016762.172,5,"deteriorating","no increase","recovery phase",0.5
2022,"region_8","thunnus",87683074.2,77016762.172,5,"deteriorating","no increase","recovery phase",0.439176904292436
2023,"region_8","thunnus",101386659,77016762.172,5,"deteriorating","no increase","recovery phase",0.379817043640821
2024,"region_8","thunnus",114903068.99,77016762.172,5,"deteriorating","no increase","recovery phase",0.335137968241313
2018,"region_9","alopias",571070.7,212022.02,5,"maximally harvested","no increase",NA,0.371271052778579
2019,"region_9","alopias",194353.45,212022.02,5,"maximally harvested","no increase",NA,1
2020,"region_9","alopias",173868.45,212022.02,5,"maximally harvested","no increase",NA,1
2021,"region_9","alopias",61289.95,212022.02,5,"maximally harvested","no increase",NA,1
2022,"region_9","alopias",59527.55,212022.02,5,"maximally harvested","no increase",NA,1
2023,"region_9","alopias",39948,212022.02,5,"maximally harvested","no increase",NA,1
2024,"region_9","alopias",34158.45,212022.02,5,"maximally harvested","no increase",NA,1
2018,"region_9","carcharhinus",2889108.3,1264737.26,5,"maximally harvested","no increase",NA,0.437760419019252
2019,"region_9","carcharhinus",1897259.05,1264737.26,5,"maximally harvested","no increase",NA,0.666612848677675
2020,"region_9","carcharhinus",669619.45,1264737.26,5,"maximally harvested","no increase",NA,1
2021,"region_9","carcharhinus",431361.75,1264737.26,5,"maximally harvested","no increase",NA,1
2022,"region_9","carcharhinus",436337.75,1264737.26,5,"maximally harvested","no increase",NA,1
2023,"region_9","carcharhinus",466165,1264737.26,5,"maximally harvested","no increase",NA,1
2024,"region_9","carcharhinus",310309.05,1264737.26,5,"maximally harvested","no increase",NA,1
2018,"region_9","centropomus",1195179.36,822361.412,5,"maximally harvested","no increase",NA,0.68806527247927
2019,"region_9","centropomus",792825.65,822361.412,5,"maximally harvested","no increase",NA,1
2020,"region_9","centropomus",647290.9,822361.412,5,"maximally harvested","no increase",NA,1
2021,"region_9","centropomus",870226.1,822361.412,5,"maximally harvested","no increase",NA,1
2022,"region_9","centropomus",606285.05,822361.412,5,"maximally harvested","no increase",NA,1
2023,"region_9","centropomus",518843,822361.412,5,"maximally harvested","no increase",NA,1
2024,"region_9","centropomus",693030.75,822361.412,5,"maximally harvested","no increase",NA,1
2018,"region_9","cynoscion",1008650.5,693537.36,5,NA,NA,NA,NA
2019,"region_9","cynoscion",846680.15,693537.36,5,NA,NA,NA,NA
2020,"region_9","cynoscion",474268.25,693537.36,5,NA,NA,NA,NA
2021,"region_9","cynoscion",613087,693537.36,5,NA,NA,NA,NA
2022,"region_9","cynoscion",525000.9,693537.36,5,NA,NA,NA,NA
2023,"region_9","cynoscion",429623,693537.36,5,NA,NA,NA,NA
2024,"region_9","cynoscion",507879.15,693537.36,5,NA,NA,NA,NA
2019,"region_9","galeocerdo",500,1709.9,3,"maximally harvested","no increase",NA,1
2020,"region_9","galeocerdo",1115.4,1709.9,3,"maximally harvested","no increase",NA,1
2022,"region_9","galeocerdo",3514.3,1709.9,3,"maximally harvested","no increase",NA,0.486554932703526
2023,"region_9","galeocerdo",6000,1709.9,3,"maximally harvested","no increase",NA,0.284983333333333
2024,"region_9","galeocerdo",15850,1709.9,3,"maximally harvested","no increase",NA,0.107880126182965
2023,"region_9","galeorhinus",3250,NA,0,"maximally harvested","no increase",NA,NA
2018,"region_9","hoplopagrus",101429.2,61744.9,5,"maximally harvested","no increase",NA,0.608748762683724
2019,"region_9","hoplopagrus",79341.2,61744.9,5,"maximally harvested","no increase",NA,0.778219890800744
2020,"region_9","hoplopagrus",44906.6,61744.9,5,"maximally harvested","no increase",NA,1
2021,"region_9","hoplopagrus",43164.8,61744.9,5,"maximally harvested","no increase",NA,1
2022,"region_9","hoplopagrus",39882.7,61744.9,5,"maximally harvested","no increase",NA,1
2023,"region_9","hoplopagrus",42388,61744.9,5,"maximally harvested","no increase",NA,1
2024,"region_9","hoplopagrus",41917.4,61744.9,5,"maximally harvested","no increase",NA,1
2018,"region_9","isurus",13060,12140.9,5,"maximally harvested","no increase",NA,1
2019,"region_9","isurus",37825,12140.9,5,"maximally harvested","no increase",NA,0.32097554527429
2020,"region_9","isurus",3150.4,12140.9,5,"maximally harvested","no increase",NA,1
2021,"region_9","isurus",2465,12140.9,5,"maximally harvested","no increase",NA,1
2022,"region_9","isurus",4204.1,12140.9,5,"maximally harvested","no increase",NA,1
2023,"region_9","isurus",1694,12140.9,5,"maximally harvested","no increase",NA,1
2024,"region_9","isurus",1455,12140.9,5,"maximally harvested","no increase",NA,1
2018,"region_9","lutjanus",3427713.55,1946506.93,5,"maximally harvested","no increase",NA,0.567873278092331
2019,"region_9","lutjanus",2710725.15,1946506.93,5,"maximally harvested","no increase",NA,0.718076094878155
2020,"region_9","lutjanus",1508459.1,1946506.93,5,"maximally harvested","no increase",NA,1
2021,"region_9","lutjanus",1029503.85,1946506.93,5,"maximally harvested","no increase",NA,1
2022,"region_9","lutjanus",1056133,1946506.93,5,"maximally harvested","no increase",NA,1
2023,"region_9","lutjanus",961178,1946506.93,5,"maximally harvested","no increase",NA,1
2024,"region_9","lutjanus",1080695.23,1946506.93,5,"maximally harvested","no increase",NA,1
2018,"region_9","macrobrachium",149408,106623.4,5,"unclear",NA,NA,NA
2019,"region_9","macrobrachium",55135,106623.4,5,"unclear",NA,NA,NA
2020,"region_9","macrobrachium",121984,106623.4,5,"unclear",NA,NA,NA
2021,"region_9","macrobrachium",178990,106623.4,5,"unclear",NA,NA,NA
2022,"region_9","macrobrachium",27600,106623.4,5,"unclear",NA,NA,NA
2023,"region_9","macrobrachium",20000,106623.4,5,"unclear",NA,NA,NA
2024,"region_9","macrobrachium",12000,106623.4,5,"unclear",NA,NA,NA
2018,"region_9","mugil",392736.6,201644.9,5,"maximally harvested","no increase",NA,0.513435467944673
2019,"region_9","mugil",277515.4,201644.9,5,"maximally harvested","no increase",NA,0.72660796481925
2020,"region_9","mugil",154196.2,201644.9,5,"maximally harvested","no increase",NA,1
2021,"region_9","mugil",89613,201644.9,5,"maximally harvested","no increase",NA,1
2022,"region_9","mugil",94163.3,201644.9,5,"maximally harvested","no increase",NA,1
2023,"region_9","mugil",94786,201644.9,5,"maximally harvested","no increase",NA,1
2024,"region_9","mugil",81980,201644.9,5,"maximally harvested","no increase",NA,1
2019,"region_9","mustelus",610,745,2,"maximally harvested","no increase",NA,1
2020,"region_9","mustelus",880,745,2,"maximally harvested","no increase",NA,0.846590909090909
2018,"region_9","nasolamia",68311.25,48258.55,5,"maximally harvested","no increase",NA,0.706450987209281
2019,"region_9","nasolamia",67056.25,48258.55,5,"maximally harvested","no increase",NA,0.719672662876317
2020,"region_9","nasolamia",32688.25,48258.55,5,"maximally harvested","no increase",NA,1
2021,"region_9","nasolamia",49642.5,48258.55,5,"maximally harvested","no increase",NA,1
2022,"region_9","nasolamia",23594.5,48258.55,5,"maximally harvested","no increase",NA,1
2023,"region_9","nasolamia",24404,48258.55,5,"maximally harvested","no increase",NA,1
2024,"region_9","nasolamia",20663.75,48258.55,5,"maximally harvested","no increase",NA,1
2019,"region_9","negaprion",54062.5,27581.25,2,"maximally harvested","no increase",NA,0.510173410404624
2022,"region_9","negaprion",1100,27581.25,2,"maximally harvested","no increase",NA,1
2023,"region_9","negaprion",2530,27581.25,2,"maximally harvested","no increase",NA,1
2018,"region_9","panulirus",43752,25461.8,5,"maximally harvested","no increase","Nayarit has development potential, but went with the average",0.581957396233315
2019,"region_9","panulirus",66443,25461.8,5,"maximally harvested","no increase","Nayarit has development potential, but went with the average",0.38321267853649
2020,"region_9","panulirus",9836,25461.8,5,"maximally harvested","no increase","Nayarit has development potential, but went with the average",1
2021,"region_9","panulirus",2826,25461.8,5,"maximally harvested","no increase","Nayarit has development potential, but went with the average",1
2022,"region_9","panulirus",4452,25461.8,5,"maximally harvested","no increase","Nayarit has development potential, but went with the average",1
2023,"region_9","panulirus",5188,25461.8,5,"maximally harvested","no increase","Nayarit has development potential, but went with the average",1
2024,"region_9","panulirus",3343,25461.8,5,"maximally harvested","no increase","Nayarit has development potential, but went with the average",1
2018,"region_9","paralabrax",10680,6864.08,5,NA,NA,NA,NA
2019,"region_9","paralabrax",4321,6864.08,5,NA,NA,NA,NA
2020,"region_9","paralabrax",932.8,6864.08,5,NA,NA,NA,NA
2021,"region_9","paralabrax",6569.1,6864.08,5,NA,NA,NA,NA
2022,"region_9","paralabrax",11817.5,6864.08,5,NA,NA,NA,NA
2023,"region_9","paralabrax",13961,6864.08,5,NA,NA,NA,NA
2024,"region_9","paralabrax",2715,6864.08,5,NA,NA,NA,NA
2018,"region_9","prionace",203463.75,138597.52,5,"maximally harvested","no increase",NA,0.681190236590056
2019,"region_9","prionace",307060,138597.52,5,"maximally harvested","no increase",NA,0.451369504331401
2020,"region_9","prionace",77423.25,138597.52,5,"maximally harvested","no increase",NA,1
2021,"region_9","prionace",64396.9,138597.52,5,"maximally harvested","no increase",NA,1
2022,"region_9","prionace",40643.7,138597.52,5,"maximally harvested","no increase",NA,1
2023,"region_9","prionace",75719,138597.52,5,"maximally harvested","no increase",NA,1
2024,"region_9","prionace",90721.05,138597.52,5,"maximally harvested","no increase",NA,1
2018,"region_9","rhizoprionodon",290130.5,278592.87,5,"maximally harvested","no increase",NA,1
2019,"region_9","rhizoprionodon",268404.05,278592.87,5,"maximally harvested","no increase",NA,1
2020,"region_9","rhizoprionodon",266471.5,278592.87,5,"maximally harvested","no increase",NA,1
2021,"region_9","rhizoprionodon",224335.35,278592.87,5,"maximally harvested","no increase",NA,1
2022,"region_9","rhizoprionodon",343622.95,278592.87,5,"maximally harvested","no increase",NA,0.810751639260416
2023,"region_9","rhizoprionodon",2750,278592.87,5,"maximally harvested","no increase",NA,1
2024,"region_9","rhizoprionodon",250,278592.87,5,"maximally harvested","no increase",NA,1
2018,"region_9","scomberomorus",1106717.1,822182.04,5,"maximally harvested","no increase",NA,0.742901722581137
2019,"region_9","scomberomorus",877920.9,822182.04,5,"maximally harvested","no increase",NA,1
2020,"region_9","scomberomorus",645606,822182.04,5,"maximally harvested","no increase",NA,1
2021,"region_9","scomberomorus",673214.6,822182.04,5,"maximally harvested","no increase",NA,1
2022,"region_9","scomberomorus",807451.6,822182.04,5,"maximally harvested","no increase",NA,1
2023,"region_9","scomberomorus",594367,822182.04,5,"maximally harvested","no increase",NA,1
2024,"region_9","scomberomorus",580635.43,822182.04,5,"maximally harvested","no increase",NA,1
2018,"region_9","sphoeroides",32688.2,32486.13,5,"maximally harvested","no increase","Seems they might lump these Botetes into one species?",1
2019,"region_9","sphoeroides",24647.3,32486.13,5,"maximally harvested","no increase","Seems they might lump these Botetes into one species?",1
2020,"region_9","sphoeroides",26356.1,32486.13,5,"maximally harvested","no increase","Seems they might lump these Botetes into one species?",1
2021,"region_9","sphoeroides",43803.1,32486.13,5,"maximally harvested","no increase","Seems they might lump these Botetes into one species?",0.741639975252893
2022,"region_9","sphoeroides",34935.95,32486.13,5,"maximally harvested","no increase","Seems they might lump these Botetes into one species?",1
2023,"region_9","sphoeroides",26381,32486.13,5,"maximally harvested","no increase","Seems they might lump these Botetes into one species?",1
2024,"region_9","sphoeroides",47128.85,32486.13,5,"maximally harvested","no increase","Seems they might lump these Botetes into one species?",0.689304534271471
2018,"region_9","sphyrna",422690,254226.97,5,"maximally harvested","no increase",NA,0.6014501644231
2019,"region_9","sphyrna",604578.8,254226.97,5,"maximally harvested","no increase",NA,0.420502620998288
2020,"region_9","sphyrna",104508,254226.97,5,"maximally harvested","no increase",NA,1
2021,"region_9","sphyrna",101719,254226.97,5,"maximally harvested","no increase",NA,1
2022,"region_9","sphyrna",37639.05,254226.97,5,"maximally harvested","no increase",NA,1
2023,"region_9","sphyrna",900,254226.97,5,"maximally harvested","no increase",NA,1
2024,"region_9","sphyrna",17307.5,254226.97,5,"maximally harvested","no increase",NA,1
2018,"region_9","thunnus",638323,524170.46,5,"deteriorating","no increase","recovery phase",0.410584030342006
2019,"region_9","thunnus",663255,524170.46,5,"deteriorating","no increase","recovery phase",0.395150025254239
2020,"region_9","thunnus",476791.8,524170.46,5,"deteriorating","no increase","recovery phase",0.5
2021,"region_9","thunnus",473375.3,524170.46,5,"deteriorating","no increase","recovery phase",0.5
2022,"region_9","thunnus",369107.2,524170.46,5,"deteriorating","no increase","recovery phase",0.647913009061976
2023,"region_9","thunnus",373319,524170.46,5,"deteriorating","no increase","recovery phase",0.64389542287446
2024,"region_9","thunnus",344214,524170.46,5,"deteriorating","no increase","recovery phase",0.671658338014699
