"recorded_taxa_group","estimated_taxa_group","common_name_clean","estimated_species_name","estimated_genus_name","IHH_functional_major_groups_sm","Major_Functional_Group","Assignment_for_Major_Functional_Group","Manual_Classification_Notes","species_est_certainty","species_est_reasoning","genus_est_reasoning","ornamentalFLAG_1"
"CAMARON","CAMARON",NA,NA,"Penaeus","Shrimps, prawns","Shrimps, prawns","Assigned_Step_1: based directly on IHH_functional_major_group assignment for this genus in this group.",NA,NA,NA,NA,NA
"MACARELA","MACARELA",NA,NA,"Scomber","Pelagic marine fishes","Pelagic marine fishes","Assigned_Step_1: based directly on IHH_functional_major_group assignment for this genus in this group.",NA,NA,NA,NA,NA
"SARDINA","SARDINA",NA,NA,"Opisthonema","Pelagic marine fishes","Pelagic marine fishes","Assigned_Step_1: based directly on IHH_functional_major_group assignment for this genus in this group.",NA,NA,NA,NA,NA
"SARDINA","SARDINA",NA,NA,NA,NA,"Pelagic marine fishes","Assigned_Step_4: assigned Major_Functional_Group based on the average IHH functional group associated with this recorded_taxa_group.",NA,NA,NA,NA,NA
"SARDINA","SARDINA",NA,NA,"Sardinops","Pelagic marine fishes","Pelagic marine fishes","Assigned_Step_1: based directly on IHH_functional_major_group assignment for this genus in this group.",NA,NA,NA,NA,NA
"RAYA Y SIMILARES","RAYA Y SIMILARES",NA,NA,"Mobula","Demersal marine fishes","Demersal marine fishes","Assigned_Step_1: based directly on IHH_functional_major_group assignment for this genus in this group.",NA,NA,NA,NA,NA
"TIBURON","TIBURON",NA,NA,"Squatina","Demersal marine fishes","Sharks","Assigned_Step_6: manual patch",NA,NA,NA,NA,NA
"JAIBA","JAIBA",NA,NA,"NEI","Crustaceans","Crustaceans","Assigned_Step_1: based directly on IHH_functional_major_group assignment for this genus in this group.",NA,NA,NA,NA,NA
"CABRILLA","CABRILLA",NA,NA,"Mycteroperca","Demersal marine fishes","Demersal marine fishes","Assigned_Step_1: based directly on IHH_functional_major_group assignment for this genus in this group.",NA,NA,NA,NA,NA
"PULPO","PULPO",NA,NA,"NEI","Cephalopods","Cephalopods","Assigned_Step_1: based directly on IHH_functional_major_group assignment for this genus in this group.",NA,NA,NA,NA,NA
"CAZON","CAZON",NA,NA,"NEI","Demersal marine fishes","Sharks","Assigned_Step_6: manual patch",NA,NA,NA,NA,NA
"LENGUADO","LENGUADO",NA,NA,"NEI","Demersal marine fishes","Demersal marine fishes","Assigned_Step_1: based directly on IHH_functional_major_group assignment for this genus in this group.",NA,NA,NA,NA,NA
"TIBURON","TIBURON",NA,NA,"Mustelus","Demersal marine fishes","Sharks","Assigned_Step_6: manual patch",NA,NA,NA,NA,NA
"CORVINA","CORVINA",NA,NA,"Cynoscion","Demersal marine fishes","Demersal marine fishes","Assigned_Step_1: based directly on IHH_functional_major_group assignment for this genus in this group.",NA,NA,NA,NA,NA
"LANGOSTA","LANGOSTA",NA,NA,"Panulirus","Crustaceans","Crustaceans","Assigned_Step_1: based directly on IHH_functional_major_group assignment for this genus in this group.",NA,NA,NA,NA,NA
"CAMARON","CAMARON",NA,NA,NA,NA,"Shrimps, prawns","Assigned_Step_4: assigned Major_Functional_Group based on the average IHH functional group associated with this recorded_taxa_group.",NA,NA,NA,NA,NA
"CALAMAR","CALAMAR",NA,NA,"Dosidicus","Cephalopods","Cephalopods","Assigned_Step_1: based directly on IHH_functional_major_group assignment for this genus in this group.",NA,NA,NA,NA,NA
"ALMEJA","ALMEJA",NA,NA,"Argopecten","Molluscs excl. Cephalopods","Molluscs excl. Cephalopods","Assigned_Step_1: based directly on IHH_functional_major_group assignment for this genus in this group.",NA,NA,NA,NA,NA
"CARACOL","CARACOL",NA,NA,"NEI","Molluscs excl. Cephalopods","Molluscs excl. Cephalopods","Assigned_Step_1: based directly on IHH_functional_major_group assignment for this genus in this group.",NA,NA,NA,NA,NA
"RAYA Y SIMILARES","RAYA Y SIMILARES",NA,NA,"Pseudobatos","Demersal marine fishes","Demersal marine fishes","Assigned_Step_1: based directly on IHH_functional_major_group assignment for this genus in this group.",NA,NA,NA,NA,NA
"RAYA Y SIMILARES","RAYA Y SIMILARES",NA,NA,"Hypanus","Demersal marine fishes","Demersal marine fishes","Assigned_Step_1: based directly on IHH_functional_major_group assignment for this genus in this group.",NA,NA,NA,NA,NA
"BAGRE","BAGRE",NA,NA,"NEI","Freshwater fishes","Marine or freshwater fishes NEI","Assigned_Step_6: manual patch",NA,NA,NA,NA,NA
"CARPA","CARPA",NA,NA,"Cyprinus","Freshwater fishes","Freshwater fishes","Assigned_Step_1: based directly on IHH_functional_major_group assignment for this genus in this group.",NA,NA,NA,NA,NA
"LOBINA","LOBINA",NA,NA,"Micropterus","Freshwater fishes","Freshwater fishes","Assigned_Step_1: based directly on IHH_functional_major_group assignment for this genus in this group.",NA,NA,NA,NA,NA
"MOJARRA","MOJARRA",NA,NA,"Oreochromis","Freshwater fishes","Freshwater fishes","Assigned_Step_1: based directly on IHH_functional_major_group assignment for this genus in this group.",NA,NA,NA,NA,NA
"TIBURON","TIBURON",NA,NA,"NEI","Demersal marine fishes","Sharks","Assigned_Step_6: manual patch",NA,NA,NA,NA,NA
"BANDERA","BANDERA",NA,NA,"NEI","Demersal marine fishes","Demersal marine fishes","Assigned_Step_1: based directly on IHH_functional_major_group assignment for this genus in this group.",NA,NA,NA,NA,NA
"PAMPANO","PAMPANO",NA,NA,"Trachinotus","Pelagic marine fishes","Pelagic marine fishes","Assigned_Step_1: based directly on IHH_functional_major_group assignment for this genus in this group.",NA,NA,NA,NA,NA
"SIERRA","SIERRA",NA,NA,"Scomberomorus","Pelagic marine fishes","Pelagic marine fishes","Assigned_Step_1: based directly on IHH_functional_major_group assignment for this genus in this group.",NA,NA,NA,NA,NA
"LISA","LISA",NA,NA,"Mugil","Demersal marine fishes","Demersal marine fishes","Assigned_Step_1: based directly on IHH_functional_major_group assignment for this genus in this group.",NA,NA,NA,NA,NA
"BANDERA","BANDERA",NA,NA,"Gerres","Demersal marine fishes","Demersal marine fishes","Assigned_Step_1: based directly on IHH_functional_major_group assignment for this genus in this group.",NA,NA,NA,NA,NA
"ROBALO","ROBALO",NA,NA,"Centropomus","Demersal marine fishes","Demersal marine fishes","Assigned_Step_1: based directly on IHH_functional_major_group assignment for this genus in this group.",NA,NA,NA,NA,NA
"BERRUGATA","BERRUGATA",NA,NA,"Micropogonias","Demersal marine fishes","Demersal marine fishes","Assigned_Step_1: based directly on IHH_functional_major_group assignment for this genus in this group.",NA,NA,NA,NA,NA
"BAQUETA","MERO",NA,NA,"Hyporthodus","Demersal marine fishes","Demersal marine fishes","Manual patch, come back to assign BAQUETA with an earlier manual key later on.",NA,NA,NA,NA,NA
"GUACHINANGO","GUACHINANGO",NA,NA,"Lutjanus","Demersal marine fishes","Demersal marine fishes","Assigned_Step_1: based directly on IHH_functional_major_group assignment for this genus in this group.",NA,NA,NA,NA,NA
"MOJARRA","MOJARRA",NA,NA,"NEI","Demersal marine fishes","Marine or freshwater fishes NEI","Assigned_Step_6: manual patch",NA,NA,NA,NA,NA
"ALMEJA","ALMEJA",NA,NA,NA,NA,"Molluscs excl. Cephalopods","Assigned_Step_4: assigned Major_Functional_Group based on the average IHH functional group associated with this recorded_taxa_group.",NA,NA,NA,NA,NA
"TIBURON","TIBURON",NA,NA,"Carcharhinus","Demersal marine fishes","Sharks","Assigned_Step_6: manual patch",NA,NA,NA,NA,NA
"OSTION","OSTION",NA,NA,NA,NA,"Molluscs excl. Cephalopods","Assigned_Step_4: assigned Major_Functional_Group based on the average IHH functional group associated with this recorded_taxa_group.",NA,NA,NA,NA,NA
"PARGO","GUACHINANGO",NA,NA,"Lutjanus","Demersal marine fishes","Demersal marine fishes","Assigned_Step_1: based directly on IHH_functional_major_group assignment for this genus in this group.",NA,NA,NA,NA,NA
"PARGO","PARGO",NA,NA,"Hoplopagrus","Demersal marine fishes","Demersal marine fishes","Assigned_Step_1: based directly on IHH_functional_major_group assignment for this genus in this group.",NA,NA,NA,NA,NA
"LENGUADO","LENGUADO",NA,NA,"Brotula","Demersal marine fishes","Demersal marine fishes","Assigned_Step_1: based directly on IHH_functional_major_group assignment for this genus in this group.",NA,NA,NA,NA,NA
"RONCO","RONCO",NA,NA,"Haemulopsis","Demersal marine fishes","Demersal marine fishes","Assigned_Step_1: based directly on IHH_functional_major_group assignment for this genus in this group.",NA,NA,NA,NA,NA
"MERO","MERO",NA,NA,"Epinephelus","Marine fishes NEI","Demersal marine fishes","Assigned_Step_3: forced genus-level consistency; if genus is equal then assume Major_Functional_Group is equal too.",NA,NA,NA,NA,NA
"MOJARRA","MOJARRA",NA,NA,"Eucinostomus¬†argenteus","Demersal marine fishes","Demersal marine fishes","Assigned_Step_1: based directly on IHH_functional_major_group assignment for this genus in this group.",NA,NA,NA,NA,NA
"MOJARRA","MOJARRA",NA,NA,"Calamus","Demersal marine fishes","Demersal marine fishes","Assigned_Step_1: based directly on IHH_functional_major_group assignment for this genus in this group.",NA,NA,NA,NA,NA
"BERRUGATA","BERRUGATA",NA,NA,"Menticirrhus","Demersal marine fishes","Demersal marine fishes","Assigned_Step_1: based directly on IHH_functional_major_group assignment for this genus in this group.",NA,NA,NA,NA,NA
"JUREL","ESMEDREGAL",NA,NA,"Seriola","Pelagic marine fishes","Pelagic marine fishes","Assigned_Step_1: based directly on IHH_functional_major_group assignment for this genus in this group.",NA,NA,NA,NA,NA
"JUREL","JUREL",NA,NA,"NEI","Pelagic marine fishes","Pelagic marine fishes","Assigned_Step_1: based directly on IHH_functional_major_group assignment for this genus in this group.",NA,NA,NA,NA,NA
"CABRILLA","CABRILLA",NA,NA,"Paralabrax","Demersal marine fishes","Demersal marine fishes","Assigned_Step_1: based directly on IHH_functional_major_group assignment for this genus in this group.",NA,NA,NA,NA,NA
"ERIZO","ERIZO",NA,NA,"NEI","Miscellaneous aquatic animals","Echinoderms","Assigned_Step_6: manual patch",NA,NA,NA,NA,NA
"CAMARON","CAMARON",NA,NA,"NEI","Shrimps, prawns","Shrimps, prawns","Assigned_Step_1: based directly on IHH_functional_major_group assignment for this genus in this group.",NA,NA,NA,NA,NA
"CAMARON","CAMARON",NA,NA,"Rimapenaeus","Shrimps, prawns","Shrimps, prawns","Assigned_Step_1: based directly on IHH_functional_major_group assignment for this genus in this group.",NA,NA,NA,NA,NA
"CAMARON","CAMARON",NA,NA,"Sicyonia","Shrimps, prawns","Shrimps, prawns","Assigned_Step_1: based directly on IHH_functional_major_group assignment for this genus in this group.",NA,NA,NA,NA,NA
"SARDINA","SARDINA",NA,NA,"Cetengraulis",NA,"Pelagic marine fishes","Assigned_Step_4: assigned Major_Functional_Group based on the average IHH functional group associated with this recorded_taxa_group.",NA,NA,NA,NA,NA
"ATUN","ATUN",NA,NA,"Thunnus","Pelagic marine fishes","Pelagic marine fishes","Assigned_Step_1: based directly on IHH_functional_major_group assignment for this genus in this group.",NA,NA,NA,NA,NA
"BARRILETE","BARRILETE",NA,NA,"Katsuwonus","Pelagic marine fishes","Pelagic marine fishes","Assigned_Step_1: based directly on IHH_functional_major_group assignment for this genus in this group.",NA,NA,NA,NA,NA
"PIERNA","PIERNA",NA,NA,"Caulolatilus","Demersal marine fishes","Demersal marine fishes","Assigned_Step_1: based directly on IHH_functional_major_group assignment for this genus in this group.",NA,NA,NA,NA,NA
"ESMEDREGAL","ESMEDREGAL",NA,NA,"Seriola","Pelagic marine fishes","Pelagic marine fishes","Assigned_Step_1: based directly on IHH_functional_major_group assignment for this genus in this group.",NA,NA,NA,NA,NA
"RONCO","BERRUGATA",NA,NA,"Menticirrhus","Demersal marine fishes","Demersal marine fishes","Assigned_Step_1: based directly on IHH_functional_major_group assignment for this genus in this group.",NA,NA,NA,NA,NA
"ABULON","ABULON",NA,NA,"NEI","Molluscs excl. Cephalopods","Molluscs excl. Cephalopods","Assigned_Step_1: based directly on IHH_functional_major_group assignment for this genus in this group.",NA,NA,NA,NA,NA
"CARACOL","CARACOL",NA,NA,"Megastraea","Molluscs excl. Cephalopods","Molluscs excl. Cephalopods","Assigned_Step_1: based directly on IHH_functional_major_group assignment for this genus in this group.",NA,NA,NA,NA,NA
"TIBURON","TIBURON",NA,NA,"Galeocerdo","Demersal marine fishes","Sharks","Assigned_Step_6: manual patch",NA,NA,NA,NA,NA
"ALMEJA","ALMEJA",NA,NA,"Megapitaria","Molluscs excl. Cephalopods","Molluscs excl. Cephalopods","Assigned_Step_1: based directly on IHH_functional_major_group assignment for this genus in this group.",NA,NA,NA,NA,NA
"BONITO","BONITO",NA,NA,"Sarda","Pelagic marine fishes","Pelagic marine fishes","Assigned_Step_1: based directly on IHH_functional_major_group assignment for this genus in this group.",NA,NA,NA,NA,NA
"SARDINA","SARDINA",NA,NA,"Etrumeus",NA,"Pelagic marine fishes","Assigned_Step_4: assigned Major_Functional_Group based on the average IHH functional group associated with this recorded_taxa_group.",NA,NA,NA,NA,NA
"MOJARRA","MOJARRA",NA,NA,"Eugerres","Demersal marine fishes","Demersal marine fishes","Assigned_Step_1: based directly on IHH_functional_major_group assignment for this genus in this group.",NA,NA,NA,NA,NA
"RONCO","RONCO",NA,NA,"NEI","Demersal marine fishes","Demersal marine fishes","Assigned_Step_1: based directly on IHH_functional_major_group assignment for this genus in this group.",NA,NA,NA,NA,NA
"ABULON","ABULON",NA,NA,"Haliotis","Molluscs excl. Cephalopods","Molluscs excl. Cephalopods","Assigned_Step_1: based directly on IHH_functional_major_group assignment for this genus in this group.",NA,NA,NA,NA,NA
"MERO","CABRILLA",NA,NA,"Mycteroperca","Demersal marine fishes","Demersal marine fishes","Assigned_Step_1: based directly on IHH_functional_major_group assignment for this genus in this group.",NA,NA,NA,NA,NA
"MERO","MERO",NA,NA,"Hyporthodus¬†niphobles","Demersal marine fishes","Demersal marine fishes","Assigned_Step_1: based directly on IHH_functional_major_group assignment for this genus in this group.",NA,NA,NA,NA,NA
"CARPA","CARPA",NA,NA,"Balistes","Demersal marine fishes","Demersal marine fishes","Assigned_Step_1: based directly on IHH_functional_major_group assignment for this genus in this group.",NA,NA,NA,NA,NA
"ANCHOVETA","ANCHOVETA",NA,NA,NA,NA,"Pelagic marine fishes","Assigned_Step_6: manual patch",NA,NA,NA,NA,NA
"TIBURON","TIBURON",NA,NA,"Ginglymostoma","Demersal marine fishes","Sharks","Assigned_Step_6: manual patch",NA,NA,NA,NA,NA
"RAYA Y SIMILARES","RAYA Y SIMILARES",NA,NA,"Aetobatus","Demersal marine fishes","Demersal marine fishes","Assigned_Step_1: based directly on IHH_functional_major_group assignment for this genus in this group.",NA,NA,NA,NA,NA
"JUREL","JUREL",NA,NA,NA,NA,"Pelagic marine fishes","Assigned_Step_4: assigned Major_Functional_Group based on the average IHH functional group associated with this recorded_taxa_group.",NA,NA,NA,NA,NA
"TIBURON","TIBURON",NA,NA,"Lamna","Demersal marine fishes","Sharks","Manual patch, come back to correctly file PETO and Lamna. Issue can be traced back to Hem's species key.",NA,NA,NA,NA,NA
"ALGAS","ALGAS",NA,NA,"Gelidium",NA,"Marine algae","Assigned_Step_6: manual patch",NA,NA,NA,NA,NA
"PEPINO DE MAR","PEPINO DE MAR",NA,NA,"Especies",NA,"Echinoderms","Assigned_Step_6: manual patch",NA,NA,NA,NA,NA
"LISA","LISA",NA,NA,"NEI","Demersal marine fishes","Demersal marine fishes","Assigned_Step_1: based directly on IHH_functional_major_group assignment for this genus in this group.",NA,NA,NA,NA,NA
"LANGOSTINO","LANGOSTINO",NA,NA,NA,NA,"Shrimps, prawns","Assigned_Step_4: assigned Major_Functional_Group based on the average IHH functional group associated with this recorded_taxa_group.",NA,NA,NA,NA,NA
"CAMARON","CAMARON",NA,NA,"Litopenaeus","Shrimps, prawns","Shrimps, prawns","Assigned_Step_1: based directly on IHH_functional_major_group assignment for this genus in this group.",NA,NA,NA,NA,NA
"CAMARON","CAMARON",NA,NA,"Farfantepenaeus",NA,"Shrimps, prawns","Assigned_Step_4: assigned Major_Functional_Group based on the average IHH functional group associated with this recorded_taxa_group.",NA,NA,NA,NA,NA
"MOJARRA","MOJARRA",NA,NA,"Diapterus","Demersal marine fishes","Demersal marine fishes","Assigned_Step_1: based directly on IHH_functional_major_group assignment for this genus in this group.",NA,NA,NA,NA,NA
"LEBRANCHA","LISA",NA,NA,"Mugil","Demersal marine fishes","Demersal marine fishes","Assigned_Step_1: based directly on IHH_functional_major_group assignment for this genus in this group.",NA,NA,NA,NA,NA
"ALMEJA","ALMEJA",NA,NA,"Dosinia","Molluscs excl. Cephalopods","Molluscs excl. Cephalopods","Assigned_Step_1: based directly on IHH_functional_major_group assignment for this genus in this group.",NA,NA,NA,NA,NA
"LANGOSTA","LANGOSTA",NA,NA,"NEI","Crustaceans","Crustaceans","Assigned_Step_1: based directly on IHH_functional_major_group assignment for this genus in this group.",NA,NA,NA,NA,NA
"CALAMAR","CALAMAR",NA,NA,NA,NA,"Cephalopods","Assigned_Step_4: assigned Major_Functional_Group based on the average IHH functional group associated with this recorded_taxa_group.",NA,NA,NA,NA,NA
"SARDINA","SARDINA",NA,NA,"NEI","Pelagic marine fishes","Pelagic marine fishes","Assigned_Step_1: based directly on IHH_functional_major_group assignment for this genus in this group.",NA,NA,NA,NA,NA
"PARGO","CABRILLA",NA,NA,"Paralabrax","Demersal marine fishes","Demersal marine fishes","Assigned_Step_1: based directly on IHH_functional_major_group assignment for this genus in this group.",NA,NA,NA,NA,NA
"ALMEJA","ALMEJA",NA,NA,"NEI","Molluscs excl. Cephalopods","Molluscs excl. Cephalopods","Assigned_Step_1: based directly on IHH_functional_major_group assignment for this genus in this group.",NA,NA,NA,NA,NA
"RUBIA Y VILLAJAIBA","RUBIA Y VILLAJAIBA",NA,NA,"NEI","Marine fishes NEI","Demersal marine fishes","Assigned_Step_1: based directly on IHH_functional_major_group assignment for this genus in this group.",NA,NA,NA,NA,NA
"MERO","MERO",NA,NA,"NEI","Marine fishes NEI","Demersal marine fishes","Assigned_Step_1: based directly on IHH_functional_major_group assignment for this genus in this group.",NA,NA,NA,NA,NA
"JUREL","BONITO",NA,NA,"Caranx","Pelagic marine fishes","Pelagic marine fishes","Assigned_Step_1: based directly on IHH_functional_major_group assignment for this genus in this group.",NA,NA,NA,NA,NA
"CARACOL","CARACOL",NA,NA,"Megathura","Molluscs excl. Cephalopods","Molluscs excl. Cephalopods","Assigned_Step_1: based directly on IHH_functional_major_group assignment for this genus in this group.",NA,NA,NA,NA,NA
"CARACOL","CARACOL",NA,NA,"Lobatus","Molluscs excl. Cephalopods","Molluscs excl. Cephalopods","Assigned_Step_1: based directly on IHH_functional_major_group assignment for this genus in this group.",NA,NA,NA,NA,NA
"BANDERA","BAGRE",NA,NA,"Ariopsis","Demersal marine fishes","Demersal marine fishes","Assigned_Step_1: based directly on IHH_functional_major_group assignment for this genus in this group.",NA,NA,NA,NA,NA
"CARACOL","CARACOL",NA,NA,"Triplofusus",NA,"Molluscs excl. Cephalopods","Assigned_Step_2: based on genus-level details; interpolated Major_Functional_Group based on records with matching genus name.",NA,NA,NA,NA,NA
"CABRILLA","CABRILLA",NA,NA,"Mycteroperca¬†prionura","Demersal marine fishes","Demersal marine fishes","Assigned_Step_1: based directly on IHH_functional_major_group assignment for this genus in this group.",NA,NA,NA,NA,NA
"RAYA Y SIMILARES","RAYA Y SIMILARES",NA,NA,"NEI","Demersal marine fishes","Demersal marine fishes","Assigned_Step_1: based directly on IHH_functional_major_group assignment for this genus in this group.",NA,NA,NA,NA,NA
"TIBURON","TIBURON",NA,NA,"Sphyrna","Demersal marine fishes","Sharks","Assigned_Step_6: manual patch",NA,NA,NA,NA,NA
"PETO","PETO",NA,NA,"Lamna",NA,"Demersal marine fishes","Assigned_Step_2: based on genus-level details; interpolated Major_Functional_Group based on records with matching genus name.",NA,NA,NA,NA,NA
"PAMPANO","PAMPANO",NA,NA,"Gnathanodon","Pelagic marine fishes","Pelagic marine fishes","Assigned_Step_1: based directly on IHH_functional_major_group assignment for this genus in this group.",NA,NA,NA,NA,NA
"LANGOSTINO","LANGOSTINO",NA,NA,"Macrobrachium","Shrimps, prawns","Shrimps, prawns","Assigned_Step_1: based directly on IHH_functional_major_group assignment for this genus in this group.",NA,NA,NA,NA,NA
"OSTION","OSTION",NA,NA,"NEI","Molluscs excl. Cephalopods","Molluscs excl. Cephalopods","Assigned_Step_1: based directly on IHH_functional_major_group assignment for this genus in this group.",NA,NA,NA,NA,NA
"OSTION","OSTION",NA,NA,"Crassostrea",NA,"Molluscs excl. Cephalopods","Assigned_Step_4: assigned Major_Functional_Group based on the average IHH functional group associated with this recorded_taxa_group.",NA,NA,NA,NA,NA
"LEBRANCHA","LEBRANCHA",NA,NA,NA,NA,"Demersal marine fishes","Assigned_Step_4: assigned Major_Functional_Group based on the average IHH functional group associated with this recorded_taxa_group.",NA,NA,NA,NA,NA
"BAGRE","BAGRE",NA,NA,NA,NA,"Marine or freshwater fishes NEI","Assigned_Step_6: manual patch",NA,NA,NA,NA,NA
"MERO","MERO",NA,NA,"Epinephelus","Demersal marine fishes","Demersal marine fishes","Assigned_Step_1: based directly on IHH_functional_major_group assignment for this genus in this group.",NA,NA,NA,NA,NA
"MERO","MERO",NA,NA,"NEI","Demersal marine fishes","Demersal marine fishes","Assigned_Step_1: based directly on IHH_functional_major_group assignment for this genus in this group.",NA,NA,NA,NA,NA
"ATUN","ATUN",NA,NA,"NEI","Pelagic marine fishes","Pelagic marine fishes","Assigned_Step_1: based directly on IHH_functional_major_group assignment for this genus in this group.",NA,NA,NA,NA,NA
"MOJARRA","MOJARRA",NA,NA,"NEI","Marine fishes NEI","Marine or freshwater fishes NEI","Assigned_Step_6: manual patch",NA,NA,NA,NA,NA
"CARACOL","CARACOL",NA,NA,"Hexaplex","Molluscs excl. Cephalopods","Molluscs excl. Cephalopods","Assigned_Step_1: based directly on IHH_functional_major_group assignment for this genus in this group.",NA,NA,NA,NA,NA
"CARACOL","CARACOL",NA,NA,NA,NA,"Molluscs excl. Cephalopods","Assigned_Step_4: assigned Major_Functional_Group based on the average IHH functional group associated with this recorded_taxa_group.",NA,NA,NA,NA,NA
"RUBIO","GUACHINANGO",NA,NA,"Lutjanus","Marine fishes NEI","Demersal marine fishes","Assigned_Step_3: forced genus-level consistency; if genus is equal then assume Major_Functional_Group is equal too.",NA,NA,NA,NA,NA
"ALGAS","ALGAS",NA,NA,NA,NA,"Marine algae","Assigned_Step_6: manual patch",NA,NA,NA,NA,NA
"ERIZO","ERIZO",NA,NA,"Mesocentrotus","Miscellaneous aquatic animals","Echinoderms","Assigned_Step_6: manual patch",NA,NA,NA,NA,NA
"PARGO","CABRILLA",NA,NA,"Mycteroperca","Demersal marine fishes","Demersal marine fishes","Assigned_Step_1: based directly on IHH_functional_major_group assignment for this genus in this group.",NA,NA,NA,NA,NA
"BAGRE","BAGRE",NA,NA,"NEI","Marine fishes NEI","Marine or freshwater fishes NEI","Assigned_Step_6: manual patch",NA,NA,NA,NA,NA
"CHARAL","CHARAL",NA,NA,"NEI","Marine fishes NEI","Marine fishes NEI","Assigned_Step_1: based directly on IHH_functional_major_group assignment for this genus in this group.",NA,NA,NA,NA,NA
"TRUCHA","TRUCHA",NA,NA,"NEI","Marine fishes NEI","Marine or freshwater fishes NEI","Assigned_Step_6: manual patch",NA,NA,NA,NA,NA
"SARGAZO","SARGAZO",NA,NA,NA,NA,"Marine algae","Assigned_Step_6: manual patch",NA,NA,NA,NA,NA
"RONCO","RONCO",NA,NA,"NEI","Marine fishes NEI","Demersal marine fishes","Assigned_Step_1: based directly on IHH_functional_major_group assignment for this genus in this group.",NA,NA,NA,NA,NA
"ERIZO","ERIZO",NA,NA,"Strongylocentrotus","Miscellaneous aquatic animals","Echinoderms","Assigned_Step_6: manual patch",NA,NA,NA,NA,NA
"TIBURON","TIBURON",NA,NA,"Prionace","Demersal marine fishes","Sharks","Assigned_Step_6: manual patch",NA,NA,NA,NA,NA
"MOJARRA","RUBIO",NA,NA,"Haemulon","Demersal marine fishes","Demersal marine fishes","Assigned_Step_1: based directly on IHH_functional_major_group assignment for this genus in this group.",NA,NA,NA,NA,NA
"BERRUGATA","BERRUGATA",NA,NA,"NEI","Demersal marine fishes","Demersal marine fishes","Assigned_Step_1: based directly on IHH_functional_major_group assignment for this genus in this group.",NA,NA,NA,NA,NA
"CAZON","CAZON",NA,NA,NA,NA,"Sharks","Assigned_Step_6: manual patch",NA,NA,NA,NA,NA
"TRUCHA","TRUCHA",NA,NA,NA,NA,"Marine or freshwater fishes NEI","Assigned_Step_6: manual patch",NA,NA,NA,NA,NA
"BAGRE","BAGRE",NA,NA,"Ariopsis",NA,"Demersal marine fishes","Assigned_Step_3: forced genus-level consistency; if genus is equal then assume Major_Functional_Group is equal too.",NA,NA,NA,NA,NA
"CABRILLA","MERO",NA,NA,"Epinephelus","Demersal marine fishes","Demersal marine fishes","Assigned_Step_1: based directly on IHH_functional_major_group assignment for this genus in this group.",NA,NA,NA,NA,NA
"ATUN","ATUN",NA,NA,"Thunnus",NA,"Pelagic marine fishes","Assigned_Step_2: based on genus-level details; interpolated Major_Functional_Group based on records with matching genus name.",NA,NA,NA,NA,NA
"TIBURON","TIBURON",NA,NA,"Alopias","Demersal marine fishes","Sharks","Assigned_Step_6: manual patch",NA,NA,NA,NA,NA
"RAYA Y SIMILARES","RAYA Y SIMILARES",NA,NA,"Urotrygon","Demersal marine fishes","Demersal marine fishes","Assigned_Step_1: based directly on IHH_functional_major_group assignment for this genus in this group.",NA,NA,NA,NA,NA
"CINTILLA","CINTILLA",NA,NA,"NEI","Marine fishes NEI","Pelagic marine fishes","Assigned_Step_6: manual patch",NA,NA,NA,NA,NA
"CABRILLA","CABRILLA",NA,NA,NA,NA,"Demersal marine fishes","Assigned_Step_4: assigned Major_Functional_Group based on the average IHH functional group associated with this recorded_taxa_group.",NA,NA,NA,NA,NA
"CORVINA","CORVINA",NA,NA,"Cynoscion",NA,"Demersal marine fishes","Assigned_Step_2: based on genus-level details; interpolated Major_Functional_Group based on records with matching genus name.",NA,NA,NA,NA,NA
"PETO","PETO",NA,NA,NA,NA,"Demersal marine fishes",NA,NA,NA,NA,NA,NA
"RONCO","RUBIO",NA,NA,"Haemulon","Demersal marine fishes","Demersal marine fishes","Assigned_Step_1: based directly on IHH_functional_major_group assignment for this genus in this group.",NA,NA,NA,NA,NA
"LANGOSTINO","LANGOSTINO",NA,NA,"NEI","Shrimps, prawns","Shrimps, prawns","Assigned_Step_1: based directly on IHH_functional_major_group assignment for this genus in this group.",NA,NA,NA,NA,NA
"PETO","PETO",NA,NA,"Acanthocybium",NA,"Demersal marine fishes",NA,NA,NA,NA,NA,NA
"PAMPANO","PAMPANO",NA,NA,NA,NA,"Pelagic marine fishes","Assigned_Step_4: assigned Major_Functional_Group based on the average IHH functional group associated with this recorded_taxa_group.",NA,NA,NA,NA,NA
"TIBURON","TIBURON",NA,NA,"Triakis",NA,"Sharks","Assigned_Step_6: manual patch",NA,NA,NA,NA,NA
"RUBIO","RUBIO",NA,NA,"Haemulon","Demersal marine fishes","Demersal marine fishes","Assigned_Step_1: based directly on IHH_functional_major_group assignment for this genus in this group.",NA,NA,NA,NA,NA
"PULPO","PULPO",NA,NA,"Octopus","Cephalopods","Cephalopods","Assigned_Step_1: based directly on IHH_functional_major_group assignment for this genus in this group.",NA,NA,NA,NA,NA
"CAMARON","CAMARON",NA,NA,"Rimapenaeus",NA,"Shrimps, prawns","Assigned_Step_2: based on genus-level details; interpolated Major_Functional_Group based on records with matching genus name.",NA,NA,NA,NA,NA
"RUBIA Y VILLAJAIBA","GUACHINANGO",NA,NA,"Lutjanus",NA,"Demersal marine fishes","Assigned_Step_2: based on genus-level details; interpolated Major_Functional_Group based on records with matching genus name.",NA,NA,NA,NA,NA
"TIBURON","CAZON",NA,NA,"Rhizoprionodon","Demersal marine fishes","Sharks","Assigned_Step_6: manual patch",NA,NA,NA,NA,NA
"CARPA","CARPA",NA,NA,"Cyprinus",NA,"Freshwater fishes","Assigned_Step_3: forced genus-level consistency; if genus is equal then assume Major_Functional_Group is equal too.",NA,NA,NA,NA,NA
"BARRILETE","BARRILETE",NA,NA,"Euthynnus","Pelagic marine fishes","Pelagic marine fishes","Assigned_Step_1: based directly on IHH_functional_major_group assignment for this genus in this group.",NA,NA,NA,NA,NA
"TIBURON","TIBURON",NA,NA,"Carcharhinus",NA,"Sharks","Assigned_Step_6: manual patch",NA,NA,NA,NA,NA
"SARDINA","SARDINA",NA,NA,"Harengula",NA,"Pelagic marine fishes","Assigned_Step_4: assigned Major_Functional_Group based on the average IHH functional group associated with this recorded_taxa_group.",NA,NA,NA,NA,NA
"CAZON","TIBURON",NA,NA,"Negaprion","Demersal marine fishes","Sharks","Assigned_Step_6: manual patch",NA,NA,NA,NA,NA
"RONCO","GUACHINANGO",NA,NA,"Lutjanus",NA,"Demersal marine fishes","Assigned_Step_2: based on genus-level details; interpolated Major_Functional_Group based on records with matching genus name.",NA,NA,NA,NA,NA
"BANDERA","BANDERA",NA,NA,"Bagre",NA,"Demersal marine fishes","Assigned_Step_4: assigned Major_Functional_Group based on the average IHH functional group associated with this recorded_taxa_group.",NA,NA,NA,NA,NA
"CORVINA","CORVINA",NA,NA,"Larimus","Demersal marine fishes","Demersal marine fishes","Assigned_Step_1: based directly on IHH_functional_major_group assignment for this genus in this group.",NA,NA,NA,NA,NA
"RUBIO","RUBIO",NA,NA,"Haemulon",NA,"Demersal marine fishes","Assigned_Step_2: based on genus-level details; interpolated Major_Functional_Group based on records with matching genus name.",NA,NA,NA,NA,NA
"TIBURON","TIBURON",NA,NA,"Isurus","Demersal marine fishes","Sharks","Assigned_Step_6: manual patch",NA,NA,NA,NA,NA
"CINTILLA","CINTILLA",NA,NA,"Trichiurus","Demersal marine fishes","Pelagic marine fishes","Assigned_Step_6: manual patch",NA,NA,NA,NA,NA
"MOJARRA","MOJARRA",NA,NA,"Anisotremus","Demersal marine fishes","Demersal marine fishes","Assigned_Step_1: based directly on IHH_functional_major_group assignment for this genus in this group.",NA,NA,NA,NA,NA
"ALMEJA","ALMEJA",NA,NA,"Panopea","Molluscs excl. Cephalopods","Molluscs excl. Cephalopods","Assigned_Step_1: based directly on IHH_functional_major_group assignment for this genus in this group.",NA,NA,NA,NA,NA
"CARPA","CARPA",NA,NA,"NEI","Marine fishes NEI","Marine or freshwater fishes NEI","Assigned_Step_6: manual patch",NA,NA,NA,NA,NA
"MOJARRA","MOJARRA",NA,NA,"Petenia","Freshwater fishes","Freshwater fishes","Assigned_Step_1: based directly on IHH_functional_major_group assignment for this genus in this group.",NA,NA,NA,NA,NA
"RONCO","RONCO",NA,NA,"Selene","Pelagic marine fishes","Pelagic marine fishes","Assigned_Step_1: based directly on IHH_functional_major_group assignment for this genus in this group.",NA,NA,NA,NA,NA
"CARPA","CARPA",NA,NA,NA,NA,"Marine or freshwater fishes NEI","Assigned_Step_6: manual patch",NA,NA,NA,NA,NA
"BESUGO","BESUGO",NA,NA,"NEI","Marine fishes NEI","Marine fishes NEI","Assigned_Step_1: based directly on IHH_functional_major_group assignment for this genus in this group.",NA,NA,NA,NA,NA
"CAMARON","CAMARON",NA,NA,"Xiphopenaeus",NA,"Shrimps, prawns","Assigned_Step_4: assigned Major_Functional_Group based on the average IHH functional group associated with this recorded_taxa_group.",NA,NA,NA,NA,NA
"JUREL","JUREL",NA,NA,"Decapterus","Pelagic marine fishes","Pelagic marine fishes","Assigned_Step_1: based directly on IHH_functional_major_group assignment for this genus in this group.",NA,NA,NA,NA,NA
"RAYA Y SIMILARES","RAYA Y SIMILARES",NA,NA,NA,NA,"Demersal marine fishes","Assigned_Step_4: assigned Major_Functional_Group based on the average IHH functional group associated with this recorded_taxa_group.",NA,NA,NA,NA,NA
"ALMEJA","ALMEJA",NA,NA,"Amiantis",NA,"Molluscs excl. Cephalopods","Assigned_Step_4: assigned Major_Functional_Group based on the average IHH functional group associated with this recorded_taxa_group.",NA,NA,NA,NA,NA
"TIBURON","TIBURON",NA,NA,"Nasolamia","Demersal marine fishes","Sharks","Assigned_Step_6: manual patch",NA,NA,NA,NA,NA
"MOJARRA","MOJARRA",NA,NA,"Diapterus",NA,"Demersal marine fishes","Assigned_Step_3: forced genus-level consistency; if genus is equal then assume Major_Functional_Group is equal too.",NA,NA,NA,NA,NA
"LISA","LISA",NA,NA,"Polydactylus","Demersal marine fishes","Demersal marine fishes","Assigned_Step_1: based directly on IHH_functional_major_group assignment for this genus in this group.",NA,NA,NA,NA,NA
"ROBALO","ROBALO",NA,NA,"NEI","Marine fishes NEI","Demersal marine fishes","Assigned_Step_1: based directly on IHH_functional_major_group assignment for this genus in this group.",NA,NA,NA,NA,NA
"MOJARRA","MOJARRA",NA,NA,"Vieja",NA,"Marine or freshwater fishes NEI","Assigned_Step_4: assigned Major_Functional_Group based on the average IHH functional group associated with this recorded_taxa_group.",NA,NA,NA,NA,NA
"RUBIA Y VILLAJAIBA","RUBIA Y VILLAJAIBA",NA,NA,"Ocyurus","Demersal marine fishes","Demersal marine fishes","Assigned_Step_1: based directly on IHH_functional_major_group assignment for this genus in this group.",NA,NA,NA,NA,NA
"TIBURON","TIBURON",NA,NA,"Negaprion",NA,"Sharks","Assigned_Step_6: manual patch",NA,NA,NA,NA,NA
"ABULON","ABULON",NA,NA,"Haliotis",NA,"Molluscs excl. Cephalopods","Assigned_Step_2: based on genus-level details; interpolated Major_Functional_Group based on records with matching genus name.",NA,NA,NA,NA,NA
"CAMARON","CAMARON",NA,NA,"Metapenaeus",NA,"Shrimps, prawns","Assigned_Step_4: assigned Major_Functional_Group based on the average IHH functional group associated with this recorded_taxa_group.",NA,NA,NA,NA,NA
"MOJARRA","MOJARRA",NA,NA,"Calamus",NA,"Demersal marine fishes","Assigned_Step_3: forced genus-level consistency; if genus is equal then assume Major_Functional_Group is equal too.",NA,NA,NA,NA,NA
"CARACOL","CARACOL",NA,NA,"Turbo","Molluscs excl. Cephalopods","Molluscs excl. Cephalopods","Assigned_Step_1: based directly on IHH_functional_major_group assignment for this genus in this group.",NA,NA,NA,NA,NA
"CORVINA","CORVINA",NA,NA,"NEI","Demersal marine fishes","Demersal marine fishes","Assigned_Step_1: based directly on IHH_functional_major_group assignment for this genus in this group.",NA,NA,NA,NA,NA
"ROBALO","ROBALO",NA,NA,"Morone",NA,"Demersal marine fishes","Assigned_Step_4: assigned Major_Functional_Group based on the average IHH functional group associated with this recorded_taxa_group.",NA,NA,NA,NA,NA
"MERO","MERO",NA,NA,NA,NA,"Demersal marine fishes","Assigned_Step_4: assigned Major_Functional_Group based on the average IHH functional group associated with this recorded_taxa_group.",NA,NA,NA,NA,NA
"CARACOL","CARACOL",NA,NA,"Triplofusus","Molluscs excl. Cephalopods","Molluscs excl. Cephalopods","Assigned_Step_1: based directly on IHH_functional_major_group assignment for this genus in this group.",NA,NA,NA,NA,NA
"CARPA","CARPA",NA,NA,"Hypophthalmichthys",NA,"Marine or freshwater fishes NEI","Assigned_Step_4: assigned Major_Functional_Group based on the average IHH functional group associated with this recorded_taxa_group.",NA,NA,NA,NA,NA
"MACARELA","MACARELA",NA,NA,NA,NA,"Pelagic marine fishes","Assigned_Step_4: assigned Major_Functional_Group based on the average IHH functional group associated with this recorded_taxa_group.",NA,NA,NA,NA,NA
"CARACOL","CARACOL",NA,NA,"Turbinella",NA,"Molluscs excl. Cephalopods","Assigned_Step_4: assigned Major_Functional_Group based on the average IHH functional group associated with this recorded_taxa_group.",NA,NA,NA,NA,NA
"TIBURON","TIBURON",NA,NA,"Echinorhinus","Demersal marine fishes","Sharks","Assigned_Step_6: manual patch",NA,NA,NA,NA,NA
"TIBURON","TIBURON",NA,NA,"Ginglymostoma",NA,"Sharks","Assigned_Step_6: manual patch",NA,NA,NA,NA,NA
"JAIBA","JAIBA",NA,NA,"Callinectes","Crustaceans","Crustaceans","Assigned_Step_1: based directly on IHH_functional_major_group assignment for this genus in this group.",NA,NA,NA,NA,NA
"RAYA Y SIMILARES","RAYA Y SIMILARES",NA,NA,"Gymnura","Demersal marine fishes","Demersal marine fishes","Assigned_Step_1: based directly on IHH_functional_major_group assignment for this genus in this group.",NA,NA,NA,NA,NA
"TIBURON","TIBURON",NA,NA,"Negaprion","Demersal marine fishes","Sharks","Assigned_Step_6: manual patch",NA,NA,NA,NA,NA
"RAYA Y SIMILARES","RAYA Y SIMILARES",NA,NA,"Rhinobatos",NA,"Demersal marine fishes","Assigned_Step_4: assigned Major_Functional_Group based on the average IHH functional group associated with this recorded_taxa_group.",NA,NA,NA,NA,NA
"ALMEJA","ALMEJA",NA,NA,"Chione","Molluscs excl. Cephalopods","Molluscs excl. Cephalopods","Assigned_Step_1: based directly on IHH_functional_major_group assignment for this genus in this group.",NA,NA,NA,NA,NA
"RAYA Y SIMILARES","RAYA Y SIMILARES",NA,NA,"Rhinoptera",NA,"Demersal marine fishes","Assigned_Step_4: assigned Major_Functional_Group based on the average IHH functional group associated with this recorded_taxa_group.",NA,NA,NA,NA,NA
"BANDERA","BANDERA",NA,NA,"Dentex",NA,"Demersal marine fishes","Assigned_Step_4: assigned Major_Functional_Group based on the average IHH functional group associated with this recorded_taxa_group.",NA,NA,NA,NA,NA
"LENGUADO","LENGUADO",NA,NA,NA,NA,"Demersal marine fishes","Assigned_Step_4: assigned Major_Functional_Group based on the average IHH functional group associated with this recorded_taxa_group.",NA,NA,NA,NA,NA
"JUREL","JUREL",NA,NA,"Atherinopsis","Pelagic marine fishes","Pelagic marine fishes","Assigned_Step_1: based directly on IHH_functional_major_group assignment for this genus in this group.",NA,NA,NA,NA,NA
"MOJARRA","MOJARRA",NA,NA,"Eucinostomus¬†gracilis","Demersal marine fishes","Demersal marine fishes","Assigned_Step_1: based directly on IHH_functional_major_group assignment for this genus in this group.",NA,NA,NA,NA,NA
"SARDINA","SARDINA",NA,NA,"Lagodon",NA,"Pelagic marine fishes","Assigned_Step_4: assigned Major_Functional_Group based on the average IHH functional group associated with this recorded_taxa_group.",NA,NA,NA,NA,NA
"TIBURON","TIBURON",NA,NA,NA,NA,"Sharks","Assigned_Step_6: manual patch",NA,NA,NA,NA,NA
"TIBURON","TIBURON",NA,NA,"Galeorhinus","Demersal marine fishes","Sharks","Assigned_Step_6: manual patch",NA,NA,NA,NA,NA
"CALAMAR","CALAMAR",NA,NA,"Loligo",NA,"Cephalopods","Assigned_Step_4: assigned Major_Functional_Group based on the average IHH functional group associated with this recorded_taxa_group.",NA,NA,NA,NA,NA
"JUREL","JUREL",NA,NA,"Decapterus",NA,"Pelagic marine fishes","Assigned_Step_2: based on genus-level details; interpolated Major_Functional_Group based on records with matching genus name.",NA,NA,NA,NA,NA
"ALGAS","ALGAS",NA,NA,"Eucheuma",NA,"Marine algae","Assigned_Step_6: manual patch",NA,NA,NA,NA,NA
"PEPINO DE MAR","PEPINO DE MAR",NA,NA,NA,NA,"Echinoderms","Assigned_Step_6: manual patch",NA,NA,NA,NA,NA
"CARPA","CARPA",NA,NA,"Carassius",NA,"Marine or freshwater fishes NEI","Assigned_Step_4: assigned Major_Functional_Group based on the average IHH functional group associated with this recorded_taxa_group.",NA,NA,NA,NA,NA
"JAIBA","JAIBA",NA,NA,"Callinectes",NA,"Crustaceans","Assigned_Step_2: based on genus-level details; interpolated Major_Functional_Group based on records with matching genus name.",NA,NA,NA,NA,NA
"PARGO","PARGO",NA,NA,NA,NA,"Demersal marine fishes","Assigned_Step_4: assigned Major_Functional_Group based on the average IHH functional group associated with this recorded_taxa_group.",NA,NA,NA,NA,NA
"CARPA","CARPA",NA,NA,"Mylopharyngodon",NA,"Marine or freshwater fishes NEI","Assigned_Step_4: assigned Major_Functional_Group based on the average IHH functional group associated with this recorded_taxa_group.",NA,NA,NA,NA,NA
"ANCHOVETA","ANCHOVETA",NA,NA,"Engraulis",NA,"Pelagic marine fishes","Assigned_Step_6: manual patch",NA,NA,NA,NA,NA
"CAZON","CAZON",NA,NA,"Rhizoprionodon","Demersal marine fishes","Sharks","Assigned_Step_6: manual patch",NA,NA,NA,NA,NA
"TIBURON","TIBURON",NA,NA,"Carcahrhinus","Demersal marine fishes","Sharks","Assigned_Step_6: manual patch",NA,NA,NA,NA,NA
"TIBURON","TIBURON",NA,NA,"Sphyrna",NA,"Sharks","Assigned_Step_6: manual patch",NA,NA,NA,NA,NA
"SARDINA","SARDINA",NA,NA,"Oligoplites",NA,"Pelagic marine fishes","Assigned_Step_4: assigned Major_Functional_Group based on the average IHH functional group associated with this recorded_taxa_group.",NA,NA,NA,NA,NA
"CHARAL","CHARAL",NA,NA,"Chirostoma","Marine fishes NEI","Marine fishes NEI","Assigned_Step_1: based directly on IHH_functional_major_group assignment for this genus in this group.",NA,NA,NA,NA,NA
"MOJARRA","MOJARRA",NA,NA,"Eucinostomus",NA,"Marine or freshwater fishes NEI","Assigned_Step_4: assigned Major_Functional_Group based on the average IHH functional group associated with this recorded_taxa_group.",NA,NA,NA,NA,NA
"LENGUADO","LENGUADO",NA,NA,"Mulloidichthys",NA,"Demersal marine fishes","Assigned_Step_4: assigned Major_Functional_Group based on the average IHH functional group associated with this recorded_taxa_group.",NA,NA,NA,NA,NA
"LENGUADO","LENGUADO",NA,NA,"Citharichthys",NA,"Demersal marine fishes","Assigned_Step_4: assigned Major_Functional_Group based on the average IHH functional group associated with this recorded_taxa_group.",NA,NA,NA,NA,NA
"LISA","LISA",NA,NA,NA,NA,"Demersal marine fishes","Assigned_Step_4: assigned Major_Functional_Group based on the average IHH functional group associated with this recorded_taxa_group.",NA,NA,NA,NA,NA
"ROBALO","ROBALO",NA,NA,"Centropomus",NA,"Demersal marine fishes","Assigned_Step_2: based on genus-level details; interpolated Major_Functional_Group based on records with matching genus name.",NA,NA,NA,NA,NA
"CHARAL","CHARAL",NA,NA,NA,NA,"Marine fishes NEI","Assigned_Step_4: assigned Major_Functional_Group based on the average IHH functional group associated with this recorded_taxa_group.",NA,NA,NA,NA,NA
"TRUCHA","TRUCHA",NA,NA,"Oncorhynchus",NA,"Marine or freshwater fishes NEI","Assigned_Step_6: manual patch",NA,NA,NA,NA,NA
"CAMARON","CAMARON",NA,NA,"Litopenaeus",NA,"Shrimps, prawns","Assigned_Step_2: based on genus-level details; interpolated Major_Functional_Group based on records with matching genus name.",NA,NA,NA,NA,NA
"CAZON","CAZON",NA,NA,"Rhizorionodon",NA,"Sharks","Assigned_Step_6: manual patch",NA,NA,NA,NA,NA
"ESMEDREGAL","ESMEDREGAL",NA,NA,"NEI","Pelagic marine fishes","Pelagic marine fishes","Assigned_Step_1: based directly on IHH_functional_major_group assignment for this genus in this group.",NA,NA,NA,NA,NA
"ATUN","ATUN",NA,NA,NA,NA,"Pelagic marine fishes","Assigned_Step_4: assigned Major_Functional_Group based on the average IHH functional group associated with this recorded_taxa_group.",NA,NA,NA,NA,NA
"TIBURON","TIBURON",NA,NA,"Alopias",NA,"Sharks","Assigned_Step_6: manual patch",NA,NA,NA,NA,NA
"MACARELA","MACARELA",NA,NA,"Scomber",NA,"Pelagic marine fishes","Assigned_Step_2: based on genus-level details; interpolated Major_Functional_Group based on records with matching genus name.",NA,NA,NA,NA,NA
"MOJARRA","MOJARRA",NA,NA,NA,NA,"Marine or freshwater fishes NEI","Assigned_Step_6: manual patch",NA,NA,NA,NA,NA
"CINTILLA","CINTILLA",NA,NA,NA,NA,"Pelagic marine fishes","Assigned_Step_6: manual patch",NA,NA,NA,NA,NA
"CAZON","TIBURON",NA,NA,"Carcharhinus","Demersal marine fishes","Sharks","Assigned_Step_6: manual patch",NA,NA,NA,NA,NA
"LISA","LISA",NA,NA,"Mugil",NA,"Demersal marine fishes","Assigned_Step_2: based on genus-level details; interpolated Major_Functional_Group based on records with matching genus name.",NA,NA,NA,NA,NA
"ESMEDREGAL","ESMEDREGAL",NA,NA,NA,NA,"Pelagic marine fishes","Assigned_Step_4: assigned Major_Functional_Group based on the average IHH functional group associated with this recorded_taxa_group.",NA,NA,NA,NA,NA
"BONITO","BONITO",NA,NA,"Caranx","Pelagic marine fishes","Pelagic marine fishes","Assigned_Step_1: based directly on IHH_functional_major_group assignment for this genus in this group.",NA,NA,NA,NA,NA
"OSTION","OSTION",NA,NA,"Magallana",NA,"Molluscs excl. Cephalopods","Assigned_Step_4: assigned Major_Functional_Group based on the average IHH functional group associated with this recorded_taxa_group.",NA,NA,NA,NA,NA
"TIBURON","TIBURON",NA,NA,"Sypyrna",NA,"Sharks","Assigned_Step_6: manual patch",NA,NA,NA,NA,NA
"ALMEJA","ALMEJA",NA,NA,"Chione",NA,"Molluscs excl. Cephalopods","Assigned_Step_2: based on genus-level details; interpolated Major_Functional_Group based on records with matching genus name.",NA,NA,NA,NA,NA
"TIBURON","TIBURON",NA,NA,"Sphyrna‚ÄØzygaena",NA,"Sharks","Assigned_Step_6: manual patch",NA,NA,NA,NA,NA
"LENGUADO","LENGUADO",NA,NA,"Achirus",NA,"Demersal marine fishes","Assigned_Step_4: assigned Major_Functional_Group based on the average IHH functional group associated with this recorded_taxa_group.",NA,NA,NA,NA,NA
"JAIBA","JAIBA",NA,NA,NA,NA,"Crustaceans","Assigned_Step_4: assigned Major_Functional_Group based on the average IHH functional group associated with this recorded_taxa_group.",NA,NA,NA,NA,NA
"BERRUGATA","BERRUGATA",NA,NA,NA,NA,"Demersal marine fishes","Assigned_Step_4: assigned Major_Functional_Group based on the average IHH functional group associated with this recorded_taxa_group.",NA,NA,NA,NA,NA
"LANGOSTA","LANGOSTA",NA,NA,NA,NA,"Crustaceans","Assigned_Step_4: assigned Major_Functional_Group based on the average IHH functional group associated with this recorded_taxa_group.",NA,NA,NA,NA,NA
"RAYA Y SIMILARES","RAYA Y SIMILARES",NA,NA,"Dasyatis",NA,"Demersal marine fishes","Assigned_Step_4: assigned Major_Functional_Group based on the average IHH functional group associated with this recorded_taxa_group.",NA,NA,NA,NA,NA
"CORVINA","CORVINA",NA,NA,NA,NA,"Demersal marine fishes","Assigned_Step_4: assigned Major_Functional_Group based on the average IHH functional group associated with this recorded_taxa_group.",NA,NA,NA,NA,NA
"PULPO","PULPO",NA,NA,NA,NA,"Cephalopods","Assigned_Step_4: assigned Major_Functional_Group based on the average IHH functional group associated with this recorded_taxa_group.",NA,NA,NA,NA,NA
"MOJARRA","MOJARRA",NA,NA,"Lepomis",NA,"Marine or freshwater fishes NEI","Assigned_Step_4: assigned Major_Functional_Group based on the average IHH functional group associated with this recorded_taxa_group.",NA,NA,NA,NA,NA
"RAYA Y SIMILARES","RAYA Y SIMILARES",NA,NA,"Urolophus",NA,"Demersal marine fishes","Assigned_Step_4: assigned Major_Functional_Group based on the average IHH functional group associated with this recorded_taxa_group.",NA,NA,NA,NA,NA
"OTRAS","OTRAS","cochi","Balistes polylepis","Balistes","Demersal marine fishes","Demersal marine fishes","Assigned based genus name and IHH functional group",NA,"high confidence","logical match in both keys","genus derived from known species",NA
"OTRAS","OTRAS","botete","Sphoeroides andersonianus","Sphoeroides","Demersal marine fishes","Demersal marine fishes","Assigned based genus name and IHH functional group",NA,"high confidence","match to IHH key","genus derived from known species",NA
"OTRAS","OTRAS","payaso","Pseudobatos productus","Pseudobatos","Demersal marine fishes","Demersal marine fishes","Assigned based genus name and IHH functional group",NA,"low confidence","mismatch between keys","genus derived from known species",NA
"OTRAS","OTRAS","burro","Haemulon maculicauda","Haemulon","Demersal marine fishes","Demersal marine fishes","Assigned based genus name and IHH functional group",NA,"low confidence","mismatch between keys","genus derived from known species",NA
"OTRAS","OTRAS","conejo","Caulolatilus affinis","Caulolatilus","Demersal marine fishes","Demersal marine fishes","Assigned based genus name and IHH functional group",NA,"low confidence","mismatch between keys","genus derived from known species",NA
"OTRAS","OTRAS","bacoco","Anisotremus interruptus","Anisotremus","Demersal marine fishes","Demersal marine fishes","Assigned based genus name and IHH functional group",NA,"high confidence","logical match in both keys","genus derived from known species",NA
"OTRAS","OTRAS","paleta","Centropomus medius","Centropomus","Demersal marine fishes","Demersal marine fishes","Assigned based genus name and IHH functional group",NA,"high confidence","logical match in both keys","genus derived from known species",NA
"OTRAS","OTRAS","otras especies","NEI","NEI","Marine species NEI","Marine species NEI","Assigned based genus name and IHH functional group",NA,"high confidence","match to IHH key","genus derived from known species",NA
"OTRAS","OTRAS","picuda","NEI","NEI","Pelagic marine fishes","Pelagic marine fishes","Assigned based genus name and IHH functional group",NA,"high confidence","match to IHH key","genus derived from known species",NA
"OTRAS","OTRAS","lapon","Scorpaena mystes","Scorpaena","Demersal marine fishes","Demersal marine fishes","Assigned based genus name and IHH functional group",NA,"low confidence","mismatch between keys","genus derived from known species",NA
"OTRAS","OTRAS","vieja","NEI","NEI","Demersal marine fishes","Demersal marine fishes","Assigned based genus name and IHH functional group",NA,"low confidence","mismatch between keys","genus derived from known species",NA
"OTRAS","OTRAS","pescado blanco","NEI","NEI","Marine fishes NEI","Marine fishes NEI","Assigned based genus name and IHH functional group",NA,"low confidence","mismatch between keys","genus derived from known species",NA
"OTRAS","OTRAS","rocote","NEI","NEI","Demersal marine fishes","Demersal marine fishes","Assigned based genus name and IHH functional group",NA,"high confidence","match to IHH key","genus derived from known species",NA
"OTRAS","OTRAS","chopa","NEI","NEI","Demersal marine fishes","Demersal marine fishes","Assigned based genus name and IHH functional group",NA,"low confidence","mismatch between keys","genus derived from known species",NA
"OTRAS","OTRAS","extranjero","Paralabrax auroguttatus","Paralabrax","Demersal marine fishes","Demersal marine fishes","Assigned based genus name and IHH functional group",NA,"low confidence","mismatch between keys","genus derived from known species",NA
"OTRAS","OTRAS","burrito","Orthopristis cantharinus","Orthopristis","Demersal marine fishes","Demersal marine fishes","Assigned based genus name and IHH functional group",NA,"low confidence","mismatch between keys","genus derived from known species",NA
"OTRAS","OTRAS","cangrejo","NEI","NEI","Shrimps, prawns","Shrimps, prawns","Assigned based genus name and IHH functional group",NA,"high confidence","match to IHH key","genus derived from known species",NA
"OTRAS","OTRAS","chivato","Pseudupeneus grandisquamis","Pseudupeneus","Demersal marine fishes","Demersal marine fishes","Assigned based genus name and IHH functional group",NA,"high confidence","logical match in both keys","genus derived from known species",NA
"OTRAS","OTRAS","bacalao","Anoplopoma fimbria","Anoplopoma","Demersal marine fishes","Demersal marine fishes","Assigned based genus name and IHH functional group",NA,"low confidence","mismatch between keys","genus derived from known species",NA
"OTRAS","OTRAS","perico","Coryphaena hippurus","Coryphaena","Pelagic marine fishes","Pelagic marine fishes","Assigned based genus name and IHH functional group",NA,"low confidence","mismatch between keys","genus derived from known species",NA
"OTRAS","OTRAS","pez perro","Lutjanus novemfasciatus","Lutjanus","Demersal marine fishes","Demersal marine fishes","Assigned based genus name and IHH functional group",NA,"low confidence","mismatch between keys","genus derived from known species",NA
"OTRAS","OTRAS","cochino","Aluterus scriptus","Aluterus","Demersal marine fishes","Demersal marine fishes","Assigned based genus name and IHH functional group",NA,"high confidence","logical match in both keys","genus derived from known species",NA
"OTRAS","OTRAS","cabaicucho","Diplectrum pacificum","Diplectrum","Demersal marine fishes","Demersal marine fishes","Assigned based genus name and IHH functional group",NA,"low confidence","mismatch between keys","genus derived from known species",NA
"OTRAS","OTRAS","sabalo","Chanos chanos","Chanos","Diadromous fishes","Diadromous fishes","Assigned based genus name and IHH functional group",NA,"high confidence","logical match in both keys","genus derived from known species",NA
"OTRAS","OTRAS","gallina","NEI","NEI","Marine species NEI","Marine species NEI","Assigned based genus name and IHH functional group",NA,"low confidence","mismatch between keys","genus derived from known species",NA
"OTRAS","OTRAS","mejillon","NEI","NEI","Molluscs excl. Cephalopods","Molluscs excl. Cephalopods","Assigned based genus name and IHH functional group",NA,"high confidence","match to IHH key","genus derived from known species",NA
"OTRAS","OTRAS","pez espada","Xiphias Gladius","Xiphias","Pelagic marine fishes","Pelagic marine fishes","Assigned based genus name and IHH functional group",NA,"virtually certain","name was recorded in CONAPESCA","genus derived from known species",NA
"OTRAS","OTRAS","aguado","Opistognathus rhomaleus","Opistognathus","Demersal marine fishes","Demersal marine fishes","Assigned based genus name and IHH functional group",NA,"high confidence","logical match in both keys","genus derived from known species",NA
"OTRAS","OTRAS","bota","Balistes polylepis","Balistes","Demersal marine fishes","Demersal marine fishes","Assigned based genus name and IHH functional group",NA,"high confidence","logical match in both keys","genus derived from known species",NA
"OTRAS","OTRAS","sarangola","Microlepidotus brevipinnis","Microlepidotus","Demersal marine fishes","Demersal marine fishes","Assigned based genus name and IHH functional group",NA,"high confidence","logical match in both keys","genus derived from known species",NA
"OTRAS","OTRAS","sandia","Paranthias colonus","Paranthias","Demersal marine fishes","Demersal marine fishes","Assigned based genus name and IHH functional group",NA,"high confidence","logical match in both keys","genus derived from known species",NA
"OTRAS","OTRAS","pinta","Epinephelus analogus","Epinephelus","Demersal marine fishes","Demersal marine fishes","Assigned based genus name and IHH functional group",NA,"low confidence","mismatch between keys","genus derived from known species",NA
"OTRAS","OTRAS","lucero","Paralabrax loro","Paralabrax","Demersal marine fishes","Demersal marine fishes","Assigned based genus name and IHH functional group",NA,"low confidence","mismatch between keys","genus derived from known species",NA
"OTRAS","OTRAS","ojoton","Caranx sexfasciatus","Caranx","Pelagic marine fishes","Pelagic marine fishes","Assigned based genus name and IHH functional group",NA,"low confidence","mismatch between keys","genus derived from known species",NA
"OTRAS","OTRAS","chabelita","Selene peruviana","Selene","Pelagic marine fishes","Pelagic marine fishes","Assigned based genus name and IHH functional group",NA,"low confidence","mismatch between keys","genus derived from known species",NA
"OTRAS","OTRAS","chula","Xenichthys xanti","Xenichthys","Demersal marine fishes","Demersal marine fishes","Assigned based genus name and IHH functional group",NA,"high confidence","logical match in both keys","genus derived from known species",NA
"OTRAS","OTRAS","merluza","Merluccius productus","Merluccius","Demersal marine fishes","Demersal marine fishes","Assigned based genus name and IHH functional group",NA,"low confidence","mismatch between keys","genus derived from known species",NA
"OTRAS","OTRAS","cardenal","NEI","NEI","Demersal marine fishes","Demersal marine fishes","Assigned based genus name and IHH functional group",NA,"low confidence","mismatch between keys","genus derived from known species",NA
"OTRAS","OTRAS","ballusa","NEI","NEI","Marine species NEI","Marine species NEI","Assigned based genus name and IHH functional group",NA,"high confidence","match to IHH key","genus derived from known species",NA
"OTRAS","OTRAS","baya","Mycteroperca jordani","Mycteroperca","Demersal marine fishes","Demersal marine fishes","Assigned based genus name and IHH functional group",NA,"high confidence","logical match in both keys","genus derived from known species",NA
"OTRAS","OTRAS","condor","Lutjanus jordani","Lutjanus","Demersal marine fishes","Demersal marine fishes","Assigned based genus name and IHH functional group",NA,"low confidence","mismatch between keys","genus derived from known species",NA
"OTRAS","OTRAS","barracuda","NEI","NEI","Pelagic marine fishes","Pelagic marine fishes","Assigned based genus name and IHH functional group",NA,"low confidence","mismatch between keys","genus derived from known species",NA
"OTRAS","OTRAS","salmon","Caulolatilus affinis","Caulolatilus","Demersal marine fishes","Demersal marine fishes","Assigned based genus name and IHH functional group",NA,"low confidence","mismatch between keys","genus derived from known species",NA
"OTRAS","OTRAS","marlin","NEI","NEI","Pelagic marine fishes","Pelagic marine fishes","Assigned based genus name and IHH functional group",NA,"high confidence","match to IHH key","genus derived from known species",NA
"OTRAS","OTRAS","pintillo","Epinephelus analogus","Epinephelus","Demersal marine fishes","Demersal marine fishes","Assigned based genus name and IHH functional group",NA,"high confidence","logical match in both keys","genus derived from known species",NA
"OTRAS","OTRAS","pez gallo","Nematistius pectoralis","Nematistius","Demersal marine fishes","Demersal marine fishes","Assigned based genus name and IHH functional group",NA,"high confidence","logical match in both keys","genus derived from known species",NA
"OTRAS","OTRAS","palmilla","Trachinotus rhodopus","Trachinotus","Pelagic marine fishes","Pelagic marine fishes","Assigned based genus name and IHH functional group",NA,"high confidence","logical match in both keys","genus derived from known species",NA
"OTRAS","OTRAS","cirujano","Acanthurus xanthopterus","Acanthurus","Demersal marine fishes","Demersal marine fishes","Assigned based genus name and IHH functional group",NA,"low confidence","mismatch between keys","genus derived from known species",NA
"OTRAS","OTRAS","monda","Oligoplites altus","Oligoplites","Pelagic marine fishes","Pelagic marine fishes","Assigned based genus name and IHH functional group",NA,"high confidence","logical match in both keys","genus derived from known species",NA
"OTRAS","OTRAS","rayadillo","Microlepidotus inornatus","Microlepidotus","Demersal marine fishes","Demersal marine fishes","Assigned based genus name and IHH functional group",NA,"high confidence","logical match in both keys","genus derived from known species",NA
"OTRAS","OTRAS","pajarito","NEI","NEI","Pelagic marine fishes","Pelagic marine fishes","Assigned based genus name and IHH functional group",NA,"low confidence","mismatch between keys","genus derived from known species",NA
"OTRAS","OTRAS","escorpion","NEI","NEI","Demersal marine fishes","Demersal marine fishes","Assigned based genus name and IHH functional group",NA,"low confidence","mismatch between keys","genus derived from known species",NA
"OTRAS","OTRAS","dorado","Coryphaena hippurus","Coryphaena","Pelagic marine fishes","Pelagic marine fishes","Assigned based genus name and IHH functional group",NA,"low confidence","mismatch between keys","genus derived from known species",NA
"OTRAS","OTRAS","pez vela","Istiophorus albicans","Istiophorus","Pelagic marine fishes","Pelagic marine fishes","Assigned based genus name and IHH functional group",NA,"high confidence","logical match in both keys","genus derived from known species",NA
"OTRAS","OTRAS","mona","Parapsettus panamensis","Parapsettus","Demersal marine fishes","Demersal marine fishes","Assigned based genus name and IHH functional group",NA,"high confidence","logical match in both keys","genus derived from known species",NA
"OTRAS","OTRAS","cabezon","Scorpaenichthys marmoratus","Scorpaenichthys","Demersal marine fishes","Demersal marine fishes","Assigned based genus name and IHH functional group",NA,"high confidence","match to IHH key","genus derived from known species",NA
"OTRAS","OTRAS","bacalao negro","Anoplopoma fimbria","Anoplopoma","Demersal marine fishes","Demersal marine fishes","Assigned based genus name and IHH functional group",NA,"high confidence","logical match in both keys","genus derived from known species",NA
"OTRAS","OTRAS","mulegino","Abudefduf troschelii","Abudefduf","Pelagic marine fishes","Pelagic marine fishes","Assigned based genus name and IHH functional group",NA,"high confidence","logical match in both keys","genus derived from known species",NA
"OTRAS","OTRAS","agujon","Ablennes hians","Ablennes","Pelagic marine fishes","Pelagic marine fishes","Assigned based genus name and IHH functional group",NA,"high confidence","logical match in both keys","genus derived from known species",NA
"OTRAS","OTRAS","chile","Synodus scituliceps","Synodus","Demersal marine fishes","Demersal marine fishes","Assigned based genus name and IHH functional group",NA,"low confidence","mismatch between keys","genus derived from known species",NA
"OTRAS","OTRAS","guabina","Dormitator latifrons","Dormitator","Freshwater fishes","Freshwater fishes","Assigned based genus name and IHH functional group",NA,"high confidence","logical match in both keys","genus derived from known species",NA
"OTRAS","OTRAS","buzo","Sphyraena ensis","Sphyraena","Pelagic marine fishes","Pelagic marine fishes","Assigned based genus name and IHH functional group",NA,"low confidence","mismatch between keys","genus derived from known species",NA
"OTRAS","OTRAS","barbero","Acanthurus xanthopterus","Acanthurus","Demersal marine fishes","Demersal marine fishes","Assigned based genus name and IHH functional group",NA,"high confidence","logical match in both keys","genus derived from known species",NA
"OTRAS","OTRAS","salema","Peprilus snyderi","Peprilus","Pelagic marine fishes","Pelagic marine fishes","Assigned based genus name and IHH functional group",NA,"low confidence","mismatch between keys","genus derived from known species",NA
"OTRAS","OTRAS","loro","Nicholsina denticulata","Nicholsina","Demersal marine fishes","Demersal marine fishes","Assigned based genus name and IHH functional group",NA,"low confidence","mismatch between keys","genus derived from known species",NA
"OTRAS","OTRAS","popoyote","Dormitator latifrons","Dormitator","Freshwater fishes","Freshwater fishes","Assigned based genus name and IHH functional group",NA,"low confidence","mismatch between keys","genus derived from known species",NA
"OTRAS","OTRAS","chihua","Eucinostomus argenteus","Eucinostomus","Demersal marine fishes","Marine or freshwater fishes NEI","Assigned based genus name and IHH functional group",NA,"high confidence","match to IHH key","genus derived from known species",NA
"OTRAS","OTRAS","vaca","Caranx hippos","Caranx","Pelagic marine fishes","Pelagic marine fishes","Assigned based genus name and IHH functional group",NA,"low confidence","mismatch between keys","genus derived from known species",NA
"OTRAS","OTRAS","anguila","Anguilla rostrata","Anguilla","Diadromous fishes","Diadromous fishes","Assigned based genus name and IHH functional group",NA,"high confidence","logical match in both keys","genus derived from known species",NA
"OTRAS","OTRAS","pescada","Stereolepis gigas","Stereolepis","Demersal marine fishes","Demersal marine fishes","Assigned based genus name and IHH functional group",NA,"high confidence","logical match in both keys","genus derived from known species",NA
"OTRAS","OTRAS","ojudo","Selar crumenophthalmus","Selar","Pelagic marine fishes","Pelagic marine fishes","Assigned based genus name and IHH functional group",NA,"low confidence","mismatch between keys","genus derived from known species",NA
"OTRAS","OTRAS","rasposa","NEI","NEI","Marine species NEI","Marine species NEI","Assigned based genus name and IHH functional group",NA,"low confidence","mismatch between keys","genus derived from known species",NA
"OTRAS","OTRAS","maranguana","Epinephelus labriformis","Epinephelus","Demersal marine fishes","Demersal marine fishes","Assigned based genus name and IHH functional group",NA,"high confidence","logical match in both keys","genus derived from known species",NA
"OTRAS","OTRAS","yolo","Micropogonias ectenes","Micropogonias","Demersal marine fishes","Demersal marine fishes","Assigned based genus name and IHH functional group",NA,"high confidence","logical match in both keys","genus derived from known species",NA
"OTRAS","OTRAS","chatarra","NEI","NEI","Marine species NEI","Marine species NEI","Assigned based genus name and IHH functional group",NA,"high confidence","match to IHH key","genus derived from known species",NA
"OTRAS","OTRAS","chivo","Mulloidichthys dentatus","Mulloidichthys","Demersal marine fishes","Demersal marine fishes","Assigned based genus name and IHH functional group",NA,"high confidence","logical match in both keys","genus derived from known species",NA
"OTRAS","OTRAS","cochinito","NEI","NEI","Marine species NEI","Marine species NEI","Assigned based genus name and IHH functional group",NA,"low confidence","mismatch between keys","genus derived from known species",NA
"OTRAS","OTRAS","culebra","NEI","NEI","Demersal marine fishes","Demersal marine fishes","Assigned based genus name and IHH functional group",NA,"low confidence","mismatch between keys","genus derived from known species",NA
"OTRAS","OTRAS","papelillo","Selene peruviana","Selene","Pelagic marine fishes","Pelagic marine fishes","Assigned based genus name and IHH functional group",NA,"low confidence","mismatch between keys","genus derived from known species",NA
"OTRAS","OTRAS","pez sierra","Scomberomorus sierra","Scomberomorus","Pelagic marine fishes","Pelagic marine fishes","Assigned based genus name and IHH functional group",NA,"low confidence","mismatch between keys","genus derived from known species",NA
"OTRAS","OTRAS","popocha","Algansea popoche","Algansea","Freshwater fishes","Freshwater fishes","Assigned based genus name and IHH functional group",NA,"high confidence","logical match in both keys","genus derived from known species",NA
"OTRAS","OTRAS","chopa gris","Kyphosus elegans","Kyphosus","Demersal marine fishes","Demersal marine fishes","Assigned based genus name and IHH functional group",NA,"high confidence","logical match in both keys","genus derived from known species",NA
"OTRAS","OTRAS","pez sapo","NEI","NEI","Demersal marine fishes","Demersal marine fishes","Assigned based genus name and IHH functional group",NA,"low confidence","mismatch between keys","genus derived from known species",NA
"OTRAS","OTRAS","charra","Eucinostomus¬†gracilis","Eucinostomus¬†gracilis","Demersal marine fishes","Demersal marine fishes","Assigned based genus name and IHH functional group",NA,"high confidence","match to IHH key","genus derived from known species",NA
"OTRAS","OTRAS","chocho","Hemicaranx zelotes","Hemicaranx","Pelagic marine fishes","Pelagic marine fishes","Assigned based genus name and IHH functional group",NA,"high confidence","logical match in both keys","genus derived from known species",NA
"OTRAS","OTRAS","sabalote","Chanos chanos","Chanos","Diadromous fishes","Diadromous fishes","Assigned based genus name and IHH functional group",NA,"high confidence","logical match in both keys","genus derived from known species",NA
"OTRAS","OTRAS","zapatero","Oligoplites altus","Oligoplites","Pelagic marine fishes","Pelagic marine fishes","Assigned based genus name and IHH functional group",NA,"low confidence","mismatch between keys","genus derived from known species",NA
"OTRAS","OTRAS","morena","NEI","NEI","Demersal marine fishes","Demersal marine fishes","Assigned based genus name and IHH functional group",NA,"high confidence","match to IHH key","genus derived from known species",NA
"OTRAS","OTRAS","mosco","NEI","NEI","Marine species NEI","Marine species NEI","Assigned based genus name and IHH functional group",NA,"high confidence","match to IHH key","genus derived from known species",NA
"OTRAS","OTRAS","choro","Mytilus californianus","Mytilus","Molluscs excl. Cephalopods","Molluscs excl. Cephalopods","Assigned based genus name and IHH functional group",NA,"high confidence","logical match in both keys","genus derived from known species",NA
"OTRAS","OTRAS","barrasa","NEI","NEI","Demersal marine fishes","Demersal marine fishes","Assigned based genus name and IHH functional group",NA,"high confidence","match to IHH key","genus derived from known species",NA
"OTRAS","OTRAS","macabi","Elops affinis","Elops","Demersal marine fishes","Demersal marine fishes","Assigned based genus name and IHH functional group",NA,"low confidence","mismatch between keys","genus derived from known species",NA
"OTRAS","OTRAS","vieja jaiba","NEI","NEI","Marine fishes NEI","Marine fishes NEI","Assigned based genus name and IHH functional group",NA,"low confidence","mismatch between keys","genus derived from known species",NA
"OTRAS","OTRAS","cangrejo moro","NEI","NEI","Shrimps, prawns","Shrimps, prawns","Assigned based genus name and IHH functional group",NA,"low confidence","mismatch between keys","genus derived from known species",NA
"OTRAS","OTRAS","menudo","NEI","NEI","Marine species NEI","Marine species NEI","Assigned based genus name and IHH functional group",NA,"low confidence","mismatch between keys","genus derived from known species",NA
"OTRAS","OTRAS","blanquita","NEI","NEI","Marine species NEI","Marine species NEI","Assigned based genus name and IHH functional group",NA,"low confidence","mismatch between keys","genus derived from known species",NA
"OTRAS","OTRAS","boquinete","NEI","NEI","Demersal marine fishes","Demersal marine fishes","Assigned based genus name and IHH functional group",NA,"low confidence","mismatch between keys","genus derived from known species",NA
"OTRAS","OTRAS","arrayado","Lutjanus synagris","Lutjanus","Demersal marine fishes","Demersal marine fishes","Assigned based genus name and IHH functional group",NA,"low confidence","mismatch between keys","genus derived from known species",NA
"OTRAS","OTRAS","lucio","Lutjanus analis","Lutjanus",NA,"Demersal marine fishes","Assigned based genus name and IHH functional group",NA,"high confidence","match to Hem's key","genus derived from known species",NA
"OTRAS","OTRAS","machorro","NEI","NEI","Marine species NEI","Marine species NEI","Assigned based genus name and IHH functional group",NA,"low confidence","mismatch between keys","genus derived from known species",NA
"OTRAS","OTRAS","cangrejo azul","Callinectes sapidus","Callinectes",NA,"Crustaceans","Assigned based genus name and IHH functional group",NA,"high confidence","match to Hem's key","genus derived from known species",NA
"OTRAS","OTRAS","barbilla","Polydactylus approximans","Polydactylus","Demersal marine fishes","Demersal marine fishes","Assigned based genus name and IHH functional group",NA,"high confidence","logical match in both keys","genus derived from known species",NA
"OTRAS","OTRAS","mapache","Pomadasys panamensis","Pomadasys","Demersal marine fishes","Demersal marine fishes","Assigned based genus name and IHH functional group",NA,"high confidence","logical match in both keys","genus derived from known species",NA
"OTRAS","OTRAS","mapo","Bathygobius ramosus","Bathygobius","Demersal marine fishes","Demersal marine fishes","Assigned based genus name and IHH functional group",NA,"low confidence","mismatch between keys","genus derived from known species",NA
"OTRAS","OTRAS","fajado","NEI","NEI","Marine species NEI","Marine species NEI","Assigned based genus name and IHH functional group",NA,"low confidence","mismatch between keys","genus derived from known species",NA
"OTRAS","OTRAS","guau","Lutjanus peru","Lutjanus","Demersal marine fishes","Demersal marine fishes","Assigned based genus name and IHH functional group",NA,"high confidence","match to IHH key","genus derived from known species",NA
"OTRAS","OTRAS","chancla","NEI","NEI","Pelagic marine fishes","Pelagic marine fishes","Assigned based genus name and IHH functional group",NA,"low confidence","mismatch between keys","genus derived from known species",NA
"OTRAS","OTRAS","percebe","Pollicipes elegans","Pollicipes","Crustaceans","Crustaceans","Assigned based genus name and IHH functional group",NA,"low confidence","mismatch between keys","genus derived from known species",NA
"OTRAS","OTRAS","boca colorada","NEI","NEI","Demersal marine fishes","Demersal marine fishes","Assigned based genus name and IHH functional group",NA,"low confidence","mismatch between keys","genus derived from known species",NA
"OTRAS","OTRAS","salmonete","Mulloidichthys dentatus","Mulloidichthys","Demersal marine fishes","Demersal marine fishes","Assigned based genus name and IHH functional group",NA,"high confidence","logical match in both keys","genus derived from known species",NA
"OTRAS","OTRAS","aguja","Strongylura exilis","Strongylura","Pelagic marine fishes","Pelagic marine fishes","Assigned based genus name and IHH functional group",NA,"low confidence","mismatch between keys","genus derived from known species",NA
"OTRAS","OTRAS","corcovado","Orthopristis chalceus","Orthopristis","Demersal marine fishes","Demersal marine fishes","Assigned based genus name and IHH functional group",NA,"high confidence","logical match in both keys","genus derived from known species",NA
"OTRAS","OTRAS","viuda","Sebastes entomelas","Sebastes","Demersal marine fishes","Demersal marine fishes","Assigned based genus name and IHH functional group",NA,"low confidence","mismatch between keys","genus derived from known species",NA
"OTRAS","OTRAS","cucaracha","Evibacus princeps","Evibacus","Crustaceans","Crustaceans","Assigned based genus name and IHH functional group",NA,"low confidence","mismatch between keys","genus derived from known species",NA
"OTRAS","OTRAS","pez pipa","Syngnathus abaster","Syngnathus","Demersal marine fishes","Demersal marine fishes","Assigned based genus name and IHH functional group",NA,"low confidence","mismatch between keys","genus derived from known species",NA
"OTRAS","OTRAS","barbon","Bagre pinnimaculatus","Bagre","Demersal marine fishes","Demersal marine fishes","Assigned based genus name and IHH functional group",NA,"low confidence","mismatch between keys","genus derived from known species",NA
"OTRAS","OTRAS","frel","NEI","NEI","Marine species NEI","Marine species NEI","Assigned based genus name and IHH functional group",NA,"high confidence","match to IHH key","genus derived from known species",NA
"OTRAS","OTRAS","puro","NEI","NEI","Marine species NEI","Marine species NEI","Assigned based genus name and IHH functional group",NA,"low confidence","mismatch between keys","genus derived from known species",NA
"OTRAS","OTRAS","catalineta","Chloroscombrus orqueta","Chloroscombrus","Pelagic marine fishes","Pelagic marine fishes","Assigned based genus name and IHH functional group",NA,"low confidence","mismatch between keys","genus derived from known species",NA
"OTRAS","OTRAS","catan","Lepisosteus osseus","Lepisosteus","Freshwater fishes","Freshwater fishes","Assigned based genus name and IHH functional group",NA,"high confidence","match to IHH key","genus derived from known species",NA
"OTRAS","OTRAS","totoaba","Totoaba macdonaldi","Totoaba","Demersal marine fishes","Demersal marine fishes","Assigned based genus name and IHH functional group",NA,"low confidence","mismatch between keys","genus derived from known species",NA
"OTRAS","OTRAS","peje pluma","Calamus arctifrons","Calamus",NA,"Demersal marine fishes","Assigned based genus name and IHH functional group",NA,"high confidence","match to Hem's key","genus derived from known species",NA
"OTRAS","OTRAS","chepe","NEI","NEI","Demersal marine fishes","Demersal marine fishes","Assigned based genus name and IHH functional group",NA,"low confidence","mismatch between keys","genus derived from known species",NA
"OTRAS","OTRAS","bacin","Micropterus cataractae","Micropterus",NA,"Freshwater fishes","Assigned based genus name and IHH functional group",NA,"high confidence","match to Hem's key","genus derived from known species",NA
"OTRAS","OTRAS","chapeta","Selene orstedii","Selene","Pelagic marine fishes","Pelagic marine fishes","Assigned based genus name and IHH functional group",NA,"high confidence","logical match in both keys","genus derived from known species",NA
"OTRAS","OTRAS","pejerey","NEI","NEI","Marine fishes NEI","Marine fishes NEI","Assigned based genus name and IHH functional group",NA,"high confidence","match to IHH key","genus derived from known species",NA
"OTRAS","OTRAS","pez corneta","Fistularia commersonii","Fistularia","Demersal marine fishes","Demersal marine fishes","Assigned based genus name and IHH functional group",NA,"low confidence","mismatch between keys","genus derived from known species",NA
"OTRAS","OTRAS","acumara","NEI","NEI","Marine species NEI","Marine species NEI","Assigned based genus name and IHH functional group",NA,"low confidence","mismatch between keys","genus derived from known species",NA
"OTRAS","OTRAS","tijereta","Paranthias colonus","Paranthias","Demersal marine fishes","Demersal marine fishes","Assigned based genus name and IHH functional group",NA,"high confidence","match to IHH key","genus derived from known species",NA
"OTRAS","OTRAS","rastreador","Menticirrhus americanus","Menticirrhus",NA,"Demersal marine fishes","Assigned based genus name and IHH functional group",NA,"high confidence","match to Hem's key","genus derived from known species",NA
"OTRAS","OTRAS","abanderado","Perissias¬†taeniopterus","Perissias¬†taeniopterus","Demersal marine fishes","Demersal marine fishes","Assigned based genus name and IHH functional group",NA,"low confidence","mismatch between keys","genus derived from known species",NA
"OTRAS","OTRAS","jorobado","Caranx lugubris","Caranx","Pelagic marine fishes","Pelagic marine fishes","Assigned based genus name and IHH functional group",NA,"high confidence","logical match in both keys","genus derived from known species",NA
"OTRAS","OTRAS","vieja lora","NEI","NEI","Demersal marine fishes","Demersal marine fishes","Assigned based genus name and IHH functional group",NA,"low confidence","mismatch between keys","genus derived from known species",NA
"OTRAS","OTRAS","rayado","Hoplopagrus guentherii","Hoplopagrus","Demersal marine fishes","Demersal marine fishes","Assigned based genus name and IHH functional group",NA,"low confidence","mismatch between keys","genus derived from known species",NA
"OTRAS","OTRAS","pijolin","Centropomus robalito","Centropomus","Demersal marine fishes","Demersal marine fishes","Assigned based genus name and IHH functional group",NA,"high confidence","logical match in both keys","genus derived from known species",NA
"OTRAS","OTRAS","doradilla","Coryphaena hippurus","Coryphaena","Pelagic marine fishes","Pelagic marine fishes","Assigned based genus name and IHH functional group",NA,"high confidence","logical match in both keys","genus derived from known species",NA
"OTRAS","OTRAS","boquinegro","Haemulon flavolineatum","Haemulon",NA,"Demersal marine fishes","Assigned based genus name and IHH functional group",NA,"high confidence","match to Hem's key","genus derived from known species",NA
"ESPECIE GENERICA","OTRAS","especie generica","unknown",NA,NA,"unknown","Assigned_Manually: OTRAS treated differently than other major groups","Generic category; cannot assign species or genus.","not applicable","no data in keys","manual entry","NO"
"FAUNA","OTRAS","fauna acompa√±amiento","unknown",NA,NA,"unknown","Assigned_Manually: OTRAS treated differently than other major groups","Generic bycatch category; cannot assign species or genus.","not applicable","no data in keys","manual entry","NO"
"FAUNA","OTRAS","fauna acompaÔøΩamiento","unknown",NA,NA,"unknown","Assigned_Manually: OTRAS treated differently than other major groups","Generic category; cannot assign species or genus.","not applicable","no data in keys","manual entry","NO"
"ORNATO","OTRAS","barbo","unknown",NA,NA,"Marine fishes NEI","Assigned_Manually: OTRAS treated differently than other major groups","Some sort of fish","not applicable","no data in keys","manual entry","NO"
"ORNATO","OTRAS","especies ornato","unknown",NA,NA,"unknown","Assigned_Manually: OTRAS treated differently than other major groups","Generic ornamental category; cannot assign species or genus.","not applicable","no data in keys","manual entry","YES"
"ORNATO","OTRAS","estrella limpiadora","Luidia alternata","Luidia",NA,"Echinoderms","Assigned_Manually: OTRAS treated differently than other major groups","Sea stars; likely ornamental harvest","medium confidence","manual entry; medium confidence","manual entry","YES"
"ORNATO","OTRAS","peces ornato","unknown",NA,NA,"Marine fishes NEI","Assigned_Manually: OTRAS treated differently than other major groups","Generic ornamental fish category; cannot assign species or genus.","not applicable","no data in keys","manual entry","YES"
"ORNATO","OTRAS","pez payaso ornato","unknown","Amphiprion",NA,"Demersal marine fishes","Assigned_Manually: OTRAS treated differently than other major groups","Clownfish, ornamental","not applicable","no data in keys","manual entry","YES"
"ORNATO","OTRAS","tetra rojo","unknown",NA,NA,"Freshwater fishes","Assigned_Manually: OTRAS treated differently than other major groups","Red tetra; freshwater; likely ornamental","not applicable","no data in keys","manual entry","YES"
"OTRAS","OTRAS","abogado","unknown",NA,NA,"unknown","Assigned_Manually: OTRAS treated differently than other major groups","I don't know what this is… ?","not applicable","no data in keys","manual entry","NO"
"OTRAS","OTRAS","acedia","unknown",NA,NA,"unknown","Assigned_Manually: OTRAS treated differently than other major groups","I don't know what this is…","not applicable","no data in keys","manual entry","NO"
"OTRAS","OTRAS","acocil","Cambarellus montezumae","Cambarellus",NA,"Other freshwater taxa","Assigned_Manually: OTRAS treated differently than other major groups","Freshwater crayfish","High","conflicting matches in Hem's key and no data from IHH","manual entry","NO"
"OTRAS","OTRAS","agujilla","Belone belone","Belone",NA,"Pelagic marine fishes","Assigned_Manually: OTRAS treated differently than other major groups","European garfish","high confidence","match to Hem's key","genus derived from known species","NO"
"OTRAS","OTRAS","ala angel","unknown",NA,NA,"Demersal marine fishes","Assigned_Manually: OTRAS treated differently than other major groups","I am assuming from context this is an angel fish","not applicable","no data in keys","manual entry","POSSIBLY"
"OTRAS","OTRAS","arbolito","unknown",NA,NA,"unknown","Assigned_Manually: OTRAS treated differently than other major groups","I don't know what this is… an algae perhaps?","not applicable","no data in keys","manual entry","NO"
"OTRAS","OTRAS","armado","Orthopristis chrisopterus","Orthopristis",NA,"Demersal marine fishes","Assigned_Manually: OTRAS treated differently than other major groups","Porkfish / Sailfin grunt","high confidence","match to Hem's key","genus derived from known species","NO"
"OTRAS","OTRAS","bacinico","unknown",NA,NA,"unknown","Assigned_Manually: OTRAS treated differently than other major groups","I don't know what this is… a shellfish perhaps?","not applicable","no data in keys","manual entry",NA
"OTRAS","OTRAS","baina","unknown",NA,NA,"unknown","Assigned_Manually: OTRAS treated differently than other major groups","I don't know what this is… A shelfish of some sort?","not applicable","no data in keys","manual entry","NO"
"OTRAS","OTRAS","balao","Hemiramphus balao¬†","Hemiramphus",NA,"Pelagic marine fishes","Assigned_Manually: OTRAS treated differently than other major groups","Balao halfbeak","high confidence","match to Hem's key","genus derived from known species","NO"
"OTRAS","OTRAS","boca novia","unknown",NA,NA,"Demersal marine fishes","Assigned_Manually: OTRAS treated differently than other major groups","Some sort of drum or croaker","not applicable","no data in keys","manual entry","NO"
"OTRAS","OTRAS","bolin","Cyprinodon variegatus variegatus","Cyprinodon",NA,"Freshwater fishes","Assigned_Manually: OTRAS treated differently than other major groups","Sheepshead minnow","high confidence","match to Hem's key","genus derived from known species","NO"
"OTRAS","OTRAS","botete amarillo","Sphoeroides annulatus","Sphoeroides",NA,"Demersal marine fishes","Assigned_Manually: OTRAS treated differently than other major groups","Bullseye puffer","high confidence","match to Hem's key","genus derived from known species","POSSIBLY"
"OTRAS","OTRAS","botete diana","unknown",NA,NA,"Demersal marine fishes","Assigned_Manually: OTRAS treated differently than other major groups","Pufferfish?","not applicable","no data in keys","manual entry","POSSIBLY"
"OTRAS","OTRAS","botete negro","Sphoeroides annulatus","Sphoeroides",NA,"Demersal marine fishes","Assigned_Manually: OTRAS treated differently than other major groups","Bullseye puffer","high confidence","match to Hem's key","genus derived from known species","POSSIBLY"
"OTRAS","OTRAS","burriquete","unknown",NA,NA,"Demersal marine fishes","Assigned_Manually: OTRAS treated differently than other major groups","Some sort of porgy or grunt…","not applicable","conflicting matches in Hem's key and no data from IHH","manual entry","NO"
"OTRAS","OTRAS","caballito mar","unknown","Hippocampus",NA,"Demersal marine fishes","Assigned_Manually: OTRAS treated differently than other major groups","Sea horse; likely ornamental","not applicable","no data in keys","manual entry","YES"
"OTRAS","OTRAS","caiman","Bathygobius soporator¬†","Bathygobius",NA,"Demersal marine fishes","Assigned_Manually: OTRAS treated differently than other major groups","Frillfin goby","high confidence","match to Hem's key","genus derived from known species","NO"
"OTRAS","OTRAS","callo hacha","unknown","Atrina",NA,"Molluscs excl. Cephalopods","Assigned_Manually: OTRAS treated differently than other major groups","https://www.fondazioneslowfood.com/en/ark-of-taste-slow-food/callo-de-hacha/","not applicable","no data in keys","manual entry","POSSIBLY"
"OTRAS","OTRAS","callo hacha largo","unknown","Atrina",NA,"Molluscs excl. Cephalopods","Assigned_Manually: OTRAS treated differently than other major groups","https://www.fondazioneslowfood.com/en/ark-of-taste-slow-food/callo-de-hacha/","not applicable","no data in keys","manual entry","POSSIBLY"
"OTRAS","OTRAS","callo media luna","unknown",NA,NA,"Molluscs excl. Cephalopods","Assigned_Manually: OTRAS treated differently than other major groups","Some sort of scallop or oyster, check with experts if ornamental","not applicable","no data in keys","manual entry","POSSIBLY"
"OTRAS","OTRAS","cangrejo ara√±a","unknown",NA,NA,"Crustaceans","Assigned_Manually: OTRAS treated differently than other major groups","Spider crab","not applicable","no data in keys","manual entry","NO"
"OTRAS","OTRAS","cangrejo ermita√±o","Pagurus bernhardus","Pagurus",NA,"Crustaceans","Assigned_Manually: OTRAS treated differently than other major groups","Common hermit crab","high confidence","match to Hem's key","genus derived from known species","POSSIBLY"
"OTRAS","OTRAS","cangrejo ermitaÔøΩo","unknown","Pagurus",NA,"Crustaceans","Assigned_Manually: OTRAS treated differently than other major groups","Hermit crab","not applicable","no data in keys","manual entry","POSSIBLY"
"OTRAS","OTRAS","cangrejo gallo","Calappa granulata","Calappa",NA,"Crustaceans","Assigned_Manually: OTRAS treated differently than other major groups","Red-spotted box crab","high confidence","match to Hem's key","genus derived from known species","NO"
"OTRAS","OTRAS","cangrejo moro manglar","Ucides cordatus","Ucides",NA,"Crustaceans","Assigned_Manually: OTRAS treated differently than other major groups","Mangrove crab; ask experts if ornamental use","high confidence","manual entry; extremely high confidence","manual entry","POSSIBLY"
"OTRAS","OTRAS","cangrejo moteado roca","unknown",NA,NA,"Crustaceans","Assigned_Manually: OTRAS treated differently than other major groups","Rock crab; ask experts if ornamental use","not applicable","no data in keys","manual entry","POSSIBLY"
"OTRAS","OTRAS","cangrejo pulpa","unknown",NA,NA,"Crustaceans","Assigned_Manually: OTRAS treated differently than other major groups","Most likely Callinectes but cannot say for certain.","not applicable","no data in keys","manual entry","NO"
"OTRAS","OTRAS","cangrejo rey","Chaceon affinis","Chaceon",NA,"Crustaceans","Assigned_Manually: OTRAS treated differently than other major groups","Deep-sea red crab","high confidence","match to Hem's key","genus derived from known species","NO"
"OTRAS","OTRAS","cangrejo rojo roca","Grapsus grapsus","Grapsus",NA,"Crustaceans","Assigned_Manually: OTRAS treated differently than other major groups","Red rock crab; ask experts if ornamental use","high confidence","manual entry; extremely high confidence","manual entry","POSSIBLY"
"OTRAS","OTRAS","charchina","unknown",NA,NA,"unknown","Assigned_Manually: OTRAS treated differently than other major groups","I don't know what this is… an urchin perhaps?","not applicable","no data in keys","manual entry",NA
"OTRAS","OTRAS","charrito","unknown",NA,NA,"Pelagic marine fishes","Assigned_Manually: OTRAS treated differently than other major groups","Likely some form of jack mackerel or lookdown","not applicable","conflicting matches in Hem's key and no data from IHH","manual entry","NO"
"OTRAS","OTRAS","charrito","Trachurus Symmetricus","Trachurus",NA,"Pelagic marine fishes","Assigned_Manually: OTRAS treated differently than other major groups","Pacific jack mackerel","virtually certain","name was recorded in CONAPESCA","genus derived from known species","NO"
"OTRAS","OTRAS","chencay","Hemirhamphus brasiliensis","Hemirhamphus",NA,"Pelagic marine fishes","Assigned_Manually: OTRAS treated differently than other major groups","Brazilian halfbeak","high confidence","match to Hem's key","genus derived from known species","NO"
"OTRAS","OTRAS","chicharro","Selar crumenophthalmus","Selar",NA,"Pelagic marine fishes","Assigned_Manually: OTRAS treated differently than other major groups","Bigeye scad","high confidence","match to Hem's key","genus derived from known species","NO"
"OTRAS","OTRAS","chopa amarilla","Spondyliosoma cantharus","Spondyliosoma",NA,"Demersal marine fishes","Assigned_Manually: OTRAS treated differently than other major groups","Black seabream","high confidence","match to Hem's key","genus derived from known species","NO"
"OTRAS","OTRAS","chopa espina","Spondyliosoma cantharus","Spondyliosoma",NA,"Demersal marine fishes","Assigned_Manually: OTRAS treated differently than other major groups","Black seabream","high confidence","match to Hem's key","genus derived from known species","NO"
"OTRAS","OTRAS","chupalodo","Gillichthys mirabilis","Gillichthys",NA,"Demersal marine fishes","Assigned_Manually: OTRAS treated differently than other major groups","Longjaw mudsucker, large bogy","high confidence","match to Hem's key","genus derived from known species","NO"
"OTRAS","OTRAS","cocodrilo","Pseudocarcharias kamoharai","Pseudocarcharias",NA,"Sharks","Assigned_Manually: OTRAS treated differently than other major groups","Mackerel shark","high confidence","match to Hem's key","genus derived from known species","NO"
"OTRAS","OTRAS","cocuyo","Bairdiella ronchus","Bairdiella",NA,"Demersal marine fishes","Assigned_Manually: OTRAS treated differently than other major groups","Gulf croaker","high confidence","match to Hem's key","genus derived from known species","NO"
"OTRAS","OTRAS","codorniz","Cheilotrema saturnum","Cheilotrema",NA,"Demersal marine fishes","Assigned_Manually: OTRAS treated differently than other major groups","Blackcroaker","high confidence","match to Hem's key","genus derived from known species","NO"
"OTRAS","OTRAS","cojinete","unknown",NA,NA,"unknown","Assigned_Manually: OTRAS treated differently than other major groups","I don't know what this is… A fish of some sort?","not applicable","no data in keys","manual entry","NO"
"OTRAS","OTRAS","congrio","unknown",NA,NA,"Demersal marine fishes","Assigned_Manually: OTRAS treated differently than other major groups","An eel of some sort","not applicable","no data in keys","manual entry","NO"
"OTRAS","OTRAS","coral","unknown",NA,NA,"Other marine invertebrates","Assigned_Manually: OTRAS treated differently than other major groups","Coral; likely ornamental?","not applicable","no data in keys","manual entry","POSSIBLY"
"OTRAS","OTRAS","coral blanco","unknown",NA,NA,"Other marine invertebrates","Assigned_Manually: OTRAS treated differently than other major groups","Coral; likely ornamental?","not applicable","no data in keys","manual entry","POSSIBLY"
"OTRAS","OTRAS","coruco","Cathorops aguadulce","Cathorops",NA,"Freshwater fishes","Assigned_Manually: OTRAS treated differently than other major groups","Freshwater sea catfish","high confidence","match to Hem's key","genus derived from known species","NO"
"OTRAS","OTRAS","corvinato","unknown",NA,NA,"Demersal marine fishes","Assigned_Manually: OTRAS treated differently than other major groups","Assuming corvina type fish","not applicable","no data in keys","manual entry","NO"
"OTRAS","OTRAS","crappie","unknown","Pomoxis",NA,"Freshwater fishes","Assigned_Manually: OTRAS treated differently than other major groups","Freshwater sunfish","not applicable","conflicting matches in Hem's key and no data from IHH","manual entry","NO"
"OTRAS","OTRAS","criollo","unknown",NA,NA,"unknown","Assigned_Manually: OTRAS treated differently than other major groups","I don't know what this is… not enough information to know?","not applicable","no data in keys","manual entry","NO"
"OTRAS","OTRAS","cubera","Lujtanus cyanopterus","Lujtanus",NA,"Demersal marine fishes","Assigned_Manually: OTRAS treated differently than other major groups","Bluefin snapper","high confidence","match to Hem's key","genus derived from known species","NO"
"OTRAS","OTRAS","cuchilla","Dorosoma cepedianum","Dorosoma",NA,"Freshwater fishes","Assigned_Manually: OTRAS treated differently than other major groups","Gizzard shad","high confidence","match to Hem's key","genus derived from known species","NO"
"OTRAS","OTRAS","escochin","unknown",NA,NA,"Demersal marine fishes","Assigned_Manually: OTRAS treated differently than other major groups","Triggerfish?","not applicable","no data in keys","manual entry","NO"
"OTRAS","OTRAS","espadin","Clupanodon phalerica","Clupanodon",NA,"Freshwater fishes","Assigned_Manually: OTRAS treated differently than other major groups","Japanese gizzard shad","high confidence","match to Hem's key","genus derived from known species","NO"
"OTRAS","OTRAS","estrella mar","unknown",NA,NA,"Echinoderms","Assigned_Manually: OTRAS treated differently than other major groups","Sea stars; likely ornamental harvest","not applicable","no data in keys","manual entry","YES"
"OTRAS","OTRAS","galleta mar","unknown","Dendraster",NA,"Echinoderms","Assigned_Manually: OTRAS treated differently than other major groups","Sand dollar; likely ornamental harvest","not applicable","no data in keys","manual entry","YES"
"OTRAS","OTRAS","gallineta","Helicolenus dactylopterus","Helicolenus",NA,"Demersal marine fishes","Assigned_Manually: OTRAS treated differently than other major groups","Blackbelly rosefish, looks like a rockfish","high confidence","match to Hem's key","genus derived from known species","NO"
"OTRAS","OTRAS","guacamaya","unknown",NA,NA,"Demersal marine fishes","Assigned_Manually: OTRAS treated differently than other major groups","A rainbow parrotfish?","not applicable","conflicting matches in Hem's key and no data from IHH","manual entry","NO"
"OTRAS","OTRAS","hacha china","Atrina maura","Atrina",NA,"Molluscs excl. Cephalopods","Assigned_Manually: OTRAS treated differently than other major groups","Pinna, callo de hacha","high confidence","match to Hem's key","genus derived from known species","POSSIBLY"
"OTRAS","OTRAS","hacha larga","Pinna rugosa","Pinna",NA,"Molluscs excl. Cephalopods","Assigned_Manually: OTRAS treated differently than other major groups","Rough pen shell","high confidence","match to Hem's key","genus derived from known species","POSSIBLY"
"OTRAS","OTRAS","indio","Paranthias furcifer","Paranthias",NA,"Demersal marine fishes","Assigned_Manually: OTRAS treated differently than other major groups","Creole fish","high confidence","match to Hem's key","genus derived from known species","NO"
"OTRAS","OTRAS","isabelita","Chaetodipterus faber¬†","Chaetodipterus",NA,"Demersal marine fishes","Assigned_Manually: OTRAS treated differently than other major groups","Atlantic spadefish","high confidence","match to Hem's key","genus derived from known species","NO"
"OTRAS","OTRAS","jopaton","Microlepidotus inornatus","Microlepidotus",NA,"Demersal marine fishes","Assigned_Manually: OTRAS treated differently than other major groups","California croaker / grunt","high confidence","match to Hem's key","genus derived from known species","NO"
"OTRAS","OTRAS","jordan","unknown",NA,NA,"Marine fishes NEI","Assigned_Manually: OTRAS treated differently than other major groups","My gut tells me sort of fish","not applicable","no data in keys","manual entry","NO"
"OTRAS","OTRAS","juez","Bathystoma rimator","Bathystoma",NA,"Demersal marine fishes","Assigned_Manually: OTRAS treated differently than other major groups","grunt","high confidence","match to Hem's key","genus derived from known species","NO"
"OTRAS","OTRAS","lacha","Brevoortia pectinata","Brevoortia",NA,"Pelagic marine fishes","Assigned_Manually: OTRAS treated differently than other major groups","Gulf menhaden","high confidence","match to Hem's key","genus derived from known species","NO"
"OTRAS","OTRAS","lagartija","unknown",NA,NA,"Demersal marine fishes","Assigned_Manually: OTRAS treated differently than other major groups","Looks like a lizardfish","not applicable","conflicting matches in Hem's key and no data from IHH","manual entry","NO"
"OTRAS","OTRAS","lagarto","Synodus foetens","Synodus",NA,"Demersal marine fishes","Assigned_Manually: OTRAS treated differently than other major groups","Inshore lizardfish","high confidence","match to Hem's key","genus derived from known species","NO"
"OTRAS","OTRAS","loro jabonero","Nicholsina usta","Nicholsina",NA,"Demersal marine fishes","Assigned_Manually: OTRAS treated differently than other major groups","Emerald parrotfish","high confidence","match to Hem's key","genus derived from known species","NO"
"OTRAS","OTRAS","machete","Ethmidium maculatum","Ethmidium",NA,"Pelagic marine fishes","Assigned_Manually: OTRAS treated differently than other major groups","Pacific menhaden","high confidence","match to Hem's key","genus derived from known species","NO"
"OTRAS","OTRAS","madre perla","unknown",NA,NA,"Molluscs excl. Cephalopods","Assigned_Manually: OTRAS treated differently than other major groups","Mother of pearl, possibly oyster","not applicable","conflicting matches in Hem's key and no data from IHH","manual entry","YES"
"OTRAS","OTRAS","marlin azul","Makaira ampla","Makaira",NA,"Pelagic marine fishes","Assigned_Manually: OTRAS treated differently than other major groups","Atlantic blue marlin","high confidence","match to Hem's key","genus derived from known species","NO"
"OTRAS","OTRAS","marlin blanco","Tetrapturus albidus","Tetrapturus",NA,"Pelagic marine fishes","Assigned_Manually: OTRAS treated differently than other major groups","White marlin","high confidence","match to Hem's key","genus derived from known species","NO"
"OTRAS","OTRAS","marlin negro","Makaira indica","Makaira",NA,"Pelagic marine fishes","Assigned_Manually: OTRAS treated differently than other major groups","Black marlin","high confidence","match to Hem's key","genus derived from known species","NO"
"OTRAS","OTRAS","marlin rayado","Tetrapturus audax","Tetrapturus",NA,"Pelagic marine fishes","Assigned_Manually: OTRAS treated differently than other major groups","Striped marlin","high confidence","match to Hem's key","genus derived from known species","NO"
"OTRAS","OTRAS","matagatos","Brycon falcatus","Brycon",NA,"Freshwater fishes","Assigned_Manually: OTRAS treated differently than other major groups","small ray-finned freshwater fish","high confidence","match to Hem's key","genus derived from known species","NO"
"OTRAS","OTRAS","matajuelo","Holocentrus ascensionis","Holocentrus",NA,"Demersal marine fishes","Assigned_Manually: OTRAS treated differently than other major groups","Squirrelfish","high confidence","match to Hem's key","genus derived from known species","NO"
"OTRAS","OTRAS","mataperro","Sphoeriodes testudinaeus","Sphoeriodes",NA,"Demersal marine fishes","Assigned_Manually: OTRAS treated differently than other major groups","Checkered puffer","high confidence","match to Hem's key","genus derived from known species","POSSIBLY"
"OTRAS","OTRAS","maula","unknown",NA,NA,"unknown","Assigned_Manually: OTRAS treated differently than other major groups","I don't know what this is… a fish?","not applicable","no data in keys","manual entry","NO"
"OTRAS","OTRAS","medusa bola ca√±on","Stomolophus meleagris","Stomolophus",NA,"Jellies","Assigned_Manually: OTRAS treated differently than other major groups","Jellyfish!","high confidence","manual entry; extremely high confidence","manual entry","NO"
"OTRAS","OTRAS","medusa bola caÔøΩon","Stomolophus meleagris","Stomolophus",NA,"Jellies","Assigned_Manually: OTRAS treated differently than other major groups","Jellyfish!","high confidence","manual entry; extremely high confidence","manual entry","NO"
"OTRAS","OTRAS","naca","Dormitator maculatus","Dormitator",NA,"Freshwater fishes","Assigned_Manually: OTRAS treated differently than other major groups","Fat sleeper, cute freshwater fish","high confidence","match to Hem's key","genus derived from known species","POSSIBLY"
"OTRAS","OTRAS","nacar","unknown",NA,NA,"Molluscs excl. Cephalopods","Assigned_Manually: OTRAS treated differently than other major groups","Mother of pearl, possibly oyster","not applicable","no data in keys","manual entry","YES"
"OTRAS","OTRAS","nacar callo","unknown","Atrina",NA,"Molluscs excl. Cephalopods","Assigned_Manually: OTRAS treated differently than other major groups","I think this is suggesting nacar from Callo de Hacha","not applicable","no data in keys","manual entry","YES"
"OTRAS","OTRAS","nacar medias perlas cultivadas","Pinctada mazatlanica","Pinctada",NA,"Molluscs excl. Cephalopods","Assigned_Manually: OTRAS treated differently than other major groups","Pearl oysters","high confidence","manual entry; extremely high confidence","manual entry","YES"
"OTRAS","OTRAS","nacar perlas cultivadas","Pinctada mazatlanica","Pinctada",NA,"Molluscs excl. Cephalopods","Assigned_Manually: OTRAS treated differently than other major groups","Pearl oysters","high confidence","manual entry; extremely high confidence","manual entry","YES"
"OTRAS","OTRAS","negrillo","unknown",NA,NA,"Demersal marine fishes","Assigned_Manually: OTRAS treated differently than other major groups","Probably a grouper","not applicable","conflicting matches in Hem's key and no data from IHH","manual entry","NO"
"OTRAS","OTRAS","orihuelos","unknown",NA,NA,"unknown","Assigned_Manually: OTRAS treated differently than other major groups","I don't know what this is… a fish?","not applicable","no data in keys","manual entry","NO"
"OTRAS","OTRAS","otras especies agua marina sin registro oficial","unknown",NA,NA,"unknown","Assigned_Manually: OTRAS treated differently than other major groups","Generic category; cannot assign species or genus.","not applicable","no data in keys","manual entry","NO"
"OTRAS","OTRAS","otras especies sin registro oficial","unknown",NA,NA,"unknown","Assigned_Manually: OTRAS treated differently than other major groups","Generic category; cannot assign species or genus.","not applicable","no data in keys","manual entry","NO"
"OTRAS","OTRAS","pata cabra","unknown",NA,NA,"Other marine invertebrates","Assigned_Manually: OTRAS treated differently than other major groups","Some sort of intertidal invertebrate?","not applicable","no data in keys","manual entry","NO"
"OTRAS","OTRAS","peje lagarto","Lepidoseus viridis","Lepidoseus",NA,"Freshwater fishes","Assigned_Manually: OTRAS treated differently than other major groups","Possibly a freshwater gar?","high confidence","match to Hem's key","genus derived from known species","NO"
"OTRAS","OTRAS","perca","unknown",NA,NA,"Marine fishes NEI","Assigned_Manually: OTRAS treated differently than other major groups","A surf perch?","not applicable","no data in keys","manual entry","NO"
"OTRAS","OTRAS","pescadilla","Merluccius productus","Merluccius",NA,"Demersal marine fishes","Assigned_Manually: OTRAS treated differently than other major groups","Pacific hake","high confidence","match to Hem's key","genus derived from known species","NO"
"OTRAS","OTRAS","pez globo","unknown","Arothron",NA,"Demersal marine fishes","Assigned_Manually: OTRAS treated differently than other major groups","Arothron according to Hem's key","not applicable","conflicting matches in Hem's key and no data from IHH","manual entry","POSSIBLY"
"OTRAS","OTRAS","pez mar","unknown",NA,NA,"Marine fishes NEI","Assigned_Manually: OTRAS treated differently than other major groups","Generic marine fish category; cannot assign species or genus.","not applicable","no data in keys","manual entry","NO"
"OTRAS","OTRAS","pez peine","Pristis pectinata¬†","Pristis",NA,"Sharks","Assigned_Manually: OTRAS treated differently than other major groups","Smalltooth sawfish","high confidence","match to Hem's key","genus derived from known species","NO"
"OTRAS","OTRAS","pez se√±orita","Albula vulpes","Albula",NA,"Demersal marine fishes","Assigned_Manually: OTRAS treated differently than other major groups","Bonefish","high confidence","match to Hem's key","genus derived from known species","NO"
"OTRAS","OTRAS","pez volador","Oxyporhamphus micropterus","Oxyporhamphus",NA,"Pelagic marine fishes","Assigned_Manually: OTRAS treated differently than other major groups","Shortfin flyingfish","high confidence","match to Hem's key","genus derived from known species","NO"
"OTRAS","OTRAS","picua corsaria","Sphyraena barracuda","Sphyraena",NA,"Pelagic marine fishes","Assigned_Manually: OTRAS treated differently than other major groups","Great barracuda","high confidence","match to Hem's key","genus derived from known species","NO"
"OTRAS","OTRAS","pistola","Fistularia petimba","Fistularia",NA,"Pelagic marine fishes","Assigned_Manually: OTRAS treated differently than other major groups","Red cornetfish","high confidence","match to Hem's key","genus derived from known species","NO"
"OTRAS","OTRAS","plantas acuaticas","unknown",NA,NA,"Marine algae","Assigned_Manually: OTRAS treated differently than other major groups","Plants or algae of some sort","not applicable","no data in keys","manual entry","NO"
"OTRAS","OTRAS","pollo","Helicolenus dactylopterus","Helicolenus",NA,"Demersal marine fishes","Assigned_Manually: OTRAS treated differently than other major groups","Blackbelly rosefish","high confidence","match to Hem's key","genus derived from known species","NO"
"OTRAS","OTRAS","rana","unknown",NA,NA,"Other freshwater taxa","Assigned_Manually: OTRAS treated differently than other major groups","Frogs!","not applicable","no data in keys","manual entry","NO"
"OTRAS","OTRAS","rana leopardo","Rana brownorum","Rana",NA,"Other freshwater taxa","Assigned_Manually: OTRAS treated differently than other major groups","Brown’s frog","high confidence","match to Hem's key","genus derived from known species","NO"
"OTRAS","OTRAS","rana toro","Rana catesbeiana¬†","Rana",NA,"Other freshwater taxa","Assigned_Manually: OTRAS treated differently than other major groups","American bullfrog","high confidence","match to Hem's key","genus derived from known species","NO"
"OTRAS","OTRAS","ratina","unknown",NA,NA,"unknown","Assigned_Manually: OTRAS treated differently than other major groups","I don't know what this is… a fish perhaps?","not applicable","no data in keys","manual entry",NA
"OTRAS","OTRAS","ripio","unknown",NA,NA,"unknown","Assigned_Manually: OTRAS treated differently than other major groups","Generic category; cannot assign species or genus.","not applicable","no data in keys","manual entry","NO"
"OTRAS","OTRAS","roca se","unknown",NA,NA,"unknown","Assigned_Manually: OTRAS treated differently than other major groups","I don't know what this is… a shellfish perhaps?","not applicable","no data in keys","manual entry",NA
"OTRAS","OTRAS","sanducha","unknown",NA,NA,"unknown","Assigned_Manually: OTRAS treated differently than other major groups","I don't know what this is… A shelfish of some sort?","not applicable","no data in keys","manual entry","NO"
"OTRAS","OTRAS","sargo","Diplodus sargus","Diplodus",NA,"Demersal marine fishes","Assigned_Manually: OTRAS treated differently than other major groups","White seabream","high confidence","match to Hem's key","genus derived from known species","NO"
"OTRAS","OTRAS","serrano","Alphestes galapagensis","Alphestes",NA,"Demersal marine fishes","Assigned_Manually: OTRAS treated differently than other major groups","Galapagos rockcod","high confidence","match to Hem's key","genus derived from known species","NO"
"OTRAS","OTRAS","soldadito","Bellator militaris","Bellator",NA,"Demersal marine fishes","Assigned_Manually: OTRAS treated differently than other major groups","Horned sea robin","high confidence","match to Hem's key","genus derived from known species","NO"
"OTRAS","OTRAS","tambor","unknown",NA,NA,"Demersal marine fishes","Assigned_Manually: OTRAS treated differently than other major groups","Some sort of drum","not applicable","no data in keys","manual entry","NO"
"OTRAS","OTRAS","tolete","unknown",NA,NA,"Pelagic marine fishes","Assigned_Manually: OTRAS treated differently than other major groups","Looks like this is probably a barracuda","not applicable","conflicting matches in Hem's key and no data from IHH","manual entry","NO"
"OTRAS","OTRAS","tomate","Actinia equina","Actinia",NA,"Other marine invertebrates","Assigned_Manually: OTRAS treated differently than other major groups","Beadlet sea anemone","high confidence","match to Hem's key","genus derived from known species","POSSIBLY"
"OTRAS","OTRAS","tonzac","unknown",NA,NA,"unknown","Assigned_Manually: OTRAS treated differently than other major groups","I don't know what this is… a shellfish perhaps?","not applicable","no data in keys","manual entry",NA
"OTRAS","OTRAS","topote","unknown",NA,NA,"Freshwater fishes","Assigned_Manually: OTRAS treated differently than other major groups","Mollies; freshwater; likely ornamental","not applicable","no data in keys","manual entry","POSSIBLY"
"OTRAS","OTRAS","topote del pac√≠fico","unknown",NA,NA,"Freshwater fishes","Assigned_Manually: OTRAS treated differently than other major groups","Likely freshwater","not applicable","no data in keys","manual entry","NO"
"OTRAS","OTRAS","topuche","unknown",NA,NA,"unknown","Assigned_Manually: OTRAS treated differently than other major groups","I don't know what this is… A shelfish of some sort?","not applicable","no data in keys","manual entry","NO"
"PECES DE ORNATO","OTRAS","angel","unknown",NA,NA,"unknown","Assigned_Manually: OTRAS treated differently than other major groups","Angel fish, pressumably freshwater but not totally clear; ask an expert","not applicable","no data in keys","genus unknown","YES"
"PECES DE ORNATO","OTRAS","barbo","unknown",NA,NA,"Freshwater fishes","Assigned_Manually: OTRAS treated differently than other major groups","Freshwater bard (small) fish","not applicable","no data in keys","genus unknown","YES"
"PECES DE ORNATO","OTRAS","barbo tigre","Sumatrano","Sumatrano",NA,"Freshwater fishes","Assigned_Manually: OTRAS treated differently than other major groups","Freshwater bard (small) fish","virtually certain","name was recorded in CONAPESCA","genus derived from known species","YES"
"PECES DE ORNATO","OTRAS","beta","unknown",NA,NA,"Freshwater fishes","Assigned_Manually: OTRAS treated differently than other major groups","Beta fish","not applicable","no data in keys","genus unknown","YES"
"PECES DE ORNATO","OTRAS","cebra rayada","unknown",NA,NA,"Freshwater fishes","Assigned_Manually: OTRAS treated differently than other major groups","Zabra danio small fish","not applicable","no data in keys","genus unknown","YES"
"PECES DE ORNATO","OTRAS","espada","unknown",NA,NA,"Freshwater fishes","Assigned_Manually: OTRAS treated differently than other major groups","Swordtail minnow","not applicable","no data in keys","genus unknown","YES"
"PECES DE ORNATO","OTRAS","especies ornato","unknown",NA,NA,"unknown","Assigned_Manually: OTRAS treated differently than other major groups","Generic category; cannot assign species or genus.","not applicable","no data in keys","genus unknown","YES"
"PECES DE ORNATO","OTRAS","guppy","unknown",NA,NA,"Freshwater fishes","Assigned_Manually: OTRAS treated differently than other major groups","freshwater guppy","not applicable","no data in keys","genus unknown","YES"
"PECES DE ORNATO","OTRAS","molly","unknown",NA,NA,"Freshwater fishes","Assigned_Manually: OTRAS treated differently than other major groups","freshwater molly","not applicable","no data in keys","genus unknown","YES"
"PECES DE ORNATO","OTRAS","peces ornato","unknown",NA,NA,"unknown","Assigned_Manually: OTRAS treated differently than other major groups","Generic category; cannot assign species or genus.","not applicable","no data in keys","genus unknown","YES"
"PECES DE ORNATO","OTRAS","tetra buenos aires","unknown",NA,NA,"Freshwater fishes","Assigned_Manually: OTRAS treated differently than other major groups","freshwater tetra","not applicable","no data in keys","genus unknown","YES"
"PECES DE ORNATO","OTRAS","tetra ping√ºino","unknown",NA,NA,"Freshwater fishes","Assigned_Manually: OTRAS treated differently than other major groups","freshwater tetra","not applicable","no data in keys","genus unknown","YES"
"PECES DE ORNATO","OTRAS","tetra rojo","unknown",NA,NA,"Freshwater fishes","Assigned_Manually: OTRAS treated differently than other major groups","freshwater tetra","not applicable","no data in keys","genus unknown","YES"
