"state","landing_site","inside_GOC","est_habitat","lat_final","lon_final","FLAGS","HemKey_lat","HemKey_lon","MelKey_lat","MelKey_lon","OHI_region_draft","site_notes_Mel"
"SONORA","PUERTO PE√ëASCO","yes",NA,31.31,-113.54,NA,NA,NA,31.31,-113.54,"Sonora_North",NA
"SONORA","YAVAROS","yes",NA,26.702,-109.521,NA,NA,NA,26.702,-109.521,"Sonora_South",NA
"BAJA CALIFORNIA","ENSENADA","no",NA,31.8421621962963,-116.59740172963,"high confidence",31.8421621962963,-116.59740172963,31.8508,-116.6007,"Baja_California_North",NA
"BAJA CALIFORNIA","EL SAUZAL","no",NA,31.884,-116.6839,NA,NA,NA,31.884,-116.6839,"Baja_California_North",NA
"SONORA","LAGUNA LAS FLORES Y GOLFO DE MEXICO",NA,NA,NA,NA,NA,NA,NA,NA,NA,NA,NA
"SINALOA","LAGUNA LAS FLORES Y GOLFO DE MEXICO",NA,NA,NA,NA,NA,NA,NA,NA,NA,NA,NA
"NAYARIT","LAGUNA LAS FLORES Y GOLFO DE MEXICO",NA,NA,NA,NA,NA,NA,NA,NA,NA,NA,NA
"BAJA CALIFORNIA","LAGUNA LAS FLORES Y GOLFO DE MEXICO","yes",NA,24.5843,-110.7416,NA,NA,NA,24.5843,-110.7416,"Baja_California_South",NA
"BAJA CALIFORNIA SUR","LAGUNA LAS FLORES Y GOLFO DE MEXICO",NA,NA,NA,NA,NA,NA,NA,NA,NA,NA,NA
"SINALOA","MAZATLAN",NA,NA,23.2248653166667,-106.416681944444,"high confidence",23.2248653166667,-106.416681944444,NA,NA,NA,NA
"SINALOA","TOPOLOBAMPO",NA,NA,25.5982674305556,-109.049723444444,"high confidence",25.5982674305556,-109.049723444444,NA,NA,NA,NA
"SONORA","GUAYMAS","yes",NA,27.9197,-110.894,NA,NA,NA,27.9197,-110.894,"Sonora_South",NA
"BAJA CALIFORNIA","SAN FELIPE","yes",NA,31.0220527944444,-114.838044747222,"high confidence",31.0220527944444,-114.838044747222,31.0173,-114.8335,"Baja_California_North",NA
"BAJA CALIFORNIA SUR","PICHILINGUE","yes",NA,24.27183215,-110.32755775,"high confidence",24.27183215,-110.32755775,24.2831,-110.3326,"Baja_California_Sur_South",NA
"BAJA CALIFORNIA SUR","SAN CARLOS","no",NA,24.78975,-112.108,"alert 2: multiple lat-long values in Hem's key that are more than 1 degree apart",24.78975,-112.108,24.7661,-111.9669,"Baja_California_Sur_South",NA
"BAJA CALIFORNIA SUR","PTO ADOLFO LOPEZ MATEOS","no",NA,25.1889,-112.1185,NA,NA,NA,25.1889,-112.1185,"Baja_California_Sur_South",NA
"NAYARIT","SAN BLAS",NA,NA,NA,NA,NA,NA,NA,NA,NA,NA,NA
"JALISCO","LAGUNA LAS FLORES Y GOLFO DE MEXICO",NA,"marine",NA,NA,NA,NA,NA,NA,NA,NA,"Matches Laguna Las Flores near Paraíso, Tabasco; coordinates from CONAGUA “Calidad de Agua Superficial 2021” (site LAGUNA LAS FLORES). This landing site name adds “y Golfo de México”, so I’d treat this as the lagoon outlet system on that coast, not Jalisco. (files.conagua.gob.mx)"
"JALISCO","PUERTO VALLARTA",NA,"marine",20.4868055555556,-105.183611111111,"high confidence",20.4868055555556,-105.183611111111,20.6534,-105.2253,"Nayarit/Jalisco","main port; obvious location"
"SONORA","BAHIA DE KINO","yes",NA,28.8255225,-111.939685277778,"high confidence",28.8255225,-111.939685277778,28.7912,-111.958,"Sonora_Mid",NA
"BAJA CALIFORNIA SUR","SAN LUCAS","yes",NA,22.891,-109.888,"alert 4: the lat-long values in Hem's key do not match the lat-long values in Mel's key by more than 2 degrees",25.9034673148148,-112.12543212963,22.891,-109.888,"Baja_California_Sur_South",NA
"BAJA CALIFORNIA SUR","BAHIA ASUNCION","no",NA,27.1409019444444,-114.297558055556,"high confidence",27.1409019444444,-114.297558055556,27.1436,-114.2905,"Baja_California_Sur_North",NA
"BAJA CALIFORNIA SUR","MATANCITAS","no",NA,23.7985186111111,-110.220898611111,"alert 3: multiple lat-long values in Hem's key that are more than 2 degrees apart",23.7985186111111,-110.220898611111,25.3,-112.03,"Baja_California_Sur_South",NA
"BAJA CALIFORNIA","BAHIA DE LOS ANGELES","yes",NA,28.9890473611111,-113.555491388889,"high confidence",28.9890473611111,-113.555491388889,29.03,-113.551,"Baja_California_South",NA
"NAYARIT","CRUZ DE HUANACAXTLE",NA,NA,NA,NA,NA,NA,NA,NA,NA,NA,NA
"SONORA","GOLFO DE SANTA CLARA","yes",NA,31.6899486111111,-114.500918611111,"high confidence",31.6899486111111,-114.500918611111,31.6835,-114.484,"Sonora_North",NA
"SONORA","PAREDON COLORADO","yes",NA,27.0441,-109.934,NA,NA,NA,27.0441,-109.934,"Sonora_South",NA
"BAJA CALIFORNIA SUR","LA PAZ","yes",NA,24.1467119333333,-110.308781033333,"high confidence",24.1467119333333,-110.308781033333,24.1494,-110.3229,"Baja_California_Sur_South",NA
"BAJA CALIFORNIA SUR","PUNTA ABREOJOS","no",NA,26.715159662963,-113.574164922222,"high confidence",26.715159662963,-113.574164922222,26.7077,-113.5742,"Baja_California_Sur_North",NA
"SINALOA","LA PUERTA",NA,NA,NA,NA,NA,NA,NA,NA,NA,NA,NA
"NAYARIT","EL SAUZAL",NA,NA,NA,NA,NA,NA,NA,NA,NA,NA,NA
"BAJA CALIFORNIA SUR","BAHIA TORTUGAS","no",NA,27.6926928444444,-114.896186183333,"high confidence",27.6926928444444,-114.896186183333,27.6338,-114.8805,"Baja_California_Sur_North",NA
"SONORA","PARAJE NUEVO",NA,NA,NA,NA,NA,NA,NA,NA,NA,NA,NA
"SONORA","SAN NICOLAS","yes",NA,28.4617,-111.76,NA,NA,NA,28.4617,-111.76,"Sonora_Mid",NA
"SONORA","LA PUERTA",NA,NA,NA,NA,NA,NA,NA,NA,NA,NA,NA
"SINALOA","TEACAPAN, SIN.",NA,NA,NA,NA,NA,NA,NA,NA,NA,NA,NA
"BAJA CALIFORNIA","ISLA CEDROS","no",NA,28.189,-115.216,NA,NA,NA,28.189,-115.216,"Baja_California_South",NA
"BAJA CALIFORNIA","LA PUERTA",NA,NA,NA,NA,NA,NA,NA,NA,NA,NA,NA
"SONORA","SANTA BARBARA","yes",NA,27.1214797222222,-108.721801388889,"alert 3: multiple lat-long values in Hem's key that are more than 2 degrees apart",27.1214797222222,-108.721801388889,26.678,-109.542,"Sonora_South",NA
"NAYARIT","NO CONSIDERADO",NA,NA,NA,NA,NA,NA,NA,NA,NA,NA,NA
"SINALOA","NO CONSIDERADO",NA,NA,NA,NA,NA,NA,NA,NA,NA,NA,NA
"BAJA CALIFORNIA","NO CONSIDERADO",NA,NA,NA,NA,NA,NA,NA,NA,NA,NA,NA
"SONORA","NO CONSIDERADO",NA,NA,NA,NA,NA,NA,NA,NA,NA,NA,NA
"BAJA CALIFORNIA SUR","NO CONSIDERADO",NA,NA,NA,NA,NA,NA,NA,NA,NA,NA,NA
"JALISCO","NO CONSIDERADO",NA,NA,NA,NA,NA,NA,NA,NA,NA,NA,NA
"BAJA CALIFORNIA SUR","SANTA ROSALIA","yes",NA,27.3368683333333,-112.268274722222,"high confidence",27.3368683333333,-112.268274722222,27.3397,-112.2631,"Baja_California_Sur_North",NA
"BAJA CALIFORNIA","SAN CARLOS","yes",NA,32.0035847222222,-116.647441805556,"high confidence",32.0035847222222,-116.647441805556,30.728,-114.697,"Baja_California_South",NA
"SINALOA","CORTINA DE LA PRESA AURELIO VENANCINI (EL SALTO)",NA,NA,NA,NA,NA,NA,NA,NA,NA,NA,NA
"BAJA CALIFORNIA SUR","SAN JUANICO","no",NA,26.2570684407407,-112.479635281481,"high confidence",26.2570684407407,-112.479635281481,26.181,-112.4673,"Baja_California_Sur_South",NA
"SINALOA","SITIO EMB DESEM GENERICO",NA,NA,NA,NA,NA,NA,NA,NA,NA,NA,NA
"SONORA","SITIO EMB DESEM GENERICO",NA,NA,NA,NA,NA,NA,NA,NA,NA,NA,NA
"NAYARIT","SITIO EMB DESEM GENERICO",NA,NA,NA,NA,NA,NA,NA,NA,NA,NA,NA
"BAJA CALIFORNIA","SITIO EMB DESEM GENERICO",NA,NA,NA,NA,NA,NA,NA,NA,NA,NA,NA
"BAJA CALIFORNIA SUR","SITIO EMB DESEM GENERICO",NA,NA,NA,NA,NA,NA,NA,NA,NA,NA,NA
"JALISCO","SITIO EMB DESEM GENERICO",NA,NA,NA,NA,NA,NA,NA,NA,NA,NA,NA
"SONORA","BAJA VENECIA",NA,NA,NA,NA,NA,NA,NA,NA,NA,NA,NA
"SONORA","LAS PLAYITAS","yes",NA,27.8943,-110.883,"alert 3: multiple lat-long values in Hem's key that are more than 2 degrees apart",27.8943,-110.883,27.8943,-110.883,"Sonora_South",NA
"SONORA","EL RASTRO","yes",NA,28.001,-111.15,"high confidence",28.001,-111.15,28.001,-111.15,"Sonora_South",NA
"SONORA","BAHIA AGIABAMPO","yes",NA,26.3642,-109.146,"high confidence",26.3642,-109.146,26.3642,-109.146,"Sonora_South",NA
"SINALOA","ESTERO LA BOCANITA",NA,NA,25.549,-108.417,"high confidence",25.549,-108.417,NA,NA,NA,NA
"SINALOA","EL JITZAMURI",NA,NA,26.2120833,-109.26380555,"high confidence",26.2120833,-109.26380555,NA,NA,NA,NA
"SINALOA","LA REFORMA",NA,NA,24.7746891666667,-107.333307222222,"alert 3: multiple lat-long values in Hem's key that are more than 2 degrees apart",24.7746891666667,-107.333307222222,NA,NA,NA,NA
"SINALOA","CAMPO PESQUERO EL TETUAN",NA,NA,NA,NA,NA,NA,NA,NA,NA,NA,NA
"SINALOA","EL CASTILLO",NA,NA,23.6443358333333,-106.793634351852,"alert 1: multiple lat-long values in Hem's key that are more than 0.5 degree apart",23.6443358333333,-106.793634351852,NA,NA,NA,NA
"SINALOA","CAMPO EL COLORADO",NA,NA,NA,NA,NA,NA,NA,NA,NA,NA,NA
"SINALOA","PREDIO BACHOMOBAMPO NO. UNO",NA,NA,NA,NA,NA,NA,NA,NA,NA,NA,NA
"SINALOA","ESTERO LA BALLENA",NA,NA,25.977,-109.418,"high confidence",25.977,-109.418,NA,NA,NA,NA
"SINALOA","EL POZOLE",NA,NA,23.4218363194444,-106.515530347222,"high confidence",23.4218363194444,-106.515530347222,NA,NA,NA,NA
"SINALOA","CAMPO PESQUERO BACOREHUIS",NA,NA,NA,NA,NA,NA,NA,NA,NA,NA,NA
"SINALOA","PAREDONES",NA,NA,25.3249319444444,-108.234808125,"alert 1: multiple lat-long values in Hem's key that are more than 0.5 degree apart",25.3249319444444,-108.234808125,NA,NA,NA,NA
"SINALOA","MARISMA DE LAS CABRAS",NA,NA,NA,NA,NA,NA,NA,NA,NA,NA,NA
"SONORA","EL CHOYUDO","yes",NA,28.1906,-111.271,NA,NA,NA,28.1906,-111.271,"Sonora_South",NA
"NAYARIT","ESTERO EL POZO (MARGEN IZQUIERDA)",NA,NA,NA,NA,NA,NA,NA,NA,NA,NA,NA
"NAYARIT","EMBARCADERO SAN MIGUEL",NA,NA,NA,NA,NA,NA,NA,NA,NA,NA,NA
"NAYARIT","CHIRIMOYO, EL",NA,NA,NA,NA,NA,NA,NA,NA,NA,NA,NA
"JALISCO","PRESA CONSTITUCION DE APATZINGAN","no","freshwater",19.28944,-102.77889,NA,NA,NA,19.28944,-102.77889,NA,"Also called Presa Chilatán on the Río Tepalcatepec in Jilotlán de los Dolores, Jalisco. Decimal coords from a Jalisco map tool that lists “Presa Constitucion de Apatzingan”. (Wikipedia)"
"JALISCO","PRESA EL JIHUITE",NA,"freshwater",20.84889,-102.71861,NA,NA,NA,20.84889,-102.71861,"Nayarit/Jalisco","Reservoir near Tepatitlán de Morelos, Jalisco; coords from a locality/placename catalog. (tools.paintmaps.com)"
"JALISCO","PRESA DE LA VEGA",NA,"freshwater",20.67917,-103.82361,NA,NA,NA,20.67917,-103.82361,"Nayarit/Jalisco","Located in Teuchitlán, Jalisco. Ramsar fact sheet gives bounding box (20°33_50_–20°47_40_N; 103°47_30_–103°51_20_W); I’ve taken the midpoint as an approximate centroid. Use with a “rough” flag. (semadet.jalisco.gob.mx)"
"JALISCO","PRESA TRIGO MIL","no","freshwater",19.94,-104.25972,NA,NA,NA,19.94,-104.25972,NA,"This is Presa Trigomil in Jalisco; decimal coords come from CONAGUA’s CATALOGO_SIH entry “Presa Trigomil”. (Datos Conagua)"
"JALISCO","PRESA LA POLVORA",NA,"freshwater",20.5,-102.21667,NA,NA,NA,20.5,-102.21667,"Nayarit/Jalisco","“Presa La Pólvora” near Huáscato/Degollado, Jalisco. A UNAM thesis on the project states its site is at 20°30_N, 102°13_W (I converted to decimal). CONAPESCA’s open “Avisos de Arribo y Cosecha 2025” file confirms that key 1404054 is PRESA LA POLVORA in Jalisco. (Tesi UNAM Documentos)"
"JALISCO","EJIDO MODELO","no","freshwater",19.795132962963,-103.852547777778,"high confidence",19.795132962963,-103.852547777778,19.637,-102.9734,NA,"Ejido Modelo, municipality of Jilotlán de los Dolores, Jalisco (Google/INEGI settlement match)."
"NAYARIT","CHACALA",NA,NA,21.1630081944444,-105.224635416667,"high confidence",21.1630081944444,-105.224635416667,NA,NA,NA,NA
"NAYARIT","AYALAS, LOS",NA,NA,NA,NA,NA,NA,NA,NA,NA,NA,NA
"NAYARIT","CONCHAS, LAS",NA,NA,NA,NA,NA,NA,NA,NA,NA,NA,NA
"NAYARIT","RINCON, EL",NA,NA,NA,NA,NA,NA,NA,NA,NA,NA,NA
"BAJA CALIFORNIA SUR","EL CARDON EN LAGUNA SAN IGNACIO","no",NA,26.83,-113.2,NA,NA,NA,26.83,-113.2,"Baja_California_Sur_North",NA
"BAJA CALIFORNIA SUR","SANTA ROSALIA (B.C.S.)","yes",NA,27.34,-112.27,NA,NA,NA,27.34,-112.27,"Baja_California_Sur_North",NA
"BAJA CALIFORNIA","PLAYA SAN RAMON/CAMALU","no",NA,30.7704,-116.0592,NA,NA,NA,30.7704,-116.0592,"Baja_California_South",NA
"BAJA CALIFORNIA","LA ESCOLLERA",NA,NA,23.634501,-102.552784,"high confidence",23.634501,-102.552784,NA,NA,NA,NA
"BAJA CALIFORNIA","PUNTA ESCARPADA (PUNTA BLUFF)","yes",NA,29.5946,-114.0272,NA,NA,NA,29.5946,-114.0272,"Baja_California_South",NA
"BAJA CALIFORNIA","PUNTA EL PESCADOR","yes",NA,28.9362636,-113.3833794,"high confidence",28.9362636,-113.3833794,28.9368,-113.3828,"Baja_California_South",NA
"BAJA CALIFORNIA","EJIDO JOSE M. MORELOS Y PAVON","no",NA,28.3442,-114.0668,NA,NA,NA,28.3442,-114.0668,"Baja_California_South",NA
"BAJA CALIFORNIA","VALLE TRANQUILO","yes",NA,30.6101959,-115.4996042,"alert 1: multiple lat-long values in Hem's key that are more than 0.5 degree apart",30.6101959,-115.4996042,31.2532,-114.8907,"Baja_California_North",NA
"BAJA CALIFORNIA SUR","ENSENADA BLANCA","yes",NA,25.7278455555556,-111.253063055556,"high confidence",25.7278455555556,-111.253063055556,25.7252,-111.2205,"Baja_California_Sur_South",NA
"BAJA CALIFORNIA","PIEDRA SAN ANTONIO","yes",NA,28.4328,-112.8691,"high confidence",28.4328,-112.8691,28.4328,-112.8691,"Baja_California_South",NA
"BAJA CALIFORNIA","CAMPO NUEVO","no",NA,29.6776901388889,-115.5832975,"high confidence",29.6776901388889,-115.5832975,29.6843,-115.6001,"Baja_California_South",NA
"BAJA CALIFORNIA","PUERTECITOS","yes",NA,30.3488268055556,-114.641262777778,"high confidence",30.3488268055556,-114.641262777778,30.3467,-114.6422,"Baja_California_South",NA
"SONORA","PUERTO LIBERTAD","yes",NA,29.9063851388889,-112.683225555556,"high confidence",29.9063851388889,-112.683225555556,29.9036,-112.68,"Sonora_Mid",NA
"SONORA","BAHIA LOBOS","yes",NA,27.351756,-110.4537662,"high confidence",27.351756,-110.4537662,27.303,-110.486,"Sonora_South",NA
"SONORA","LOS BA√ëOS","yes",NA,26.3755,-109.164,NA,NA,NA,26.3755,-109.164,"Sonora_South",NA
"SINALOA","PRESA GUSTAVO DIAZ ORDAZ (BACURATO)",NA,NA,NA,NA,NA,NA,NA,NA,NA,NA,NA
"SINALOA","PLAYA DE TEACAPAN",NA,NA,22.563,-105.767,"high confidence",22.563,-105.767,NA,NA,NA,NA
"SINALOA","ESTERO LAS LAJITAS",NA,NA,26.1080348,-109.37634005,"high confidence",26.1080348,-109.37634005,NA,NA,NA,NA
"SINALOA","CAMPO EL HECHO",NA,NA,NA,NA,NA,NA,NA,NA,NA,NA,NA
"SINALOA","BARRA DE PIAXTLA",NA,NA,23.6636111,-106.8013888,"high confidence",23.6636111,-106.8013888,NA,NA,NA,NA
"SINALOA","CERRITOS",NA,NA,24.513915,-107.4345,"high confidence",24.513915,-107.4345,NA,NA,NA,NA
"SINALOA","PLAYA SUR",NA,NA,23.17297755,-106.39022385,"high confidence",23.17297755,-106.39022385,NA,NA,NA,NA
"SINALOA","MEDINA",NA,NA,23.91937,-106.875,"high confidence",23.91937,-106.875,NA,NA,NA,NA
"SONORA","PE√ëASCO","yes",NA,31.31,-113.54,NA,NA,NA,31.31,-113.54,"Sonora_North",NA
"SONORA","BAHIA YAVAROS","yes",NA,26.7,-109.487,"high confidence",26.7,-109.487,26.7,-109.487,"Sonora_South",NA
"SONORA","PRESA EL NOVILLO",NA,NA,NA,NA,NA,NA,NA,NA,NA,NA,NA
"SONORA","BAHIA KINO","yes",NA,28.7912,-111.958,NA,NA,NA,28.7912,-111.958,"Sonora_Mid",NA
"SINALOA","PRESA MIGUEL HIDALGO Y COSTILLA",NA,NA,NA,NA,NA,NA,NA,NA,NA,NA,NA
"SINALOA","PRESA GUILLERMO BLAKE AGUILAR (SABINAL)",NA,NA,NA,NA,NA,NA,NA,NA,NA,NA,NA
"SINALOA","LA ARENITAS",NA,NA,NA,NA,NA,NA,NA,NA,NA,NA,NA
"SINALOA","DIQUE LOS BECOS",NA,NA,24.6281083,-107.30112235,"high confidence",24.6281083,-107.30112235,NA,NA,NA,NA
"SINALOA","CORTINA DE LA PRESA ADOLFO LOPEZ MATEOS",NA,NA,NA,NA,NA,NA,NA,NA,NA,NA,NA
"SINALOA","PRESA JOSEFA ORTIZ DE DOMINGUEZ",NA,NA,NA,NA,NA,NA,NA,NA,NA,NA,NA
"NAYARIT","RAMPA, LA (DARSENA NO. 1)",NA,NA,NA,NA,NA,NA,NA,NA,NA,NA,NA
"NAYARIT","BOCA DE CAMICHIN",NA,NA,21.7429736111111,-105.488445,"high confidence",21.7429736111111,-105.488445,NA,NA,NA,NA
"NAYARIT","EMBARCADERO DE PTA. DE PALAPARES",NA,NA,NA,NA,NA,NA,NA,NA,NA,NA,NA
"NAYARIT","BORDO, EL (MALECON DE FCO. VILLA)",NA,NA,NA,NA,NA,NA,NA,NA,NA,NA,NA
"NAYARIT","CABEZA DE CANOA",NA,NA,21.9897,-105.4711,"high confidence",21.9897,-105.4711,NA,NA,NA,NA
"NAYARIT","PASO DE AHUAPAN",NA,NA,21.5952445,-104.59117105,"high confidence",21.5952445,-104.59117105,NA,NA,NA,NA
"NAYARIT","PASO DE LOZADA",NA,NA,21.517,-104.538,"high confidence",21.517,-104.538,NA,NA,NA,NA
"NAYARIT","ESCOLLERA, LA",NA,NA,NA,NA,NA,NA,NA,NA,NA,NA,NA
"JALISCO","BAHIA DE MELAQUE","no","marine",19.2273,-104.7001,NA,NA,NA,19.2273,-104.7001,NA,"Melaque beach/bay area, Municipality of Cihuatlán – fishing & tourism zone. Accurate coastal point."
"NAYARIT","CANAL DE CUAUTLA",NA,NA,22.2183,-105.6417,"high confidence",22.2183,-105.6417,NA,NA,NA,NA
"NAYARIT","LAGUNA LA HONDA",NA,NA,NA,NA,NA,NA,NA,NA,NA,NA,NA
"NAYARIT","MORILLOS, LOS",NA,NA,NA,NA,NA,NA,NA,NA,NA,NA,NA
"JALISCO","BAHIA DE YELAPA",NA,"marine",20.4858,-105.4426,NA,NA,NA,20.4858,-105.4426,"Nayarit/Jalisco","Yelapa cove, Municipality Cabo Corrientes; common coastal fishing village."
"NAYARIT","PUERTA DEL RIO",NA,NA,22.3852865277778,-105.640927222222,"high confidence",22.3852865277778,-105.640927222222,NA,NA,NA,NA
"JALISCO","PRESA LAGUNILLAS",NA,"freshwater",20.5428,-103.8742,NA,NA,NA,20.5428,-103.8742,"Nayarit/Jalisco","“Presa Lagunillas (Tequila-Magdalena area)” – near Tequila/Magdalena, Jalisco."
"JALISCO","PRESA GARABATOS",NA,"freshwater",20.7815,-103.8338,NA,NA,NA,20.7815,-103.8338,"Nayarit/Jalisco","“Presa Los Garabatos”, typically listed in Teuchitlán/Ameca region; hydrology matches here."
"JALISCO","EL SALTO",NA,"freshwater",20.9966714814815,-103.241608240741,"alert 2: multiple lat-long values in Hem's key that are more than 1 degree apart",20.9966714814815,-103.241608240741,20.5155,-103.1758,"Nayarit/Jalisco","El Salto, Jalisco (municipality of El Salto, SE of Guadalajara)."
"JALISCO","PRESA RAMON CORONA",NA,"freshwater",20.6102,-103.1744,NA,NA,NA,20.6102,-103.1744,"Nayarit/Jalisco","“Presa Ramón Corona”, near Tlajomulco/El Salto area; well-mapped dam."
"JALISCO","LAGUNA DE CAJITITLAN",NA,"freshwater",20.4175,-103.3102,NA,NA,NA,20.4175,-103.3102,"Nayarit/Jalisco","Large lagoon in Tlajomulco de Zúñiga; documented fishing and wetlands area."
"JALISCO","CHAPALA","no","freshwater",20.2316666666667,-103.149861111111,"high confidence",20.2316666666667,-103.149861111111,20.2983,-103.1993,NA,"Main settlement “Chapala” on Lake Chapala; landing would be docks at Chapala town."
"NAYARIT","MONTEON",NA,NA,20.9911466666667,-105.299604444444,"high confidence",20.9911466666667,-105.299604444444,NA,NA,NA,NA
"BAJA CALIFORNIA SUR","LAGUNA DE SAN IGNACIO","no",NA,26.8783333,-113.1661111,"high confidence",26.8783333,-113.1661111,26.75,-113.117,"Baja_California_Sur_North",NA
"BAJA CALIFORNIA SUR","SAN BRUNO (EN SANTA ROSALIA)","yes",NA,27.1682,-112.1644,NA,NA,NA,27.1682,-112.1644,"Baja_California_Sur_North",NA
"BAJA CALIFORNIA","PUNTA BAJA","no",NA,29.9531705555556,-115.803593888889,"high confidence",29.9531705555556,-115.803593888889,29.9503,-115.8004,"Baja_California_South",NA
"BAJA CALIFORNIA","SAN ANTONIO DEL MAR","no",NA,31.9829092592593,-116.82953037037,"alert 1: multiple lat-long values in Hem's key that are more than 0.5 degree apart",31.9829092592593,-116.82953037037,31.0974,-116.3047,"Baja_California_North",NA
"BAJA CALIFORNIA SUR","ISLA NATIVIDAD","no",NA,27.8539925,-115.170516111111,"high confidence",27.8539925,-115.170516111111,27.8827,-115.2022,"Baja_California_Sur_North",NA
"BAJA CALIFORNIA SUR","BARRIO LA PLAYA","yes",NA,23.06,-109.67,NA,NA,NA,23.06,-109.67,"Baja_California_Sur_South",NA
"BAJA CALIFORNIA SUR","BUENA VISTA","yes",NA,23.0963061111111,-109.928425833333,"high confidence",23.0963061111111,-109.928425833333,23.6604,-109.6973,"Baja_California_Sur_South",NA
"BAJA CALIFORNIA SUR","PAILABOTE","no",NA,25.54745,-112.066,"high confidence",25.54745,-112.066,25.5465,-112.0643,"Baja_California_Sur_South",NA
"BAJA CALIFORNIA SUR","SANTA ROSA, COMONDU","no",NA,26.24,-112.06,NA,NA,NA,26.24,-112.06,"Baja_California_Sur_South",NA
"BAJA CALIFORNIA SUR","TODOS SANTOS","no",NA,23.4504369444444,-110.225613333333,"high confidence",23.4504369444444,-110.225613333333,22.9042,-110.0033,"Baja_California_Sur_South",NA
"BAJA CALIFORNIA SUR","PUERTO SAN CARLOS (B.C.S.)","no",NA,24.79,-112.11,NA,NA,NA,24.79,-112.11,"Baja_California_Sur_South",NA
"SINALOA","CAMPO PESQUERO COSTA AZUL",NA,NA,NA,NA,NA,NA,NA,NA,NA,NA,NA
"SONORA","BAHIA SAN JORGE","yes",NA,31.1515,-113.075,"high confidence",31.1515,-113.075,31.1515,-113.075,"Sonora_Mid",NA
"SONORA","BAHIA BACHOCO","yes",NA,26.637,-109.428,"high confidence",26.637,-109.428,26.637,-109.428,"Sonora_South",NA
"SONORA","BAHIA DE LOBOS","yes",NA,27.303,-110.486,NA,NA,NA,27.303,-110.486,"Sonora_South",NA
"SONORA","LOS MELAGOS","yes",NA,27.16386105,-110.3133055,"high confidence",27.16386105,-110.3133055,27.173,-110.328,"Sonora_South",NA
"SINALOA","CORTINA DE LA PRESA SANALONA",NA,NA,NA,NA,NA,NA,NA,NA,NA,NA,NA
"SINALOA","PRESA JOSE LOPEZ PORTILLO (COMEDERO)",NA,NA,NA,NA,NA,NA,NA,NA,NA,NA,NA
"SINALOA","SITIO EL EBANITO",NA,NA,NA,NA,NA,NA,NA,NA,NA,NA,NA
"SINALOA","CERRO CABEZON",NA,NA,NA,NA,NA,NA,NA,NA,NA,NA,NA
"NAYARIT","BUCERIAS",NA,NA,20.7546098611111,-105.336725416667,"high confidence",20.7546098611111,-105.336725416667,NA,NA,NA,NA
"NAYARIT","CRUZ DE HUANACAXTLE, LA",NA,NA,NA,NA,NA,NA,NA,NA,NA,NA,NA
"NAYARIT","EMBARCADERO DE LLANO DEL TIGRE",NA,NA,NA,NA,NA,NA,NA,NA,NA,NA,NA
"NAYARIT","ISLA DE MEXCALTITAN",NA,NA,NA,NA,NA,NA,NA,NA,NA,NA,NA
"NAYARIT","LAGUNA EL TULE",NA,NA,NA,NA,NA,NA,NA,NA,NA,NA,NA
"JALISCO","AGUA CALIENTE","no","freshwater",20.2246762777778,-102.774008055556,"alert 2: multiple lat-long values in Hem's key that are more than 1 degree apart",20.2246762777778,-102.774008055556,19.8367,-103.5386,NA,"“Agua Caliente, Jalisco” near Ciudad Guzmán/Tuxpan area; matches locality & toponym search."
"JALISCO","PRESA LA COLORADA",NA,"freshwater",20.7755,-104.1324,NA,NA,NA,20.7755,-104.1324,"Nayarit/Jalisco","Near Ameca/Teuchitlán region; dam is mapped on regional hydrology."
"JALISCO","MEZCALA",NA,"freshwater",20.3675,-103.088472222222,"alert 1: multiple lat-long values in Hem's key that are more than 0.5 degree apart",20.3675,-103.088472222222,20.9016,-102.7987,"Nayarit/Jalisco","Town of Mezcala, municipality of Poncitlán, north shore Lake Chapala (fishing)."
"NAYARIT","PLAYA BAHIA DE SAYULITA",NA,NA,NA,NA,NA,NA,NA,NA,NA,NA,NA
"BAJA CALIFORNIA SUR","LAS CASITAS","no",NA,27.4936,-114.6315,"alert 4: the lat-long values in Hem's key do not match the lat-long values in Mel's key by more than 2 degrees",23.4264016666667,-109.822831944444,27.4936,-114.6315,"Baja_California_Sur_North",NA
"BAJA CALIFORNIA SUR","LA RIBERA","yes",NA,23.5965630555556,-109.586066944444,"high confidence",23.5965630555556,-109.586066944444,23.593,-109.584,"Baja_California_Sur_South",NA
"BAJA CALIFORNIA SUR","PUERTO ADOLFO LOPEZ MATEOS","no",NA,25.1929061111111,-112.110613611111,"high confidence",25.1929061111111,-112.110613611111,25.1889,-112.1185,"Baja_California_Sur_South",NA
"BAJA CALIFORNIA SUR","EL DATIL EN LAGUNA DE SAN IGNACIO","no",NA,26.86,-113.17,NA,NA,NA,26.86,-113.17,"Baja_California_Sur_North",NA
"BAJA CALIFORNIA","EL ROSARIO","no",NA,30.063,-115.763,"alert 4: the lat-long values in Hem's key do not match the lat-long values in Mel's key by more than 2 degrees",32.0758202777778,-116.580513055556,30.063,-115.763,"Baja_California_South",NA
"BAJA CALIFORNIA","PUNTA SAN JOSE","no",NA,31.4505,-116.6002,"high confidence",31.4505,-116.6002,31.4505,-116.6002,"Baja_California_North",NA
"BAJA CALIFORNIA","LA SALINA","no",NA,32.0532993055556,-116.878805416667,"high confidence",32.0532993055556,-116.878805416667,32.05,-116.885,"Baja_California_North",NA
"BAJA CALIFORNIA","LA CALAVERA","no",NA,31.35613,-116.47,"high confidence",31.35613,-116.47,31.3505,-116.467,"Baja_California_North",NA
"BAJA CALIFORNIA","PUNTA SAN JOSE (VARADERO)","no",NA,31.467,-116.6,NA,NA,NA,31.467,-116.6,"Baja_California_North",NA
"BAJA CALIFORNIA","BAJAMAR","no",NA,32.027,-116.87,"high confidence",32.027,-116.87,32.027,-116.87,"Baja_California_North",NA
"BAJA CALIFORNIA","PLAYA","no",NA,31.8618,-116.6713,NA,NA,NA,31.8618,-116.6713,"Baja_California_North",NA
"BAJA CALIFORNIA","EL CHINERO 4TO. ESTERO (EN ZONA ESTEROS)","yes",NA,31.4813,-115.0566,NA,NA,NA,31.4813,-115.0566,"Baja_California_North",NA
"BAJA CALIFORNIA","EL CHUTE","no",NA,30.4371490277778,-115.987777638889,"high confidence",30.4371490277778,-115.987777638889,30.4338,-115.9838,"Baja_California_South",NA
"BAJA CALIFORNIA SUR","PUERTO ALCATRAZ","no",NA,24.5047022222222,-111.846523611111,"high confidence",24.5047022222222,-111.846523611111,24.5173,-111.8552,"Baja_California_Sur_South",NA
"BAJA CALIFORNIA SUR","SAN JUANICO II (OCEANO PACIFICO)","no",NA,26.25,-112.49,NA,NA,NA,26.25,-112.49,"Baja_California_Sur_South",NA
"BAJA CALIFORNIA SUR","EL CAYUCO","no",NA,24.5747830555556,-111.671476388889,"high confidence",24.5747830555556,-111.671476388889,24.4161,-111.6859,"Baja_California_Sur_South",NA
"BAJA CALIFORNIA SUR","SANTA ROSA","yes",NA,24.5608769444444,-111.446977222222,"alert 2: multiple lat-long values in Hem's key that are more than 1 degree apart",24.5608769444444,-111.446977222222,23.3,-109.9,"Baja_California_Sur_South",NA
"BAJA CALIFORNIA SUR","LORETO","yes",NA,26.0124380592593,-111.344695477778,"high confidence",26.0124380592593,-111.344695477778,26.005,-111.337,"Baja_California_Sur_South",NA
"SINALOA","PRESA EUSTAQUIO BUELNA",NA,NA,NA,NA,NA,NA,NA,NA,NA,NA,NA
"SINALOA","EL MAJAHUAL",NA,NA,22.83,-106.03,"high confidence",22.83,-106.03,NA,NA,NA,NA
"SINALOA","EL CONCHAL",NA,NA,24.2429144444444,-107.329207222222,"high confidence",24.2429144444444,-107.329207222222,NA,NA,NA,NA
"SINALOA","LAGUNA DE CAIMANERO",NA,NA,22.918,-106.046,"high confidence",22.918,-106.046,NA,NA,NA,NA
"SINALOA","EL HUITUSSI",NA,NA,25.5053970833333,-108.771214305556,"high confidence",25.5053970833333,-108.771214305556,NA,NA,NA,NA
"SINALOA","EL CARACOL",NA,NA,25.4884327777778,-108.739910694444,"high confidence",25.4884327777778,-108.739910694444,NA,NA,NA,NA
"NAYARIT","EMBARCADERO DE PERICOS",NA,NA,NA,NA,NA,NA,NA,NA,NA,NA,NA
"JALISCO","LAGUNA DE BARRA DE NAVIDAD","no","marine",19.2002,-104.6838,NA,NA,NA,19.2002,-104.6838,NA,"The lagoon immediately behind Barra de Navidad, Municipality of Cihuatlán (major artisanal fishing area)."
"NAYARIT","PLAYA DE LA PE√ëITA DE JALTEMBA",NA,NA,NA,NA,NA,NA,NA,NA,NA,NA,NA
"NAYARIT","CHAGUIN, EL",NA,NA,NA,NA,NA,NA,NA,NA,NA,NA,NA
"NAYARIT","DARSENA NUM. 2 PTO. SAN BLAS",NA,NA,NA,NA,NA,NA,NA,NA,NA,NA,NA
"JALISCO","RIO LERMA-SANTIAGO",NA,"freshwater",20.609,-103.363,NA,NA,NA,20.609,-103.363,"Nayarit/Jalisco","Large river system; landing sites occur near mouth into Presa Corona / Santiago river section. I give approximate middle point inside Jalisco portion."
"JALISCO","MISMALOYA",NA,"marine",20.5247,-105.2983,"alert 4: the lat-long values in Hem's key do not match the lat-long values in Mel's key by more than 2 degrees",20.1603694444444,-103.113982222222,20.5247,-105.2983,"Nayarit/Jalisco","Coastal village south of Puerto Vallarta; active artisanal landing zone."
"BAJA CALIFORNIA","PUERTO SAN ISIDRO","no",NA,31.2892277777778,-116.402586111111,"high confidence",31.2892277777778,-116.402586111111,31.2906,-116.4121,"Baja_California_North",NA
"BAJA CALIFORNIA","PTO. STO. TOMAS","no",NA,31.583,-116.419,NA,NA,NA,31.583,-116.419,"Baja_California_North",NA
"BAJA CALIFORNIA","SANTA ROSALILLITA","no",NA,28.6602,-114.2554,NA,NA,NA,28.6602,-114.2554,"Baja_California_South",NA
"BAJA CALIFORNIA SUR","SAN BUTO","no",NA,24.77259255,-112.04892,"high confidence",24.77259255,-112.04892,24.757,-112.042,"Baja_California_Sur_South",NA
"BAJA CALIFORNIA SUR","LA FLORIDA","no",NA,24.1062969444444,-110.350208333333,"high confidence",24.1062969444444,-110.350208333333,24.9893,-112.1052,"Baja_California_Sur_South",NA
"BAJA CALIFORNIA SUR","PUERTO CHALE","no",NA,24.4241702777778,-111.552713055556,"high confidence",24.4241702777778,-111.552713055556,24.417,-111.5502,"Baja_California_Sur_South",NA
"BAJA CALIFORNIA SUR","SAN EVARISTO","yes",NA,24.9107591666667,-110.709708611111,"high confidence",24.9107591666667,-110.709708611111,24.917,-110.698,"Baja_California_Sur_South",NA
"BAJA CALIFORNIA SUR","BAHIA DE LA PAZ","yes",NA,24.1392791,-110.3416797,"high confidence",24.1392791,-110.3416797,24.365,-110.491,"Baja_California_Sur_South",NA
"BAJA CALIFORNIA SUR","SAN JUAN DE LA COSTA","yes",NA,24.3712144444444,-110.688430555556,"high confidence",24.3712144444444,-110.688430555556,24.3814,-110.6837,"Baja_California_Sur_South",NA
"BAJA CALIFORNIA SUR","PUNTA ARENA","yes",NA,23.55354,-109.47,"high confidence",23.55354,-109.47,23.39,-109.41,"Baja_California_Sur_South",NA
"JALISCO","SAN JUAN COSALA","no","freshwater",20.2281340277778,-103.268205138889,"high confidence",20.2281340277778,-103.268205138889,20.3231,-103.3205,NA,"North shore of Lake Chapala. Well-known lakeshore fishing."
"BAJA CALIFORNIA","ARROYO ANCHO","no",NA,29.903,-115.704,NA,NA,NA,29.903,-115.704,"Baja_California_South",NA
"BAJA CALIFORNIA SUR","MULEGE","yes",NA,26.9076,-111.9558,NA,NA,NA,26.9076,-111.9558,"Baja_California_Sur_North",NA
"SINALOA","CAMPO PESQUERO LAS AGUAMITAS",NA,NA,NA,NA,NA,NA,NA,NA,NA,NA,NA
"SINALOA","BAHIA DE OHUIRA",NA,NA,25.62456645,-108.983441,"high confidence",25.62456645,-108.983441,NA,NA,NA,NA
"SINALOA","PRESA LAS HIGUERAS",NA,NA,NA,NA,NA,NA,NA,NA,NA,NA,NA
"SINALOA","CAMPO PESQUERO COSPITA",NA,NA,NA,NA,NA,NA,NA,NA,NA,NA,NA
"SINALOA","20 DE NOVIEMBRE",NA,NA,NA,NA,NA,NA,NA,NA,NA,NA,NA
"NAYARIT","CORRAL DEL RISCO",NA,NA,20.77478455,-105.51286825,"high confidence",20.77478455,-105.51286825,NA,NA,NA,NA
"NAYARIT","CORTINA, LA",NA,NA,NA,NA,NA,NA,NA,NA,NA,NA,NA
"NAYARIT","ARROYO DE SAN PABLO",NA,NA,NA,NA,NA,NA,NA,NA,NA,NA,NA
"JALISCO","PRESA CORRINCHIS",NA,"freshwater",20.5528,-104.7813,NA,NA,NA,20.5528,-104.7813,"Nayarit/Jalisco","Also called “Presa Corrinchis”, municipality of Mascota, Jalisco; commonly mapped dam."
"BAJA CALIFORNIA SUR","EL SARGENTO","yes",NA,24.0816686111111,-109.993689166667,"high confidence",24.0816686111111,-109.993689166667,24.1172,-110.0003,"Baja_California_Sur_South",NA
"BAJA CALIFORNIA SUR","LA RAMADITA (SAN NICOLAS)","yes",NA,26.7,-111.9,NA,NA,NA,26.7,-111.9,"Baja_California_Sur_North",NA
"BAJA CALIFORNIA","JATAY","no",NA,32.0132130555556,-116.858331111111,"high confidence",32.0132130555556,-116.858331111111,32,-116.8617,"Baja_California_North",NA
"BAJA CALIFORNIA SUR","PUERTO NUEVO","no",NA,24.74,-111.96,"alert 4: the lat-long values in Hem's key do not match the lat-long values in Mel's key by more than 2 degrees",27.4787391666667,-114.599521388889,24.74,-111.96,"Baja_California_Sur_South",NA
"BAJA CALIFORNIA SUR","LAS BARRANCAS","no",NA,26.0021622222222,-112.197419722222,"high confidence",26.0021622222222,-112.197419722222,26.0368,-112.2501,"Baja_California_Sur_South",NA
"BAJA CALIFORNIA","AGUA BLANCA","no",NA,31.030107962963,-115.929472685185,"alert 1: multiple lat-long values in Hem's key that are more than 0.5 degree apart",31.030107962963,-115.929472685185,29.935,-115.716,"Baja_California_South",NA
"BAJA CALIFORNIA","PLAYA SAN QUINTIN","no",NA,30.4667,-115.9539,NA,NA,NA,30.4667,-115.9539,"Baja_California_South",NA
"BAJA CALIFORNIA","SAN RAFAEL","yes",NA,28.5766,-113.1228,"alert 4: the lat-long values in Hem's key do not match the lat-long values in Mel's key by more than 2 degrees",31.6737611111111,-116.526531388889,28.5766,-113.1228,"Baja_California_South",NA
"BAJA CALIFORNIA","POPOTLA","no",NA,32.2805272222222,-117.030984861111,"high confidence",32.2805272222222,-117.030984861111,32.2835,-117.0333,"Baja_California_North",NA
"BAJA CALIFORNIA","CAMALU","no",NA,30.8440347851852,-116.059763533333,"high confidence",30.8440347851852,-116.059763533333,30.8498,-116.0548,"Baja_California_South",NA
"BAJA CALIFORNIA","ARBOLITOS O PUERTO KENNEDY","no",NA,31.71114,-116.68595,NA,NA,NA,31.71114,-116.68595,"Baja_California_North",NA
"BAJA CALIFORNIA","PUNTA AZUFRE","no",NA,30.388495,-115.97625,"high confidence",30.388495,-115.97625,30.3838,-115.9675,"Baja_California_South",NA
"BAJA CALIFORNIA SUR","PUERTO CAN CUN (O PTO. ROSS)","no",NA,24.551,-111.751,NA,NA,NA,24.551,-111.751,"Baja_California_Sur_South",NA
"BAJA CALIFORNIA SUR","BAHIA CONCEPCION B.C.SUR.","yes",NA,26.81,-111.89,NA,NA,NA,26.81,-111.89,"Baja_California_Sur_North",NA
"JALISCO","OCOTLAN","no","freshwater",20.3556944444444,-102.764027777778,"high confidence",20.3556944444444,-102.764027777778,20.356,-102.7694,NA,"Ocotlán on Lake Chapala"
"NAYARIT","ESTERO DE SAN CRISTOBAL",NA,NA,NA,NA,NA,NA,NA,NA,NA,NA,NA
"NAYARIT","PLATANO, EL",NA,NA,NA,NA,NA,NA,NA,NA,NA,NA,NA
"SINALOA","DRENES Y CANALES DEL VALLE DEL CARRIZO",NA,NA,NA,NA,NA,NA,NA,NA,NA,NA,NA
"SINALOA","LITORAL (TOPOLOBAMPO)",NA,NA,NA,NA,NA,NA,NA,NA,NA,NA,NA
"SINALOA","CAMPO PESQUERO LAZARO CARDENAS",NA,NA,NA,NA,NA,NA,NA,NA,NA,NA,NA
"SONORA","PRESA A. OBREGON",NA,NA,NA,NA,NA,NA,NA,NA,NA,NA,NA
"BAJA CALIFORNIA","CAMPO NORTE (EN I. GUADALUPE)","no",NA,29.0308,-118.28,NA,NA,NA,29.0308,-118.28,"Baja_California_South",NA
"BAJA CALIFORNIA","MUELLE FISCAL","no",NA,31.8525,-116.633,"high confidence",31.8525,-116.633,31.8525,-116.633,"Baja_California_North",NA
"BAJA CALIFORNIA","PUERTO NUEVO","no",NA,32.2428481944444,-116.932929027778,"high confidence",32.2428481944444,-116.932929027778,32.2431,-116.9314,"Baja_California_North",NA
"BAJA CALIFORNIA SUR","PUERTO ESCONDIDO","no",NA,28.08,-115.21,"alert 4: the lat-long values in Hem's key do not match the lat-long values in Mel's key by more than 2 degrees",25.81173,-111.309,28.08,-115.21,"Baja_California_Sur_North",NA
"BAJA CALIFORNIA SUR","LOS BARRILES","yes",NA,23.6806008333333,-109.7045775,"high confidence",23.6806008333333,-109.7045775,23.6773,-109.6975,"Baja_California_Sur_South",NA
"BAJA CALIFORNIA","EL AFERRADO",NA,NA,NA,NA,NA,NA,NA,NA,NA,NA,NA
"BAJA CALIFORNIA SUR","SANTO DOMINGO","no",NA,25.0165631481481,-111.245270324074,"alert 1: multiple lat-long values in Hem's key that are more than 0.5 degree apart",25.0165631481481,-111.245270324074,26.2947,-112.5977,"Baja_California_Sur_South",NA
"BAJA CALIFORNIA SUR","PUNTA COYOTE","no",NA,24.5108147222222,-110.466567222222,"high confidence",24.5108147222222,-110.466567222222,24.066,-110.998,"Baja_California_Sur_South",NA
"BAJA CALIFORNIA SUR","ESTERO SAN VICENTE","no",NA,25.4618,-112.0854,NA,NA,NA,25.4618,-112.0854,"Baja_California_Sur_South",NA
"JALISCO","SAN PEDRO ITZICAN",NA,"freshwater",20.3155555555556,-102.951944444444,"high confidence",20.3155555555556,-102.951944444444,20.4703,-102.9904,"Nayarit/Jalisco","Peninsula on the north-east shore of Lake Chapala; fishing community."
"JALISCO","JAMAY","no","freshwater",20.2872498611111,-102.704858472222,"high confidence",20.2872498611111,-102.704858472222,20.2978,-102.7186,NA,"Municipality of Jamay, NE shore of Lake Chapala (active fishing)."
"JALISCO","EL ZAPOTE","no","freshwater",20.830876965812,-102.338376282051,"alert 1: multiple lat-long values in Hem's key that are more than 0.5 degree apart",20.830876965812,-102.338376282051,20.2833,-103.0482,NA,"There are multiple “El Zapote”; this one is lakeshore near Jamay/La Barca/Chapala zone consistent with the other keys in this batch."
"SINALOA","PLAYA NORTE",NA,NA,23.096,-106.288,"high confidence",23.096,-106.288,NA,NA,NA,NA
"SONORA","BAHIA TOBARI","yes",NA,27.0804,-110.048,"high confidence",27.0804,-110.048,27.0652,-109.9985,"Sonora_South",NA
"SONORA","PLAYA DEL SOL","yes",NA,27.5658,-110.413,"high confidence",27.5658,-110.413,27.5658,-110.413,"Sonora_South",NA
"SONORA","REC PORTUARIO","yes",NA,27.92,-110.9,NA,NA,NA,27.92,-110.9,"Sonora_South",NA
"SONORA","ISLA SAN ESTEBAN","yes",NA,28.6963,-112.581,NA,NA,NA,28.6963,-112.581,"Sonora_Mid",NA
"SONORA","SANTO DOMINGO","yes",NA,31.4678,-113.638,"alert 4: the lat-long values in Hem's key do not match the lat-long values in Mel's key by more than 2 degrees",30.6001591111111,-111.369172833333,31.4678,-113.638,"Sonora_North",NA
"SONORA","EL SAHUIMARO","yes",NA,28.58,-111.762,"high confidence",28.58,-111.762,28.58,-111.762,"Sonora_Mid",NA
"NAYARIT","NOVILLERO",NA,NA,22.3783827777778,-105.659072361111,"high confidence",22.3783827777778,-105.659072361111,NA,NA,NA,NA
"NAYARIT","CANCUN",NA,NA,NA,NA,NA,NA,NA,NA,NA,NA,NA
"BAJA CALIFORNIA SUR","SAN HIPOLITO","no",NA,26.9880675,-113.979209444444,"high confidence",26.9880675,-113.979209444444,26.9694,-113.8349,"Baja_California_Sur_North",NA
"BAJA CALIFORNIA SUR","PUNTA BENTONITA","no",NA,23.9564,-110.8711,NA,NA,NA,23.9564,-110.8711,"Baja_California_Sur_South",NA
"BAJA CALIFORNIA","MUELLE","no",NA,31.164365,-116.296,"high confidence",31.164365,-116.296,31.8525,-116.633,"Baja_California_North",NA
"BAJA CALIFORNIA SUR","ESTERO LA HERRADURA","no",NA,24.733,-111.937,NA,NA,NA,24.733,-111.937,"Baja_California_Sur_South",NA
"BAJA CALIFORNIA SUR","ESTERO EL DATIL","no",NA,26.5326271,-112.912955,"high confidence",26.5326271,-112.912955,24.8492,-112.1485,"Baja_California_Sur_South",NA
"BAJA CALIFORNIA SUR","PUNTA EUGENIA","no",NA,27.8475993888889,-115.079460933333,"high confidence",27.8475993888889,-115.079460933333,27.8477,-115.0766,"Baja_California_Sur_North",NA
"BAJA CALIFORNIA","EL SOCORRO","no",NA,30.3116747222222,-115.817786944444,"high confidence",30.3116747222222,-115.817786944444,30.2857,-115.8094,"Baja_California_South",NA
"BAJA CALIFORNIA","LA LOBERA","no",NA,30.38946,-115.8205,"alert 2: multiple lat-long values in Hem's key that are more than 1 degree apart",30.38946,-115.8205,31.3438,-116.461,"Baja_California_North",NA
"BAJA CALIFORNIA SUR","SAN CRISTOBAL","no",NA,27.3987,-114.5021,"alert 4: the lat-long values in Hem's key do not match the lat-long values in Mel's key by more than 2 degrees",24.7446261111111,-110.74448625,27.3987,-114.5021,"Baja_California_Sur_North",NA
"BAJA CALIFORNIA","EL CAMPITO","no",NA,31.4983871296296,-116.532612314815,"alert 3: multiple lat-long values in Hem's key that are more than 2 degrees apart",31.4983871296296,-116.532612314815,30.1465,-115.79,"Baja_California_South",NA
"BAJA CALIFORNIA SUR","ESTERO RANCHO BUENO","no",NA,24.314,-111.407,NA,NA,NA,24.314,-111.407,"Baja_California_Sur_South",NA
"BAJA CALIFORNIA SUR","PUNTA LOBOS","no",NA,23.41709515,-110.23066565,"high confidence",23.41709515,-110.23066565,23.344,-110.194,"Baja_California_Sur_South",NA
"BAJA CALIFORNIA SUR","EL DATIL II (CAMPO PESQUERO DE SAN JOSE DE GRACIA)","no",NA,26.86,-113.17,NA,NA,NA,26.86,-113.17,"Baja_California_Sur_North",NA
"JALISCO","LA ZAPOTERA","no","freshwater",20.4591374074074,-102.634904814815,"high confidence",20.4591374074074,-102.634904814815,20.38,-103.07,NA,"Small locality north of Tizapán-Zapotera corridor on Chapala’s SE–E edge; inland fishery / lakeshore settlements."
"NAYARIT","FLORE√±O, EL",NA,NA,NA,NA,NA,NA,NA,NA,NA,NA,NA
"NAYARIT","EMBARCADERO DE PESCADERO",NA,NA,NA,NA,NA,NA,NA,NA,NA,NA,NA
"NAYARIT","CALIXTRA, LA",NA,NA,NA,NA,NA,NA,NA,NA,NA,NA,NA
"NAYARIT","VADO DE VILLA JUAREZ",NA,NA,21.6867,-105.387,"high confidence",21.6867,-105.387,NA,NA,NA,NA
"JALISCO","TIZAPAN EL ALTO","no","freshwater",20.1243055555556,-103.029583333333,"high confidence",20.1243055555556,-103.029583333333,20.1561,-103.0433,NA,"Major fishing municipality on the southern shore of Lake Chapala."
"JALISCO","TUXCUECA","no","freshwater",20.1227777777778,-103.146944444444,"high confidence",20.1227777777778,-103.146944444444,20.1984,-103.3602,NA,"Municipality of Tuxcueca (also on Chapala south shore)."
"JALISCO","PUERTO CORONA","no","freshwater",20.19475,-103.278106111111,"high confidence",20.19475,-103.278106111111,20.1569,-102.8329,NA,"Small settlement/landing southeast of Chapala, connected to Tizapán corridor; sometimes appears as Puerto Corona de Arriba."
"SINALOA","EL MEZCAL",NA,NA,22.651,-105.718,"high confidence",22.651,-105.718,NA,NA,NA,NA
"SINALOA","ESTERO MALINES",NA,NA,NA,NA,NA,NA,NA,NA,NA,NA,NA
"SINALOA","TAPO REVOLUCION",NA,NA,NA,NA,NA,NA,NA,NA,NA,NA,NA
"SINALOA","LAGUNA AGUA GRANDE",NA,NA,NA,NA,NA,NA,NA,NA,NA,NA,NA
"SINALOA","RIO DIQUES Y CANALES",NA,NA,NA,NA,NA,NA,NA,NA,NA,NA,NA
"SINALOA","MARISMA EL HUIZACHE",NA,NA,NA,NA,NA,NA,NA,NA,NA,NA,NA
"SINALOA","TAPO POZO DE LA HACIENDA",NA,NA,23.009387,-106.1562639,"high confidence",23.009387,-106.1562639,NA,NA,NA,NA
"SINALOA","BAJOS DEL TIO NICHO",NA,NA,NA,NA,NA,NA,NA,NA,NA,NA,NA
"SINALOA","LAGUNA EL CAIMANERO",NA,NA,22.9089782,-106.0680851,"high confidence",22.9089782,-106.0680851,NA,NA,NA,NA
"SINALOA","EL TORTUGO",NA,NA,25.4040447222222,-108.641563194444,"high confidence",25.4040447222222,-108.641563194444,NA,NA,NA,NA
"SINALOA","LOS SABALOS",NA,NA,NA,NA,NA,NA,NA,NA,NA,NA,NA
"SONORA","BALNEARIO VENECIA","yes",NA,27.5643,-110.491,NA,NA,NA,27.5643,-110.491,"Sonora_South",NA
"SINALOA","DAUTILLOS",NA,NA,24.721898962963,-107.975027614815,"high confidence",24.721898962963,-107.975027614815,NA,NA,NA,NA
"SINALOA","CAMPO EL COLORADITO",NA,NA,NA,NA,NA,NA,NA,NA,NA,NA,NA
"SINALOA","DISTRITO DE RIEGO NO.63",NA,NA,NA,NA,NA,NA,NA,NA,NA,NA,NA
"SINALOA","PLAYA TEACAPAN",NA,NA,22.524,-105.691,"high confidence",22.524,-105.691,NA,NA,NA,NA
"NAYARIT","EMBARCADERO DE STA. CRUZ",NA,NA,NA,NA,NA,NA,NA,NA,NA,NA,NA
"NAYARIT","VENA DE PERICOS",NA,NA,22.4217,-105.3522,"high confidence",22.4217,-105.3522,NA,NA,NA,NA
"BAJA CALIFORNIA SUR","EL DELGADITO","yes",NA,26.6404,-111.8285,NA,NA,NA,26.6404,-111.8285,"Baja_California_Sur_North",NA
"BAJA CALIFORNIA SUR","EL CARDON","no",NA,26.5290486111111,-112.361856944444,"alert 3: multiple lat-long values in Hem's key that are more than 2 degrees apart",26.5290486111111,-112.361856944444,26.7842,-113.1501,"Baja_California_Sur_North",NA
"BAJA CALIFORNIA SUR","ESTERO CANCUN","no",NA,24.5597,-111.6402,NA,NA,NA,24.5597,-111.6402,"Baja_California_Sur_South",NA
"BAJA CALIFORNIA SUR","CABO SAN LUCAS","yes",NA,22.8970188888889,-109.925186111111,"high confidence",22.8970188888889,-109.925186111111,22.873,-109.895,"Baja_California_Sur_South",NA
"NAYARIT","MIRAMAR",NA,NA,21.427285,-105.18685,"high confidence",21.427285,-105.18685,NA,NA,NA,NA
"SINALOA","CHICURA",NA,NA,NA,NA,NA,NA,NA,NA,NA,NA,NA
"SINALOA","EL PLATANITO",NA,NA,26.2399714814815,-108.239734259259,"high confidence",26.2399714814815,-108.239734259259,NA,NA,NA,NA
"SINALOA","ALTATA",NA,NA,24.635023875,-107.931134583333,"high confidence",24.635023875,-107.931134583333,NA,NA,NA,NA
"JALISCO","EL SALADO",NA,"marine",20.81,-105.07,"high confidence",20.81,-105.07,20.6489,-105.2256,"Nayarit/Jalisco","El Salado = PV estuary, but key range is non-Jalisco; still marine"
"SINALOA","LITORAL (MAZATLAN)",NA,NA,NA,NA,NA,NA,NA,NA,NA,NA,NA
"SINALOA","EL MANGLITO",NA,NA,NA,NA,NA,NA,NA,NA,NA,NA,NA
"JALISCO","AJIJIC","no","freshwater",20.2596281481481,-103.222018518519,"high confidence",20.2596281481481,-103.222018518519,20.2949,-103.2561,NA,"Large lakeside fishing/tourism town, north shore of Lake Chapala."
"NAYARIT","EL PINO",NA,NA,NA,NA,NA,NA,NA,NA,NA,NA,NA
"BAJA CALIFORNIA SUR","EL DATIL","no",NA,26.2030563333333,-112.175641222222,"alert 3: multiple lat-long values in Hem's key that are more than 2 degrees apart",26.2030563333333,-112.175641222222,24.3721,-111.4977,"Baja_California_Sur_South",NA
"BAJA CALIFORNIA","BOCANA SANTO DOMINGO",NA,NA,NA,NA,NA,NA,NA,NA,NA,NA,NA
"BAJA CALIFORNIA","EL FARO","no",NA,32.0311338888889,-115.969647638889,"alert 1: multiple lat-long values in Hem's key that are more than 0.5 degree apart",32.0311338888889,-115.969647638889,31.7739,-116.6159,"Baja_California_North",NA
"BAJA CALIFORNIA","PUNTA LA GRINGA","yes",NA,29.0313694,-113.53887445,"high confidence",29.0313694,-113.53887445,29.031,-113.541,"Baja_California_South",NA
"NAYARIT","ATICAMA",NA,NA,21.4799858333333,-105.193931388889,"high confidence",21.4799858333333,-105.193931388889,NA,NA,NA,NA
"BAJA CALIFORNIA","SAN JUAN DE LAS PULGAS (VARADERO)","no",NA,31.4048,-116.4971,NA,NA,NA,31.4048,-116.4971,"Baja_California_North",NA
"SINALOA","CORTINA DE LA PRESA EL PE%ON (AGUSTINA RAMIREZ)",NA,NA,NA,NA,NA,NA,NA,NA,NA,NA,NA
"JALISCO","RIO AMECA",NA,"marine",20.6,-105.28,NA,NA,NA,20.6,-105.28,"Nayarit/Jalisco","River that forms part of Jalisco/Nayarit boundary flowing into Bahía de Banderas; approximate mouth location."
"JALISCO","ESTERO EL ERMITA√ëO",NA,"marine",20.736,-105.398,NA,NA,NA,20.736,-105.398,"Nayarit/Jalisco","Salt–marsh lagoon system north of Punta de Mita area; listed as “Estero El Ermitaño” in ecological references; often shown near Bahía de Banderas coastline."
"JALISCO","ESTERO AGUA DULCE","no","marine",20.07,-105.52,"high confidence",20.07,-105.52,20.2845,-105.5172,NA,"small estuary south of PV"
"BAJA CALIFORNIA","ESCOLLERA DE SAN FELIPE","yes",NA,31.0173,-114.8335,NA,NA,NA,31.0173,-114.8335,"Baja_California_North",NA
"SONORA","EL SIARIC","yes",NA,26.422,-109.174,"alert 1: multiple lat-long values in Hem's key that are more than 0.5 degree apart",26.422,-109.174,26.422,-109.174,"Sonora_South",NA
"SINALOA","LA PITAYA",NA,NA,25.301,-108.517,"high confidence",25.301,-108.517,NA,NA,NA,NA
"JALISCO","BORDO RUIZ CORTINEZ",NA,"freshwater",20.12,-104.34,"high confidence",20.12,-104.34,20.551,-103.245,"Nayarit/Jalisco","appears in Tlajomulco area"
"BAJA CALIFORNIA SUR","EL JUNCALITO (B.C.S.)","yes",NA,25.741,-111.247,NA,NA,NA,25.741,-111.247,"Baja_California_Sur_South",NA
"BAJA CALIFORNIA SUR","SAN NICOLAS","yes",NA,26.5446105555556,-111.547966388889,"alert 2: multiple lat-long values in Hem's key that are more than 1 degree apart",26.5446105555556,-111.547966388889,26.532,-111.505,"Baja_California_Sur_North",NA
"BAJA CALIFORNIA SUR","EL CONEJO","no",NA,27.445,-114.5577,"alert 4: the lat-long values in Hem's key do not match the lat-long values in Mel's key by more than 2 degrees",24.0723425,-110.998320833333,27.445,-114.5577,"Baja_California_Sur_North",NA
"BAJA CALIFORNIA","ISLA ANGEL DE LA GUARDA","yes",NA,29.2898,-113.3649,NA,NA,NA,29.2898,-113.3649,"Baja_California_South",NA
"SINALOA","DISTRITO DE RIEGO NO.75",NA,NA,NA,NA,NA,NA,NA,NA,NA,NA,NA
"SINALOA","LITORAL (ESCUINAPA)",NA,NA,NA,NA,NA,NA,NA,NA,NA,NA,NA
"JALISCO","PRESA CALDERON",NA,"freshwater",21.0142,-102.91,NA,NA,NA,21.0142,-102.91,"Nayarit/Jalisco","large, well-mapped, NE of GDL"
"NAYARIT","ARROYO SECO",NA,NA,NA,NA,NA,NA,NA,NA,NA,NA,NA
"BAJA CALIFORNIA SUR","SANTA MARIA","no",NA,23.9005,-110.7671,"alert 4: the lat-long values in Hem's key do not match the lat-long values in Mel's key by more than 2 degrees",27.0387322222222,-112.487278888889,23.9005,-110.7671,"Baja_California_Sur_South",NA
"BAJA CALIFORNIA","MANEADERO/ LA JOYA","no",NA,31.717,-116.664,NA,NA,NA,31.717,-116.664,"Baja_California_North",NA
"BAJA CALIFORNIA SUR","MEDANO AMARILLO","no",NA,24.75,-111.927,NA,NA,NA,24.75,-111.927,"Baja_California_Sur_South",NA
"BAJA CALIFORNIA SUR","SAN JUANICO B.C.S.","no",NA,26.25,-112.49,NA,NA,NA,26.25,-112.49,"Baja_California_Sur_South",NA
"BAJA CALIFORNIA","BAHIA SAN FRANCISQUITO","yes",NA,28.4432,-112.8489,"high confidence",28.4432,-112.8489,28.4432,-112.8489,"Baja_California_South",NA
"BAJA CALIFORNIA","PUNTA COLONET","no",NA,30.976,-116.329,NA,NA,NA,30.976,-116.329,"Baja_California_North",NA
"JALISCO","PRESA VICENTE VILLASE√ëOR",NA,"freshwater",20.7952,-102.9407,NA,NA,NA,20.7952,-102.9407,"Nayarit/Jalisco","east of Guadalajara"
"JALISCO","EL MUEY","no","marine",20.2864,-105.291,"alert 4: the lat-long values in Hem's key do not match the lat-long values in Mel's key by more than 2 degrees",20.4081420833333,-103.114012916667,20.2864,-105.291,NA,"small landing south PV"
"SONORA","EL DESEMBOQUE","yes",NA,30.2102180333333,-112.790704033333,"high confidence",30.2102180333333,-112.790704033333,30.56,-113.01,"Sonora_Mid",NA
"SINALOA","BAHIA DE NAVACHISTE",NA,NA,25.44521895,-108.83191625,"high confidence",25.44521895,-108.83191625,NA,NA,NA,NA
"NAYARIT","CANAL DE PERICOS",NA,NA,NA,NA,NA,NA,NA,NA,NA,NA,NA
"BAJA CALIFORNIA SUR","ESTERO DE LA BOCANA","no",NA,26.7979513888889,-113.711923888889,"high confidence",26.7979513888889,-113.711923888889,26.7838,-113.7008,"Baja_California_Sur_North",NA
"BAJA CALIFORNIA SUR","LIGUI","yes",NA,25.7357780555556,-111.271201666667,"high confidence",25.7357780555556,-111.271201666667,25.7419,-111.2626,"Baja_California_Sur_South",NA
"BAJA CALIFORNIA SUR","LAS ISLITAS","yes",NA,25.7573,-111.2748,NA,NA,NA,25.7573,-111.2748,"Baja_California_Sur_South",NA
"BAJA CALIFORNIA SUR","LA JICAMA","no",NA,25.5482,-112.0651,NA,NA,NA,25.5482,-112.0651,"Baja_California_Sur_South",NA
"BAJA CALIFORNIA","SAN MIGUEL (ENSENADA)","no",NA,31.8508,-116.6007,NA,NA,NA,31.8508,-116.6007,"Baja_California_North",NA
"BAJA CALIFORNIA","CAMPO LOPEZ","no",NA,32.1441759722222,-116.887827222222,"high confidence",32.1441759722222,-116.887827222222,32.132,-116.878,"Baja_California_North",NA
"BAJA CALIFORNIA SUR","PUERTO SAN ANDRESITO","no",NA,25.8992,-112.1537,NA,NA,NA,25.8992,-112.1537,"Baja_California_Sur_South",NA
"JALISCO","RIBERA CHIMO","no","marine",20.2957,-105.4285,NA,NA,NA,20.2957,-105.4285,NA,"Cabo Corrientes"
"SINALOA","DISTRITO DE RIEGO NO.134",NA,NA,NA,NA,NA,NA,NA,NA,NA,NA,NA
"SINALOA","EL OSTIAL",NA,NA,23.0898976,-106.2539506,"high confidence",23.0898976,-106.2539506,NA,NA,NA,NA
"SINALOA","LOS VIVEROS",NA,NA,22.584,-105.6,"high confidence",22.584,-105.6,NA,NA,NA,NA
"SINALOA","EL VERDE CAMACHO",NA,NA,23.4426897,-106.5825057,"high confidence",23.4426897,-106.5825057,NA,NA,NA,NA
"NAYARIT","EMBARCADERO FCO. VILLA",NA,NA,NA,NA,NA,NA,NA,NA,NA,NA,NA
"JALISCO","EL EMBARCADERO","no","freshwater",20.295,-103.245,"alert 4: the lat-long values in Hem's key do not match the lat-long values in Mel's key by more than 2 degrees",20.67,-105.27,20.295,-103.245,NA,"Chapala pier context"
"NAYARIT","IXTAPA",NA,NA,NA,NA,NA,NA,NA,NA,NA,NA,NA
"SINALOA","TEHUECO, VEGA Y DIQUE EL RI$ON",NA,NA,NA,NA,NA,NA,NA,NA,NA,NA,NA
"NAYARIT","RANCHITO, EL",NA,NA,NA,NA,NA,NA,NA,NA,NA,NA,NA
"SINALOA","COSTA AZUL (CULT)",NA,NA,NA,NA,NA,NA,NA,NA,NA,NA,NA
"BAJA CALIFORNIA SUR","PUNTA SANTA ANA","yes",NA,27.664,-112.5988,NA,NA,NA,27.664,-112.5988,"Baja_California_Sur_North",NA
"BAJA CALIFORNIA SUR","LOS FRAILES","yes",NA,23.3775627777778,-109.435330833333,"high confidence",23.3775627777778,-109.435330833333,23.376,-109.431,"Baja_California_Sur_South",NA
"JALISCO","BAHIA DE TEHUAMIXTLE","no","marine",19.4899,-105.0511,NA,NA,NA,19.4899,-105.0511,NA,"well-known fish/oyster village"
"JALISCO","BOCA DE TOMATLAN",NA,"marine",20.4510294444444,-105.221966388889,"high confidence",20.4510294444444,-105.221966388889,20.5168,-105.3075,"Nayarit/Jalisco","active artisanal landing"
"JALISCO","PRESA CAJON DE PE√ëAS","no","freshwater",19.9014,-105.1289,NA,NA,NA,19.9014,-105.1289,NA,"largest reservoir in Jalisco"
"BAJA CALIFORNIA SUR","PUNTA PRIETA","yes",NA,25.6196463888889,-112.175606527778,"alert 2: multiple lat-long values in Hem's key that are more than 1 degree apart",25.6196463888889,-112.175606527778,26.9161,-111.9556,"Baja_California_Sur_North",NA
"BAJA CALIFORNIA SUR","BAHIA MAGDALENA","no",NA,24.583333,-112,"high confidence",24.583333,-112,24.837,-112.1914,"Baja_California_Sur_South",NA
"SINALOA","SISTEMA DE RIEGO EN ANGOSTURA",NA,NA,NA,NA,NA,NA,NA,NA,NA,NA,NA
"JALISCO","EL MOGOTE",NA,"marine",20.704,-105.345,"alert 4: the lat-long values in Hem's key do not match the lat-long values in Mel's key by more than 2 degrees",21.1468072222222,-102.647825833333,20.704,-105.345,"Nayarit/Jalisco","N Banderas area (approx centroid)"
"JALISCO","BAHIA LOS PEINES Y EL SALADO",NA,"marine",20.6312,-105.2475,NA,NA,NA,20.6312,-105.2475,"Nayarit/Jalisco","Los Peines beach + Estero El Salado zone in Puerto Vallarta"
"JALISCO","PLAYA DEL ROSITA",NA,"marine",19.26,-105.02,"high confidence",19.26,-105.02,20.6685,-105.213,"Nayarit/Jalisco","Small beach north of main PV waterfront (“Rosita” hotel/area)"
"SINALOA","BAHIA DE SANTA MARIA",NA,NA,25.47061775,-108.77208085,"alert 1: multiple lat-long values in Hem's key that are more than 0.5 degree apart",25.47061775,-108.77208085,NA,NA,NA,NA
"NAYARIT","EMBARCADERO DE LA BATANGA",NA,NA,NA,NA,NA,NA,NA,NA,NA,NA,NA
"SINALOA","JUAN JOSE RIOS",NA,NA,25.7576275222222,-108.834208922222,"high confidence",25.7576275222222,-108.834208922222,NA,NA,NA,NA
"BAJA CALIFORNIA SUR","LOS INOCENTES","no",NA,23.77048,-110.672,"high confidence",23.77048,-110.672,23.7698,-110.6797,"Baja_California_Sur_South",NA
"SINALOA","BAHIA DEL CONCHAL",NA,NA,NA,NA,NA,NA,NA,NA,NA,NA,NA
"SINALOA","LAGUNA CHIRICAHUETO",NA,NA,24.432,-106.846,"high confidence",24.432,-106.846,NA,NA,NA,NA
"JALISCO","LOS CERRITOS Y BORDO LAS TUZAS",NA,"freshwater",20.57,-103.3,NA,NA,NA,20.57,-103.3,"Nayarit/Jalisco","Likely small ag. ponds near Los Cerritos area in Chapala basin; centroid estimate"
"BAJA CALIFORNIA","ISLA DE GUADALUPE","no",NA,29.05406015,-118.32652515,"high confidence",29.05406015,-118.32652515,29.0556,-118.377,"Baja_California_South",NA
"BAJA CALIFORNIA SUR","BAJOS SAN PABLO","no",NA,27.211,-114.464,NA,NA,NA,27.211,-114.464,"Baja_California_Sur_North",NA
"SONORA","LAS BOCAS","yes",NA,26.5872044444444,-109.3360475,"high confidence",26.5872044444444,-109.3360475,26.5848,-109.34,"Sonora_South",NA
"BAJA CALIFORNIA SUR","SAN ROQUE","no",NA,27.1676,-114.384,"alert 4: the lat-long values in Hem's key do not match the lat-long values in Mel's key by more than 2 degrees",23.2201419444444,-109.4645075,27.1676,-114.384,"Baja_California_Sur_North",NA
"BAJA CALIFORNIA SUR","PUNTA ARENA (EN BAHIA CONCEPCION)","yes",NA,26.81,-111.89,NA,NA,NA,26.81,-111.89,"Baja_California_Sur_North",NA
"BAJA CALIFORNIA","PUNTA REFUGIO (I. ANGEL DE LA GUARDA)","yes",NA,29.5500124,-113.5156392,"high confidence",29.5500124,-113.5156392,29.2898,-113.3649,"Baja_California_South",NA
"BAJA CALIFORNIA SUR","SAN PABLO","no",NA,27.1974,-114.4633,"alert 4: the lat-long values in Hem's key do not match the lat-long values in Mel's key by more than 2 degrees",24.5424143055556,-110.710330416667,27.1974,-114.4633,"Baja_California_Sur_North",NA
"SONORA","PUNTA CALAVERA","yes",NA,27.87577,-110.605,"high confidence",27.87577,-110.605,27.859,-110.527,"Sonora_South",NA
"NAYARIT","FRENTE A NUEVO VALLARTA",NA,NA,NA,NA,NA,NA,NA,NA,NA,NA,NA
"BAJA CALIFORNIA SUR","PUNTA EL LEON","yes",NA,24.221,-110.5622,NA,NA,NA,24.221,-110.5622,"Baja_California_Sur_South",NA
"BAJA CALIFORNIA SUR","PUNTA PESCADERO","yes",NA,23.7987052777778,-109.700140555556,"high confidence",23.7987052777778,-109.700140555556,23.67,-109.51,"Baja_California_Sur_South",NA
"BAJA CALIFORNIA SUR","ISLA SAN ROQUE SUR","no",NA,27.165,-114.404,NA,NA,NA,27.165,-114.404,"Baja_California_Sur_North",NA
"SONORA","PRESA MOCUZARIT",NA,NA,NA,NA,NA,NA,NA,NA,NA,NA,NA
"SONORA","PAREDONCITO","yes",NA,27.0556415277778,-109.910462638889,"high confidence",27.0556415277778,-109.910462638889,27.0542,-109.908,"Sonora_South",NA
"SINALOA","LA DRAGA Y EL PUYEQUE",NA,NA,NA,NA,NA,NA,NA,NA,NA,NA,NA
"SINALOA","SITIO FIDENCIO",NA,NA,NA,NA,NA,NA,NA,NA,NA,NA,NA
"SINALOA","LA PESQUERIA",NA,NA,NA,NA,NA,NA,NA,NA,NA,NA,NA
"SINALOA","CASCABELES",NA,NA,24.60331,-107.321,"high confidence",24.60331,-107.321,NA,NA,NA,NA
"NAYARIT","PUENTE, EL",NA,NA,NA,NA,NA,NA,NA,NA,NA,NA,NA
"NAYARIT","EMBARCADERO EL COLORADO",NA,NA,NA,NA,NA,NA,NA,NA,NA,NA,NA
"JALISCO","PRESA OJO DE AGUA",NA,"freshwater",20.83,-103.1,NA,NA,NA,20.83,-103.1,"Nayarit/Jalisco","One of several “Presa Ojo de Agua”; this matches Jalisco interior near Tepatitlán/Atotonilco area"
"JALISCO","TEPEHUAJE","no","freshwater",20.1336111111111,-103.299444444444,"high confidence",20.1336111111111,-103.299444444444,20.21,-103,NA,"Locality in Chapala basin area; fishing from lakeshore/nearby waterbodies"
"BAJA CALIFORNIA SUR","SAN BRUNO","yes",NA,27.1623825,-112.161936944444,"high confidence",27.1623825,-112.161936944444,27.15,-112.98,"Baja_California_Sur_North",NA
"BAJA CALIFORNIA SUR","ESTERO SALINAS","no",NA,24.5457,-111.8028,NA,NA,NA,24.5457,-111.8028,"Baja_California_Sur_South",NA
"BAJA CALIFORNIA","RIO HARDY","yes",NA,31.979,-115.119,NA,NA,NA,31.979,-115.119,"Baja_California_North",NA
"BAJA CALIFORNIA","MERCADO DE MARISCOS","no",NA,31.853,-116.6245,NA,NA,NA,31.853,-116.6245,"Baja_California_North",NA
"BAJA CALIFORNIA SUR","BOCA DE ALAMO","yes",NA,23.8933616,-109.8045592,"high confidence",23.8933616,-109.8045592,23.8952,-109.8026,"Baja_California_Sur_South",NA
"NAYARIT","ESTERO SANTA MARIA",NA,NA,22.2464,-105.4512,"high confidence",22.2464,-105.4512,NA,NA,NA,NA
"NAYARIT","LAGUNA LAS FLORES",NA,NA,NA,NA,NA,NA,NA,NA,NA,NA,NA
"SINALOA","AGUAS CONTINENTALES DEL ESTADO DE SINALOA",NA,NA,NA,NA,NA,NA,NA,NA,NA,NA,NA
"NAYARIT","PERDON, EL",NA,NA,NA,NA,NA,NA,NA,NA,NA,NA,NA
"SINALOA","LAS BRISAS (CULT.)",NA,NA,NA,NA,NA,NA,NA,NA,NA,NA,NA
"SONORA","LAS GUASIMAS","yes",NA,26.8187572222222,-108.942643888889,"high confidence",26.8187572222222,-108.942643888889,27.8847,-110.58,"Sonora_South",NA
"JALISCO","LAGUNA GOMEZ FARIAS",NA,"freshwater",19.47,-103.27,"high confidence",19.47,-103.27,20.48,-103.6,"Nayarit/Jalisco","Small inland lagoon near Gómez Farías locality west of GDL; centroid"
"NAYARIT","NOPALERA, LA",NA,NA,NA,NA,NA,NA,NA,NA,NA,NA,NA
"SONORA","EL RIITO","yes",NA,26.629725,-109.471997361111,"high confidence",26.629725,-109.471997361111,26.4823,-109.312,"Sonora_South",NA
"SONORA","ESTERO ATANASIA","yes",NA,27.14,-110.21,NA,NA,NA,27.14,-110.21,"Sonora_South",NA
"SONORA","EL VERTEDOR",NA,NA,NA,NA,NA,NA,NA,NA,NA,NA,NA
"BAJA CALIFORNIA SUR","EL CARDONAL (EN LA PAZ)","yes",NA,23.8473,-109.7447,NA,NA,NA,23.8473,-109.7447,"Baja_California_Sur_South",NA
"BAJA CALIFORNIA SUR","BOCA DEL TULE","yes",NA,23.24523,-109.438,"high confidence",23.24523,-109.438,23.264,-109.443,"Baja_California_Sur_South",NA
"JALISCO","PRESA """"CHARCO AZUL""""",NA,"freshwater",20.65,-103.05,NA,NA,NA,20.65,-103.05,"Nayarit/Jalisco","Small reservoir known locally as Charco Azul in GDL peri-urban area"
"BAJA CALIFORNIA SUR","PUNTA MARQUEZ","no",NA,23.9556054,-110.8739622,"high confidence",23.9556054,-110.8739622,23.9547,-110.874,"Baja_California_Sur_South",NA
"BAJA CALIFORNIA SUR","CABO TOSCO","no",NA,24.3100061,-111.7117283,"high confidence",24.3100061,-111.7117283,24.3606,-111.7041,"Baja_California_Sur_South",NA
"SONORA","SAN JOSE","yes",NA,27.4071227777778,-109.777359388889,"high confidence",27.4071227777778,-109.777359388889,27.12,-110.136,"Sonora_South",NA
"SINALOA","EMBARCADERO ISLA DE LA PIEDRA",NA,NA,NA,NA,NA,NA,NA,NA,NA,NA,NA
"SONORA","PUERTO LOBOS","yes",NA,30.2718291666667,-112.844922777778,"high confidence",30.2718291666667,-112.844922777778,30.2707,-112.842,"Sonora_Mid",NA
"SINALOA","PIEDRA BOLA",NA,NA,26.0096440277778,-108.215424375,"alert 1: multiple lat-long values in Hem's key that are more than 0.5 degree apart",26.0096440277778,-108.215424375,NA,NA,NA,NA
"JALISCO","ESTERO BOCA DE TOMATES",NA,"marine",20.67021775,-105.27198725,"high confidence",20.67021775,-105.27198725,20.714,-105.294,"Nayarit/Jalisco","Estero Boca de Tomates at north end of PV airport runways"
"BAJA CALIFORNIA SUR","MUELLE FISCAL DE SAN CARLOS","no",NA,24.79,-112.11,NA,NA,NA,24.79,-112.11,"Baja_California_Sur_South",NA
"JALISCO","PUNTA PERULA","no","marine",19.955,-105.11,NA,NA,NA,19.955,-105.11,NA,"Punta Pérula fishing village on Costa Alegre"
"SONORA","PARAJE VIEJO","yes",NA,27.8795,-110.924,"high confidence",27.8795,-110.924,27.8795,-110.924,"Sonora_South",NA
"JALISCO","PLAYA LA MANZANILLA","no","marine",19.26,-104.79,"high confidence",19.26,-104.79,19.2804,-104.7925,NA,"La Manzanilla, Jalisco; beach fronting mangrove lagoon"
"SONORA","ESTERO SAN JOSE","yes",NA,27.125,-110.126,"high confidence",27.125,-110.126,27.125,-110.126,"Sonora_South",NA
"SONORA","SANTA LUGARDA","yes",NA,26.7298,-109.7935,NA,NA,NA,26.7298,-109.7935,"Sonora_South",NA
"SONORA","CAMAHUIROA","yes",NA,26.5415559722222,-109.287103611111,"high confidence",26.5415559722222,-109.287103611111,26.5394,-109.29,"Sonora_South",NA
"BAJA CALIFORNIA","LA CHORERA","no",NA,30.457085,-116.027793055556,"high confidence",30.457085,-116.027793055556,30.4537,-116.0192,"Baja_California_South",NA
"BAJA CALIFORNIA SUR","CLAM BAYS","no",NA,27.6216,-114.8441,NA,NA,NA,27.6216,-114.8441,"Baja_California_Sur_North",NA
"NAYARIT","EMBARCADERO DE SAN ANDRES",NA,NA,NA,NA,NA,NA,NA,NA,NA,NA,NA
"NAYARIT","PLAYA SAN FRANCISCO",NA,NA,NA,NA,NA,NA,NA,NA,NA,NA,NA
"SINALOA","DISTRITO DE RIEGO #136",NA,NA,NA,NA,NA,NA,NA,NA,NA,NA,NA
"SINALOA","BAHIA DE ALTATA Y ENSENADA DEL PABELLON",NA,NA,NA,NA,NA,NA,NA,NA,NA,NA,NA
"SINALOA","BAHIA DE SANTA MARIA LA REFORMA",NA,NA,NA,NA,NA,NA,NA,NA,NA,NA,NA
"NAYARIT","EL MANGUITO",NA,NA,22.0627305555556,-104.563011388889,"high confidence",22.0627305555556,-104.563011388889,NA,NA,NA,NA
"SONORA","PESQ. MEXICO","yes",NA,26.78,-109.66,NA,NA,NA,26.78,-109.66,"Sonora_South",NA
"JALISCO","DESEMBARCADERO LA MANZANILLA","no","marine",19.291,-104.787,NA,NA,NA,19.291,-104.787,NA,"Same coastal locality as Playa La Manzanilla"
"JALISCO","ESTERO SAN JUAN, CANGREJOS Y TORTUGAS",NA,"marine",20.693,-105.304,NA,NA,NA,20.693,-105.304,"Nayarit/Jalisco","Complex name used for Boca de Tomates / airport estuary region"
"JALISCO","BORDO HUEJOTITLAN",NA,"freshwater",20.21,-103.26,"high confidence",20.21,-103.26,20.409,-103.273,"Nayarit/Jalisco","Locality Huejotitlán near Chapala basin"
"JALISCO","PRESA LA JOYA",NA,"freshwater",20.667,-103.582,NA,NA,NA,20.667,-103.582,"Nayarit/Jalisco","“La Joya” reservoir west of Guadalajara"
"JALISCO","SAN CRISTOBAL ZAPOTITLAN","no","freshwater",20.2868,-103.2314,NA,NA,NA,20.2868,-103.2314,NA,"Community on Lake Chapala"
"BAJA CALIFORNIA","RINCON PUNTA BANDA","no",NA,31.7239,-116.6781,NA,NA,NA,31.7239,-116.6781,"Baja_California_North",NA
"BAJA CALIFORNIA","EL MOLINO VIEJO","no",NA,30.4859081,-115.9758053,"high confidence",30.4859081,-115.9758053,30.48,-115.98,"Baja_California_South",NA
"SINALOA","JOSEFA ORTIZ DE DOMINGUEZ (PRESA)",NA,NA,NA,NA,NA,NA,NA,NA,NA,NA,NA
"JALISCO","PRESA MONTENEGRO",NA,"freshwater",20.596,-103.495,NA,NA,NA,20.596,-103.495,"Nayarit/Jalisco","NW of Lake Chapala, well mapped"
"BAJA CALIFORNIA","BAHIA FALSA","no",NA,30.4504,-116.0001,"high confidence",30.4504,-116.0001,30.4504,-116.0001,"Baja_California_South",NA
"BAJA CALIFORNIA","EL MIRADOR","no",NA,31.6664794444444,-116.555174444444,"high confidence",31.6664794444444,-116.555174444444,31.941,-116.75,"Baja_California_North",NA
"NAYARIT","CAMPO DE LIMONES",NA,NA,NA,NA,NA,NA,NA,NA,NA,NA,NA
"SINALOA","LITORAL (NAVOLATO)",NA,NA,NA,NA,NA,NA,NA,NA,NA,NA,NA
"SONORA","PUNTA DE LASTRE","yes",NA,27.9213,-110.882,NA,NA,NA,27.9213,-110.882,"Sonora_South",NA
"NAYARIT","ESTERO EL PUYECON",NA,NA,22.2051,-105.5959,"high confidence",22.2051,-105.5959,NA,NA,NA,NA
"SINALOA","BOCANITA",NA,NA,NA,NA,NA,NA,NA,NA,NA,NA,NA
"JALISCO","SAN LUIS SOYOTLAN","no","freshwater",20.2651,-103.2004,NA,NA,NA,20.2651,-103.2004,NA,"Lake Chapala south-shore"
"BAJA CALIFORNIA SUR","LOMA AMARILLA, COMONDU","no",NA,26.24,-112.06,NA,NA,NA,26.24,-112.06,"Baja_California_Sur_South",NA
"BAJA CALIFORNIA SUR","SAN ANDRESITO","no",NA,25.8992,-112.1537,NA,NA,NA,25.8992,-112.1537,"Baja_California_Sur_South",NA
"BAJA CALIFORNIA SUR","EL FARO","no",NA,26.7572,-113.5237,NA,NA,NA,26.7572,-113.5237,"Baja_California_Sur_North",NA
"JALISCO","PRESA AGUA PRIETA",NA,"freshwater",20.875,-102.95,NA,NA,NA,20.875,-102.95,"Nayarit/Jalisco","Inland Jalisco reservoir"
"SINALOA","ESTERO DE URIAS",NA,NA,23.2009273,-106.3722588,"high confidence",23.2009273,-106.3722588,NA,NA,NA,NA
"SONORA","EL TORNILLAL","yes",NA,31.5734122,-114.296277733333,"high confidence",31.5734122,-114.296277733333,31.5619,-114.297,"Sonora_North",NA
"BAJA CALIFORNIA SUR","EL SAUZOSO","yes",NA,24.31128,-110.642,"high confidence",24.31128,-110.642,24.3157,-110.6378,"Baja_California_Sur_South",NA
"BAJA CALIFORNIA SUR","EL COYOTE","no",NA,25.1219765555556,-111.280245777778,"high confidence",25.1219765555556,-111.280245777778,24.066,-110.998,"Baja_California_Sur_South",NA
"SINALOA","CELESTINO GASCA",NA,NA,23.8177222,-106.88699995,"high confidence",23.8177222,-106.88699995,NA,NA,NA,NA
"BAJA CALIFORNIA SUR","ESTERO EL DELGADITO (B.C.S.)","no",NA,26.61,-113.06,NA,NA,NA,26.61,-113.06,"Baja_California_Sur_North",NA
"NAYARIT","POZO CHINO",NA,NA,NA,NA,NA,NA,NA,NA,NA,NA,NA
"BAJA CALIFORNIA SUR","LA PALOMETA","no",NA,24.5566,-111.6481,NA,NA,NA,24.5566,-111.6481,"Baja_California_Sur_South",NA
"BAJA CALIFORNIA SUR","LOS PRADOS","no",NA,25.34042,-112.075,"high confidence",25.34042,-112.075,25.1926,-112.1188,"Baja_California_Sur_South",NA
"BAJA CALIFORNIA SUR","ISLA MAGDALENA","no",NA,25.3709787,-112.1102335,"high confidence",25.3709787,-112.1102335,25.3816,-112.1089,"Baja_California_Sur_South",NA
"NAYARIT","ZAPOTE DE PICAHOS",NA,NA,NA,NA,NA,NA,NA,NA,NA,NA,NA
"SINALOA","BAHIA DE CEUTA",NA,NA,23.9009722,-106.92280555,"high confidence",23.9009722,-106.92280555,NA,NA,NA,NA
"JALISCO","PRESA CIENEGA DE GALVANES",NA,"freshwater",20.698,-103.744,NA,NA,NA,20.698,-103.744,"Nayarit/Jalisco","Ciénaga/lagoon complex west Chapala region"
"JALISCO","SANTA CRUZ DE LA SOLEDAD","no","freshwater",20.2341795833333,-103.110035138889,"high confidence",20.2341795833333,-103.110035138889,20.2973,-103.1355,NA,"well-defined community on Chapala SE shore"
"SINALOA","AGUAS CONTINENTALES (RIO SAN LORENZO)",NA,NA,NA,NA,NA,NA,NA,NA,NA,NA,NA
"SONORA","EL BORRASCOSO","yes",NA,31.484,-114.05,"high confidence",31.484,-114.05,31.484,-114.05,"Sonora_North",NA
"SINALOA","MARMOL",NA,NA,23.483,-106.6,"high confidence",23.483,-106.6,NA,NA,NA,NA
"JALISCO","PRESA LA RED",NA,"freshwater",20.874,-103.014,NA,NA,NA,20.874,-103.014,"Nayarit/Jalisco","N/E basin Jalisco area; small reservoir"
"JALISCO","LAGUNA DE ZAPOTLAN","no","freshwater",19.45,-103.29,"high confidence",19.45,-103.29,19.6963,-103.4774,NA,"Zapotlán el Grande (Ciudad Guzmán)"
"BAJA CALIFORNIA","PUERTO SANTA CATARINA","yes",NA,30.584,-114.6676,NA,NA,NA,30.584,-114.6676,"Baja_California_South",NA
"JALISCO","BAHIA DE TENACATITA","no","marine",19.295,-104.863,NA,NA,NA,19.295,-104.863,NA,"Tenacatita, Costa Alegre"
"NAYARIT","COLOMO, EL",NA,NA,NA,NA,NA,NA,NA,NA,NA,NA,NA
"BAJA CALIFORNIA","PTO ADOLFO LOPEZ MATEOS","no",NA,25.1945,-112.1105,NA,NA,NA,25.1945,-112.1105,"Baja_California_South",NA
"JALISCO","PRESA EL GRANDE",NA,"freshwater",20.635,-103.189,NA,NA,NA,20.635,-103.189,"Nayarit/Jalisco","sometimes called “El Grande” near Tlajomulco area"
"SONORA","EL MERO","yes",NA,27.894,-110.859,NA,NA,NA,27.894,-110.859,"Sonora_South",NA
"SINALOA","LITORAL (ROSARIO)",NA,NA,NA,NA,NA,NA,NA,NA,NA,NA,NA
"SONORA","PRESA CUAUHTEMOC",NA,NA,NA,NA,NA,NA,NA,NA,NA,NA,NA
"SINALOA","LA BRECHA TEACAPAN",NA,NA,22.5401202,-105.7371526,"high confidence",22.5401202,-105.7371526,NA,NA,NA,NA
"SINALOA","PUNTA DE SAN MIGUEL",NA,NA,23.795,-106.883,"high confidence",23.795,-106.883,NA,NA,NA,NA
"JALISCO","BAHIA DE BANDERAS",NA,"marine",20.6,-105.3,NA,NA,NA,20.6,-105.3,"Nayarit/Jalisco","main bay shared Jalisco–Nayarit"
"BAJA CALIFORNIA","CAMPO DON ABEL","yes",NA,31.1744785,-114.906418,"high confidence",31.1744785,-114.906418,31.1736,-114.8846,"Baja_California_North",NA
"BAJA CALIFORNIA SUR","BARRIO DE LA PLAYA","yes",NA,23.06,-109.67,NA,NA,NA,23.06,-109.67,"Baja_California_Sur_South",NA
"BAJA CALIFORNIA SUR","LA VENTANA","yes",NA,24.0736554166667,-110.313651944444,"high confidence",24.0736554166667,-110.313651944444,24.0488,-109.9931,"Baja_California_Sur_South",NA
"BAJA CALIFORNIA","PUNTA SAN ANTONIO","no",NA,29.7492731944444,-115.685402083333,"high confidence",29.7492731944444,-115.685402083333,29.7502,-115.6841,"Baja_California_South",NA
"BAJA CALIFORNIA SUR","CAMPO PESQUERO EL DELGADITO","no",NA,26.6064,-113.0581,NA,NA,NA,26.6064,-113.0581,"Baja_California_Sur_North",NA
"NAYARIT","ROBLITO, EL",NA,NA,NA,NA,NA,NA,NA,NA,NA,NA,NA
"SONORA","LA CHOYA","yes",NA,31.3423,-113.64,"alert 3: multiple lat-long values in Hem's key that are more than 2 degrees apart",31.3423,-113.64,31.3423,-113.64,"Sonora_North",NA
"JALISCO","LA HUERTA","no","freshwater",19.905,-104.645,NA,NA,NA,19.905,-104.645,NA,"Municipality La Huerta—landings likely inland streams/bordos; not coastal La Huerta region"
"JALISCO","ESTERO BECERRA",NA,"marine",20.75,-105.36,"alert 4: the lat-long values in Hem's key do not match the lat-long values in Mel's key by more than 2 degrees",20.54,-102.79,20.75,-105.36,"Nayarit/Jalisco","small estuary north-coast—approx centroid"
"JALISCO","PONCITLAN","no","freshwater",20.3806944444444,-102.917083333333,"high confidence",20.3806944444444,-102.917083333333,20.3641,-102.9543,NA,"northern Chapala shore"
"SONORA","BOCA DEL RIO MAYO","yes",NA,26.715,-109.805,NA,NA,NA,26.715,-109.805,"Sonora_South",NA
"JALISCO","ESTERO MAJAHUAS","no","marine",19.84229865,-105.3697875,"high confidence",19.84229865,-105.3697875,20.015,-105.025,NA,"Majahuas mangrove/estuary near Chamela–Costa Alegre"
"NAYARIT","EMBARCADERO LOS ESPEJOS",NA,NA,NA,NA,NA,NA,NA,NA,NA,NA,NA
"JALISCO","DESEMBARCADERO RIO MARABASCO","no","marine",19.282,-104.587,NA,NA,NA,19.282,-104.587,NA,"On Jalisco/Colima boundary; coastal landing at river mouth"
"SONORA","LA MANGA","yes",NA,27.978115,-111.1235,"high confidence",27.978115,-111.1235,27.9765,-111.123,"Sonora_South",NA
"BAJA CALIFORNIA","CAMPO VIEJO","no",NA,30.131,-115.7857,"high confidence",30.131,-115.7857,30.131,-115.7857,"Baja_California_South",NA
"JALISCO","BORDO AGUA ZARCA",NA,"freshwater",20.65,-103.35,NA,NA,NA,20.65,-103.35,"Nayarit/Jalisco","Inland agricultural reservoir area"
"NAYARIT","LO DE MARCO",NA,NA,20.9549513,-105.3540238,"high confidence",20.9549513,-105.3540238,NA,NA,NA,NA
"JALISCO","PRESA SAN ONOFRE",NA,"freshwater",20.988,-102.789,NA,NA,NA,20.988,-102.789,"Nayarit/Jalisco","NE sector; mapped Jalisco reservoir"
"SINALOA","LA PIONIA (CULT)",NA,NA,NA,NA,NA,NA,NA,NA,NA,NA,NA
"SONORA","LA BANDERA","yes",NA,28.2980094444444,-111.140487222222,"high confidence",28.2980094444444,-111.140487222222,27.894,-110.953,"Sonora_South",NA
"JALISCO","PLAYA CAREYES","no","marine",19.26497665,-104.89811665,"high confidence",19.26497665,-104.89811665,19.3555,-105.0367,NA,"Costa Careyes, Costa Alegre"
"NAYARIT","RUBE√ëA, LA (RIO SANTIAGO)",NA,NA,NA,NA,NA,NA,NA,NA,NA,NA,NA
"JALISCO","PRESA EL MORIJO",NA,"freshwater",20.8,-103.2,NA,NA,NA,20.8,-103.2,"Nayarit/Jalisco","Inland dam region near highlands"
"BAJA CALIFORNIA SUR","ISLA CERRALVO","yes",NA,24.2341349,-109.8901427,"high confidence",24.2341349,-109.8901427,24.2357,-109.8693,"Baja_California_Sur_South",NA
"SINALOA","DRENES Y CANALES DIST. NO.74",NA,NA,NA,NA,NA,NA,NA,NA,NA,NA,NA
"BAJA CALIFORNIA SUR","BUENA VISTA (EN LOS CABOS)","yes",NA,23.66,-109.7,NA,NA,NA,23.66,-109.7,"Baja_California_Sur_South",NA
"NAYARIT","CHORROS, LOS",NA,NA,NA,NA,NA,NA,NA,NA,NA,NA,NA
"SINALOA","LAS TINAJAS",NA,NA,23.5111943055556,-106.391727916667,"high confidence",23.5111943055556,-106.391727916667,NA,NA,NA,NA
"SINALOA","LAS LABRADAS",NA,NA,23.5138356611111,-106.403375994444,"high confidence",23.5138356611111,-106.403375994444,NA,NA,NA,NA
"BAJA CALIFORNIA SUR","PUNTA TOSCA","no",NA,24.304,-111.71,NA,NA,NA,24.304,-111.71,"Baja_California_Sur_South",NA
"NAYARIT","EMBARCADERO LAGUNA LA PESCA",NA,NA,NA,NA,NA,NA,NA,NA,NA,NA,NA
"BAJA CALIFORNIA SUR","BOCANA DE SAN VENANCIO","no",NA,27.0901509,-112.4347001,"high confidence",27.0901509,-112.4347001,27.083,-112.417,"Baja_California_Sur_North",NA
"JALISCO","PRESA TACOTAN","no","freshwater",19.86,-103.533,NA,NA,NA,19.86,-103.533,NA,"Near Tacotán zone, Sierra de Cacoma region"
"JALISCO","PRESA DE HURTADO",NA,"freshwater",21.037,-102.768,NA,NA,NA,21.037,-102.768,"Nayarit/Jalisco","Inland–north Jalisco (Los Altos region)"
"NAYARIT","GUASIMA, LA",NA,NA,NA,NA,NA,NA,NA,NA,NA,NA,NA
"JALISCO","EL FARITO",NA,"marine",20.602,-105.233,NA,NA,NA,20.602,-105.233,"Nayarit/Jalisco","Known point/landing in Puerto Vallarta bay"
"SINALOA","ISLA DE LA PIEDRA",NA,NA,23.188869,-106.40455165,"high confidence",23.188869,-106.40455165,NA,NA,NA,NA
"NAYARIT","LAGUNA LAS TORTUGAS Y MATAIZA",NA,NA,21.2243,-105.2072,"high confidence",21.2243,-105.2072,NA,NA,NA,NA
"BAJA CALIFORNIA SUR","ARROYO DE LA POZA","no",NA,25.4725,-112.0138,NA,NA,NA,25.4725,-112.0138,"Baja_California_Sur_South",NA
"BAJA CALIFORNIA SUR","SAN JOSE DEL CABO, B.C.S.","yes",NA,23.062,-109.7,NA,NA,NA,23.062,-109.7,"Baja_California_Sur_South",NA
"JALISCO","BORDO SAN JOAQUIN",NA,"freshwater",20.26,-103.45,"high confidence",20.26,-103.45,20.68,-103.33,"Nayarit/Jalisco","inland agricultural pond"
"JALISCO","BORDO LOS ZAPOTITOS",NA,"freshwater",20.43,-103.93,"high confidence",20.43,-103.93,20.85,-102.88,"Nayarit/Jalisco","Los Altos region; centroid"
"BAJA CALIFORNIA","MUELLE PESCA DEPORTIVA","no",NA,31.8573,-116.6271,"high confidence",31.8573,-116.6271,31.8573,-116.6271,"Baja_California_North",NA
"NAYARIT","AZTLAN DE LAS GARZAS",NA,NA,21.8257625,-105.391833055556,"high confidence",21.8257625,-105.391833055556,NA,NA,NA,NA
"JALISCO","PRESA EL TULE",NA,"freshwater",20.726,-103.242,NA,NA,NA,20.726,-103.242,"Nayarit/Jalisco","Jalisco interior"
"BAJA CALIFORNIA","PUNTA FINAL","yes",NA,29.7605140666667,-114.2860157,"high confidence",29.7605140666667,-114.2860157,29.772,-114.2711,"Baja_California_South",NA
"BAJA CALIFORNIA","SANTO DOMINGO","no",NA,28.257,-114.09,"alert 4: the lat-long values in Hem's key do not match the lat-long values in Mel's key by more than 2 degrees",31.5994427777778,-116.398504375,28.257,-114.09,"Baja_California_South",NA
"BAJA CALIFORNIA SUR","LA HERRADURA","no",NA,24.9628397222222,-111.428406944444,"alert 1: multiple lat-long values in Hem's key that are more than 0.5 degree apart",24.9628397222222,-111.428406944444,24.719,-111.911,"Baja_California_Sur_South",NA
"BAJA CALIFORNIA","CAMPO ARROYITO (EN I. GUADALUPE)","no",NA,29.0556,-118.377,NA,NA,NA,29.0556,-118.377,"Baja_California_South",NA
"NAYARIT","SAN MIGUEL NO. 2",NA,NA,NA,NA,NA,NA,NA,NA,NA,NA,NA
"BAJA CALIFORNIA SUR","ISLA CATALANA","yes",NA,25.653,-110.781,NA,NA,NA,25.653,-110.781,"Baja_California_Sur_South",NA
"BAJA CALIFORNIA SUR","PUERTO CORTEZ","no",NA,24.4777777,-111.8219444,"high confidence",24.4777777,-111.8219444,24.4752,-111.822,"Baja_California_Sur_South",NA
"NAYARIT","ESTERO EL CHINO",NA,NA,NA,NA,NA,NA,NA,NA,NA,NA,NA
"JALISCO","LAGUNA EL CAPULIN","no","marine",20.27,-103.16,"high confidence",20.27,-103.16,19.274,-104.823,NA,"coastal lagoon in Chamela-Tenacatita region"
"SINALOA","LOS DIQUES",NA,NA,NA,NA,NA,NA,NA,NA,NA,NA,NA
"SINALOA","PRESA LOS HORCONES",NA,NA,NA,NA,NA,NA,NA,NA,NA,NA,NA
"JALISCO","PUNTA PE√ëITAS",NA,"marine",20.699,-105.2,NA,NA,NA,20.699,-105.2,"Nayarit/Jalisco","Punta Peñitas, Bahía de Banderas (approx)"
"JALISCO","PUERTO VIEJO CHAMELA","no","marine",19.464,-105.002,NA,NA,NA,19.464,-105.002,NA,"Puerto Viejo de Chamela area on Costa Alegre"
"JALISCO","RIOS PURIFICACION Y SAN NICOLAS","no","marine",19.352,-104.416,NA,NA,NA,19.352,-104.416,NA,"Purificación/San Nicolás discharge along coastal area"
"BAJA CALIFORNIA","MUELLE MOLINO VIEJO","no",NA,30.48,-115.98,NA,NA,NA,30.48,-115.98,"Baja_California_South",NA
"NAYARIT","ANEXO EMBARCADERO SAN MIGUEL",NA,NA,NA,NA,NA,NA,NA,NA,NA,NA,NA
"BAJA CALIFORNIA SUR","EL PARDITO","yes",NA,24.863,-110.588,NA,NA,NA,24.863,-110.588,"Baja_California_Sur_South",NA
"BAJA CALIFORNIA SUR","LA POZA","no",NA,25.70232,-111.534,"high confidence",25.70232,-111.534,25.478,-112.088,"Baja_California_Sur_South",NA
"JALISCO","RIO PURIFICACION Y REFUGIO","no","marine",19.278,-104.452,NA,NA,NA,19.278,-104.452,NA,"Same river system; coastal discharge"
"BAJA CALIFORNIA SUR","SAN JAVIER","yes",NA,26.005,-111.337,NA,NA,NA,26.005,-111.337,"Baja_California_Sur_South",NA
"BAJA CALIFORNIA SUR","BAHIA SANTA INES","yes",NA,27.0306,-111.9739,NA,NA,NA,27.0306,-111.9739,"Baja_California_Sur_North",NA
"JALISCO","LAGUNA EL TECUAN","no","marine",19.32,-104.9,"high confidence",19.32,-104.9,19.544,-104.976,NA,"El Tecuán lagoon system (Costa Alegre)"
"BAJA CALIFORNIA","CAMPO TEPEYAC O CAMPO OESTE (I. GUADALUPE)","no",NA,29.0556,-118.377,NA,NA,NA,29.0556,-118.377,"Baja_California_South",NA
"BAJA CALIFORNIA SUR","TEMBABICHE","yes",NA,25.2567641,-110.9507227,"high confidence",25.2567641,-110.9507227,25.313,-111.089,"Baja_California_Sur_South",NA
"JALISCO","BORDO MIRAPLANES",NA,"freshwater",20.645,-103.385,NA,NA,NA,20.645,-103.385,"Nayarit/Jalisco","inland agricultural waterbody"
"JALISCO","BORDO LOS ORGANOS",NA,"freshwater",20.72,-103.28,NA,NA,NA,20.72,-103.28,"Nayarit/Jalisco","small agricultural reservoir"
"JALISCO","BORDO DON GIL",NA,"freshwater",20.22,-104.16,"high confidence",20.22,-104.16,20.69,-103.14,"Nayarit/Jalisco","inland; centroid"
"BAJA CALIFORNIA SUR","PUNTA SAN CARLOS","no",NA,24.794,-112.102,NA,NA,NA,24.794,-112.102,"Baja_California_Sur_South",NA
"SINALOA","BOCA DE LUGO",NA,NA,26.353,-108.514,"high confidence",26.353,-108.514,NA,NA,NA,NA
"SINALOA","EL PATOLE",NA,NA,23.7283013888889,-106.814005,"high confidence",23.7283013888889,-106.814005,NA,NA,NA,NA
"NAYARIT","ESPINO, EL",NA,NA,NA,NA,NA,NA,NA,NA,NA,NA,NA
"BAJA CALIFORNIA","MEXICALI","yes",NA,32.6459879166667,-115.471139444444,"high confidence",32.6459879166667,-115.471139444444,32.6508,-115.4667,"Baja_California_North",NA
"BAJA CALIFORNIA SUR","ISLA SANTA CATALINA","yes",NA,25.6345,-110.8175,NA,NA,NA,25.6345,-110.8175,"Baja_California_Sur_South",NA
"BAJA CALIFORNIA","ISLA DE CEDROS","no",NA,28.1189177638889,-115.198638869444,"high confidence",28.1189177638889,-115.198638869444,28.189,-115.216,"Baja_California_South",NA
"JALISCO","CORRALES",NA,"marine",20.679,-105.295,"alert 4: the lat-long values in Hem's key do not match the lat-long values in Mel's key by more than 2 degrees",20.0141651388889,-102.819913194444,20.679,-105.295,"Nayarit/Jalisco","likely coastal Corrales area near Boca de Tomates"
"BAJA CALIFORNIA SUR","MUELLE DE PROD. PESQ. MATANCITAS","no",NA,25.147,-111.998,NA,NA,NA,25.147,-111.998,"Baja_California_Sur_South",NA
"NAYARIT","EMBARCADERO EL CORDON",NA,NA,NA,NA,NA,NA,NA,NA,NA,NA,NA
"JALISCO","BAHIA DE CHAMELA","no","marine",19.49,-105.03,NA,NA,NA,19.49,-105.03,NA,"major bay near Chamela"
"BAJA CALIFORNIA SUR","PUERTO AGUA VERDE","yes",NA,25.5120663888889,-111.071265277778,"high confidence",25.5120663888889,-111.071265277778,25.5277,-111.0814,"Baja_California_Sur_South",NA
"SONORA","CABO HARO","yes",NA,27.842,-110.88805555,"high confidence",27.842,-110.88805555,27.839,-110.89,"Sonora_South",NA
"JALISCO","PRESA LA SAUCEDA",NA,"freshwater",20.78,-103.23,NA,NA,NA,20.78,-103.23,"Nayarit/Jalisco","interior Jalisco reservoir"
"SONORA","LAS SALINAS","yes",NA,26.4218,-109.326,"alert 4: the lat-long values in Hem's key do not match the lat-long values in Mel's key by more than 2 degrees",31.5117541666667,-114.135735833333,26.4218,-109.326,"Sonora_South",NA
"BAJA CALIFORNIA SUR","MUELLE DE PTO ADOLFO LOPEZ MATEOS","no",NA,25.1889,-112.1185,NA,NA,NA,25.1889,-112.1185,"Baja_California_Sur_South",NA
"BAJA CALIFORNIA SUR","ESTERO HOMBRES SOLOS","no",NA,25,-112,NA,NA,NA,25,-112,"Baja_California_Sur_South",NA
"SONORA","R. PORTUARIO PCO","yes",NA,31.317,-113.538,NA,NA,NA,31.317,-113.538,"Sonora_North",NA
"SINALOA","EL TAPAHUITO",NA,NA,23.3691683333333,-106.494954166667,"high confidence",23.3691683333333,-106.494954166667,NA,NA,NA,NA
"NAYARIT","SAYULITA",NA,NA,20.8690726851852,-105.438321851852,"high confidence",20.8690726851852,-105.438321851852,NA,NA,NA,NA
"JALISCO","SAN NICOLAS DE IBARRA","no","freshwater",20.2199054166667,-103.139980416667,"high confidence",20.2199054166667,-103.139980416667,20.3198,-102.9685,NA,"northern Lake Chapala shore"
"BAJA CALIFORNIA","MUELLE MAR NEGRO","no",NA,31.85919,-116.62461,NA,NA,NA,31.85919,-116.62461,"Baja_California_North",NA
"JALISCO","PRESA TEXCALAME",NA,"freshwater",20.7,-103.42,NA,NA,NA,20.7,-103.42,"Nayarit/Jalisco","basin west Chapala area"
"BAJA CALIFORNIA SUR","BAHIA DE SANTANA","no",NA,26.83,-113.33,NA,NA,NA,26.83,-113.33,"Baja_California_Sur_North",NA
"SONORA","LITORAL",NA,NA,NA,NA,NA,NA,NA,NA,NA,NA,NA
"JALISCO","MARISMA CHALACATEPEC","no","marine",19.428,-105.006,NA,NA,NA,19.428,-105.006,NA,"conservation wetlands area in Costa Alegre"
"BAJA CALIFORNIA","EL PEDREGAL","no",NA,30.4446,-115.9618,NA,NA,NA,30.4446,-115.9618,"Baja_California_South",NA
"JALISCO","PRESA JUIQUINAQUE",NA,"freshwater",20.63,-103.48,NA,NA,NA,20.63,-103.48,"Nayarit/Jalisco","smaller inland presa with limited references"
"BAJA CALIFORNIA SUR","EL PORTUGES","no",NA,24.86,-112.12,NA,NA,NA,24.86,-112.12,"Baja_California_Sur_South",NA
"JALISCO","PRESA POTRERILLOS",NA,"freshwater",20.717,-103.653,NA,NA,NA,20.717,-103.653,"Nayarit/Jalisco","west of Chapala region"
"JALISCO","PRESA SANTA ROSA",NA,"freshwater",20.61,-103.3,NA,NA,NA,20.61,-103.3,"Nayarit/Jalisco","inland, NW Chapala region"
"JALISCO","PRESA LA BOQUILLA",NA,"freshwater",20.9,-102.89,NA,NA,NA,20.9,-102.89,"Nayarit/Jalisco","Los Altos region"
"JALISCO","PRESA LAS PIEDRAS",NA,"freshwater",20.695,-103.425,NA,NA,NA,20.695,-103.425,"Nayarit/Jalisco","interior west-Chapala"
"JALISCO","PRESA EL NOGAL",NA,"freshwater",20.592,-103.265,NA,NA,NA,20.592,-103.265,"Nayarit/Jalisco","near Tlajomulco basin"
"JALISCO","PRESA DE PARTIDAS",NA,"freshwater",20.8,-103.05,NA,NA,NA,20.8,-103.05,"Nayarit/Jalisco","smaller dam; centroid"
"JALISCO","PRESA SAN ANTONIO DE LA CALERA",NA,"freshwater",20.735,-103.22,NA,NA,NA,20.735,-103.22,"Nayarit/Jalisco","interior between GDL & Chapala"
"BAJA CALIFORNIA","PUNTA SAN QUINTIN","no",NA,30.467,-115.9719,NA,NA,NA,30.467,-115.9719,"Baja_California_South",NA
"BAJA CALIFORNIA SUR","ISLA MARGARITA","no",NA,24.28,-111.55,NA,NA,NA,24.28,-111.55,"Baja_California_Sur_South",NA
"SONORA","LA CINITA","yes",NA,26.8113,-109.7495,"alert 4: the lat-long values in Hem's key do not match the lat-long values in Mel's key by more than 2 degrees",30.8508702951696,-113.016280866365,26.8113,-109.7495,"Sonora_South",NA
"NAYARIT","PLATANITOS",NA,NA,21.3991988888889,-104.978006111111,"high confidence",21.3991988888889,-104.978006111111,NA,NA,NA,NA
"JALISCO","OJO DE AGUA","no","freshwater",20.0072698611111,-103.516987083333,"alert 2: multiple lat-long values in Hem's key that are more than 1 degree apart",20.0072698611111,-103.516987083333,20.235,-103.26,NA,"within Chapala south basin"
"SINALOA","LOS PUENTES CUATES",NA,NA,25.3546152777778,-108.331549166667,"high confidence",25.3546152777778,-108.331549166667,NA,NA,NA,NA
"JALISCO","PRESA DE ATOYAC","no","freshwater",20.018,-103.522,NA,NA,NA,20.018,-103.522,NA,"municipality of Atoyac"
"SONORA","LAS PALMAS SAN CARLOS","yes",NA,28.3156,-111.456,NA,NA,NA,28.3156,-111.456,"Sonora_South",NA
"SINALOA","ALTA MAR",NA,NA,22.877,-106.475,"high confidence",22.877,-106.475,NA,NA,NA,NA
"JALISCO","PRESA SAN ANDRES",NA,"freshwater",20.61,-103.36,NA,NA,NA,20.61,-103.36,"Nayarit/Jalisco","inland"
"JALISCO","RIO TULE",NA,"freshwater",20.68,-103.33,NA,NA,NA,20.68,-103.33,"Nayarit/Jalisco","flows interior; freshwater (not coastal Tule in Oaxaca—this one is the Jalisco entry)"
"SINALOA","LAS GRULLAS",NA,NA,25.853345,-109.322,"high confidence",25.853345,-109.322,NA,NA,NA,NA
"JALISCO","PRESA LOS PEREZ",NA,"freshwater",20.78,-103.22,NA,NA,NA,20.78,-103.22,"Nayarit/Jalisco","Interior Jalisco presa in the same “presa belt” as other 14040xx dams"
"JALISCO","BOQUILLA DE ZARAGOZA",NA,"freshwater",20.43,-103.23,NA,NA,NA,20.43,-103.23,"Nayarit/Jalisco","Inland “boquilla” site (upstream narrowing) in Chapala basin; not the coastal Veracruz one"
"JALISCO","BOCA NEGRA",NA,"marine",20.705,-105.32,NA,NA,NA,20.705,-105.32,"Nayarit/Jalisco","14060xx pattern = Bahía de Banderas coast; Boca Negra is a small coastal site north of PV"
"JALISCO","PRESA ACHIMEC",NA,"freshwater",20.85,-103.05,NA,NA,NA,20.85,-103.05,"Nayarit/Jalisco","Inland presa in Los Altos/NE region"
"JALISCO","PRESA SAN ISIDRO",NA,"freshwater",20.41,-103.22,NA,NA,NA,20.41,-103.22,"Nayarit/Jalisco","Small reservoir near Chapala basin (same 14048xx “bordo/presa” cluster)"
"SINALOA","CANDELONES",NA,NA,NA,NA,NA,NA,NA,NA,NA,NA,NA
"BAJA CALIFORNIA SUR","PUERTO VIEJO (EN B.C.N.)",NA,NA,NA,NA,NA,NA,NA,NA,NA,NA,NA
"BAJA CALIFORNIA SUR","ENSENADA DE LA PAZ","yes",NA,24.1361,-110.3887,NA,NA,NA,24.1361,-110.3887,"Baja_California_Sur_South",NA
"JALISCO","NESTIPAC","no","freshwater",20.35,-103.16,NA,NA,NA,20.35,-103.16,NA,"Community near north-west Lake Chapala shoreline"
"BAJA CALIFORNIA SUR","LA TRINIDAD","yes",NA,26.990935,-112.516345277778,"high confidence",26.990935,-112.516345277778,27.7026,-112.6432,"Baja_California_Sur_North",NA
"BAJA CALIFORNIA","PUNTA ARENA","yes",NA,29.3849,-113.96675,NA,NA,NA,29.3849,-113.96675,"Baja_California_South",NA
"BAJA CALIFORNIA","MUELLE DE SAN FELIPE","yes",NA,31.0173,-114.8335,NA,NA,NA,31.0173,-114.8335,"Baja_California_North",NA
"BAJA CALIFORNIA","R. PORTUARIO PCO","no",NA,31.85,-116.633,NA,NA,NA,31.85,-116.633,"Baja_California_North",NA
"BAJA CALIFORNIA","ESTERO SAN JOSE B.C.N.","yes",NA,23.05,-109.68306,NA,NA,NA,23.05,-109.68306,"Baja_California_South",NA
"BAJA CALIFORNIA","SAN ISIDRO","no",NA,31.2906,-116.4121,NA,NA,NA,31.2906,-116.4121,"Baja_California_North",NA
"JALISCO","SAN JUAN TECOMATLAN","no","freshwater",20.2591131944444,-103.080916666667,"high confidence",20.2591131944444,-103.080916666667,20.29,-103.03,NA,"Town on SE shore of Lake Chapala"
"SINALOA","EN MOCHIS",NA,NA,NA,NA,NA,NA,NA,NA,NA,NA,NA
"BAJA CALIFORNIA","PUNTA CANOAS","no",NA,29.4172,-115.1836,"high confidence",29.4172,-115.1836,29.4172,-115.1836,"Baja_California_South",NA
"BAJA CALIFORNIA","ESTERO SAN JOSE","no",NA,29.2844,-114.8703,NA,NA,NA,29.2844,-114.8703,"Baja_California_South",NA
"BAJA CALIFORNIA","BAHIA DE LOS ANGELES B.C.N.","yes",NA,28.95192,-113.56243,NA,NA,NA,28.95192,-113.56243,"Baja_California_South",NA
"BAJA CALIFORNIA","FARO DE SAN JOSE","no",NA,23.065,-109.665,NA,NA,NA,23.065,-109.665,"Baja_California_South",NA
"BAJA CALIFORNIA","ESTERO LAGUNA MANUELA B.C.N.","no",NA,28.2333,-114.1,NA,NA,NA,28.2333,-114.1,"Baja_California_South",NA
"JALISCO","CHALPICOTE","no","freshwater",20.290082837037,-102.888476040741,"high confidence",20.290082837037,-102.888476040741,20.3,-103.05,NA,"Small locality in Chapala south-shore area"
"NAYARIT","VENA DEL PUYEQUE",NA,NA,NA,NA,NA,NA,NA,NA,NA,NA,NA
"BAJA CALIFORNIA SUR","ESTERO SANTO DOMINGO","no",NA,25.4021,-112.0835,NA,NA,NA,25.4021,-112.0835,"Baja_California_Sur_South",NA
"BAJA CALIFORNIA","SAN QUINTIN (LITORALES)","no",NA,30.5504,-116.0259,NA,NA,NA,30.5504,-116.0259,"Baja_California_South",NA
"BAJA CALIFORNIA","PUERTO SAN JOSE","no",NA,29.2844,-114.8703,NA,NA,NA,29.2844,-114.8703,"Baja_California_South",NA
"BAJA CALIFORNIA SUR","Las Casitas (Laguna Ojo de Liebre)","no",NA,27.73,-113.95,NA,NA,NA,27.73,-113.95,"Baja_California_Sur_North",NA
"SONORA","EL COCHORIT","yes",NA,27.9186,-110.776,NA,NA,NA,27.9186,-110.776,"Sonora_South",NA
"BAJA CALIFORNIA","SAN JOSE","no",NA,29.2844,-114.8703,"alert 4: the lat-long values in Hem's key do not match the lat-long values in Mel's key by more than 2 degrees",31.9792080555556,-116.609375833333,29.2844,-114.8703,"Baja_California_South",NA
"BAJA CALIFORNIA","SANTO TOMAS","no",NA,31.62161,-116.478429583333,"high confidence",31.62161,-116.478429583333,31.5343,-116.69,"Baja_California_North",NA
"BAJA CALIFORNIA SUR","EL CHICHARRON","no",NA,26.0653005555556,-112.273400833333,"high confidence",26.0653005555556,-112.273400833333,26.0509,-112.267,"Baja_California_Sur_South",NA
"BAJA CALIFORNIA","EJIDO RUBEN JARAMILLO","no",NA,30.9213170833333,-116.087984722222,"high confidence",30.9213170833333,-116.087984722222,30.918,-116.05,"Baja_California_South",NA
"BAJA CALIFORNIA","EL CUCHILLO","no",NA,29.2399,-114.8218,NA,NA,NA,29.2399,-114.8218,"Baja_California_South",NA
"SONORA","EL JAGUEY","yes",NA,30.8611111111111,-113.103333333333,"high confidence",30.8611111111111,-113.103333333333,30.8127,-113.127,"Sonora_Mid",NA
"SINALOA","BAHIA DE LECHUGUILLA",NA,NA,25.715,-109.339,"high confidence",25.715,-109.339,NA,NA,NA,NA
"BAJA CALIFORNIA","CANOAS","no",NA,29.42091,-115.12,"high confidence",29.42091,-115.12,29.4172,-115.1836,"Baja_California_South",NA
"BAJA CALIFORNIA","PUERTO ESCONDIDO","no",NA,31.708,-116.7081,NA,NA,NA,31.708,-116.7081,"Baja_California_North",NA
"JALISCO","SAN NICOLAS DE ACU√ëA","no","freshwater",20.27,-103.12,NA,NA,NA,20.27,-103.12,NA,"Settlement near south-eastern part of Lake Chapala"
"SINALOA","DREN CINCO",NA,NA,NA,NA,NA,NA,NA,NA,NA,NA,NA
"SINALOA","EL COLORADO",NA,NA,25.6813559259259,-109.021987037037,"alert 1: multiple lat-long values in Hem's key that are more than 0.5 degree apart",25.6813559259259,-109.021987037037,NA,NA,NA,NA
"SINALOA","LA BALLENA",NA,NA,25.9675461111111,-109.386728888889,"high confidence",25.9675461111111,-109.386728888889,NA,NA,NA,NA
"JALISCO","LOS ARRAYANES",NA,"freshwater",20.37,-103.16,"alert 1: multiple lat-long values in Hem's key that are more than 0.5 degree apart",20.37,-103.16,20.66,-103.39,"Nayarit/Jalisco","Interior agricultural waterbody west of Chapala"
"BAJA CALIFORNIA","SANTA ROSALIITA","no",NA,28.6707386111111,-114.234281111111,"high confidence",28.6707386111111,-114.234281111111,28.6432,-114.1935,"Baja_California_South",NA
"BAJA CALIFORNIA","EL BARRIL","yes",NA,28.3013047222222,-112.872435,"high confidence",28.3013047222222,-112.872435,28.301,-112.8725,"Baja_California_South",NA
"BAJA CALIFORNIA","PUNTA CUCHILLA","no",NA,29.2399,-114.8218,NA,NA,NA,29.2399,-114.8218,"Baja_California_South",NA
"BAJA CALIFORNIA","SAN JERONIMO","no",NA,29.7917,-115.7917,NA,NA,NA,29.7917,-115.7917,"Baja_California_South",NA
"BAJA CALIFORNIA","PUERTO SANTO TOMAS","no",NA,31.54417745,-116.5463935,"high confidence",31.54417745,-116.5463935,31.5343,-116.6838,"Baja_California_North",NA
"BAJA CALIFORNIA SUR","LA PITHAYA","yes",NA,25.03,-110.95,NA,NA,NA,25.03,-110.95,"Baja_California_Sur_South",NA
"JALISCO","SAN PEDRO TESISTAN","no","freshwater",20.2283813888889,-103.415676666667,"high confidence",20.2283813888889,-103.415676666667,20.266,-103.05,NA,"locality on Lake Chapala south shore"
"BAJA CALIFORNIA","MUELLE FISCAL 1","no",NA,31.8525,-116.633,NA,NA,NA,31.8525,-116.633,"Baja_California_North",NA
"SONORA","LA SALINITA","yes",NA,27.8863,-110.952,NA,NA,NA,27.8863,-110.952,"Sonora_South",NA
"BAJA CALIFORNIA","SAN QUINTIN","no",NA,30.5281206592593,-115.94963052963,"high confidence",30.5281206592593,-115.94963052963,30.467,-115.9719,"Baja_California_South",NA
"BAJA CALIFORNIA","PUNTA FINAL (B. DE LOS ANGELES)","yes",NA,28.95192,-113.56243,NA,NA,NA,28.95192,-113.56243,"Baja_California_South",NA
"SINALOA","LA HERRADURA",NA,NA,24.7184578703704,-107.395631481481,"high confidence",24.7184578703704,-107.395631481481,NA,NA,NA,NA
"SINALOA","CULTIVADORES DE LAS MARISMAS (CULT)",NA,NA,NA,NA,NA,NA,NA,NA,NA,NA,NA
"BAJA CALIFORNIA","ESCOLLERA",NA,NA,NA,NA,NA,NA,NA,NA,NA,NA,NA
"BAJA CALIFORNIA","SAN LUIS GONZAGA B.C.N.","yes",NA,29.7924,-114.38,NA,NA,NA,29.7924,-114.38,"Baja_California_South",NA
"BAJA CALIFORNIA","EL BARRIL B.C.N.","yes",NA,28.3009,-112.8741,NA,NA,NA,28.3009,-112.8741,"Baja_California_South",NA
"NAYARIT","EL PERDON",NA,NA,NA,NA,NA,NA,NA,NA,NA,NA,NA
"BAJA CALIFORNIA","PUERTO SAN CARLOS","no",NA,29.6223743055556,-115.472849444444,"high confidence",29.6223743055556,-115.472849444444,29.6173,-115.4673,"Baja_California_South",NA
"BAJA CALIFORNIA","EL RINCON DE PUNTA BANDA","no",NA,31.7239,-116.6781,NA,NA,NA,31.7239,-116.6781,"Baja_California_North",NA
"BAJA CALIFORNIA SUR","ESTERO EL DATIL (B.C.S.)","no",NA,26.86,-113.17,NA,NA,NA,26.86,-113.17,"Baja_California_Sur_North",NA
"SINALOA","EL SALADO",NA,NA,NA,NA,NA,NA,NA,NA,NA,NA,NA
"SONORA","LA ATANASIA","yes",NA,27.2657226,-110.140275566667,"high confidence",27.2657226,-110.140275566667,27.1524,-110.207,"Sonora_South",NA
"BAJA CALIFORNIA","PUNTA SAN JACINTO","no",NA,30.8617961333333,-116.169400666667,"high confidence",30.8617961333333,-116.169400666667,30.8622,-116.1746,"Baja_California_South",NA
"NAYARIT","BLANCAS, LAS",NA,NA,NA,NA,NA,NA,NA,NA,NA,NA,NA
"JALISCO","PLAYA PIZOTA","no","marine",20.4900285,-105.4892858,"high confidence",20.4900285,-105.4892858,20.396,-105.607,NA,"small remote beach south of Puerto Vallarta (near Yelapa coast)"
"BAJA CALIFORNIA SUR","DALITAR","yes",NA,23.3466,-109.601,NA,NA,NA,23.3466,-109.601,"Baja_California_Sur_South",NA
"SINALOA","POZO DE LASA",NA,NA,NA,NA,NA,NA,NA,NA,NA,NA,NA
"BAJA CALIFORNIA SUR","LA BINORAMA","no",NA,26.24,-112.06,NA,NA,NA,26.24,-112.06,"Baja_California_Sur_South",NA
"SONORA","PUERTO SAN JOSE","yes",NA,27.12,-110.136,NA,NA,NA,27.12,-110.136,"Sonora_South",NA
"SONORA","PRESA OVIACHI",NA,NA,NA,NA,NA,NA,NA,NA,NA,NA,NA
"BAJA CALIFORNIA SUR","MUELLE DE SANIMAR (LA PAZ)","yes",NA,24.155,-110.32,NA,NA,NA,24.155,-110.32,"Baja_California_Sur_South",NA
"BAJA CALIFORNIA","EL PABELLON","no",NA,30.3688180555556,-115.852259583333,"high confidence",30.3688180555556,-115.852259583333,30.3669,-115.8502,"Baja_California_South",NA
"NAYARIT","SAN RAFAEL",NA,NA,NA,NA,NA,NA,NA,NA,NA,NA,NA
"BAJA CALIFORNIA SUR","CAMPITO EL CHEVO","no",NA,27.823,-114.8519,NA,NA,NA,27.823,-114.8519,"Baja_California_Sur_North",NA
"BAJA CALIFORNIA","CALAMAJUE","yes",NA,29.633333,-114.416667,"high confidence",29.633333,-114.416667,29.6904,-114.1555,"Baja_California_South",NA
"BAJA CALIFORNIA","LA COLORADA (I. CEDROS)","no",NA,28.1164,-115.3506,NA,NA,NA,28.1164,-115.3506,"Baja_California_South",NA
"SINALOA","ALAMITO Y CAIMANERO (CULT)",NA,NA,NA,NA,NA,NA,NA,NA,NA,NA,NA
"SONORA","PRESA JINCORIS",NA,NA,NA,NA,NA,NA,NA,NA,NA,NA,NA
"NAYARIT","TAPO EL PUENTE",NA,NA,NA,NA,NA,NA,NA,NA,NA,NA,NA
"SINALOA","SITIO LAS COYOTAS",NA,NA,NA,NA,NA,NA,NA,NA,NA,NA,NA
"SINALOA","BOQUITAS",NA,NA,NA,NA,NA,NA,NA,NA,NA,NA,NA
"SINALOA","POZO DE HACIENDA",NA,NA,NA,NA,NA,NA,NA,NA,NA,NA,NA
"SINALOA","LAZARO CARDENAS",NA,NA,25.9418766666667,-108.937836805556,"high confidence",25.9418766666667,-108.937836805556,NA,NA,NA,NA
"SONORA","EL COLORADO","yes",NA,28.2899536111111,-111.414901388889,"alert 2: multiple lat-long values in Hem's key that are more than 1 degree apart",28.2899536111111,-111.414901388889,29.8142,-112.638,"Sonora_Mid",NA
"NAYARIT","LAS FLORES",NA,NA,NA,NA,NA,NA,NA,NA,NA,NA,NA
"NAYARIT","LA MATITA",NA,NA,NA,NA,NA,NA,NA,NA,NA,NA,NA
"BAJA CALIFORNIA","NOTIENE",NA,NA,NA,NA,NA,NA,NA,NA,NA,NA,NA
"JALISCO","PRESA LA ROSITA",NA,"freshwater",20.65,-103.4,NA,NA,NA,20.65,-103.4,"Nayarit/Jalisco","interior presa near west-Chapala zone"
"NAYARIT","SAN FRANCISCO",NA,NA,20.9022469444444,-105.413344166667,"alert 1: multiple lat-long values in Hem's key that are more than 0.5 degree apart",20.9022469444444,-105.413344166667,NA,NA,NA,NA
"BAJA CALIFORNIA SUR","SAN LUIS","yes",NA,23.1837,-109.4668,NA,NA,NA,23.1837,-109.4668,"Baja_California_Sur_South",NA
"BAJA CALIFORNIA SUR","CABO PULMO","yes",NA,23.445,-109.42,NA,NA,NA,23.445,-109.42,"Baja_California_Sur_South",NA
"BAJA CALIFORNIA","FRONTERA",NA,NA,NA,NA,NA,NA,NA,NA,NA,NA,NA
"BAJA CALIFORNIA","BAJO SAN MIGUEL","yes",NA,28.1921,-112.7871,NA,NA,NA,28.1921,-112.7871,"Baja_California_South",NA
"SINALOA","LAS LAJITAS",NA,NA,26.0924922222222,-109.380414583333,"alert 2: multiple lat-long values in Hem's key that are more than 1 degree apart",26.0924922222222,-109.380414583333,NA,NA,NA,NA
"SINALOA","ESTERO LA HERRADURA",NA,NA,NA,NA,NA,NA,NA,NA,NA,NA,NA
"BAJA CALIFORNIA","BAHIA SAN RAFAEL","no",NA,28.5003,-114.077,"high confidence",28.5003,-114.077,28.5003,-114.077,"Baja_California_South",NA
"SINALOA","LA CAIMANERA",NA,NA,25.85058,-109.353,"high confidence",25.85058,-109.353,NA,NA,NA,NA
"BAJA CALIFORNIA","ISLA GUADALUPE","no",NA,29.0525203,-118.2760503,"high confidence",29.0525203,-118.2760503,29.0556,-118.377,"Baja_California_South",NA
"BAJA CALIFORNIA","EL RINCON","no",NA,31.7286,-116.6998,"high confidence",31.7286,-116.6998,31.7286,-116.6998,"Baja_California_North",NA
"SONORA","PAREDON","yes",NA,27.51,-110.1,NA,NA,NA,27.51,-110.1,"Sonora_South",NA
"SINALOA","ESTERO DE PLAYA COLORADO",NA,NA,25.282,-108.348,"high confidence",25.282,-108.348,NA,NA,NA,NA
"NAYARIT","LAGUNA LA PESCA",NA,NA,22.074051,-105.29006855,"high confidence",22.074051,-105.29006855,NA,NA,NA,NA
"SONORA","LA CAIMANZA",NA,NA,NA,NA,NA,NA,NA,NA,NA,NA,NA
"JALISCO","PRESA EL POCHOTE",NA,"freshwater",20.6,-103.25,NA,NA,NA,20.6,-103.25,"Nayarit/Jalisco","small dam in interior"
"BAJA CALIFORNIA","CA?ADA DE LAS MUJERES",NA,NA,NA,NA,NA,NA,NA,NA,NA,NA,NA
"BAJA CALIFORNIA SUR","EL PORTUGUEZ","no",NA,24.86,-112.12,NA,NA,NA,24.86,-112.12,"Baja_California_Sur_South",NA
"SINALOA","RIO FUERTE",NA,NA,NA,NA,NA,NA,NA,NA,NA,NA,NA
"SINALOA","AGIABAMPO",NA,NA,26.347,-109.218,"high confidence",26.347,-109.218,NA,NA,NA,NA
"SINALOA","EL QUELELE (CULT)",NA,NA,NA,NA,NA,NA,NA,NA,NA,NA,NA
"NAYARIT","JARRETADERAS",NA,NA,20.6903171333333,-105.273025966667,"high confidence",20.6903171333333,-105.273025966667,NA,NA,NA,NA
"SONORA","PRESA CAJON DE ONAPA",NA,NA,NA,NA,NA,NA,NA,NA,NA,NA,NA
"BAJA CALIFORNIA SUR","PUNTA TRINIDAD","yes",NA,27.8214,-112.7245,NA,NA,NA,27.8214,-112.7245,"Baja_California_Sur_North",NA
"NAYARIT","PRESA LA REDONDA",NA,NA,NA,NA,NA,NA,NA,NA,NA,NA,NA
"BAJA CALIFORNIA SUR","MUELLE FISCAL DE LA PAZ","yes",NA,24.166,-110.31,NA,NA,NA,24.166,-110.31,"Baja_California_Sur_South",NA
"SONORA","BAHIA GUAYMAS","yes",NA,27.909,-110.858,NA,NA,NA,27.909,-110.858,"Sonora_South",NA
"SINALOA","CEPA-OHUIRA",NA,NA,NA,NA,NA,NA,NA,NA,NA,NA,NA
"SONORA","LAS SALINITAS","yes",NA,27.93,-110.94,NA,NA,NA,27.93,-110.94,"Sonora_South",NA
"BAJA CALIFORNIA","MERCADO NEGRO","no",NA,31.8525,-116.633,NA,NA,NA,31.8525,-116.633,"Baja_California_North",NA
"BAJA CALIFORNIA SUR","BAHIA SAN NICOLAS","yes",NA,26.599,-111.541,NA,NA,NA,26.599,-111.541,"Baja_California_Sur_North",NA
"NAYARIT","MUELLE PESQUERO NO. 1 (NORTE)",NA,NA,NA,NA,NA,NA,NA,NA,NA,NA,NA
"BAJA CALIFORNIA","PUNTA SALINAS","no",NA,32.05,-116.885,NA,NA,NA,32.05,-116.885,"Baja_California_North",NA
"SONORA","PUNTA DELASTRO",NA,NA,NA,NA,NA,NA,NA,NA,NA,NA,NA
"BAJA CALIFORNIA","MUELLE DEL MERCADO NEGRO","no",NA,31.8592,-116.6246,NA,NA,NA,31.8592,-116.6246,"Baja_California_North",NA
"BAJA CALIFORNIA","BAHIA DE LAS ANIMAS","yes",NA,28.86716595,-113.4297648,"high confidence",28.86716595,-113.4297648,28.9183,-113.507,"Baja_California_South",NA
"BAJA CALIFORNIA SUR","SANTA ELENITA","no",NA,25.2377,-112.1084,NA,NA,NA,25.2377,-112.1084,"Baja_California_Sur_South",NA
"SINALOA","CRUZ BLANCA (CULT)",NA,NA,NA,NA,NA,NA,NA,NA,NA,NA,NA
"BAJA CALIFORNIA","LAGUNA MANUELA","no",NA,28.2482011111111,-114.092266666667,"high confidence",28.2482011111111,-114.092266666667,28.2341,-114.0838,"Baja_California_South",NA
"BAJA CALIFORNIA","EL SOMBRERETE","yes",NA,32.1669,-115.057,NA,NA,NA,32.1669,-115.057,"Baja_California_North",NA
"BAJA CALIFORNIA","CANADA, LA",NA,NA,NA,NA,NA,NA,NA,NA,NA,NA,NA
"BAJA CALIFORNIA","PUNTA SAN CARLOS","no",NA,29.5145,-115.2534,NA,NA,NA,29.5145,-115.2534,"Baja_California_South",NA
"BAJA CALIFORNIA","PUNTA BALLENAS","yes",NA,28.4706,-112.9017,NA,NA,NA,28.4706,-112.9017,"Baja_California_South",NA
"BAJA CALIFORNIA","LAS ANIMAS","yes",NA,28.8001,-113.3504,NA,NA,NA,28.8001,-113.3504,"Baja_California_South",NA
"SINALOA","BACOREHUIS",NA,NA,26.3038896138889,-109.096550622222,"high confidence",26.3038896138889,-109.096550622222,NA,NA,NA,NA
"BAJA CALIFORNIA SUR","BAHIA COMONDU","no",NA,25.6695,-112.137,NA,NA,NA,25.6695,-112.137,"Baja_California_Sur_South",NA
"JALISCO","BAHIA DE NAVIDAD","no","marine",19.208,-104.694,NA,NA,NA,19.208,-104.694,NA,"important fishing/tourism bay; Barra de Navidad area"
"BAJA CALIFORNIA","BAHIA SAN SEBASTIAN","yes",NA,26.61715,-111.56762,NA,NA,NA,26.61715,-111.56762,"Baja_California_South",NA
"BAJA CALIFORNIA","ARROYO AMARGO",NA,NA,NA,NA,NA,NA,NA,NA,NA,NA,NA
"SONORA","SAN CARLOS","yes",NA,27.9574525,-111.043032966667,"alert 3: multiple lat-long values in Hem's key that are more than 2 degrees apart",27.9574525,-111.043032966667,27.9622,-111.04,"Sonora_South",NA
"BAJA CALIFORNIA SUR","LA ISLITA B.C.N.","no",NA,28.0955,-114.135,NA,NA,NA,28.0955,-114.135,"Baja_California_Sur_North",NA
"SINALOA","EL VEINTITRES",NA,NA,NA,NA,NA,NA,NA,NA,NA,NA,NA
"BAJA CALIFORNIA SUR","BAHIA SALINAS (EN ISLA DEL CARMEN)","yes",NA,25.943,-111.172,NA,NA,NA,25.943,-111.172,"Baja_California_Sur_South",NA
"BAJA CALIFORNIA SUR","BAHIA SANTA MARINA","no",NA,24.377,-111.534,NA,NA,NA,24.377,-111.534,"Baja_California_Sur_South",NA
"BAJA CALIFORNIA","SALINAS","no",NA,32.05,-116.885,NA,NA,NA,32.05,-116.885,"Baja_California_North",NA
"JALISCO","PRESA LABOR DE GUADALUPE",NA,"freshwater",20.44,-103.32,NA,NA,NA,20.44,-103.32,"Nayarit/Jalisco","small inland presa"
"BAJA CALIFORNIA","EL CHUPADERO",NA,NA,NA,NA,NA,NA,NA,NA,NA,NA,NA
"BAJA CALIFORNIA","SAN LUIS GONZAGA","yes",NA,29.79359,-114.3806,"high confidence",29.79359,-114.3806,29.7675,-114.3672,"Baja_California_South",NA
"SONORA","PRESA LA ANGOSTURA",NA,NA,NA,NA,NA,NA,NA,NA,NA,NA,NA
"BAJA CALIFORNIA","SAN FRANCISQUITO B.C.N.","yes",NA,28.41063,-112.85712,NA,NA,NA,28.41063,-112.85712,"Baja_California_South",NA
"BAJA CALIFORNIA","LA MERCED",NA,NA,NA,NA,NA,NA,NA,NA,NA,NA,NA
"BAJA CALIFORNIA SUR","BAHIA SANTA MARIA","no",NA,24.7109,-112.1827,"alert 4: the lat-long values in Hem's key do not match the lat-long values in Mel's key by more than 2 degrees",22.9297512,-109.8153495,24.7109,-112.1827,"Baja_California_Sur_South",NA
"SINALOA","CORTINA DE LA PRESA LA CAMPANA",NA,NA,NA,NA,NA,NA,NA,NA,NA,NA,NA
"BAJA CALIFORNIA SUR","LA JICAMITA","no",NA,26.401,-112.026,NA,NA,NA,26.401,-112.026,"Baja_California_Sur_North",NA
"BAJA CALIFORNIA","PUERTO ANGEL","yes",NA,29.03,-113.551,NA,NA,NA,29.03,-113.551,"Baja_California_South",NA
"BAJA CALIFORNIA","POB. LUIS GIL PEREZ",NA,NA,NA,NA,NA,NA,NA,NA,NA,NA,NA
"JALISCO","MALECON",NA,"marine",20.654,-105.229,NA,NA,NA,20.654,-105.229,"Nayarit/Jalisco","“El Malecón” in Puerto Vallarta; note key pattern different from Jalisco block"
"JALISCO","EL GUAMUCHIL",NA,"freshwater",21.1563641666667,-103.836319722222,"alert 2: multiple lat-long values in Hem's key that are more than 1 degree apart",21.1563641666667,-103.836319722222,20.7,-103.2,"Nayarit/Jalisco","interior Jalisco (not Sinaloa’s Guamúchil)"
"SINALOA","BAHIA DE BANDERA",NA,NA,NA,NA,NA,NA,NA,NA,NA,NA,NA
"NAYARIT","MULAS, LAS",NA,NA,NA,NA,NA,NA,NA,NA,NA,NA,NA
"BAJA CALIFORNIA SUR","BAJO DEL 23",NA,NA,NA,NA,NA,NA,NA,NA,NA,NA,NA
"BAJA CALIFORNIA","PUERTO CANOAS","no",NA,29.4158,-115.1168,NA,NA,NA,29.4158,-115.1168,"Baja_California_South",NA
"BAJA CALIFORNIA SUR","LAS SALINAS","yes",NA,23.073,-109.628,NA,NA,NA,23.073,-109.628,"Baja_California_Sur_South",NA
"SINALOA","BAHIA DE LA VINORAMA",NA,NA,NA,NA,NA,NA,NA,NA,NA,NA,NA
"JALISCO","ESTERO EL CHORRO",NA,"marine",19.89125,-105.3997222,"high confidence",19.89125,-105.3997222,20.679,-105.283,"Nayarit/Jalisco","north part of Bahía de Banderas lagoon system"
"BAJA CALIFORNIA","BAJO BALLENAS","yes",NA,29.33,-113.55,NA,NA,NA,29.33,-113.55,"Baja_California_South",NA
"BAJA CALIFORNIA","PLAYA SALINAS","no",NA,32.05,-116.885,NA,NA,NA,32.05,-116.885,"Baja_California_North",NA
"BAJA CALIFORNIA","PUNTA BLANCA","no",NA,30.2716,-115.59415,NA,NA,NA,30.2716,-115.59415,"Baja_California_South",NA
"BAJA CALIFORNIA","EL PAPALOTE","no",NA,31.7211,-116.7092,"high confidence",31.7211,-116.7092,30.4807,-115.9419,"Baja_California_South",NA
"SINALOA","NOTIENE",NA,NA,NA,NA,NA,NA,NA,NA,NA,NA,NA
"SONORA","AQUIROPO","yes",NA,26.81833,-109.849,"high confidence",26.81833,-109.849,26.8315,-109.858,"Sonora_South",NA
"SINALOA","NO TIENE",NA,NA,NA,NA,NA,NA,NA,NA,NA,NA,NA
"BAJA CALIFORNIA","VILLA DE JESUS MARIA","no",NA,28.2338,-114.0005,NA,NA,NA,28.2338,-114.0005,"Baja_California_South",NA
"BAJA CALIFORNIA","SANTA MARIA","no",NA,32.0530989814815,-116.355695648148,"alert 2: multiple lat-long values in Hem's key that are more than 1 degree apart",32.0530989814815,-116.355695648148,30.405,-115.974,"Baja_California_South",NA
"SINALOA","CAMPO PESQUERO COROBOCHA",NA,NA,NA,NA,NA,NA,NA,NA,NA,NA,NA
"SINALOA","LAS GARZAS",NA,NA,23.05889,-106.214,"high confidence",23.05889,-106.214,NA,NA,NA,NA
"SINALOA","LOS CANDELONES",NA,NA,NA,NA,NA,NA,NA,NA,NA,NA,NA
"BAJA CALIFORNIA","LOS MORROS COLORADOS","no",NA,29.3659,-114.956,NA,NA,NA,29.3659,-114.956,"Baja_California_South",NA
"BAJA CALIFORNIA","ELEHUTE",NA,NA,NA,NA,NA,NA,NA,NA,NA,NA,NA
"NAYARIT","PRESA AGUAMILPA",NA,NA,NA,NA,NA,NA,NA,NA,NA,NA,NA
"BAJA CALIFORNIA","EL PAPAYO",NA,NA,NA,NA,NA,NA,NA,NA,NA,NA,NA
"NAYARIT","BOCA DEL ASADERO",NA,NA,21.6429994444444,-105.425155833333,"high confidence",21.6429994444444,-105.425155833333,NA,NA,NA,NA
"BAJA CALIFORNIA","PUNTA BANDERA","no",NA,32.448,-117.106,NA,NA,NA,32.448,-117.106,"Baja_California_North",NA
"BAJA CALIFORNIA","PUERTO ARBOLITOS","no",NA,31.7043,-116.6637,NA,NA,NA,31.7043,-116.6637,"Baja_California_North",NA
"SINALOA","EL SABINAL (PRESA GUILLERMO BLAKE)",NA,NA,NA,NA,NA,NA,NA,NA,NA,NA,NA
"SONORA","TASTIOTA","yes",NA,28.366,-111.46,NA,NA,NA,28.366,-111.46,"Sonora_Mid",NA
"JALISCO","BOCA RIO CUITZMALA","no","marine",19.418,-105.041,NA,NA,NA,19.418,-105.041,NA,"mouth of Río Cuitzmala mid–Costa Alegre"
"SONORA","PRESA ALVARO OBREGON",NA,NA,NA,NA,NA,NA,NA,NA,NA,NA,NA
"SONORA","PRESA BACHOCO","yes",NA,27.5835,-109.8057,NA,NA,NA,27.5835,-109.8057,"Sonora_South",NA
"BAJA CALIFORNIA","EL MUELLE","no",NA,31.8525,-116.633,NA,NA,NA,31.8525,-116.633,"Baja_California_North",NA
"NAYARIT","LAGUNA DE SAN PEDRO LAGUNILLAS",NA,NA,21.2060275,-104.7316772,"high confidence",21.2060275,-104.7316772,NA,NA,NA,NA
"BAJA CALIFORNIA","PUNTA CONCEPCION","yes",NA,26.935,-111.952,NA,NA,NA,26.935,-111.952,"Baja_California_South",NA
"BAJA CALIFORNIA","ERENDIRA","no",NA,31.2624,-116.381,"high confidence",31.2624,-116.381,31.2624,-116.381,"Baja_California_North",NA
"JALISCO","BAHIA DE CHIMO","no","marine",20.33,-105.62,NA,NA,NA,20.33,-105.62,NA,"Small bay south of Yelapa (boat-only access areas)"
"BAJA CALIFORNIA","ISLA SAN RAMON","no",NA,30.7401,-116.0482,NA,NA,NA,30.7401,-116.0482,"Baja_California_South",NA
"BAJA CALIFORNIA SUR","BAHIA DE LOS ANGELES B.C.N.","yes",NA,28.95,-113.56,NA,NA,NA,28.95,-113.56,"Baja_California_Sur_North",NA
"SINALOA","PRESA VINORAMAS",NA,NA,NA,NA,NA,NA,NA,NA,NA,NA,NA
"BAJA CALIFORNIA","LAS SALINAS","no",NA,32.05,-116.885,NA,NA,NA,32.05,-116.885,"Baja_California_North",NA
"SONORA","BAHIA VENECIA","yes",NA,28.1442,-111.316,NA,NA,NA,28.1442,-111.316,"Sonora_South",NA
"BAJA CALIFORNIA","PUERTO CATARINA","no",NA,29.51930875,-115.261580138889,"high confidence",29.51930875,-115.261580138889,29.5145,-115.2534,"Baja_California_South",NA
"BAJA CALIFORNIA SUR","ESTERO LAS VACAS","no",NA,25.3405,-112.0913,NA,NA,NA,25.3405,-112.0913,"Baja_California_Sur_South",NA
"SONORA","MIRAMAR","yes",NA,29.4057930555556,-111.509061666667,"high confidence",29.4057930555556,-111.509061666667,29.4833,-112.372,"Sonora_Mid",NA
"JALISCO","PRESA DE ALCALA",NA,"freshwater",20.82,-103.24,NA,NA,NA,20.82,-103.24,"Nayarit/Jalisco","interior Jalisco presa"
"SONORA","LOS ALGODONES","yes",NA,27.658,-110.608,"high confidence",27.658,-110.608,27.658,-110.608,"Sonora_South",NA
"SINALOA","LA JARRILLA",NA,NA,NA,NA,NA,NA,NA,NA,NA,NA,NA
"BAJA CALIFORNIA","PUERTO ESCONDIDO (EN LORETO)","yes",NA,25.822,-111.307,NA,NA,NA,25.822,-111.307,"Baja_California_South",NA
"JALISCO","ESTERO LA SABANITA",NA,"marine",19.94,-105.24,"high confidence",19.94,-105.24,20.7,-105.27,"Nayarit/Jalisco","near Boca de Tomates/Banderas lagoon system"
"BAJA CALIFORNIA","LA MISION","no",NA,31.3321316666667,-116.257776388889,"high confidence",31.3321316666667,-116.257776388889,30.4019,-115.9244,"Baja_California_South",NA
"SINALOA","ACUACOP (CULT)",NA,NA,NA,NA,NA,NA,NA,NA,NA,NA,NA
"BAJA CALIFORNIA","EL MORRO","no",NA,31.0185340555556,-116.324586833333,"high confidence",31.0185340555556,-116.324586833333,32.277,-117.026,"Baja_California_North",NA
"SONORA","MUELLE F. RANCHO KUL","yes",NA,26.62,-109.58,NA,NA,NA,26.62,-109.58,"Sonora_South",NA
"SINALOA","ACUACULTURA EN AVANCE (CULT.)",NA,NA,NA,NA,NA,NA,NA,NA,NA,NA,NA
"BAJA CALIFORNIA SUR","ESTERO SAN GREGORIO","no",NA,26.0975,-112.2772,NA,NA,NA,26.0975,-112.2772,"Baja_California_Sur_South",NA
"BAJA CALIFORNIA SUR","ESTERO SAN JORGE","no",NA,25.8359,-112.1342,NA,NA,NA,25.8359,-112.1342,"Baja_California_Sur_South",NA
"SONORA","ACUIC. MAR Y SOL.","yes",NA,26.7,-109.53,NA,NA,NA,26.7,-109.53,"Sonora_South",NA
"BAJA CALIFORNIA","VARDERO LAGUNITAS",NA,NA,NA,NA,NA,NA,NA,NA,NA,NA,NA
"BAJA CALIFORNIA","LA BOCANA","no",NA,31.5351481944444,-116.656430138889,"high confidence",31.5351481944444,-116.656430138889,31.5334,-116.6504,"Baja_California_North",NA
"BAJA CALIFORNIA","EL MALECON",NA,NA,NA,NA,NA,NA,NA,NA,NA,NA,NA
"BAJA CALIFORNIA SUR","EL BARRIL B.C.N.","yes",NA,28.3,-112.93,NA,NA,NA,28.3,-112.93,"Baja_California_Sur_North",NA
"BAJA CALIFORNIA","ISLA SAN JERONIMO","no",NA,29.82068625,-115.7946401,"high confidence",29.82068625,-115.7946401,29.85,-115.797,"Baja_California_South",NA
"SONORA","BOCA DEL RIO","yes",NA,26.706,-109.443,NA,NA,NA,26.706,-109.443,"Sonora_South",NA
"SONORA","EL CARDONAL","yes",NA,28.4470081944444,-111.6643575,"high confidence",28.4470081944444,-111.6643575,28.4414,-111.643,"Sonora_Mid",NA
"SINALOA","AGUA VERDE",NA,NA,22.8881467592593,-105.971027037037,"high confidence",22.8881467592593,-105.971027037037,NA,NA,NA,NA
"NAYARIT","ZOQUIPAN",NA,NA,22.0028038888889,-104.542488055556,"high confidence",22.0028038888889,-104.542488055556,NA,NA,NA,NA
"BAJA CALIFORNIA","ROSARITO","no",NA,32.3600937,-117.0566851,"high confidence",32.3600937,-117.0566851,32.3505,-117.0543,"Baja_California_North",NA
"BAJA CALIFORNIA","BAHIA CONCEPCION B.C.SUR.","yes",NA,26.757,-111.893,NA,NA,NA,26.757,-111.893,"Baja_California_South",NA
"BAJA CALIFORNIA SUR","SAN ISIDRO","yes",NA,23.8676,-109.7836,NA,NA,NA,23.8676,-109.7836,"Baja_California_Sur_South",NA
"SINALOA","BAHIA DE AGIABAMPO",NA,NA,26.2710852,-109.1285472,"high confidence",26.2710852,-109.1285472,NA,NA,NA,NA
"JALISCO","CAMPAMENTO DE BENITO",NA,"marine",20.693,-105.315,NA,NA,NA,20.693,-105.315,"Nayarit/Jalisco","small landing area north of PV"
"BAJA CALIFORNIA","PE√ëASCO","yes",NA,31.317,-113.535,NA,NA,NA,31.317,-113.535,"Baja_California_North",NA
"BAJA CALIFORNIA","SAN MARTIN DE LA LUZ",NA,NA,NA,NA,NA,NA,NA,NA,NA,NA,NA
"BAJA CALIFORNIA SUR","ARROYO SAN REYNALDO","no",NA,26.2881,-112.565,NA,NA,NA,26.2881,-112.565,"Baja_California_Sur_South",NA
"BAJA CALIFORNIA SUR","LA PLAYITA","yes",NA,23.062,-109.67,NA,NA,NA,23.062,-109.67,"Baja_California_Sur_South",NA
"BAJA CALIFORNIA","PUNTA SAN ISIDRO","no",NA,31.2906,-116.4121,NA,NA,NA,31.2906,-116.4121,"Baja_California_North",NA
"BAJA CALIFORNIA","PUERTO ENSENADA","no",NA,31.8508,-116.6007,NA,NA,NA,31.8508,-116.6007,"Baja_California_North",NA
"SINALOA","BORDO DEL HORMIGUERO",NA,NA,NA,NA,NA,NA,NA,NA,NA,NA,NA
"BAJA CALIFORNIA","SAN ANTONIO","no",NA,30.46,-115.9482,NA,NA,NA,30.46,-115.9482,"Baja_California_South",NA
"BAJA CALIFORNIA","PLAYA EL FARO","yes",NA,29.8408,-114.4102,NA,NA,NA,29.8408,-114.4102,"Baja_California_South",NA
"BAJA CALIFORNIA","LOS MORROS","no",NA,29.3823,-114.979,NA,NA,NA,29.3823,-114.979,"Baja_California_South",NA
"JALISCO","ATRACADERO HOTEL ROSITA",NA,"marine",20.613,-105.234,NA,NA,NA,20.613,-105.234,"Nayarit/Jalisco","Puerto Vallarta waterfront (near Hotel Rosita)"
"BAJA CALIFORNIA","GOLFO DE SANTA CLARA","yes",NA,31.6876,-114.4975,NA,NA,NA,31.6876,-114.4975,"Baja_California_North",NA
"BAJA CALIFORNIA SUR","MALARRIMO","no",NA,27.8013486111111,-114.719438055556,"high confidence",27.8013486111111,-114.719438055556,27.7833,-114.6688,"Baja_California_Sur_North",NA
"BAJA CALIFORNIA","EL PLAYON","no",NA,30.4175733333333,-116.007392361111,"high confidence",30.4175733333333,-116.007392361111,30.4026,-115.9939,"Baja_California_South",NA
"JALISCO","LAGUNA DE SAYULA","no","freshwater",20.058,-103.55,NA,NA,NA,20.058,-103.55,NA,"large inland dry lake plain south of Guadalajara"
"BAJA CALIFORNIA SUR","LA CURVA DEL DIABLO","no",NA,24.889,-112.1924,NA,NA,NA,24.889,-112.1924,"Baja_California_Sur_South",NA
"NAYARIT","RINCON DE GUAYABITOS",NA,NA,21.0242733333333,-105.265997777778,"high confidence",21.0242733333333,-105.265997777778,NA,NA,NA,NA
"BAJA CALIFORNIA SUR","AGUA VERDE","yes",NA,25.5277,-111.0814,NA,NA,NA,25.5277,-111.0814,"Baja_California_Sur_South",NA
"BAJA CALIFORNIA","PUERTO SAN CARLOS (B.C.S.)","no",NA,24.7892,-112.1045,NA,NA,NA,24.7892,-112.1045,"Baja_California_South",NA
"BAJA CALIFORNIA","BAHIA SOLEDAD","no",NA,31.5811,-116.6596,"high confidence",31.5811,-116.6596,31.5811,-116.6596,"Baja_California_North",NA
"BAJA CALIFORNIA","EL CAIMAN",NA,NA,NA,NA,NA,NA,NA,NA,NA,NA,NA
"SINALOA","ORILLA DEL ESTERO",NA,NA,NA,NA,NA,NA,NA,NA,NA,NA,NA
"SONORA","AGUAMILPA",NA,NA,NA,NA,NA,NA,NA,NA,NA,NA,NA
"BAJA CALIFORNIA","PUNTA ARENA ( EN LOS CABOS)","yes",NA,23.554,-109.4685,NA,NA,NA,23.554,-109.4685,"Baja_California_South",NA
"JALISCO","LAGUNA DE VILLACORONA",NA,"freshwater",20.49,-103.33,NA,NA,NA,20.49,-103.33,"Nayarit/Jalisco","lagoon area near Villacorona, well known"
"SINALOA","EL AGUAJITO",NA,NA,25.9664915277778,-109.352992361111,"high confidence",25.9664915277778,-109.352992361111,NA,NA,NA,NA
"SINALOA","YAMETO",NA,NA,24.7854481944444,-108.040446666667,"high confidence",24.7854481944444,-108.040446666667,NA,NA,NA,NA
"BAJA CALIFORNIA","CAMPO CUCAPA","yes",NA,32.6170604,-115.4770176,"high confidence",32.6170604,-115.4770176,32.219,-115.093,"Baja_California_North",NA
"BAJA CALIFORNIA SUR","PAREDON AMARILLO","yes",NA,26.8822,-111.8498,NA,NA,NA,26.8822,-111.8498,"Baja_California_Sur_North",NA
"SINALOA","EL POZO DEL MARQUIZ",NA,NA,NA,NA,NA,NA,NA,NA,NA,NA,NA
"BAJA CALIFORNIA SUR","BAHIA DE SAN JUANICO","yes",NA,26.2568056,-112.4812989,"high confidence",26.2568056,-112.4812989,26.436,-111.45,"Baja_California_Sur_North",NA
"BAJA CALIFORNIA","ESCONDIDO","no",NA,31.93677,-116.671,"high confidence",31.93677,-116.671,31.708,-116.7081,"Baja_California_North",NA
"BAJA CALIFORNIA","EL RAYADO","no",NA,29.949,-115.727,NA,NA,NA,29.949,-115.727,"Baja_California_South",NA
"SINALOA","SITIO LA DRAGA",NA,NA,NA,NA,NA,NA,NA,NA,NA,NA,NA
"JALISCO","BOCA DE CUIXMALA","no","marine",19.373,-105.053,NA,NA,NA,19.373,-105.053,NA,"Cuixmala river mouth in Costa Alegre"
"BAJA CALIFORNIA","PLAYA CAMPO RUBENS","no",NA,31.976,-116.741,NA,NA,NA,31.976,-116.741,"Baja_California_North",NA
"BAJA CALIFORNIA SUR","LA CUEVITA","no",NA,23.652,-110.519,NA,NA,NA,23.652,-110.519,"Baja_California_Sur_South",NA
"NAYARIT","PLAYA DE NOVILLERO",NA,NA,22.379325,-105.684168,"high confidence",22.379325,-105.684168,NA,NA,NA,NA
"SINALOA","LOS PUENTES",NA,NA,25.16732,-108.197,"alert 1: multiple lat-long values in Hem's key that are more than 0.5 degree apart",25.16732,-108.197,NA,NA,NA,NA
"SINALOA","LAS ARENITAS",NA,NA,24.4864830555556,-107.627569907407,"high confidence",24.4864830555556,-107.627569907407,NA,NA,NA,NA
"SINALOA","BOCA DEL RIO",NA,NA,25.28701,-108.4981675,"high confidence",25.28701,-108.4981675,NA,NA,NA,NA
"SINALOA","CAMPO PESQUERO PLAYA COLORADA",NA,NA,NA,NA,NA,NA,NA,NA,NA,NA,NA
"SINALOA","ARROYO LOS CAUQUES",NA,NA,NA,NA,NA,NA,NA,NA,NA,NA,NA
"SINALOA","LA BRECHA",NA,NA,25.4276515722222,-108.31614647037,"high confidence",25.4276515722222,-108.31614647037,NA,NA,NA,NA
"SINALOA","BAHIA AGIABAMPO",NA,NA,NA,NA,NA,NA,NA,NA,NA,NA,NA
"SINALOA","LOS CERRITOS",NA,NA,23.4266722222222,-106.210040277778,"high confidence",23.4266722222222,-106.210040277778,NA,NA,NA,NA
"BAJA CALIFORNIA SUR","LAS CUEVITAS","no",NA,24.5146,-111.6323,"alert 4: the lat-long values in Hem's key do not match the lat-long values in Mel's key by more than 2 degrees",27.0257884722222,-112.393697916667,24.5146,-111.6323,"Baja_California_Sur_South",NA
"BAJA CALIFORNIA","EL SANJON",NA,NA,NA,NA,NA,NA,NA,NA,NA,NA,NA
"BAJA CALIFORNIA","ROSALITA","no",NA,28.372,-114.182,NA,NA,NA,28.372,-114.182,"Baja_California_South",NA
"BAJA CALIFORNIA SUR","ARROYO GUADALUPE","no",NA,24.182,-111.172,NA,NA,NA,24.182,-111.172,"Baja_California_Sur_South",NA
"BAJA CALIFORNIA SUR","PUERTO MAGDALENA","no",NA,24.635,-112.139,NA,NA,NA,24.635,-112.139,"Baja_California_Sur_South",NA
"NAYARIT","LA CORTINA",NA,NA,21.83501,-104.795,"high confidence",21.83501,-104.795,NA,NA,NA,NA
"BAJA CALIFORNIA","CAMALU (VARADERO)","no",NA,30.79,-116.06,NA,NA,NA,30.79,-116.06,"Baja_California_South",NA
"BAJA CALIFORNIA","BAHIA DE CALAMAJUE","yes",NA,29.6904,-114.1555,NA,NA,NA,29.6904,-114.1555,"Baja_California_South",NA
"SINALOA","EJIDOS DE BARRON",NA,NA,NA,NA,NA,NA,NA,NA,NA,NA,NA
"SONORA","CABO TEPOPA","yes",NA,29.37461665,-112.4187778,"high confidence",29.37461665,-112.4187778,29.3734,-112.417,"Sonora_Mid",NA
"SONORA","DONDE CANTO LA PALOMA",NA,NA,NA,NA,NA,NA,NA,NA,NA,NA,NA
"BAJA CALIFORNIA","PUERTO CUCHILLO","no",NA,29.2399,-114.8218,NA,NA,NA,29.2399,-114.8218,"Baja_California_South",NA
"SINALOA","EL SALTO (PRESA)",NA,NA,NA,NA,NA,NA,NA,NA,NA,NA,NA
"BAJA CALIFORNIA SUR","BAHIA SAN ROQUE","no",NA,27.1474,-114.3551,NA,NA,NA,27.1474,-114.3551,"Baja_California_Sur_North",NA
"SINALOA","PAREDONES (CULT.)",NA,NA,NA,NA,NA,NA,NA,NA,NA,NA,NA
"BAJA CALIFORNIA SUR","PUNTA BALLENAS","no",NA,24.7605,-112.163,NA,NA,NA,24.7605,-112.163,"Baja_California_Sur_South",NA
"BAJA CALIFORNIA SUR","BOCA DEL CARRIZAL","no",NA,22.9189,-110.0143,NA,NA,NA,22.9189,-110.0143,"Baja_California_Sur_South",NA
"BAJA CALIFORNIA","EL CHORERO","no",NA,30.4537,-116.0192,NA,NA,NA,30.4537,-116.0192,"Baja_California_South",NA
"SINALOA","LOS MALINES",NA,NA,NA,NA,NA,NA,NA,NA,NA,NA,NA
"SINALOA","EL CHARCO",NA,NA,22.84676,-105.945,"high confidence",22.84676,-105.945,NA,NA,NA,NA
"SINALOA","EL POZO DEL PADRE",NA,NA,NA,NA,NA,NA,NA,NA,NA,NA,NA
"SINALOA","COSPITA",NA,NA,24.1043015388889,-107.126219694444,"high confidence",24.1043015388889,-107.126219694444,NA,NA,NA,NA
"SINALOA","AGUACALIENTITA",NA,NA,NA,NA,NA,NA,NA,NA,NA,NA,NA
"JALISCO","RUSIAS NEGRAS",NA,"freshwater",20.77,-103.14,NA,NA,NA,20.77,-103.14,"Nayarit/Jalisco","interior reservoir, limited info"
"BAJA CALIFORNIA SUR","P. SANTA ROSA CONSTITUCION","yes",NA,23.3,-109.9,NA,NA,NA,23.3,-109.9,"Baja_California_Sur_South",NA
"BAJA CALIFORNIA","ARROYO LAS MUJERES",NA,NA,NA,NA,NA,NA,NA,NA,NA,NA,NA
"JALISCO","PRESA CUACUALA",NA,"freshwater",20.835,-103.09,NA,NA,NA,20.835,-103.09,"Nayarit/Jalisco","interior Jalisco (Los Altos)"
"JALISCO","PRESA LA CA√ëADA",NA,"freshwater",20.84,-103.07,NA,NA,NA,20.84,-103.07,"Nayarit/Jalisco","adjacent to Cuacuala cluster"
"BAJA CALIFORNIA SUR","SAN LAZARO","no",NA,24.7629,-112.2713,NA,NA,NA,24.7629,-112.2713,"Baja_California_Sur_South",NA
"JALISCO","PRESA SAN IGNACIO",NA,"freshwater",20.875,-103.02,NA,NA,NA,20.875,-103.02,"Nayarit/Jalisco","Los Altos / NE region"
"BAJA CALIFORNIA SUR","PUNTA CONCEPCION","yes",NA,26.8965,-111.8201,NA,NA,NA,26.8965,-111.8201,"Baja_California_Sur_North",NA
"SINALOA","LAS ESCOPAMAS",NA,NA,23.3420144,-106.4840256,"high confidence",23.3420144,-106.4840256,NA,NA,NA,NA
"BAJA CALIFORNIA SUR","HOMBRES SOLOS","no",NA,24.9,-112.02,NA,NA,NA,24.9,-112.02,"Baja_California_Sur_South",NA
"BAJA CALIFORNIA SUR","AGUAS LITORALES (LOPEZ MATEOS)","no",NA,25.019,-112.14,NA,NA,NA,25.019,-112.14,"Baja_California_Sur_South",NA
"BAJA CALIFORNIA SUR","RIO LA FLORIDA","no",NA,24.9893,-112.1052,NA,NA,NA,24.9893,-112.1052,"Baja_California_Sur_South",NA
"SINALOA","DIQUE MARIQUITAS",NA,NA,25.0066666,-107.6330555,"high confidence",25.0066666,-107.6330555,NA,NA,NA,NA
"NAYARIT","CA√±ADA EL PALILLO",NA,NA,NA,NA,NA,NA,NA,NA,NA,NA,NA
"BAJA CALIFORNIA SUR","ROCA LOBOS","yes",NA,27.1674,-112.0679,NA,NA,NA,27.1674,-112.0679,"Baja_California_Sur_North",NA
"BAJA CALIFORNIA SUR","PUNTA COYOTE II (CERCA DE PUERTO MEJIA)","no",NA,24.6,-112.02,NA,NA,NA,24.6,-112.02,"Baja_California_Sur_South",NA
"SINALOA","EL PASITO",NA,NA,26.5176216666667,-108.709368888889,"high confidence",26.5176216666667,-108.709368888889,NA,NA,NA,NA
"SINALOA","EL PITAYAL",NA,NA,NA,NA,NA,NA,NA,NA,NA,NA,NA
"NAYARIT","ESTERO JUAN PEREZ",NA,NA,NA,NA,NA,NA,NA,NA,NA,NA,NA
"SINALOA","LA CIRUELITA",NA,NA,NA,NA,NA,NA,NA,NA,NA,NA,NA
"SINALOA","COSTAS DE SUR DE SINALOA",NA,NA,NA,NA,NA,NA,NA,NA,NA,NA,NA
"NAYARIT","OTATITO, EL",NA,NA,NA,NA,NA,NA,NA,NA,NA,NA,NA
"BAJA CALIFORNIA SUR","LAS TINAJAS","no",NA,26.1259,-111.7363,NA,NA,NA,26.1259,-111.7363,"Baja_California_Sur_South",NA
"NAYARIT","ESTERO SAN CRISTOBAL",NA,NA,21.3915,-105.2002,"high confidence",21.3915,-105.2002,NA,NA,NA,NA
"SINALOA","LAGUNA LA PUENTE",NA,NA,NA,NA,NA,NA,NA,NA,NA,NA,NA
"SINALOA","EL HECHO",NA,NA,26.2852486722222,-109.108633855556,"high confidence",26.2852486722222,-109.108633855556,NA,NA,NA,NA
"NAYARIT","CONCHAL, EL",NA,NA,NA,NA,NA,NA,NA,NA,NA,NA,NA
"NAYARIT","FTE. AL CALLEJON PLAYA DE SAN CAYETANO",NA,NA,NA,NA,NA,NA,NA,NA,NA,NA,NA
"BAJA CALIFORNIA","LAGUNA MACUILE","no",NA,28.192,-114.06,NA,NA,NA,28.192,-114.06,"Baja_California_South",NA
"BAJA CALIFORNIA","PUNTA MARRON O PUNTA NEGRA (VARADERO)","no",NA,31.287,-116.482,NA,NA,NA,31.287,-116.482,"Baja_California_North",NA
"SINALOA","LOS TECOLOTES",NA,NA,NA,NA,NA,NA,NA,NA,NA,NA,NA
"BAJA CALIFORNIA SUR","DATILES VERDES","no",NA,25.0892,-112.1741,NA,NA,NA,25.0892,-112.1741,"Baja_California_Sur_South",NA
"BAJA CALIFORNIA","PUNTA BAJA (EN SANTA ROSALIA)","no",NA,29.954,-115.771,NA,NA,NA,29.954,-115.771,"Baja_California_South",NA
"NAYARIT","EJIDO COFRADIA",NA,NA,NA,NA,NA,NA,NA,NA,NA,NA,NA
"BAJA CALIFORNIA SUR","LAS RAMADITAS","no",NA,25.129,-111.966,NA,NA,NA,25.129,-111.966,"Baja_California_Sur_South",NA
"SONORA","EL TECORI",NA,NA,NA,NA,NA,NA,NA,NA,NA,NA,NA
"SINALOA","LA PALMA",NA,NA,26.69115,-108.345043888889,"high confidence",26.69115,-108.345043888889,NA,NA,NA,NA
"SINALOA","LAS TAUNITAS",NA,NA,26.8914291666667,-108.249493888889,"high confidence",26.8914291666667,-108.249493888889,NA,NA,NA,NA
"BAJA CALIFORNIA","PUNTA DEL DIABLO (VARADERO)","no",NA,31.279,-116.47,NA,NA,NA,31.279,-116.47,"Baja_California_North",NA
"BAJA CALIFORNIA","ESTERO SALINAS","no",NA,31.836,-116.626,NA,NA,NA,31.836,-116.626,"Baja_California_North",NA
"SINALOA","PUNTA DE GRANO",NA,NA,NA,NA,NA,NA,NA,NA,NA,NA,NA
"BAJA CALIFORNIA","ISLA LAS ANIMAS","yes",NA,28.7,-112.9329,NA,NA,NA,28.7,-112.9329,"Baja_California_South",NA
"SINALOA","TECHOBAMPO",NA,NA,26.67707,-108.474,"high confidence",26.67707,-108.474,NA,NA,NA,NA
"BAJA CALIFORNIA SUR","PUNTA PALMILLA","yes",NA,23.008,-109.714,NA,NA,NA,23.008,-109.714,"Baja_California_Sur_South",NA
"SONORA","BAHIA DEL TOBARI","yes",NA,27.0652,-109.9985,NA,NA,NA,27.0652,-109.9985,"Sonora_South",NA
"BAJA CALIFORNIA SUR","LEY FEDERAL DE AGUAS N0. 5",NA,NA,NA,NA,NA,NA,NA,NA,NA,NA,NA
"BAJA CALIFORNIA SUR","LOS BURRITOS (CAMPO PESQUERO)","no",NA,25.03,-112.11,NA,NA,NA,25.03,-112.11,"Baja_California_Sur_South",NA
"JALISCO","PRESA COYNAN",NA,"freshwater",20.785,-103.1,NA,NA,NA,20.785,-103.1,"Nayarit/Jalisco","interior presa near the same block"
"SINALOA","AGUA GRANDE",NA,NA,22.711,-105.698,"high confidence",22.711,-105.698,NA,NA,NA,NA
"SINALOA","CAMP. ADAN CECE?A",NA,NA,NA,NA,NA,NA,NA,NA,NA,NA,NA
"SINALOA","BATURY ANGOSTURA (CULT)",NA,NA,NA,NA,NA,NA,NA,NA,NA,NA,NA
"SINALOA","EL POZO DE LA HACIENDA",NA,NA,NA,NA,NA,NA,NA,NA,NA,NA,NA
"JALISCO","PRESA DE VALERIO",NA,"freshwater",20.885,-103.15,NA,NA,NA,20.885,-103.15,"Nayarit/Jalisco","inland, NE Jalisco"
"NAYARIT","CHINO, EL",NA,NA,NA,NA,NA,NA,NA,NA,NA,NA,NA
"SONORA","LA CORTINA",NA,NA,NA,NA,NA,NA,NA,NA,NA,NA,NA
"BAJA CALIFORNIA","CATARINA","no",NA,29.52412,-115.27,"high confidence",29.52412,-115.27,29.5145,-115.2534,"Baja_California_South",NA
"SINALOA","MARISMA LAS CABRAS",NA,NA,NA,NA,NA,NA,NA,NA,NA,NA,NA
"SINALOA","LA PUNTILLA",NA,NA,NA,NA,NA,NA,NA,NA,NA,NA,NA
"SINALOA","DTO. DE RIEGO NO.64",NA,NA,NA,NA,NA,NA,NA,NA,NA,NA,NA
"BAJA CALIFORNIA SUR","SAN JORGE","no",NA,26.55,-112.2,"alert 4: the lat-long values in Hem's key do not match the lat-long values in Mel's key by more than 2 degrees",23.5419321296296,-109.675532314815,26.55,-112.2,"Baja_California_Sur_North",NA
"BAJA CALIFORNIA SUR","PUNTA ENTRADA","no",NA,24.54,-112.055,NA,NA,NA,24.54,-112.055,"Baja_California_Sur_South",NA
"BAJA CALIFORNIA","CAMPO ENMEDIO","no",NA,31.4482,-116.5471,NA,NA,NA,31.4482,-116.5471,"Baja_California_North",NA
"SINALOA","EL EBANITO",NA,NA,22.7966952777778,-105.832328888889,"alert 2: multiple lat-long values in Hem's key that are more than 1 degree apart",22.7966952777778,-105.832328888889,NA,NA,NA,NA
"SINALOA","GRULLA MARGEN IZQUIERDA",NA,NA,NA,NA,NA,NA,NA,NA,NA,NA,NA
"SINALOA","TEODORO BELTRAN",NA,NA,23.009387,-106.1562639,"high confidence",23.009387,-106.1562639,NA,NA,NA,NA
"SINALOA","GUSTAVO DIAZ ORDAZ (PRESA BACURA)",NA,NA,NA,NA,NA,NA,NA,NA,NA,NA,NA
"JALISCO","SAN SEBASTIAN DEL OESTE",NA,"freshwater",20.7610819666667,-104.852237083333,"high confidence",20.7610819666667,-104.852237083333,20.7611,-104.8128,"Nayarit/Jalisco","Mountain town in Sierra, not coastal; fishing in streams"
"BAJA CALIFORNIA SUR","ADOLFO LOPEZ MATEOS (PRESA)","no",NA,25.1889,-112.1185,NA,NA,NA,25.1889,-112.1185,"Baja_California_Sur_South",NA
"BAJA CALIFORNIA SUR","AGUAS LITORALES (PUNTA ABREOJOS)","no",NA,26.72,-113.56,NA,NA,NA,26.72,-113.56,"Baja_California_Sur_North",NA
"SINALOA","IGUANITO",NA,NA,NA,NA,NA,NA,NA,NA,NA,NA,NA
"SINALOA","PUERTA DE MEXICO",NA,NA,NA,NA,NA,NA,NA,NA,NA,NA,NA
"JALISCO","EMBARCADERO EL LIMON",NA,"marine",20.63,-105.3,NA,NA,NA,20.63,-105.3,"Nayarit/Jalisco","Likely the “El Limón” coastal embarcadero near Bahía de Banderas not the inland “El Limón” town"
"BAJA CALIFORNIA SUR","PUERTO CUCHILLO","yes",NA,24.97,-110.93,NA,NA,NA,24.97,-110.93,"Baja_California_Sur_South",NA
"SINALOA","LA CORTINA",NA,NA,NA,NA,NA,NA,NA,NA,NA,NA,NA
"SINALOA","ADOLFO LOPEZ MATEOS (PRESA)",NA,NA,NA,NA,NA,NA,NA,NA,NA,NA,NA
"SINALOA","EL TABACHIN",NA,NA,26.1862636111111,-108.311224166667,"high confidence",26.1862636111111,-108.311224166667,NA,NA,NA,NA
"BAJA CALIFORNIA SUR","ESTERO SAN IGNACIO","no",NA,27.2820675,-112.8954541,"high confidence",27.2820675,-112.8954541,26.775,-113.1518,"Baja_California_Sur_North",NA
"BAJA CALIFORNIA","PUNTA CONO (VARADERO)","no",NA,28.964,-114.58,NA,NA,NA,28.964,-114.58,"Baja_California_South",NA
"SINALOA","AURELIO VENANCINES VIZCAINA (PRESA)",NA,NA,NA,NA,NA,NA,NA,NA,NA,NA,NA
"SONORA","PUNTA DE LASTRA",NA,NA,NA,NA,NA,NA,NA,NA,NA,NA,NA
"BAJA CALIFORNIA SUR","ESTERO EL CAYUCO","no",NA,24.5831456,-111.6821355,"high confidence",24.5831456,-111.6821355,24.5719,-111.6548,"Baja_California_Sur_South",NA
"BAJA CALIFORNIA SUR","CIUDAD CONSTITUCION","no",NA,25.05,-111.65,NA,NA,NA,25.05,-111.65,"Baja_California_Sur_South",NA
"SINALOA","DIQUE LA PRIMAVERA",NA,NA,24.7199821,-107.4157943,"high confidence",24.7199821,-107.4157943,NA,NA,NA,NA
"SINALOA","LAS FUENTES",NA,NA,NA,NA,NA,NA,NA,NA,NA,NA,NA
"BAJA CALIFORNIA SUR","LA JOYA","no",NA,23.7272636111111,-109.790170555556,"high confidence",23.7272636111111,-109.790170555556,23.8038,-110.7183,"Baja_California_Sur_South",NA
"BAJA CALIFORNIA SUR","LAGUNA DE SAN JUANICO","no",NA,26.191,-112.361,NA,NA,NA,26.191,-112.361,"Baja_California_Sur_South",NA
"BAJA CALIFORNIA SUR","ESTERO SANTA ROSA","yes",NA,23.3,-109.9,NA,NA,NA,23.3,-109.9,"Baja_California_Sur_South",NA
"SINALOA","LOMAS DE GARSAS",NA,NA,NA,NA,NA,NA,NA,NA,NA,NA,NA
"BAJA CALIFORNIA","PUERTO DE CDA","no",NA,31.85,-116.633,NA,NA,NA,31.85,-116.633,"Baja_California_North",NA
"JALISCO","PRESA ALCAPARROSA",NA,"freshwater",20.81,-103.2,NA,NA,NA,20.81,-103.2,"Nayarit/Jalisco","inland"
"BAJA CALIFORNIA SUR","SAN JUANITO","no",NA,26.56,-112.29,NA,NA,NA,26.56,-112.29,"Baja_California_Sur_North",NA
"NAYARIT","EMBALSE DE AGUAMILPA",NA,NA,20.9193999,-105.02734995,"high confidence",20.9193999,-105.02734995,NA,NA,NA,NA
"NAYARIT","LAS CONCHITAS",NA,NA,NA,NA,NA,NA,NA,NA,NA,NA,NA
"SINALOA","EL DESORDEN",NA,NA,NA,NA,NA,NA,NA,NA,NA,NA,NA
"NAYARIT","LA NUEVA U",NA,NA,NA,NA,NA,NA,NA,NA,NA,NA,NA
"SINALOA","DRENES Y CANALES DE JUAN JOSE RIOS",NA,NA,NA,NA,NA,NA,NA,NA,NA,NA,NA
"BAJA CALIFORNIA SUR","ESTERO SANTA ELENITA","no",NA,25.2377,-112.1084,NA,NA,NA,25.2377,-112.1084,"Baja_California_Sur_South",NA
"BAJA CALIFORNIA","ISLA ESPIRITU SANTO","yes",NA,24.585,-110.39,NA,NA,NA,24.585,-110.39,"Baja_California_South",NA
"BAJA CALIFORNIA","MUELLE DEL MERCADO","no",NA,31.8592,-116.6246,NA,NA,NA,31.8592,-116.6246,"Baja_California_North",NA
"BAJA CALIFORNIA","REST. PORTUARIO","no",NA,31.85,-116.633,NA,NA,NA,31.85,-116.633,"Baja_California_North",NA
"BAJA CALIFORNIA SUR","BAHIA LOS MUERTOS","yes",NA,23.95,-109.8105,NA,NA,NA,23.95,-109.8105,"Baja_California_Sur_South",NA
"SINALOA","BARRAS DE PIAXTLA",NA,NA,23.6632747222222,-106.801500277778,"high confidence",23.6632747222222,-106.801500277778,NA,NA,NA,NA
"SINALOA","EL HUIZACHE",NA,NA,24.376035462963,-107.327061388889,"alert 2: multiple lat-long values in Hem's key that are more than 1 degree apart",24.376035462963,-107.327061388889,NA,NA,NA,NA
"SINALOA","EL VERTEDOR",NA,NA,NA,NA,NA,NA,NA,NA,NA,NA,NA
"BAJA CALIFORNIA SUR","EMBARCADERO DE SAN ANDRES","no",NA,26.79,-112.22,NA,NA,NA,26.79,-112.22,"Baja_California_Sur_North",NA
"BAJA CALIFORNIA","BAJOS SAN CARLOS","no",NA,24.78,-112.12,NA,NA,NA,24.78,-112.12,"Baja_California_South",NA
"SINALOA","ENSENADA DEL PABELLON",NA,NA,24.432,-107.553,"high confidence",24.432,-107.553,NA,NA,NA,NA
"BAJA CALIFORNIA SUR","ARROYO LA PITAYA","yes",NA,25.05,-110.95,NA,NA,NA,25.05,-110.95,"Baja_California_Sur_South",NA
"BAJA CALIFORNIA SUR","PUNTA CLAM BAY","no",NA,27.6216,-114.8441,NA,NA,NA,27.6216,-114.8441,"Baja_California_Sur_North",NA
"SINALOA","PUERTA DE SAN MARCOS",NA,NA,23.4981855555556,-106.227901111111,"high confidence",23.4981855555556,-106.227901111111,NA,NA,NA,NA
"SINALOA","LAGUNA LAS LAJITAS",NA,NA,NA,NA,NA,NA,NA,NA,NA,NA,NA
"SONORA","PRESA PLUTARCO ELIAS CALLES",NA,NA,NA,NA,NA,NA,NA,NA,NA,NA,NA
"SINALOA","SAN JOSE DE LA BOCA COSALA",NA,NA,NA,NA,NA,NA,NA,NA,NA,NA,NA
"SONORA","ISLA MIRAMAR",NA,NA,NA,NA,NA,NA,NA,NA,NA,NA,NA
"SINALOA","ESTACION DIMAS",NA,NA,23.7215764,-106.7807941,"high confidence",23.7215764,-106.7807941,NA,NA,NA,NA
"BAJA CALIFORNIA","BAHIA TODOS SANTOS","no",NA,31.7953617,-116.6789163,"high confidence",31.7953617,-116.6789163,31.8031,-116.6838,"Baja_California_North",NA
"SINALOA","BAHIA SAN ESTEBAN",NA,NA,25.7945934,-108.9995348,"high confidence",25.7945934,-108.9995348,NA,NA,NA,NA
"BAJA CALIFORNIA","PUNTA DIABLO","no",NA,28.9067,-114.4608,NA,NA,NA,28.9067,-114.4608,"Baja_California_South",NA
"SINALOA","PLAYA MANZANILLO(PTO.ESC.)",NA,NA,NA,NA,NA,NA,NA,NA,NA,NA,NA
"BAJA CALIFORNIA SUR","AGUA CHALE","no",NA,25.1,-112.02,NA,NA,NA,25.1,-112.02,"Baja_California_Sur_South",NA
"SINALOA","EL COMEDERO",NA,NA,24.636629,-106.789826,"high confidence",24.636629,-106.789826,NA,NA,NA,NA
"BAJA CALIFORNIA","LAS ESCOLLERAS","no",NA,31.8583,-116.6333,NA,NA,NA,31.8583,-116.6333,"Baja_California_North",NA
"BAJA CALIFORNIA","PUERTO DE EDA","no",NA,31.85,-116.633,NA,NA,NA,31.85,-116.633,"Baja_California_North",NA
"BAJA CALIFORNIA SUR","EL TULE","yes",NA,22.958,-109.811,NA,NA,NA,22.958,-109.811,"Baja_California_Sur_South",NA
"SINALOA","EL GUAMUCHILITO",NA,NA,25.7199385185185,-108.284136759259,"high confidence",25.7199385185185,-108.284136759259,NA,NA,NA,NA
"SINALOA","LOS POZOS",NA,NA,23.0054813888889,-106.151429722222,"high confidence",23.0054813888889,-106.151429722222,NA,NA,NA,NA
"SINALOA","LA VENA DE SOLIS",NA,NA,NA,NA,NA,NA,NA,NA,NA,NA,NA
"BAJA CALIFORNIA SUR","LAS ANIMAS","no",NA,24.6828970833333,-110.847652222222,"high confidence",24.6828970833333,-110.847652222222,25.128,-110.509,"Baja_California_Sur_South",NA
"BAJA CALIFORNIA SUR","BAHIA DE LOS ANGELES","yes",NA,28.9519153,-113.5624339,"high confidence",28.9519153,-113.5624339,28.95,-113.56,"Baja_California_Sur_North",NA
"BAJA CALIFORNIA SUR","ESTERO MULEGE","yes",NA,26.8922164,-111.9835831,"high confidence",26.8922164,-111.9835831,27.0321,-112.0267,"Baja_California_Sur_North",NA
"SINALOA","LAS COLORADAS",NA,NA,NA,NA,NA,NA,NA,NA,NA,NA,NA
"SINALOA","DIQUE LA ENSENADA",NA,NA,NA,NA,NA,NA,NA,NA,NA,NA,NA
"SINALOA","LA GUASIMA",NA,NA,23.0694046296296,-106.07175,"high confidence",23.0694046296296,-106.07175,NA,NA,NA,NA
"JALISCO","PRESA LOS SAUCES",NA,"freshwater",20.85,-103.12,NA,NA,NA,20.85,-103.12,"Nayarit/Jalisco","same Los Altos presa zone"
"NAYARIT","ESTERO DE LOS GIOTES",NA,NA,NA,NA,NA,NA,NA,NA,NA,NA,NA
"SINALOA","EL PUYEQUE",NA,NA,22.82482,-105.995,"high confidence",22.82482,-105.995,NA,NA,NA,NA
"SINALOA","SANTA MARIA",NA,NA,NA,NA,NA,NA,NA,NA,NA,NA,NA
"BAJA CALIFORNIA","PLAYA ERENDIRA","no",NA,31.2624,-116.381,NA,NA,NA,31.2624,-116.381,"Baja_California_North",NA
"BAJA CALIFORNIA SUR","LA LICOMITA","no",NA,25.06,-112.02,NA,NA,NA,25.06,-112.02,"Baja_California_Sur_South",NA
"SINALOA","MALINES",NA,NA,NA,NA,NA,NA,NA,NA,NA,NA,NA
"BAJA CALIFORNIA SUR","PLUTARCO ELIAS CALLES","no",NA,23.2148,-110.147,NA,NA,NA,23.2148,-110.147,"Baja_California_Sur_South",NA
"SINALOA","EL ROBLITO",NA,NA,22.99167,-106.051,"high confidence",22.99167,-106.051,NA,NA,NA,NA
"SINALOA","SITIO LA GUANERA",NA,NA,NA,NA,NA,NA,NA,NA,NA,NA,NA
"BAJA CALIFORNIA","RINCON, EL","no",NA,31.7286,-116.6998,NA,NA,NA,31.7286,-116.6998,"Baja_California_North",NA
"BAJA CALIFORNIA SUR","LA CRUZ","yes",NA,24.16,-110.31,NA,NA,NA,24.16,-110.31,"Baja_California_Sur_South",NA
"SINALOA","PERICOS",NA,NA,25.0860183333333,-107.704121805556,"high confidence",25.0860183333333,-107.704121805556,NA,NA,NA,NA
"BAJA CALIFORNIA SUR","BAHIA LA VENTANA","yes",NA,24.0453,-109.929,NA,NA,NA,24.0453,-109.929,"Baja_California_Sur_South",NA
"BAJA CALIFORNIA SUR","BAHIA ALMEJAS","no",NA,24.4762521160234,-111.68199854967,"high confidence",24.4762521160234,-111.68199854967,24.441,-111.678,"Baja_California_Sur_South",NA
"BAJA CALIFORNIA SUR","PUERTO ASTORGA","no",NA,25.1895,-112.1188,NA,NA,NA,25.1895,-112.1188,"Baja_California_Sur_South",NA
"BAJA CALIFORNIA SUR","PUNTA COYOTE (EN LORETO)","yes",NA,26.005,-111.337,NA,NA,NA,26.005,-111.337,"Baja_California_Sur_South",NA
"SONORA","HUATABAMPITO","yes",NA,26.7598196,-109.61043045,"high confidence",26.7598196,-109.61043045,26.6961,-109.6097,"Sonora_South",NA
"BAJA CALIFORNIA SUR","R/A. PUEBLO NUEVO",NA,NA,NA,NA,NA,NA,NA,NA,NA,NA,NA
"JALISCO","ARROYO AGUA BLANCA",NA,"freshwater",20.83,-103.15,NA,NA,NA,20.83,-103.15,"Nayarit/Jalisco","interior watershed; not the Pacific Agua Blanca beach in Nayarit"
"SONORA","LA GUASIMA",NA,NA,NA,NA,NA,NA,NA,NA,NA,NA,NA
"JALISCO","PRESA VISTA HERMOSA",NA,"freshwater",20.44,-103.29,NA,NA,NA,20.44,-103.29,"Nayarit/Jalisco","interior basin"
"SINALOA","TRES ISLAS",NA,NA,NA,NA,NA,NA,NA,NA,NA,NA,NA
"BAJA CALIFORNIA SUR","PUNTA CHOROS","no",NA,27.1268,-114.154,NA,NA,NA,27.1268,-114.154,"Baja_California_Sur_North",NA
"JALISCO","LA TUNA",NA,"freshwater",20.1298429166667,-103.552468958333,"high confidence",20.1298429166667,-103.552468958333,20.46,-103.26,"Nayarit/Jalisco","near Vista Hermosa cluster"
"SINALOA","EUSTAQUIO BUELNA (PRESA)",NA,NA,NA,NA,NA,NA,NA,NA,NA,NA,NA
"NAYARIT","PIEDRA DEL ASADERO",NA,NA,21.6388,-105.2532,"high confidence",21.6388,-105.2532,NA,NA,NA,NA
"JALISCO","PLAYA CAREYITOS","no","marine",19.35,-105.04,NA,NA,NA,19.35,-105.04,NA,"Costa Careyes / Careyitos"
"SINALOA","CORTINA",NA,NA,24.43337,-107.113,"high confidence",24.43337,-107.113,NA,NA,NA,NA
"SINALOA","PUENTE JUAREZ",NA,NA,NA,NA,NA,NA,NA,NA,NA,NA,NA
"SINALOA","CHICURAS",NA,NA,NA,NA,NA,NA,NA,NA,NA,NA,NA
"NAYARIT","EL PASO, IXTAPA",NA,NA,NA,NA,NA,NA,NA,NA,NA,NA,NA
"BAJA CALIFORNIA SUR","MUELLE DE PROD. PESQUERO MATANCITAS","no",NA,25.147,-111.998,NA,NA,NA,25.147,-111.998,"Baja_California_Sur_South",NA
"SINALOA","ESTERO EL SACRIFICIO",NA,NA,NA,NA,NA,NA,NA,NA,NA,NA,NA
"BAJA CALIFORNIA","MARRON","no",NA,28.8122,-114.3768,NA,NA,NA,28.8122,-114.3768,"Baja_California_South",NA
"BAJA CALIFORNIA SUR","LOPEZ MATEOS","no",NA,25.192,-112.117,NA,NA,NA,25.192,-112.117,"Baja_California_Sur_South",NA
"BAJA CALIFORNIA SUR","BUENAVISTA","no",NA,23.978954212963,-110.438337546296,"alert 1: multiple lat-long values in Hem's key that are more than 0.5 degree apart",23.978954212963,-110.438337546296,25.6691,-112.0808,"Baja_California_Sur_South",NA
"NAYARIT","BOCA DE AZADERO",NA,NA,21.643375,-105.4254787,"high confidence",21.643375,-105.4254787,NA,NA,NA,NA
"SINALOA","BARBARAZA",NA,NA,NA,NA,NA,NA,NA,NA,NA,NA,NA
"NAYARIT","AGUACALIENTE",NA,NA,NA,NA,NA,NA,NA,NA,NA,NA,NA
"BAJA CALIFORNIA SUR","ESTERO SAN JOSE B.C.N.","no",NA,30.42,-115.93,NA,NA,NA,30.42,-115.93,"Baja_California_Sur_North",NA
"SINALOA","SAN BUENAVENTURA",NA,NA,25.958,-108.231,"high confidence",25.958,-108.231,NA,NA,NA,NA
"SINALOA","DIQUE POROHUI",NA,NA,NA,NA,NA,NA,NA,NA,NA,NA,NA
"BAJA CALIFORNIA","TOPOLOBAMPO","yes",NA,25.602,-109.056,NA,NA,NA,25.602,-109.056,"Baja_California_South",NA
"BAJA CALIFORNIA SUR","PUNTA EL LIMON (EN ISLA CERRALVO)","yes",NA,24.2357,-109.8693,NA,NA,NA,24.2357,-109.8693,"Baja_California_Sur_South",NA
"BAJA CALIFORNIA SUR","CAMPO EL COLORADO","yes",NA,24.733,-110.685,NA,NA,NA,24.733,-110.685,"Baja_California_Sur_South",NA
"BAJA CALIFORNIA SUR","CAMPO CHESTER","no",NA,27.8583,-115.0444,NA,NA,NA,27.8583,-115.0444,"Baja_California_Sur_North",NA
"BAJA CALIFORNIA SUR","BOCA DE FLOR DE MALVA","no",NA,24.132,-111.077,NA,NA,NA,24.132,-111.077,"Baja_California_Sur_South",NA
"BAJA CALIFORNIA SUR","PTO CANCUN","no",NA,24.5597,-111.6402,NA,NA,NA,24.5597,-111.6402,"Baja_California_Sur_South",NA
"SINALOA","ARROYO LOS CAUGUES",NA,NA,NA,NA,NA,NA,NA,NA,NA,NA,NA
"BAJA CALIFORNIA","MOLINO VIEJO","no",NA,30.4822991666667,-115.978433472222,"high confidence",30.4822991666667,-115.978433472222,30.48,-115.98,"Baja_California_South",NA
"SINALOA","EL PERIHUETE",NA,NA,26.0055902777778,-108.392590833333,"high confidence",26.0055902777778,-108.392590833333,NA,NA,NA,NA
"BAJA CALIFORNIA SUR","EL PALMAR","no",NA,23.2884,-110.1692,"alert 4: the lat-long values in Hem's key do not match the lat-long values in Mel's key by more than 2 degrees",25.72878,-111.418,23.2884,-110.1692,"Baja_California_Sur_South",NA
"NAYARIT","ZAPOTE DE PICACHOS",NA,NA,NA,NA,NA,NA,NA,NA,NA,NA,NA
"SINALOA","LAS SALINITAS",NA,NA,23.4597008333333,-106.600317777778,"high confidence",23.4597008333333,-106.600317777778,NA,NA,NA,NA
"BAJA CALIFORNIA SUR","CAMPO EL DATIL (EN LA LAGUNA OJO DE LIEBRE)","no",NA,27.76,-113.91,NA,NA,NA,27.76,-113.91,"Baja_California_Sur_North",NA
"BAJA CALIFORNIA SUR","LAGUNA ESCONDIDA","no",NA,26.8255,-113.4079,NA,NA,NA,26.8255,-113.4079,"Baja_California_Sur_North",NA
"BAJA CALIFORNIA SUR","NO TIENE",NA,NA,NA,NA,NA,NA,NA,NA,NA,NA,NA
"SINALOA","EL FISGADERO",NA,NA,NA,NA,NA,NA,NA,NA,NA,NA,NA
"BAJA CALIFORNIA","LAS PALOMAS","yes",NA,31.4511086111111,-116.260101666667,"high confidence",31.4511086111111,-116.260101666667,30.9903,-114.8155,"Baja_California_North",NA
"BAJA CALIFORNIA SUR","ISLA SAN ROQUE","no",NA,27.1478,-114.3918,NA,NA,NA,27.1478,-114.3918,"Baja_California_Sur_North",NA
"BAJA CALIFORNIA SUR","PUNTA AMARILLA (O SANTA ROSA)","yes",NA,23.3,-109.9,NA,NA,NA,23.3,-109.9,"Baja_California_Sur_South",NA
"SINALOA","AVIACION",NA,NA,NA,NA,NA,NA,NA,NA,NA,NA,NA
"SINALOA","MAICULIS",NA,NA,NA,NA,NA,NA,NA,NA,NA,NA,NA
"BAJA CALIFORNIA","PUNTA SAN JASINTO","no",NA,30.9227,-116.2132,NA,NA,NA,30.9227,-116.2132,"Baja_California_South",NA
"BAJA CALIFORNIA SUR","PUERTO DATIL","no",NA,24.4051272222222,-111.521190555556,"high confidence",24.4051272222222,-111.521190555556,24.3721,-111.4977,"Baja_California_Sur_South",NA
"SINALOA","EL TETUAN",NA,NA,24.6227821,-107.9054828,"high confidence",24.6227821,-107.9054828,NA,NA,NA,NA
"SINALOA","DISTRITO DE RIEGO NUMERO 10",NA,NA,NA,NA,NA,NA,NA,NA,NA,NA,NA
"SONORA","PRESA EL MOLINITO",NA,NA,NA,NA,NA,NA,NA,NA,NA,NA,NA
"NAYARIT","RANCHO VIEJO (POTREROS)",NA,NA,NA,NA,NA,NA,NA,NA,NA,NA,NA
"BAJA CALIFORNIA SUR","EL HORCONCITO","no",NA,25.5203,-112.0781,NA,NA,NA,25.5203,-112.0781,"Baja_California_Sur_South",NA
"BAJA CALIFORNIA","SANTO DOMINGO (VARADERO)","no",NA,28.257,-114.09,NA,NA,NA,28.257,-114.09,"Baja_California_South",NA
"BAJA CALIFORNIA","PUNTA CABRA","no",NA,31.32724,-116.44,"high confidence",31.32724,-116.44,31.3264,-116.4541,"Baja_California_North",NA
"SINALOA","CAMPO EL CASTILLO",NA,NA,NA,NA,NA,NA,NA,NA,NA,NA,NA
"SONORA","MANO PANTERA",NA,NA,NA,NA,NA,NA,NA,NA,NA,NA,NA
"SONORA","LA BINORAMA",NA,NA,NA,NA,NA,NA,NA,NA,NA,NA,NA
"SINALOA","EL CHILOCOTE",NA,NA,NA,NA,NA,NA,NA,NA,NA,NA,NA
"SINALOA","CAMPO DE COMIDA",NA,NA,NA,NA,NA,NA,NA,NA,NA,NA,NA
"SINALOA","GUAMUCHIL",NA,NA,NA,NA,NA,NA,NA,NA,NA,NA,NA
"SINALOA","ESTERO SIRENA",NA,NA,NA,NA,NA,NA,NA,NA,NA,NA,NA
"BAJA CALIFORNIA SUR","PUNTA PICKETSON","no",NA,24.5542,-111.6877,NA,NA,NA,24.5542,-111.6877,"Baja_California_Sur_South",NA
"SINALOA","LA VINATA",NA,NA,24.5470631944444,-107.285674305556,"high confidence",24.5470631944444,-107.285674305556,NA,NA,NA,NA
"SINALOA","LA BAYONA",NA,NA,NA,NA,NA,NA,NA,NA,NA,NA,NA
"SINALOA","EL TENPLETE",NA,NA,NA,NA,NA,NA,NA,NA,NA,NA,NA
"BAJA CALIFORNIA","PUNTA CONO","no",NA,28.967751,-114.58501455,"high confidence",28.967751,-114.58501455,28.9643,-114.58,"Baja_California_South",NA
"BAJA CALIFORNIA SUR","PUNTA BELCHER (O PUNTA ARENAS)","no",NA,24.62,-112.12,NA,NA,NA,24.62,-112.12,"Baja_California_Sur_South",NA
"SINALOA","PREDIO MAPAHUI (CULT.)",NA,NA,NA,NA,NA,NA,NA,NA,NA,NA,NA
"BAJA CALIFORNIA SUR","MARISCAL","no",NA,24.6,-111.98,NA,NA,NA,24.6,-111.98,"Baja_California_Sur_South",NA
"BAJA CALIFORNIA","SANTA ROSALIA","yes",NA,27.34,-112.274,NA,NA,NA,27.34,-112.274,"Baja_California_South",NA
"SINALOA","BACHOMOBAMPO",NA,NA,NA,NA,NA,NA,NA,NA,NA,NA,NA
"BAJA CALIFORNIA","SAN ISIDRO Q.ROO","no",NA,31.2906,-116.4121,NA,NA,NA,31.2906,-116.4121,"Baja_California_North",NA
"BAJA CALIFORNIA SUR","BAJO EL TIBURON","yes",NA,26.8487,-111.8988,NA,NA,NA,26.8487,-111.8988,"Baja_California_Sur_North",NA
"SINALOA","RIO HARDY",NA,NA,NA,NA,NA,NA,NA,NA,NA,NA,NA
"SINALOA","SALTO CHICO",NA,NA,NA,NA,NA,NA,NA,NA,NA,NA,NA
"BAJA CALIFORNIA","ISLOTES TODOS SANTOS","no",NA,31.7995,-116.7815,NA,NA,NA,31.7995,-116.7815,"Baja_California_North",NA
"BAJA CALIFORNIA SUR","SANTA ROSALIITA","yes",NA,26.5668,-111.7905,"alert 4: the lat-long values in Hem's key do not match the lat-long values in Mel's key by more than 2 degrees",28.6686111,-114.2369444,26.5668,-111.7905,"Baja_California_Sur_North",NA
"SINALOA","LAGUNA VERDE",NA,NA,NA,NA,NA,NA,NA,NA,NA,NA,NA
"BAJA CALIFORNIA","PUERTO LOBOS","no",NA,28.875,-114.4341,NA,NA,NA,28.875,-114.4341,"Baja_California_South",NA
"BAJA CALIFORNIA SUR","PRIMER ARROYO","no",NA,27.8311,-114.3941,NA,NA,NA,27.8311,-114.3941,"Baja_California_Sur_North",NA
"NAYARIT","EL HOBO",NA,NA,NA,NA,NA,NA,NA,NA,NA,NA,NA
"BAJA CALIFORNIA SUR","PUERTO ESCONDIDO (EN LORETO)","yes",NA,26.005,-111.337,NA,NA,NA,26.005,-111.337,"Baja_California_Sur_South",NA
"BAJA CALIFORNIA","ROSALIITA","no",NA,28.372,-114.182,NA,NA,NA,28.372,-114.182,"Baja_California_South",NA
"BAJA CALIFORNIA","TIJUANA","no",NA,32.5329304166667,-117.026456666667,"high confidence",32.5329304166667,-117.026456666667,32.5334,-117.034,"Baja_California_North",NA
"BAJA CALIFORNIA SUR","ENSENADA EL MUERTO","yes",NA,27.0994,-111.9924,NA,NA,NA,27.0994,-111.9924,"Baja_California_Sur_North",NA
"SINALOA","PUNTA PALA",NA,NA,NA,NA,NA,NA,NA,NA,NA,NA,NA
"BAJA CALIFORNIA SUR","LOS DIFUNTOS","no",NA,23.3414,-110.1886,NA,NA,NA,23.3414,-110.1886,"Baja_California_Sur_South",NA
"SINALOA","CORTINA DE LA PRESA",NA,NA,NA,NA,NA,NA,NA,NA,NA,NA,NA
"BAJA CALIFORNIA","PUERTO VIEJO (EN B.C.N.)",NA,NA,NA,NA,NA,NA,NA,NA,NA,NA,NA
"BAJA CALIFORNIA SUR","EL CARDONAL","yes",NA,24.031,-110.367,NA,NA,NA,24.031,-110.367,"Baja_California_Sur_South",NA
"BAJA CALIFORNIA SUR","PE√ëASCO","yes",NA,31.31,-113.54,NA,NA,NA,31.31,-113.54,"Baja_California_Sur_North",NA
"SINALOA","DISTRITO DE RIEGO NO. 74",NA,NA,NA,NA,NA,NA,NA,NA,NA,NA,NA
"SINALOA","EMBARCADERO EL RASTRO",NA,NA,NA,NA,NA,NA,NA,NA,NA,NA,NA
"SONORA","PRESA ADOLFO RUIZ CORTINEZ",NA,NA,NA,NA,NA,NA,NA,NA,NA,NA,NA
"BAJA CALIFORNIA","RINCON DE PUNTA BANDA","no",NA,31.7239,-116.6781,NA,NA,NA,31.7239,-116.6781,"Baja_California_North",NA
"BAJA CALIFORNIA SUR","SAN LUIS GONZAGA B.C.N.","yes",NA,29.79,-114.39,NA,NA,NA,29.79,-114.39,"Baja_California_Sur_North",NA
"BAJA CALIFORNIA SUR","SAN MARCOS (EN ISLA SAN MARCOS)","yes",NA,27.17,-112.06,NA,NA,NA,27.17,-112.06,"Baja_California_Sur_North",NA
"BAJA CALIFORNIA SUR","ISLA SAN JOSE","yes",NA,24.9710304,-110.628811,"high confidence",24.9710304,-110.628811,24.92,-110.58,"Baja_California_Sur_South",NA
"SINALOA","LOS ALGODONES",NA,NA,NA,NA,NA,NA,NA,NA,NA,NA,NA
"SINALOA","LAGUNA DEL CHONTE (CULT)",NA,NA,NA,NA,NA,NA,NA,NA,NA,NA,NA
"SINALOA","EL OSTIONAL (CULT)",NA,NA,NA,NA,NA,NA,NA,NA,NA,NA,NA
"BAJA CALIFORNIA SUR","AGUAS LITORALES (CD. CONSTITUCION)","no",NA,25.2,-112,NA,NA,NA,25.2,-112,"Baja_California_Sur_South",NA
"BAJA CALIFORNIA SUR","EL QUEEN",NA,NA,27.77639,-114.64,"high confidence",27.77639,-114.64,NA,NA,NA,NA
"SINALOA","EL ESPINAZO DEL DIABLO",NA,NA,NA,NA,NA,NA,NA,NA,NA,NA,NA
"BAJA CALIFORNIA SUR","PUERTO ALMEJA","yes",NA,26.379,-111.43,NA,NA,NA,26.379,-111.43,"Baja_California_Sur_North",NA
"BAJA CALIFORNIA SUR","BAHIA BALLENAS","no",NA,26.76,-113.391,NA,NA,NA,26.76,-113.391,"Baja_California_Sur_North",NA
"SINALOA","LAGUNA DE ABOCHO",NA,NA,NA,NA,NA,NA,NA,NA,NA,NA,NA
"SINALOA","EL ROBLE SAN RAFAEL",NA,NA,24.166,-106.704,"high confidence",24.166,-106.704,NA,NA,NA,NA
"BAJA CALIFORNIA SUR","ESTERO SAN RAFAEL","no",NA,25.7396,-112.1024,NA,NA,NA,25.7396,-112.1024,"Baja_California_Sur_South",NA
"SINALOA","GRULLA MARGEN DERECHA",NA,NA,NA,NA,NA,NA,NA,NA,NA,NA,NA
"BAJA CALIFORNIA","PUNTA PIEDRA","no",NA,31.2667492592593,-116.442879537037,"high confidence",31.2667492592593,-116.442879537037,31.344,-116.448,"Baja_California_North",NA
"BAJA CALIFORNIA SUR","ISLA SAN DIEGO","yes",NA,25.208,-110.703,NA,NA,NA,25.208,-110.703,"Baja_California_Sur_South",NA
"SINALOA","POBLADO 7",NA,NA,NA,NA,NA,NA,NA,NA,NA,NA,NA
"SINALOA","SAN MIGUEL",NA,NA,NA,NA,NA,NA,NA,NA,NA,NA,NA
"SINALOA","6 DE AGOSTO DE 1987 (CULT)",NA,NA,NA,NA,NA,NA,NA,NA,NA,NA,NA
"SINALOA","EL VERDE ZAVALA",NA,NA,NA,NA,NA,NA,NA,NA,NA,NA,NA
"BAJA CALIFORNIA","SAN MIGUEL (B. DE LOS ANGELES)","yes",NA,28.92,-113.54,NA,NA,NA,28.92,-113.54,"Baja_California_South",NA
"NAYARIT","SAN MIGUEL",NA,NA,22.10853,-105.322,"high confidence",22.10853,-105.322,NA,NA,NA,NA
"SINALOA","DISTRITO DE RIEGO #108",NA,NA,NA,NA,NA,NA,NA,NA,NA,NA,NA
"BAJA CALIFORNIA SUR","BOCA DE LOS CARDONES","no",NA,23.33,-110.21,NA,NA,NA,23.33,-110.21,"Baja_California_Sur_South",NA
"SINALOA","PUNTA PRIETA",NA,NA,NA,NA,NA,NA,NA,NA,NA,NA,NA
"BAJA CALIFORNIA SUR","BOCA SAN DIEGO","no",NA,27.72,-113.57,NA,NA,NA,27.72,-113.57,"Baja_California_Sur_North",NA
"SONORA","VALLE DEL YAQUI","yes",NA,27.3183,-110.56,NA,NA,NA,27.3183,-110.56,"Sonora_South",NA
"JALISCO","EL CHAMBRE",NA,"marine",20.67,-105.305,NA,NA,NA,20.67,-105.305,"Nayarit/Jalisco","within Bahía de Banderas zone"
"BAJA CALIFORNIA SUR","ENSENADA DE CORTEZ","yes",NA,25.92,-111.32,NA,NA,NA,25.92,-111.32,"Baja_California_Sur_South",NA
"BAJA CALIFORNIA","CACHAN DE ECHEVERRIA","yes",NA,28.63,-113.09,NA,NA,NA,28.63,-113.09,"Baja_California_South",NA
"BAJA CALIFORNIA","MUELLE PLANTA PESQUERA TABASQUENA O COMPLEJO",NA,NA,NA,NA,NA,NA,NA,NA,NA,NA,NA
"NAYARIT","ESTERO """"EL POZO""""",NA,NA,NA,NA,NA,NA,NA,NA,NA,NA,NA
"SINALOA","LAS PUENTES",NA,NA,24.5326,-107.54,"high confidence",24.5326,-107.54,NA,NA,NA,NA
"BAJA CALIFORNIA SUR","ESTERO BUENAVISTA","no",NA,25.6354,-112.0703,NA,NA,NA,25.6354,-112.0703,"Baja_California_Sur_South",NA
"BAJA CALIFORNIA SUR","ISLA SANTA INES","yes",NA,27.0277,-111.9276,NA,NA,NA,27.0277,-111.9276,"Baja_California_Sur_North",NA
"BAJA CALIFORNIA","CAMPO EL COLORADO","no",NA,30.5795,-114.6692,NA,NA,NA,30.5795,-114.6692,"Baja_California_South",NA
"BAJA CALIFORNIA SUR","PUNTA LOS TULES","yes",NA,24.2705,-110.613,NA,NA,NA,24.2705,-110.613,"Baja_California_Sur_South",NA
"BAJA CALIFORNIA SUR","LAGUNA SAN IGNACIO","no",NA,26.891500106104,-113.168171036457,"high confidence",26.891500106104,-113.168171036457,26.75,-113.117,"Baja_California_Sur_North",NA
"BAJA CALIFORNIA SUR","PARAJE EL CARDON","no",NA,24.4008,-111.5221,NA,NA,NA,24.4008,-111.5221,"Baja_California_Sur_South",NA
"NAYARIT","LAGUNA DE ZOQUIPA",NA,NA,NA,NA,NA,NA,NA,NA,NA,NA,NA
"SINALOA","PREDIO SANCHEZ VALDEZ",NA,NA,NA,NA,NA,NA,NA,NA,NA,NA,NA
"SINALOA","SANALONA (PRESA)",NA,NA,NA,NA,NA,NA,NA,NA,NA,NA,NA
"BAJA CALIFORNIA","ESTERO EL ZAPOTAL",NA,NA,NA,NA,NA,NA,NA,NA,NA,NA,NA
"JALISCO","EL ACUEDUETO","no","freshwater",20.34,-103.21,NA,NA,NA,20.34,-103.21,NA,"inland (could be small diversion/canal)"
"JALISCO","PRESA """"EL TRIGO""""",NA,"freshwater",20.725,-103.35,NA,NA,NA,20.725,-103.35,"Nayarit/Jalisco","interior"
"JALISCO","PRESA EL CARRIZO",NA,"freshwater",20.58,-103.35,NA,NA,NA,20.58,-103.35,"Nayarit/Jalisco","interior"
"JALISCO","LAS CASITAS",NA,"freshwater",20.45,-103.27,NA,NA,NA,20.45,-103.27,"Nayarit/Jalisco","near the 14048xx cluster"
"JALISCO","LUIS CORTINEZ",NA,"freshwater",20.43,-103.25,NA,NA,NA,20.43,-103.25,"Nayarit/Jalisco","inland (not PV “Ruiz Cortínez,” which you already had)"
"JALISCO","EL MALECON",NA,"marine",20.654,-105.228,NA,NA,NA,20.654,-105.228,"Nayarit/Jalisco","Puerto Vallarta shoreline (note 2708xxx and 1404855 both used “malecón”)"
"JALISCO","VERTIDOR",NA,"freshwater",20.44,-103.26,NA,NA,NA,20.44,-103.26,"Nayarit/Jalisco","appears to refer to “vertedor/vertidor” structure inland"
"BAJA CALIFORNIA","CAMPO SAHUARO","yes",NA,30.9,-114.78,NA,NA,NA,30.9,-114.78,"Baja_California_South",NA
"JALISCO","PRESA LA COLONIA","no","freshwater",20.33,-103.19,NA,NA,NA,20.33,-103.19,NA,"south of Chapala"
"JALISCO","EL VALLE",NA,"freshwater",20.4617068055556,-103.127571180556,"high confidence",20.4617068055556,-103.127571180556,20.48,-103.3,"Nayarit/Jalisco","inland locality"
"JALISCO","LA ASUNCION, JAL.","no","freshwater",20.24,-103.05,NA,NA,NA,20.24,-103.05,NA,"south of Lake Chapala"
"JALISCO","SANTO DOMINGO",NA,"freshwater",20.8555880555556,-103.195104722222,"alert 2: multiple lat-long values in Hem's key that are more than 1 degree apart",20.8555880555556,-103.195104722222,20.455,-103.24,"Nayarit/Jalisco","inland"
"BAJA CALIFORNIA SUR","HORNITOS NUEVOS","no",NA,27.828,-114.9958,NA,NA,NA,27.828,-114.9958,"Baja_California_Sur_North",NA
"BAJA CALIFORNIA SUR","LOMITA AMARILLA","no",NA,25.05,-112.07,NA,NA,NA,25.05,-112.07,"Baja_California_Sur_South",NA
"BAJA CALIFORNIA SUR","CANCUN","no",NA,24.5451,-111.745,NA,NA,NA,24.5451,-111.745,"Baja_California_Sur_South",NA
"BAJA CALIFORNIA SUR","CENTENARIO","yes",NA,24.10245,-110.413,"high confidence",24.10245,-110.413,24.14,-110.42,"Baja_California_Sur_South",NA
"BAJA CALIFORNIA SUR","ISLA LA GALLINA","yes",NA,24.4698,-110.3935,NA,NA,NA,24.4698,-110.3935,"Baja_California_Sur_South",NA
"SINALOA","LA ENSENADA",NA,NA,24.7472013888889,-107.649602777778,"high confidence",24.7472013888889,-107.649602777778,NA,NA,NA,NA
"NAYARIT","EL LIMON",NA,NA,21.5299313888889,-104.596553765432,"high confidence",21.5299313888889,-104.596553765432,NA,NA,NA,NA
"BAJA CALIFORNIA SUR","BANDERITAS","no",NA,24.872432,-112.111613,"high confidence",24.872432,-112.111613,24.87,-112.1143,"Baja_California_Sur_South",NA
"BAJA CALIFORNIA SUR","EL PULPITO","yes",NA,26.446,-111.47,NA,NA,NA,26.446,-111.47,"Baja_California_Sur_North",NA
"JALISCO","FRENTE MESA DE FLORES",NA,"freshwater",20.465,-103.25,NA,NA,NA,20.465,-103.25,"Nayarit/Jalisco","same cluster"
"NAYARIT","EL CUACOYOLT",NA,NA,NA,NA,NA,NA,NA,NA,NA,NA,NA
"NAYARIT","LAGUNA DE LOS COYOTES",NA,NA,NA,NA,NA,NA,NA,NA,NA,NA,NA
"NAYARIT","LOS JIOTES",NA,NA,NA,NA,NA,NA,NA,NA,NA,NA,NA
"JALISCO","LAGUNA DE CHAPALA","no","freshwater",20.3,-103.1,NA,NA,NA,20.3,-103.1,NA,"obvious"
"JALISCO","BARRANQUILLA",NA,"freshwater",21.8216666666667,-103.968055555556,"high confidence",21.8216666666667,-103.968055555556,20.43,-103.23,"Nayarit/Jalisco","interior"
"JALISCO","PRESA CORONA","no","freshwater",20.295,-103.055,NA,NA,NA,20.295,-103.055,NA,"southeast Lake Chapala area"
"BAJA CALIFORNIA SUR","PUERTO VIEJO","no",NA,23.405,-110.201,NA,NA,NA,23.405,-110.201,"Baja_California_Sur_South",NA
"BAJA CALIFORNIA SUR","EL DATILAR","no",NA,24.0755120833333,-110.738680138889,"high confidence",24.0755120833333,-110.738680138889,24.1002,-111.0334,"Baja_California_Sur_South",NA
"NAYARIT","MESA DE LAS YEGUAS",NA,NA,NA,NA,NA,NA,NA,NA,NA,NA,NA
"NAYARIT","AGUAPAN",NA,NA,21.598489,-104.5928421,"high confidence",21.598489,-104.5928421,NA,NA,NA,NA
"NAYARIT","LA SIERRA MOJADA",NA,NA,NA,NA,NA,NA,NA,NA,NA,NA,NA
"BAJA CALIFORNIA","MORRO SANTO DOMINGO","no",NA,28.2550193,-114.1239625,"high confidence",28.2550193,-114.1239625,28.0406,-114.1,"Baja_California_South",NA
"BAJA CALIFORNIA SUR","PUNTA SAN HIPOLITO","no",NA,26.9796,-114.9788,NA,NA,NA,26.9796,-114.9788,"Baja_California_Sur_North",NA
"SONORA","PUERTO VALLARTA","yes",NA,20.653,-105.225,NA,NA,NA,20.653,-105.225,"Sonora_South",NA
"BAJA CALIFORNIA","LAGUNA MANUELA.","no",NA,28.2341,-114.0838,NA,NA,NA,28.2341,-114.0838,"Baja_California_South",NA
"JALISCO","EL FUERTE","no","freshwater",20.8865744444444,-102.370925833333,"high confidence",20.8865744444444,-102.370925833333,20.27,-103.05,NA,"southeastern Chapala shoreline"
"NAYARIT","SAN JUAN",NA,NA,21.4340140277778,-104.598543472222,"high confidence",21.4340140277778,-104.598543472222,NA,NA,NA,NA
"SINALOA","SAN BUENA VENTURA",NA,NA,NA,NA,NA,NA,NA,NA,NA,NA,NA
"NAYARIT","EL TEPETATE",NA,NA,21.6575487962963,-104.56430537037,"high confidence",21.6575487962963,-104.56430537037,NA,NA,NA,NA
"NAYARIT","LAGUNA DE ZOQUIPA, LA",NA,NA,NA,NA,NA,NA,NA,NA,NA,NA,NA
"JALISCO","LA ALAMEDA",NA,"freshwater",20.4952777777778,-103.248333333333,"alert 2: multiple lat-long values in Hem's key that are more than 1 degree apart",20.4952777777778,-103.248333333333,20.45,-103.24,"Nayarit/Jalisco","interior locality"
"BAJA CALIFORNIA SUR","PUERTO VIEJO (EN SAN CARLOS)","no",NA,24.7661,-111.9669,NA,NA,NA,24.7661,-111.9669,"Baja_California_Sur_South",NA
"SINALOA","PRESA LUIS DONALDO COLOSIO",NA,NA,NA,NA,NA,NA,NA,NA,NA,NA,NA
"NAYARIT","EL BRAZIL",NA,NA,NA,NA,NA,NA,NA,NA,NA,NA,NA
"NAYARIT","LAS TAUNAS",NA,NA,NA,NA,NA,NA,NA,NA,NA,NA,NA
"NAYARIT","EL CIRUELITO",NA,NA,NA,NA,NA,NA,NA,NA,NA,NA,NA
"NAYARIT","CAPOMO",NA,NA,NA,NA,NA,NA,NA,NA,NA,NA,NA
"BAJA CALIFORNIA SUR","SAN IGNACIO","no",NA,27.2818605555556,-112.894800533333,"alert 2: multiple lat-long values in Hem's key that are more than 1 degree apart",27.2818605555556,-112.894800533333,26.8077,-113.1266,"Baja_California_Sur_North",NA
"NAYARIT","CORBETENA, LA",NA,NA,NA,NA,NA,NA,NA,NA,NA,NA,NA
"NAYARIT","EL COLORADO",NA,NA,21.967528,-104.958692555556,"alert 1: multiple lat-long values in Hem's key that are more than 0.5 degree apart",21.967528,-104.958692555556,NA,NA,NA,NA
"BAJA CALIFORNIA","PUNTA ROSARITO","no",NA,28.5708765,-114.14471045,"high confidence",28.5708765,-114.14471045,28.5668,-114.1505,"Baja_California_South",NA
"BAJA CALIFORNIA","PUERTO SALINAA.","no",NA,32.05,-116.885,NA,NA,NA,32.05,-116.885,"Baja_California_North",NA
"SINALOA","BAHIA DE ALTATA",NA,NA,24.568,-107.832,"high confidence",24.568,-107.832,NA,NA,NA,NA
"BAJA CALIFORNIA SUR","LOS PRADITOS","no",NA,25.2,-112.1,NA,NA,NA,25.2,-112.1,"Baja_California_Sur_South",NA
"SINALOA","LA TINAJA",NA,NA,25.48316,-108.025,"high confidence",25.48316,-108.025,NA,NA,NA,NA
"JALISCO","LA CUESTA","no","freshwater",20.0765218518519,-104.158024907407,"high confidence",20.0765218518519,-104.158024907407,20.225,-103.12,NA,"near Chapala basin"
"BAJA CALIFORNIA SUR","CANAL CERRALVO","yes",NA,24.1897,-109.9446,NA,NA,NA,24.1897,-109.9446,"Baja_California_Sur_South",NA
"BAJA CALIFORNIA SUR","CELESTUN",NA,NA,NA,NA,NA,NA,NA,NA,NA,NA,NA
"SONORA","ASTILLERO NAVARRO",NA,NA,NA,NA,NA,NA,NA,NA,NA,NA,NA
"BAJA CALIFORNIA SUR","CAMPO EL CHAPARRITO","no",NA,27.8463,-114.1611,NA,NA,NA,27.8463,-114.1611,"Baja_California_Sur_North",NA
"NAYARIT","LO DE MARCOS",NA,NA,20.9545015277778,-105.3522625,"high confidence",20.9545015277778,-105.3522625,NA,NA,NA,NA
"NAYARIT","PLAYA DE GOLONDRINAS",NA,NA,NA,NA,NA,NA,NA,NA,NA,NA,NA
"SONORA","EL RANCHO",NA,NA,29.1939525,-110.753505833333,"high confidence",29.1939525,-110.753505833333,NA,NA,NA,NA
"BAJA CALIFORNIA","VICENTE GUERRERO",NA,NA,30.7320238888889,-115.989285833333,"high confidence",30.7320238888889,-115.989285833333,NA,NA,NA,NA
"SINALOA","GRANJA SILVANO GAXIOLA (CULT)",NA,NA,NA,NA,NA,NA,NA,NA,NA,NA,NA
"SINALOA","PRESIDIO",NA,NA,NA,NA,NA,NA,NA,NA,NA,NA,NA
"BAJA CALIFORNIA SUR","ESTERO PUNTA VERDE","no",NA,24.7942,-112.1726,NA,NA,NA,24.7942,-112.1726,"Baja_California_Sur_South",NA
"SINALOA","LA PERLA",NA,NA,24.85255,-107.788,"high confidence",24.85255,-107.788,NA,NA,NA,NA
"SINALOA","SITIO AGUA DULCE",NA,NA,NA,NA,NA,NA,NA,NA,NA,NA,NA
"BAJA CALIFORNIA SUR","ESTERO SAN LAZARO","no",NA,24.3961,-111.581,NA,NA,NA,24.3961,-111.581,"Baja_California_Sur_South",NA
"JALISCO","RIO LERMA","no","freshwater",20.315,-103.2,NA,NA,NA,20.315,-103.2,NA,"Lerma flows into Chapala"
"SINALOA","EL ARBOLITO",NA,NA,NA,NA,NA,NA,NA,NA,NA,NA,NA
"SINALOA","LAS JARILLAS",NA,NA,NA,NA,NA,NA,NA,NA,NA,NA,NA
"JALISCO","EL MEZQUITAN",NA,"freshwater",20.43,-103.2,NA,NA,NA,20.43,-103.2,"Nayarit/Jalisco","inland north of Chapala"
"SINALOA","CRISTO REY (CULT)",NA,NA,NA,NA,NA,NA,NA,NA,NA,NA,NA
"SINALOA","BORDO PRIETO",NA,NA,NA,NA,NA,NA,NA,NA,NA,NA,NA
"NAYARIT","EL RINCON",NA,NA,22.7493822222222,-105.030398518519,"high confidence",22.7493822222222,-105.030398518519,NA,NA,NA,NA
"BAJA CALIFORNIA SUR","CANAL PUNTA EUGENIA","no",NA,27.8583,-115.0869,NA,NA,NA,27.8583,-115.0869,"Baja_California_Sur_North",NA
"JALISCO","EL PROGRESO","no","freshwater",20.1841666666667,-104.041111111111,"alert 2: multiple lat-long values in Hem's key that are more than 1 degree apart",20.1841666666667,-104.041111111111,20.265,-103.12,NA,"lakeshore south"
"BAJA CALIFORNIA SUR","LAS PIEDRITAS","no",NA,26.7124,-113.5919,NA,NA,NA,26.7124,-113.5919,"Baja_California_Sur_North",NA
"BAJA CALIFORNIA SUR","CANAL SAN CARLOS","no",NA,24.742,-112.111,NA,NA,NA,24.742,-112.111,"Baja_California_Sur_South",NA
"SINALOA","AGUSTINA RAMIREZ (PRESA EL PE¬∫ON)",NA,NA,NA,NA,NA,NA,NA,NA,NA,NA,NA
"BAJA CALIFORNIA SUR","BOCA LAS MANZANILLAS","no",NA,23.182,-110.1411,NA,NA,NA,23.182,-110.1411,"Baja_California_Sur_South",NA
"BAJA CALIFORNIA SUR","PUNTA ALGUATE","no",NA,24.5487,-111.7791,NA,NA,NA,24.5487,-111.7791,"Baja_California_Sur_South",NA
"SINALOA","RIO CULIACAN",NA,NA,NA,NA,NA,NA,NA,NA,NA,NA,NA
"JALISCO","RAMPA MUNICIPAL","no","freshwater",20.27,-103.1,NA,NA,NA,20.27,-103.1,NA,"municipal boat ramp on Chapala"
"JALISCO","MESA DE FLORES",NA,"freshwater",22.1075,-103.375833333333,"alert 1: multiple lat-long values in Hem's key that are more than 0.5 degree apart",22.1075,-103.375833333333,20.46,-103.225,"Nayarit/Jalisco","interior"
"BAJA CALIFORNIA SUR","PUNTA CISNE","no",NA,24.5123,-111.8463,NA,NA,NA,24.5123,-111.8463,"Baja_California_Sur_South",NA
"SONORA","SAN PEDRO NOLASCO","yes",NA,27.96799485,-111.3764559,"high confidence",27.96799485,-111.3764559,27.973,-111.376,"Sonora_South",NA
"SINALOA","SAN IGNACIO",NA,NA,NA,NA,NA,NA,NA,NA,NA,NA,NA
"NAYARIT","PASO DE ALICA",NA,NA,NA,NA,NA,NA,NA,NA,NA,NA,NA
"BAJA CALIFORNIA SUR","PUNTA EL AGUILILLA","yes",NA,25.7048,-111.2102,NA,NA,NA,25.7048,-111.2102,"Baja_California_Sur_South",NA
"JALISCO","LAS PUERTAS",NA,"freshwater",20.44,-103.23,NA,NA,NA,20.44,-103.23,"Nayarit/Jalisco","inland Chapala cluster"
"SINALOA","SITIO ESTACADA",NA,NA,NA,NA,NA,NA,NA,NA,NA,NA,NA
"SINALOA","TAZAJAL",NA,NA,NA,NA,NA,NA,NA,NA,NA,NA,NA
"SINALOA","PLAYA COLORADA",NA,NA,25.2860383333333,-108.330110555556,"high confidence",25.2860383333333,-108.330110555556,NA,NA,NA,NA
"NAYARIT","LA PE%ITAS",NA,NA,NA,NA,NA,NA,NA,NA,NA,NA,NA
"BAJA CALIFORNIA SUR","LAGUNA TLAQUE","no",NA,24.8578,-112.0624,NA,NA,NA,24.8578,-112.0624,"Baja_California_Sur_South",NA
"NAYARIT","PENITA, LA",NA,NA,NA,NA,NA,NA,NA,NA,NA,NA,NA
"SINALOA","CAMARICULTORES DE SINALOA (CULT)",NA,NA,NA,NA,NA,NA,NA,NA,NA,NA,NA
"SINALOA","LAS MOJARRAS",NA,NA,NA,NA,NA,NA,NA,NA,NA,NA,NA
"SONORA","PUNTA LOBOS","yes",NA,27.314,-110.598,NA,NA,NA,27.314,-110.598,"Sonora_South",NA
"SINALOA","VILLA DEL SOL",NA,NA,NA,NA,NA,NA,NA,NA,NA,NA,NA
"SINALOA","DAUTILLOS (CULT)",NA,NA,NA,NA,NA,NA,NA,NA,NA,NA,NA
"BAJA CALIFORNIA SUR","PUNTA ALTA","no",NA,25.013385,-110.760065277778,"high confidence",25.013385,-110.760065277778,25.63,-112.3,"Baja_California_Sur_South",NA
"SINALOA","LA TARRAYA (CULT)",NA,NA,NA,NA,NA,NA,NA,NA,NA,NA,NA
"SINALOA","LA PITAHAYA",NA,NA,25.5551791666667,-108.511665833333,"high confidence",25.5551791666667,-108.511665833333,NA,NA,NA,NA
"BAJA CALIFORNIA","MATANCITAS",NA,NA,NA,NA,NA,NA,NA,NA,NA,NA,NA
"BAJA CALIFORNIA SUR","ESTERO SAN LUCAS","yes",NA,27.2316,-112.1985,"alert 4: the lat-long values in Hem's key do not match the lat-long values in Mel's key by more than 2 degrees",22.9051436,-109.9682813,27.2316,-112.1985,"Baja_California_Sur_North",NA
"SINALOA","EL CHUPADERO",NA,NA,NA,NA,NA,NA,NA,NA,NA,NA,NA
"NAYARIT","PALAPITA, LA",NA,NA,NA,NA,NA,NA,NA,NA,NA,NA,NA
"NAYARIT","BARRA GRANDE DE BOCA DE CAMICHIN",NA,NA,21.7463888,-105.4894444,"high confidence",21.7463888,-105.4894444,NA,NA,NA,NA
"NAYARIT","PLAYA CALETILLA",NA,NA,NA,NA,NA,NA,NA,NA,NA,NA,NA
"BAJA CALIFORNIA","CAMPO COLORADA","yes",NA,28.9968,-113.1442,NA,NA,NA,28.9968,-113.1442,"Baja_California_South",NA
"BAJA CALIFORNIA SUR","EL CEDRO","no",NA,23.9532,-110.868,NA,NA,NA,23.9532,-110.868,"Baja_California_Sur_South",NA
"SINALOA","LA CRUZ",NA,NA,NA,NA,NA,NA,NA,NA,NA,NA,NA
"BAJA CALIFORNIA SUR","LAGO PALMER","no",NA,24.5743,-111.6695,NA,NA,NA,24.5743,-111.6695,"Baja_California_Sur_South",NA
"SINALOA","VAREJONAL",NA,NA,25.0939933,-107.39613885,"high confidence",25.0939933,-107.39613885,NA,NA,NA,NA
"SONORA","COZUMEL",NA,NA,NA,NA,NA,NA,NA,NA,NA,NA,NA
"NAYARIT","BAHIA DE SAYULITA",NA,NA,20.8690862,-105.4410109,"high confidence",20.8690862,-105.4410109,NA,NA,NA,NA
"BAJA CALIFORNIA SUR","PUNTA CONEJO (EN ESTERO RANCHO BUENO)","no",NA,24.1,-111.19,NA,NA,NA,24.1,-111.19,"Baja_California_Sur_South",NA
"JALISCO","DESAGUE",NA,"freshwater",20.435,-103.23,NA,NA,NA,20.435,-103.23,"Nayarit/Jalisco","inland; likely canal/desagüe into agricultural area"
"JALISCO","EL DESAGUE",NA,"freshwater",20.438,-103.235,NA,NA,NA,20.438,-103.235,"Nayarit/Jalisco","similar to above; treat as separate node by key"
"JALISCO","MARGEN DE LA PRESA",NA,"freshwater",20.43,-103.24,NA,NA,NA,20.43,-103.24,"Nayarit/Jalisco","inland"
"JALISCO","LAS BARRANCAS",NA,"freshwater",21.04,-104.12,"high confidence",21.04,-104.12,20.43,-103.26,"Nayarit/Jalisco","interior"
"JALISCO","TOLUCA",NA,"freshwater",21.4620566666667,-101.772183055556,"high confidence",21.4620566666667,-101.772183055556,20.45,-103.255,"Nayarit/Jalisco","inland Toluca (not Estado de México), consistent with Chapala ring"
"BAJA CALIFORNIA SUR","PUNTA SAN CRISTOBAL","no",NA,22.876,-109.967,NA,NA,NA,22.876,-109.967,"Baja_California_Sur_South",NA
"SINALOA","PENINSULA DE LUCENILLA (CULT)",NA,NA,NA,NA,NA,NA,NA,NA,NA,NA,NA
"BAJA CALIFORNIA","20 DE NOVIEMBRE",NA,NA,NA,NA,NA,NA,NA,NA,NA,NA,NA
"BAJA CALIFORNIA SUR","PUNTA GORDA (EN LOS CABOS)","yes",NA,23.3,-109.9,NA,NA,NA,23.3,-109.9,"Baja_California_Sur_South",NA
"SINALOA","AGUAS CONTINENTALES",NA,NA,NA,NA,NA,NA,NA,NA,NA,NA,NA
"NAYARIT","SABINOS, LOS",NA,NA,NA,NA,NA,NA,NA,NA,NA,NA,NA
"NAYARIT","VENA EL AZUELEADERO",NA,NA,NA,NA,NA,NA,NA,NA,NA,NA,NA
"BAJA CALIFORNIA SUR","BOCA DE PLAYITA","no",NA,22.9333,-110.0403,NA,NA,NA,22.9333,-110.0403,"Baja_California_Sur_South",NA
"BAJA CALIFORNIA","MAZATLAN","yes",NA,30.7213,-114.7082,NA,NA,NA,30.7213,-114.7082,"Baja_California_South",NA
"NAYARIT","PERICOS",NA,NA,22.45383,-105.639,"high confidence",22.45383,-105.639,NA,NA,NA,NA
"BAJA CALIFORNIA","RIO COLORADO","yes",NA,31.8009,-114.8169,NA,NA,NA,31.8009,-114.8169,"Baja_California_North",NA
"SONORA","LA ARENITAS","yes",NA,26.7978,-109.775,NA,NA,NA,26.7978,-109.775,"Sonora_South",NA
"SINALOA","BAHIA DE MACAPULE",NA,NA,25.38,-108.703,"high confidence",25.38,-108.703,NA,NA,NA,NA
"SONORA","PUERTO JUAREZ",NA,NA,NA,NA,NA,NA,NA,NA,NA,NA,NA
"NAYARIT","BARRIO LOS CERRITOS",NA,NA,NA,NA,NA,NA,NA,NA,NA,NA,NA
"BAJA CALIFORNIA SUR","ISLA DE ASUNCION","no",NA,27.1035,-114.29,NA,NA,NA,27.1035,-114.29,"Baja_California_Sur_North",NA
"BAJA CALIFORNIA","EL MUERTO","yes",NA,29.417,-113.7905,NA,NA,NA,29.417,-113.7905,"Baja_California_South",NA
"NAYARIT","BANQUITO, EL",NA,NA,NA,NA,NA,NA,NA,NA,NA,NA,NA
"BAJA CALIFORNIA SUR","PUNTA POZO DE COTA","no",NA,23.0542,-110.1162,NA,NA,NA,23.0542,-110.1162,"Baja_California_Sur_South",NA
"BAJA CALIFORNIA","PLAYA SANTA MARIA","no",NA,30.405,-115.974,NA,NA,NA,30.405,-115.974,"Baja_California_South",NA
"NAYARIT","LOS DRAGUITOS",NA,NA,NA,NA,NA,NA,NA,NA,NA,NA,NA
"JALISCO","BAHIA DE BANDERA",NA,"marine",20.65,-105.3,NA,NA,NA,20.65,-105.3,"Nayarit/Jalisco","unusual code, but clearly “Bahía de Banderas;” assign marine"
"BAJA CALIFORNIA SUR","CAMPO PUNTA EL PERICO","yes",NA,24.0323,-109.8094,NA,NA,NA,24.0323,-109.8094,"Baja_California_Sur_South",NA
"BAJA CALIFORNIA SUR","PUNTA SALINAS","yes",NA,24.888,-110.683,NA,NA,NA,24.888,-110.683,"Baja_California_Sur_South",NA
"BAJA CALIFORNIA","EL MUERTITO O PUNTA ROSARITO (VARADERO)","no",NA,32.26,-117.05,NA,NA,NA,32.26,-117.05,"Baja_California_North",NA
"JALISCO","EL CORRAL",NA,"marine",20.0021,-105.389,"high confidence",20.0021,-105.389,20.705,-105.33,"Nayarit/Jalisco","Bahía de Banderas small landing (El Corral beach/estuary area)"
"NAYARIT","LOS LOPEZ",NA,NA,NA,NA,NA,NA,NA,NA,NA,NA,NA
"BAJA CALIFORNIA SUR","LAS CRUCES (EN GUERRERO NEGRO)","no",NA,27.9441,-114.1066,NA,NA,NA,27.9441,-114.1066,"Baja_California_Sur_North",NA
"SINALOA","RIO ELOTA",NA,NA,NA,NA,NA,NA,NA,NA,NA,NA,NA
"SINALOA","BAHIA DE BARADITO Y ALTAMURA",NA,NA,NA,NA,NA,NA,NA,NA,NA,NA,NA
"SINALOA","LA ORQUETA (CULT.)",NA,NA,NA,NA,NA,NA,NA,NA,NA,NA,NA
"JALISCO","PRESA CIENEGA DE GALVANEZ",NA,"freshwater",20.69,-103.4,NA,NA,NA,20.69,-103.4,"Nayarit/Jalisco","interior; you have a prior “Cienega de Galvanes” with 1404037 (keep separate IDs)"
"SINALOA","ESTERO BANDERILLAS",NA,NA,NA,NA,NA,NA,NA,NA,NA,NA,NA
"BAJA CALIFORNIA","RANCHO ZIMARRON KM 68","yes",NA,30.63,-114.707,NA,NA,NA,30.63,-114.707,"Baja_California_South",NA
"SINALOA","LOPEZ PORTILLO (PRESA)",NA,NA,NA,NA,NA,NA,NA,NA,NA,NA,NA
"BAJA CALIFORNIA SUR","EL TEMBLOR","no",NA,24.6,-111.9,NA,NA,NA,24.6,-111.9,"Baja_California_Sur_South",NA
"BAJA CALIFORNIA SUR","ENSENADA LA CHABELA (EN ISLA SAN MARCOS)","yes",NA,27.18,-112.04,NA,NA,NA,27.18,-112.04,"Baja_California_Sur_North",NA
"JALISCO","PRESA EL HORNO",NA,"freshwater",20.82,-103.33,NA,NA,NA,20.82,-103.33,"Nayarit/Jalisco","Jalisco"
"BAJA CALIFORNIA SUR","BAHIA SAN PABLO","no",NA,27.1974,-114.4633,NA,NA,NA,27.1974,-114.4633,"Baja_California_Sur_North",NA
"BAJA CALIFORNIA SUR","PUNTA COLORADA (EN ISLA SAN JOSE)","yes",NA,25.037,-110.598,NA,NA,NA,25.037,-110.598,"Baja_California_Sur_South",NA
"JALISCO","PRESA DE LA LUZ",NA,"freshwater",20.825,-103.045,NA,NA,NA,20.825,-103.045,"Nayarit/Jalisco","Los Altos region"
"SONORA","RIO EL NARANJO Y EL SALADO",NA,NA,NA,NA,NA,NA,NA,NA,NA,NA,NA
"JALISCO","MALECOM SEYBAPLAYA","no","marine",19.8,-90.67,NA,NA,NA,19.8,-90.67,NA,"Seybaplaya is Campeche, NOT Jalisco; should likely be excluded from Jalisco fisheries subset"
"SINALOA","ACUIC. MAR Y SOL.",NA,NA,NA,NA,NA,NA,NA,NA,NA,NA,NA
"JALISCO","MONTE NEGRO",NA,"freshwater",20.46,-103.245,NA,NA,NA,20.46,-103.245,"Nayarit/Jalisco","interior"
"SINALOA","LOS DE A CABALLO",NA,NA,23.007,-106.027,"high confidence",23.007,-106.027,NA,NA,NA,NA
"BAJA CALIFORNIA SUR","EL ZARGAZAL","no",NA,27.7369,-115.0322,NA,NA,NA,27.7369,-115.0322,"Baja_California_Sur_North",NA
"NAYARIT","LAGUNA DE AGUA BRAVA",NA,NA,22.1206,-105.5386,"high confidence",22.1206,-105.5386,NA,NA,NA,NA
"BAJA CALIFORNIA","LAGUNA SALADA","yes",NA,32.45607935,-115.73018945,"high confidence",32.45607935,-115.73018945,32.5007,-115.7502,"Baja_California_North",NA
"BAJA CALIFORNIA","ISLA PARTIDA","yes",NA,28.87,-113.031,"high confidence",28.87,-113.031,28.87,-113.031,"Baja_California_South",NA
"NAYARIT","LA NUEVA """"U""""",NA,NA,NA,NA,NA,NA,NA,NA,NA,NA,NA
"BAJA CALIFORNIA","SALSIPUEDES","no",NA,31.9671,-116.8176,NA,NA,NA,31.9671,-116.8176,"Baja_California_North",NA
"SONORA","PUNTA CALABOZO (EN ISLA SAN JOSE)","yes",NA,25.06,-110.68,NA,NA,NA,25.06,-110.68,"Sonora_South",NA
"BAJA CALIFORNIA SUR","ISLA SAN MARCOS","yes",NA,27.1891708333333,-112.081222222222,"high confidence",27.1891708333333,-112.081222222222,27.221,-112.0746,"Baja_California_Sur_North",NA
"NAYARIT","PASEO DE SAN JUAN",NA,NA,NA,NA,NA,NA,NA,NA,NA,NA,NA
"BAJA CALIFORNIA","TODOS SANTOS","no",NA,31.3889002777778,-115.757641111111,"high confidence",31.3889002777778,-115.757641111111,31.8031,-116.6838,"Baja_California_North",NA
"SINALOA","VIVEROS DE CAMARON DE AGUA DULCE (CULT)",NA,NA,NA,NA,NA,NA,NA,NA,NA,NA,NA
"JALISCO","PRESA PALO VERDE",NA,"freshwater",20.67,-103.33,NA,NA,NA,20.67,-103.33,"Nayarit/Jalisco","interior"
"BAJA CALIFORNIA","EL PLAYON DE SAN RAMON","no",NA,30.77,-116.059,NA,NA,NA,30.77,-116.059,"Baja_California_South",NA
"BAJA CALIFORNIA SUR","SANTA ELENITA, COMONDU","no",NA,25.1,-112.01,NA,NA,NA,25.1,-112.01,"Baja_California_Sur_South",NA
"SONORA","ESTERO RANCHO BUENO",NA,NA,NA,NA,NA,NA,NA,NA,NA,NA,NA
"BAJA CALIFORNIA","EL CARDON EN LAGUNA SAN IGNACIO","no",NA,26.811,-113.178,NA,NA,NA,26.811,-113.178,"Baja_California_South",NA
"BAJA CALIFORNIA SUR","LAGUNA TORTUGAS","no",NA,24.5725,-111.7474,NA,NA,NA,24.5725,-111.7474,"Baja_California_Sur_South",NA
"NAYARIT","MATITA, LA",NA,NA,NA,NA,NA,NA,NA,NA,NA,NA,NA
"BAJA CALIFORNIA","RINCON BALLENAS","no",NA,31.9809,-116.7964,NA,NA,NA,31.9809,-116.7964,"Baja_California_North",NA
"NAYARIT","ARROYO DEL CAPOMO",NA,NA,NA,NA,NA,NA,NA,NA,NA,NA,NA
"NAYARIT","COLORIN, EL",NA,NA,NA,NA,NA,NA,NA,NA,NA,NA,NA
"NAYARIT","EL CIRUELO",NA,NA,21.2589775,-104.348542777778,"high confidence",21.2589775,-104.348542777778,NA,NA,NA,NA
"NAYARIT","LAS BLANCAS",NA,NA,21.5402151851852,-104.73897962963,"high confidence",21.5402151851852,-104.73897962963,NA,NA,NA,NA
"SINALOA","ORILLA DEL RIO HUMAYA",NA,NA,NA,NA,NA,NA,NA,NA,NA,NA,NA
"NAYARIT","EL BRASIL",NA,NA,NA,NA,NA,NA,NA,NA,NA,NA,NA
"SINALOA","LITORAL DEL ESTADO",NA,NA,NA,NA,NA,NA,NA,NA,NA,NA,NA
"NAYARIT","CENTRO RECEPCION COOP. OSTRICAMICHIN",NA,NA,NA,NA,NA,NA,NA,NA,NA,NA,NA
"BAJA CALIFORNIA SUR","GUAMUCHIL","yes",NA,24.1494,-110.3229,NA,NA,NA,24.1494,-110.3229,"Baja_California_Sur_South",NA
"NAYARIT","LOMA DEL COYOTE",NA,NA,NA,NA,NA,NA,NA,NA,NA,NA,NA
"NAYARIT","CUACOYOTL, EL",NA,NA,NA,NA,NA,NA,NA,NA,NA,NA,NA
"NAYARIT","LA CORTINA (EL CAJON)",NA,NA,NA,NA,NA,NA,NA,NA,NA,NA,NA
"NAYARIT","EL PUENTE",NA,NA,21.6110179861111,-105.059310486111,"high confidence",21.6110179861111,-105.059310486111,NA,NA,NA,NA
"SINALOA","VARIOS",NA,NA,NA,NA,NA,NA,NA,NA,NA,NA,NA
"SINALOA","RESPONDEREMOS A MEXICO (CULT)",NA,NA,NA,NA,NA,NA,NA,NA,NA,NA,NA
"BAJA CALIFORNIA SUR","EL CENTENARIO","yes",NA,24.1024486111111,-110.4131275,"high confidence",24.1024486111111,-110.4131275,24.1494,-110.3229,"Baja_California_Sur_South",NA
"SINALOA","BAJO BALLENAS",NA,NA,NA,NA,NA,NA,NA,NA,NA,NA,NA
"BAJA CALIFORNIA","LITORAL (ROSARIO)","no",NA,30.063,-115.763,NA,NA,NA,30.063,-115.763,"Baja_California_South",NA
"SINALOA","SAN PEDRO LAS PLAYAS",NA,NA,NA,NA,NA,NA,NA,NA,NA,NA,NA
"SONORA","LAS CUEVITAS","yes",NA,29.6183239583333,-110.819660694444,"high confidence",29.6183239583333,-110.819660694444,29.694,-112.557,"Sonora_Mid",NA
"SINALOA","PUNTILLA ANCHA",NA,NA,NA,NA,NA,NA,NA,NA,NA,NA,NA
"BAJA CALIFORNIA SUR","CALETA SANTA MARIA","yes",NA,22.929,-109.815,NA,NA,NA,22.929,-109.815,"Baja_California_Sur_South",NA
"NAYARIT","JUAN PEREZ, (ESTERO)",NA,NA,NA,NA,NA,NA,NA,NA,NA,NA,NA
"BAJA CALIFORNIA SUR","BAHIA SAN HIPOLITO","no",NA,26.9124,-113.8424,NA,NA,NA,26.9124,-113.8424,"Baja_California_Sur_North",NA
"NAYARIT","VENA PUERCA",NA,NA,NA,NA,NA,NA,NA,NA,NA,NA,NA
"SONORA","PRESA ABELARDO L. RODRIGUEZ",NA,NA,NA,NA,NA,NA,NA,NA,NA,NA,NA
"SONORA","NO ESPECIFICADO",NA,NA,NA,NA,NA,NA,NA,NA,NA,NA,NA
"NAYARIT","LA SAL",NA,NA,NA,NA,NA,NA,NA,NA,NA,NA,NA
"SONORA","SAN JORGE","yes",NA,31.217,-113.159,NA,NA,NA,31.217,-113.159,"Sonora_Mid",NA
"NAYARIT","EMBARCADERO ZOMATLAN",NA,NA,NA,NA,NA,NA,NA,NA,NA,NA,NA
"NAYARIT","CURVINAS, LAS",NA,NA,NA,NA,NA,NA,NA,NA,NA,NA,NA
"SONORA","PRESA IGNACIO L. ALATORRE (PUNTA DE AGUA)",NA,NA,NA,NA,NA,NA,NA,NA,NA,NA,NA
"BAJA CALIFORNIA SUR","ENSENADA DE MUERTOS","yes",NA,23.9944626,-109.82338895,"high confidence",23.9944626,-109.82338895,23.9893,-109.8355,"Baja_California_Sur_South",NA
"SONORA","AGIAMPO","yes",NA,27.1947,-109.5419,NA,NA,NA,27.1947,-109.5419,"Sonora_South",NA
"BAJA CALIFORNIA SUR","EL REMATE (BAHIA CONCEPCION)","yes",NA,26.81,-111.89,NA,NA,NA,26.81,-111.89,"Baja_California_Sur_North",NA
"BAJA CALIFORNIA SUR","Faro Santo Domingo","yes",NA,27.03,-114.15,NA,NA,NA,27.03,-114.15,"Baja_California_Sur_North",NA
"JALISCO","PLAYA LA FORTUNA","no","marine",20.49,-105.31,"high confidence",20.49,-105.31,19.29,-104.826,NA,"Costa Alegre"
"SINALOA","EL VERDE",NA,NA,23.4123412962963,-106.404456388889,"high confidence",23.4123412962963,-106.404456388889,NA,NA,NA,NA
"NAYARIT","AGUAMILPA",NA,NA,NA,NA,NA,NA,NA,NA,NA,NA,NA
"BAJA CALIFORNIA","LITORAL DEL ESTADO",NA,NA,NA,NA,NA,NA,NA,NA,NA,NA,NA
"SONORA","BAHIA ADAIR","yes",NA,31.56001115,-113.8255353,"high confidence",31.56001115,-113.8255353,31.5796,-113.911,"Sonora_North",NA
"BAJA CALIFORNIA SUR","PUNTA COVE","no",NA,24.616,-112.101,NA,NA,NA,24.616,-112.101,"Baja_California_Sur_South",NA
"JALISCO","ZAPOTLAN DEL REY","no","freshwater",20.408,-102.912,NA,NA,NA,20.408,-102.912,NA,"east Jalisco"
"BAJA CALIFORNIA SUR","SANTA ROSALILLITA","yes",NA,27.3397,-112.2631,NA,NA,NA,27.3397,-112.2631,"Baja_California_Sur_North",NA
"BAJA CALIFORNIA SUR","PUNTA CONEJO","no",NA,27.445,-114.5577,NA,NA,NA,27.445,-114.5577,"Baja_California_Sur_North",NA
"SINALOA","MUELLE ESCAMERO DE EL FUERTE",NA,NA,NA,NA,NA,NA,NA,NA,NA,NA,NA
"NAYARIT","HOBO, EL",NA,NA,NA,NA,NA,NA,NA,NA,NA,NA,NA
"BAJA CALIFORNIA","EL CARDON","no",NA,28.9074,-114.4487,NA,NA,NA,28.9074,-114.4487,"Baja_California_South",NA
"BAJA CALIFORNIA SUR","Santa Rosa (Aguas Litorales)","yes",NA,23.3,-109.9,NA,NA,NA,23.3,-109.9,"Baja_California_Sur_South",NA
"SONORA","PRESA SAN JOSE ATLANGA",NA,NA,NA,NA,NA,NA,NA,NA,NA,NA,NA
"BAJA CALIFORNIA SUR","ESTERO EL BARRIL","yes",NA,23.6773,-109.6975,NA,NA,NA,23.6773,-109.6975,"Baja_California_Sur_South",NA
"BAJA CALIFORNIA","CERRO PRIETO",NA,NA,NA,NA,NA,NA,NA,NA,NA,NA,NA
"NAYARIT","PANTEON, EL",NA,NA,NA,NA,NA,NA,NA,NA,NA,NA,NA
"SINALOA","PUERTA DEL FLOJO",NA,NA,NA,NA,NA,NA,NA,NA,NA,NA,NA
"SINALOA","REV. CALIHUEY, POCHOTES VARIOS",NA,NA,NA,NA,NA,NA,NA,NA,NA,NA,NA
"SINALOA","ACUACULTORES DE DIMAS (CULT)",NA,NA,NA,NA,NA,NA,NA,NA,NA,NA,NA
"SINALOA","PRESA ADOLFO LOPEZ MATEOS",NA,NA,NA,NA,NA,NA,NA,NA,NA,NA,NA
"BAJA CALIFORNIA","EL CONEJO","no",NA,24.3281,-111.4473,NA,NA,NA,24.3281,-111.4473,"Baja_California_South",NA
"SINALOA","LITORAL",NA,NA,NA,NA,NA,NA,NA,NA,NA,NA,NA
"SINALOA","2 ARBOLITOS",NA,NA,NA,NA,NA,NA,NA,NA,NA,NA,NA
"NAYARIT","EL ROBLE",NA,NA,NA,NA,NA,NA,NA,NA,NA,NA,NA
"BAJA CALIFORNIA SUR","ESTEO LAS TIJERAS","no",NA,24.8183,-112.1532,NA,NA,NA,24.8183,-112.1532,"Baja_California_Sur_South",NA
"BAJA CALIFORNIA","EL TOMATAL (VARADERO)","no",NA,30.95,-116.36,NA,NA,NA,30.95,-116.36,"Baja_California_South",NA
"SINALOA","CRUZ DE ELOTA",NA,NA,23.89858685,-106.9112974,"high confidence",23.89858685,-106.9112974,NA,NA,NA,NA
"NAYARIT","VENA EL PUYEQUE",NA,NA,22.5986111,-105.2244444,"high confidence",22.5986111,-105.2244444,NA,NA,NA,NA
"BAJA CALIFORNIA SUR","BOCA EL MOJON",NA,NA,NA,NA,NA,NA,NA,NA,NA,NA,NA
"BAJA CALIFORNIA","LIT.GOLFO DE CALIFORNIA","yes",NA,29.65,-113.86,NA,NA,NA,29.65,-113.86,"Baja_California_South",NA
"JALISCO","PRESA EL SAUCILLO",NA,"freshwater",20.815,-103.04,NA,NA,NA,20.815,-103.04,"Nayarit/Jalisco","inland Los Altos"
"SINALOA","DISTRITO DE RIEGO",NA,NA,NA,NA,NA,NA,NA,NA,NA,NA,NA
"SONORA","TAMIAHUA",NA,NA,NA,NA,NA,NA,NA,NA,NA,NA,NA
"NAYARIT","CUEVAS, LAS",NA,NA,NA,NA,NA,NA,NA,NA,NA,NA,NA
"BAJA CALIFORNIA SUR","PUNTA LOS LOBOS (EN BAHIA ASUNCION)","no",NA,27.1436,-114.2905,NA,NA,NA,27.1436,-114.2905,"Baja_California_Sur_North",NA
"SINALOA","HECHOTEHUECA",NA,NA,NA,NA,NA,NA,NA,NA,NA,NA,NA
"SINALOA","LOS POCHOTES",NA,NA,24.8407498555556,-107.771430327778,"high confidence",24.8407498555556,-107.771430327778,NA,NA,NA,NA
"SINALOA","EL RASTRO",NA,NA,25.69041,-109.039,"high confidence",25.69041,-109.039,NA,NA,NA,NA
"BAJA CALIFORNIA","VARADERO DEL CARDON","no",NA,28.3545,-114.0755,"high confidence",28.3545,-114.0755,28.386,-114.067,"Baja_California_South",NA
"BAJA CALIFORNIA","SAN SEBASTIAN","yes",NA,26.617,-111.568,NA,NA,NA,26.617,-111.568,"Baja_California_South",NA
"BAJA CALIFORNIA SUR","COSTAS DE CELESTUN",NA,NA,NA,NA,NA,NA,NA,NA,NA,NA,NA
"NAYARIT","PUNTA RAZA",NA,NA,21.0129296,-105.317355533333,"high confidence",21.0129296,-105.317355533333,NA,NA,NA,NA
"BAJA CALIFORNIA SUR","LAS TINAS","yes",NA,23.8167,-109.7172,NA,NA,NA,23.8167,-109.7172,"Baja_California_Sur_South",NA
"BAJA CALIFORNIA SUR","SAN MIGUEL","yes",NA,26.527,-111.411,NA,NA,NA,26.527,-111.411,"Baja_California_Sur_North",NA
"BAJA CALIFORNIA SUR","EL MOJON","yes",NA,27.0645,-111.9926,NA,NA,NA,27.0645,-111.9926,"Baja_California_Sur_North",NA
"SINALOA","LA CALETA",NA,NA,NA,NA,NA,NA,NA,NA,NA,NA,NA
"BAJA CALIFORNIA","PRESA EL CAJON",NA,NA,NA,NA,NA,NA,NA,NA,NA,NA,NA
"BAJA CALIFORNIA SUR","SAN ANDRES","no",NA,26.8,-112.05,NA,NA,NA,26.8,-112.05,"Baja_California_Sur_North",NA
"SONORA","PAREDON ROJO",NA,NA,NA,NA,NA,NA,NA,NA,NA,NA,NA
"BAJA CALIFORNIA SUR","PUNTA SAN ROQUE","no",NA,27.1749,-114.4316,NA,NA,NA,27.1749,-114.4316,"Baja_California_Sur_North",NA
"BAJA CALIFORNIA SUR","PLAYA EL CARACOL","yes",NA,24.2973,-110.1982,NA,NA,NA,24.2973,-110.1982,"Baja_California_Sur_South",NA
"JALISCO","EL PASADERO DE PIEDRA",NA,"marine",NA,NA,NA,NA,NA,NA,NA,NA,"1202 prefix _ Sonora area, looks like landing in coastal Sonora near Guaymas"
"SINALOA","EBANITO",NA,NA,NA,NA,NA,NA,NA,NA,NA,NA,NA
"NAYARIT","CRUZ DE ELOTA",NA,NA,NA,NA,NA,NA,NA,NA,NA,NA,NA
"BAJA CALIFORNIA","LA RINCONADA","no",NA,29.8955,-115.7407,NA,NA,NA,29.8955,-115.7407,"Baja_California_South",NA
"BAJA CALIFORNIA SUR","PUNTA RENAS (CAMPO PESQUERO EN SAN CARLOS)","no",NA,24.62,-112.12,NA,NA,NA,24.62,-112.12,"Baja_California_Sur_South",NA
"NAYARIT","EMBARCADERO LA COMPRA",NA,NA,NA,NA,NA,NA,NA,NA,NA,NA,NA
"SINALOA","EL TREBOL",NA,NA,NA,NA,NA,NA,NA,NA,NA,NA,NA
"BAJA CALIFORNIA SUR","PUNTA LUPONA (EN ISLA ESPIRITU SANTO)","yes",NA,24.49,-110.3,NA,NA,NA,24.49,-110.3,"Baja_California_Sur_South",NA
"BAJA CALIFORNIA","BAHIA DE MACAPULE","yes",NA,25.25,-108.52,NA,NA,NA,25.25,-108.52,"Baja_California_South",NA
"BAJA CALIFORNIA SUR","EL BARRIL","yes",NA,28.3,-112.933,NA,NA,NA,28.3,-112.933,"Baja_California_Sur_North",NA
"JALISCO","CHICURA",NA,"marine",NA,NA,NA,NA,NA,NA,NA,NA,"2507 _ Sinaloa, likely near Culiacán / Altata"
"SINALOA","BUENOS AIRES ELOTA SINALOA (CULT)",NA,NA,NA,NA,NA,NA,NA,NA,NA,NA,NA
"BAJA CALIFORNIA","ALVARADO",NA,NA,NA,NA,NA,NA,NA,NA,NA,NA,NA
"SINALOA","PRESA EL CAJON",NA,NA,NA,NA,NA,NA,NA,NA,NA,NA,NA
"BAJA CALIFORNIA","Las Casitas (Laguna Ojo de Liebre)","no",NA,27.73,-114.08,NA,NA,NA,27.73,-114.08,"Baja_California_South",NA
"BAJA CALIFORNIA SUR","ROCA BALLENAS","no",NA,26.7432,-113.6676,NA,NA,NA,26.7432,-113.6676,"Baja_California_Sur_North",NA
"JALISCO","BORDO HUATEPIQUE",NA,"freshwater",20.53,-103.15,NA,NA,NA,20.53,-103.15,"Nayarit/Jalisco","Jalisco"
"SINALOA","SISTEMAS ACUATICOS CONTROLADOS(CULT)",NA,NA,NA,NA,NA,NA,NA,NA,NA,NA,NA
"JALISCO","PRESA LA TINAJA",NA,"freshwater",20.54,-103.16,NA,NA,NA,20.54,-103.16,"Nayarit/Jalisco","Jalisco"
"NAYARIT","CORTINA DE LA PRESA",NA,NA,NA,NA,NA,NA,NA,NA,NA,NA,NA
"JALISCO","EMBARCADERO LA PRESA",NA,"freshwater",NA,NA,NA,NA,NA,NA,NA,NA,"appears Hidalgo/Querétaro, not Jalisco"
"JALISCO","EL CARRIZO",NA,"marine",NA,NA,NA,NA,NA,NA,NA,NA,"1202 _ Sonora, not Jalisco"
"SINALOA","EL CUERVO (CULT.)",NA,NA,NA,NA,NA,NA,NA,NA,NA,NA,NA
"JALISCO","LA CORTINA (EL CAJON)",NA,"freshwater",21.15,-104.75,NA,NA,NA,21.15,-104.75,"Nayarit/Jalisco","El Cajón is a major hydro dam in Nayarit (close to Jalisco but not Jalisco)"
"JALISCO","PRESA EL CAJON","no","freshwater",20.39,-103.32,NA,NA,NA,20.39,-103.32,NA,"Jalisco (different from Nayarit El Cajón)"
"SONORA","PUNTA CHUECA","yes",NA,29.0113644444444,-112.15813625,"high confidence",29.0113644444444,-112.15813625,29.008,-112.156,"Sonora_Mid",NA
"JALISCO","PRESA LA GUADALUPE",NA,"freshwater",20.66,-103.22,NA,NA,NA,20.66,-103.22,"Nayarit/Jalisco","Jalisco"
"NAYARIT","ARROYO EL CARRIZAL",NA,NA,NA,NA,NA,NA,NA,NA,NA,NA,NA
"SONORA","LA ATANACIA","yes",NA,27.1412,-110.2149,NA,NA,NA,27.1412,-110.2149,"Sonora_South",NA
"JALISCO","BORDO LOS PATOS",NA,"freshwater",20.58,-103.19,NA,NA,NA,20.58,-103.19,"Nayarit/Jalisco","Jalisco interior"
"NAYARIT","LOS GUAJES",NA,NA,NA,NA,NA,NA,NA,NA,NA,NA,NA
"SONORA","LA ESPERANZA","yes",NA,28.4652,-111.76,NA,NA,NA,28.4652,-111.76,"Sonora_Mid",NA
"SINALOA","EL MORRO",NA,NA,NA,NA,NA,NA,NA,NA,NA,NA,NA
"BAJA CALIFORNIA SUR","PUERTO SAN CARLOS","no",NA,24.7897455555556,-112.108061944444,"high confidence",24.7897455555556,-112.108061944444,24.7661,-111.9669,"Baja_California_Sur_South",NA
"NAYARIT","MEZA DEL NOVILLO",NA,NA,NA,NA,NA,NA,NA,NA,NA,NA,NA
"BAJA CALIFORNIA SUR","LAGO DE CUITZEO",NA,NA,NA,NA,NA,NA,NA,NA,NA,NA,NA
"NAYARIT","HUANACAXTLE",NA,NA,NA,NA,NA,NA,NA,NA,NA,NA,NA
"JALISCO","PRESA VALERIO",NA,"freshwater",20.59,-103.2,NA,NA,NA,20.59,-103.2,"Nayarit/Jalisco","Jalisco"
"SONORA","EL TOMATE","yes",NA,27.5622,-110.35,"high confidence",27.5622,-110.35,27.5622,-110.35,"Sonora_South",NA
"SINALOA","VACAS Y CALERAS",NA,NA,22.709,-105.757,"high confidence",22.709,-105.757,NA,NA,NA,NA
"BAJA CALIFORNIA SUR","CORTINA DE LA PRESA",NA,NA,NA,NA,NA,NA,NA,NA,NA,NA,NA
"SINALOA","PUNTA SAN MIGUEL",NA,NA,23.795,-106.883,"high confidence",23.795,-106.883,NA,NA,NA,NA
"SINALOA","HIGUERAS DE ZARAGOZA (CULT.)",NA,NA,NA,NA,NA,NA,NA,NA,NA,NA,NA
"BAJA CALIFORNIA SUR","GUERRERO NEGRO (B.C.S.)","no",NA,27.97,-114.04,NA,NA,NA,27.97,-114.04,"Baja_California_Sur_North",NA
"NAYARIT","EL BORDO",NA,NA,NA,NA,NA,NA,NA,NA,NA,NA,NA
"NAYARIT","BAJO DE LOS PERROS",NA,NA,NA,NA,NA,NA,NA,NA,NA,NA,NA
"BAJA CALIFORNIA","COL. VICENTE GUERRERO",NA,NA,NA,NA,NA,NA,NA,NA,NA,NA,NA
"SONORA","BELLAVISTA",NA,NA,26.68744,-109.083,"alert 3: multiple lat-long values in Hem's key that are more than 2 degrees apart",26.68744,-109.083,NA,NA,NA,NA
"SONORA","CRUZ DE HUANACAXTLE",NA,NA,NA,NA,NA,NA,NA,NA,NA,NA,NA
"SONORA","CERRO CABEZON",NA,NA,NA,NA,NA,NA,NA,NA,NA,NA,NA
"JALISCO","100 MTS DEL PASADERO DE LA COOP. CHAMPERICO.",NA,"marine",NA,NA,NA,NA,NA,NA,NA,NA,"Champerico = Guatemala (!) outside Mexico/Jalisco"
"BAJA CALIFORNIA SUR","EL MANGLITO","yes",NA,24.16,-110.32,NA,NA,NA,24.16,-110.32,"Baja_California_Sur_South",NA
"NAYARIT","ESTERO DE SAN BASILIO",NA,NA,NA,NA,NA,NA,NA,NA,NA,NA,NA
"JALISCO","PRESA EPIFANIA",NA,"freshwater",20.8,-103.33,NA,NA,NA,20.8,-103.33,"Nayarit/Jalisco","Jalisco"
"SINALOA","BAHIA SAN FRANCISQUITO",NA,NA,NA,NA,NA,NA,NA,NA,NA,NA,NA
"SINALOA","CAIMANCITOS",NA,NA,NA,NA,NA,NA,NA,NA,NA,NA,NA
"SONORA","TRES CERRITOS",NA,NA,NA,NA,NA,NA,NA,NA,NA,NA,NA
"SONORA","EL SAUZAL",NA,NA,NA,NA,NA,NA,NA,NA,NA,NA,NA
"BAJA CALIFORNIA","ISLA SAN PEDRO MARTIR","yes",NA,28.3762027,-112.3200266,"high confidence",28.3762027,-112.3200266,28.3721,-112.3331,"Baja_California_South",NA
"SONORA","GUASIMA, LA","yes",NA,27.8551,-109.3451,NA,NA,NA,27.8551,-109.3451,"Sonora_South",NA
"BAJA CALIFORNIA SUR","LAS BARRANCAS (EN LOS CABOS)","yes",NA,23.3,-109.9,NA,NA,NA,23.3,-109.9,"Baja_California_Sur_South",NA
"SINALOA","NUEVA TECNOLOGIA DEL PACIFICO (CULT)",NA,NA,NA,NA,NA,NA,NA,NA,NA,NA,NA
"BAJA CALIFORNIA","TAMIAHUA",NA,NA,NA,NA,NA,NA,NA,NA,NA,NA,NA
"SONORA","RINCON BALLENAS",NA,NA,NA,NA,NA,NA,NA,NA,NA,NA,NA
"BAJA CALIFORNIA SUR","LA LOBERA","no",NA,27.8127,-115.0497,NA,NA,NA,27.8127,-115.0497,"Baja_California_Sur_North",NA
"SONORA","SANTO TOMAS","yes",NA,30.7599,-113.107,NA,NA,NA,30.7599,-113.107,"Sonora_Mid",NA
"BAJA CALIFORNIA SUR","ARROYO EL FRIJOL","no",NA,24.9,-112.01,NA,NA,NA,24.9,-112.01,"Baja_California_Sur_South",NA
"SINALOA","LA BRECHA (CULT)",NA,NA,NA,NA,NA,NA,NA,NA,NA,NA,NA
"BAJA CALIFORNIA","PUERTO LOS CHOROS","yes",NA,29,-113.5667,NA,NA,NA,29,-113.5667,"Baja_California_South",NA
"SINALOA","PUNTA MARIA",NA,NA,NA,NA,NA,NA,NA,NA,NA,NA,NA
"SONORA","BORRASCOSO","yes",NA,31.4917435,-114.038837,"high confidence",31.4917435,-114.038837,31.484,-114.05,"Sonora_North",NA
"BAJA CALIFORNIA SUR","LA SALINITA","no",NA,27.101,-114.104,NA,NA,NA,27.101,-114.104,"Baja_California_Sur_North",NA
"SONORA","TEACAPAN, SIN.",NA,NA,NA,NA,NA,NA,NA,NA,NA,NA,NA
"SONORA","LAZARO CARDENAS",NA,NA,NA,NA,NA,NA,NA,NA,NA,NA,NA
"SINALOA","MAHAHUAL",NA,NA,22.83,-106.03,"high confidence",22.83,-106.03,NA,NA,NA,NA
"NAYARIT","SITIO ESTERO EL TAPEIXTE",NA,NA,NA,NA,NA,NA,NA,NA,NA,NA,NA
"JALISCO","PRESA """"CASA BLANCA""""",NA,"freshwater",20.57,-103.17,NA,NA,NA,20.57,-103.17,"Nayarit/Jalisco","Jalisco"
"BAJA CALIFORNIA","CORTINA DE LA PRESA",NA,NA,NA,NA,NA,NA,NA,NA,NA,NA,NA
"JALISCO","LA PALAPA",NA,"marine",20.6798709722222,-105.093875277778,"high confidence",20.6798709722222,-105.093875277778,20.55,-105.22,"Nayarit/Jalisco","near Puerto Vallarta coast"
"SONORA","TOPOLOBAMPO","yes",NA,25.6,-109.05,NA,NA,NA,25.6,-109.05,"Sonora_South",NA
"SINALOA","LAGUNA DEL CARRIZO (CULT.)",NA,NA,NA,NA,NA,NA,NA,NA,NA,NA,NA
"NAYARIT","COASTECOMATE, EL",NA,NA,NA,NA,NA,NA,NA,NA,NA,NA,NA
"JALISCO","PRESA CARROZAS",NA,"freshwater",20.6,-103.19,NA,NA,NA,20.6,-103.19,"Nayarit/Jalisco","Jalisco"
"SINALOA","PLAYA FRENTE A LA COOPERATIVA CARIBE",NA,NA,NA,NA,NA,NA,NA,NA,NA,NA,NA
"NAYARIT","GUAMUCHIL",NA,NA,NA,NA,NA,NA,NA,NA,NA,NA,NA
"SINALOA","PALMITO DEL VERDE",NA,NA,22.6572176388889,-105.767641388889,"high confidence",22.6572176388889,-105.767641388889,NA,NA,NA,NA
"JALISCO","a",NA,"freshwater",NA,NA,NA,NA,NA,NA,NA,NA,"Name is junk, but key indicates reservoir cluster around Los Patos/Valerio"
"JALISCO","PRESA SAN JOSE",NA,"freshwater",20.72,-103.12,NA,NA,NA,20.72,-103.12,"Nayarit/Jalisco","Jalisco"
"SONORA","LA REFORMA","yes",NA,25.047,-108.054,NA,NA,NA,25.047,-108.054,"Sonora_South",NA
"JALISCO","CORTINA, LA",NA,"freshwater",NA,NA,NA,NA,NA,NA,NA,NA,"Nayarit, not Jalisco"
"NAYARIT","PUENTE EL COLORADO",NA,NA,NA,NA,NA,NA,NA,NA,NA,NA,NA
"BAJA CALIFORNIA","ARBOLILLO","no",NA,31.7043,-116.6637,NA,NA,NA,31.7043,-116.6637,"Baja_California_North",NA
"SINALOA","RIO TAMAZULA",NA,NA,NA,NA,NA,NA,NA,NA,NA,NA,NA
"JALISCO","BORDO COPALES",NA,"freshwater",20.58,-103.2,NA,NA,NA,20.58,-103.2,"Nayarit/Jalisco","Jalisco"
"BAJA CALIFORNIA","ISLA DE CORONADO","yes",NA,29.0831,-113.5178,"alert 4: the lat-long values in Hem's key do not match the lat-long values in Mel's key by more than 2 degrees",32.4175,-117.26,29.0831,-113.5178,"Baja_California_South",NA
"SINALOA","RIBERA DE LA PRESA",NA,NA,NA,NA,NA,NA,NA,NA,NA,NA,NA
"BAJA CALIFORNIA SUR","ESTERO EL CURRY","no",NA,24.7804,-111.9495,NA,NA,NA,24.7804,-111.9495,"Baja_California_Sur_South",NA
"JALISCO","ARROYO DE LOS REYES",NA,"freshwater",20.59,-103.19,NA,NA,NA,20.59,-103.19,"Nayarit/Jalisco","Jalisco"
"SINALOA","EL CIRUELITO (ACUA)",NA,NA,NA,NA,NA,NA,NA,NA,NA,NA,NA
"NAYARIT","LA RAMADA",NA,NA,NA,NA,NA,NA,NA,NA,NA,NA,NA
"BAJA CALIFORNIA","ISLA SAN ESTEBAN","yes",NA,28.70036665,-112.5745222,"high confidence",28.70036665,-112.5745222,28.6999,-112.5721,"Baja_California_South",NA
"SONORA","AGUA TENDIDA",NA,NA,NA,NA,NA,NA,NA,NA,NA,NA,NA
"NAYARIT","ESTERO EL ARCO",NA,NA,NA,NA,NA,NA,NA,NA,NA,NA,NA
"BAJA CALIFORNIA SUR","BOCANA OJO DE LIEBRE","no",NA,27.8777,-114.2872,NA,NA,NA,27.8777,-114.2872,"Baja_California_Sur_North",NA
"SINALOA","POBLADO BARRA DEL TORDO",NA,NA,NA,NA,NA,NA,NA,NA,NA,NA,NA
"BAJA CALIFORNIA","ARTEAGA",NA,NA,NA,NA,NA,NA,NA,NA,NA,NA,NA
"BAJA CALIFORNIA SUR","EL TIBURON","yes",NA,26.8487,-111.8988,NA,NA,NA,26.8487,-111.8988,"Baja_California_Sur_North",NA
"BAJA CALIFORNIA SUR","LOS DOLORES","yes",NA,25.075,-110.855,NA,NA,NA,25.075,-110.855,"Baja_California_Sur_South",NA
"BAJA CALIFORNIA SUR","ESTERO EL CAREY","no",NA,24.5201,-111.6329,NA,NA,NA,24.5201,-111.6329,"Baja_California_Sur_South",NA
"BAJA CALIFORNIA","TORRE MOCHA","no",NA,28.2523,-114.057,NA,NA,NA,28.2523,-114.057,"Baja_California_South",NA
"SONORA","2 ARBOLITOS",NA,NA,NA,NA,NA,NA,NA,NA,NA,NA,NA
"BAJA CALIFORNIA","ROSALILLITA","no",NA,28.372,-114.182,NA,NA,NA,28.372,-114.182,"Baja_California_South",NA
"SONORA","BAHIA ALMEJAS","yes",NA,31.2199,-113.099,NA,NA,NA,31.2199,-113.099,"Sonora_Mid",NA
"BAJA CALIFORNIA SUR","ARROYO ANCHO","no",NA,26.24,-112.29,NA,NA,NA,26.24,-112.29,"Baja_California_Sur_South",NA
"SONORA","MUELLE PLANTA PESQUERA TABASQUENA O COMPLEJO",NA,NA,NA,NA,NA,NA,NA,NA,NA,NA,NA
"SINALOA","COL. REVOLUCION",NA,NA,NA,NA,NA,NA,NA,NA,NA,NA,NA
"BAJA CALIFORNIA","PLAYA HERMOSA","yes",NA,30.7307,-114.6974,NA,NA,NA,30.7307,-114.6974,"Baja_California_South",NA
"BAJA CALIFORNIA SUR","ESTERO EL SOLDADO","no",NA,24.4411,-111.5933,NA,NA,NA,24.4411,-111.5933,"Baja_California_Sur_South",NA
"JALISCO","PRESA LAS TROJES",NA,"freshwater",20.6,-103.21,NA,NA,NA,20.6,-103.21,"Nayarit/Jalisco","Jalisco"
"SINALOA","LAGUNA GRANDE",NA,NA,NA,NA,NA,NA,NA,NA,NA,NA,NA
"BAJA CALIFORNIA SUR","ISLA DEL CARMEN","yes",NA,25.9774712,-111.1533456,"high confidence",25.9774712,-111.1533456,25.943,-111.172,"Baja_California_Sur_South",NA
"SONORA","PUNTA EL PESCADOR",NA,NA,NA,NA,NA,NA,NA,NA,NA,NA,NA
"BAJA CALIFORNIA SUR","EL SALADITO","yes",NA,24.44232,-110.688,"high confidence",24.44232,-110.688,24.4448,-110.6858,"Baja_California_Sur_South",NA
"SINALOA","KILA, LERMA",NA,NA,NA,NA,NA,NA,NA,NA,NA,NA,NA
"SINALOA","PUERTO DE ALTATA (CULT)",NA,NA,NA,NA,NA,NA,NA,NA,NA,NA,NA
"BAJA CALIFORNIA SUR","SANTA MARTA","yes",NA,25.4515,-111.0283,NA,NA,NA,25.4515,-111.0283,"Baja_California_Sur_South",NA
"SINALOA","COSTA AZUL",NA,NA,25.1018788888889,-108.136553981481,"high confidence",25.1018788888889,-108.136553981481,NA,NA,NA,NA
"BAJA CALIFORNIA SUR","PUNTA QUEBRADA","no",NA,27.72828485,-114.9926779,"high confidence",27.72828485,-114.9926779,26.67,-113.43,"Baja_California_Sur_North",NA
"NAYARIT","CUAUHTEMOC",NA,NA,21.8474776388889,-104.550811944444,"high confidence",21.8474776388889,-104.550811944444,NA,NA,NA,NA
"BAJA CALIFORNIA SUR","ESTERO EL AHUETE","no",NA,24.6,-112,NA,NA,NA,24.6,-112,"Baja_California_Sur_South",NA
"NAYARIT","EMBARCADERO EL SOLAR DE LA COOP.",NA,NA,NA,NA,NA,NA,NA,NA,NA,NA,NA
"BAJA CALIFORNIA","TORRE BLANCA",NA,NA,NA,NA,NA,NA,NA,NA,NA,NA,NA
"JALISCO","PLAYA CHALACATEPEC","no","marine",19.39,-105.05,NA,NA,NA,19.39,-105.05,NA,"Jalisco"
"BAJA CALIFORNIA SUR","AGUAS LITORALES (BAHIA TORTUGAS)","no",NA,27.69,-114.9,NA,NA,NA,27.69,-114.9,"Baja_California_Sur_North",NA
"BAJA CALIFORNIA SUR","PUERTO GUERRERO NEGRO","no",NA,27.98,-114.044,NA,NA,NA,27.98,-114.044,"Baja_California_Sur_North",NA
"BAJA CALIFORNIA","SAN RAFAEL (EN BAHIA CONCEPCION)","yes",NA,27.32,-112.27,NA,NA,NA,27.32,-112.27,"Baja_California_South",NA
"JALISCO","PRESA LAS PE√ëAS",NA,"freshwater",20.8,-103.33,NA,NA,NA,20.8,-103.33,"Nayarit/Jalisco","Jalisco"
"BAJA CALIFORNIA SUR","LAS AGUILAS","no",NA,27.762,-114.054,NA,NA,NA,27.762,-114.054,"Baja_California_Sur_North",NA
"SINALOA","LAGO DE CUITZEO",NA,NA,NA,NA,NA,NA,NA,NA,NA,NA,NA
"BAJA CALIFORNIA SUR","COLORADITA O PUERTO ESCONDIDO (I. DE CEDROS)","no",NA,28.08,-115.21,NA,NA,NA,28.08,-115.21,"Baja_California_Sur_North",NA
"BAJA CALIFORNIA SUR","LAGUNA MANUELA.","no",NA,27.7,-114.35,NA,NA,NA,27.7,-114.35,"Baja_California_Sur_North",NA
"BAJA CALIFORNIA SUR","ISLA ESPIRITU SANTO","yes",NA,24.467386,-110.3427968,"high confidence",24.467386,-110.3427968,24.49,-110.3,"Baja_California_Sur_South",NA
"SINALOA","MENDIA",NA,NA,NA,NA,NA,NA,NA,NA,NA,NA,NA
"NAYARIT","LA BRECHA TEACAPAN",NA,NA,NA,NA,NA,NA,NA,NA,NA,NA,NA
"JALISCO","BORDOS LA QUEMADA 1",NA,"freshwater",20.62,-103.19,NA,NA,NA,20.62,-103.19,"Nayarit/Jalisco","Jalisco"
"BAJA CALIFORNIA","ISLAS CORONADO","yes",NA,29.0831,-113.5178,"alert 4: the lat-long values in Hem's key do not match the lat-long values in Mel's key by more than 2 degrees",32.4175,-117.26,29.0831,-113.5178,"Baja_California_South",NA
"BAJA CALIFORNIA","DON ABEL","yes",NA,31.20252,-114.883595,"high confidence",31.20252,-114.883595,31.219,-114.878,"Baja_California_North",NA
"BAJA CALIFORNIA","QUERENDARO",NA,NA,NA,NA,NA,NA,NA,NA,NA,NA,NA
"NAYARIT","LAGUNA DEL QUELELE",NA,NA,20.7264738,-105.2926934,"high confidence",20.7264738,-105.2926934,NA,NA,NA,NA
"BAJA CALIFORNIA","GUADALUPE","no",NA,31.255,-116.359,"high confidence",31.255,-116.359,31.255,-116.359,"Baja_California_North",NA
"BAJA CALIFORNIA","BUFADORA","no",NA,31.7245146,-116.71377335,"high confidence",31.7245146,-116.71377335,31.7201,-116.7139,"Baja_California_North",NA
"NAYARIT","POTRERO DE PALMITA",NA,NA,NA,NA,NA,NA,NA,NA,NA,NA,NA
"SINALOA","SAN FELIPE",NA,NA,NA,NA,NA,NA,NA,NA,NA,NA,NA
"SINALOA","LA CUCHILLA (CULT)",NA,NA,NA,NA,NA,NA,NA,NA,NA,NA,NA
"BAJA CALIFORNIA SUR","BAJO MORGAN","no",NA,23.41,-110.68,NA,NA,NA,23.41,-110.68,"Baja_California_Sur_South",NA
"SINALOA","POBLADO NO. 5 (CULT)",NA,NA,NA,NA,NA,NA,NA,NA,NA,NA,NA
"SINALOA","EL MAUTILLO",NA,NA,NA,NA,NA,NA,NA,NA,NA,NA,NA
"BAJA CALIFORNIA","SAN MARCOS (EN ISLA SAN MARCOS)","yes",NA,27.233,-112.101,NA,NA,NA,27.233,-112.101,"Baja_California_South",NA
"BAJA CALIFORNIA SUR","PLAYA TLALOC",NA,NA,NA,NA,NA,NA,NA,NA,NA,NA,NA
"SINALOA","EL CHURRITO",NA,NA,NA,NA,NA,NA,NA,NA,NA,NA,NA
"JALISCO","LITORAL DEL OCEANO PACIFICO LIMITES DEL ESTADO DE JALISCO","no","marine",19.9,-105.4,NA,NA,NA,19.9,-105.4,NA,"Jalisco"
"SINALOA","ISLA SALSIPUEDES",NA,NA,NA,NA,NA,NA,NA,NA,NA,NA,NA
"BAJA CALIFORNIA SUR","SANTO DOMINGO (VARADERO)","no",NA,26.79,-113.2,NA,NA,NA,26.79,-113.2,"Baja_California_Sur_North",NA
"BAJA CALIFORNIA SUR","PLAYITA DE ENMEDIO",NA,NA,NA,NA,NA,NA,NA,NA,NA,NA,NA
"BAJA CALIFORNIA SUR","TAMIAHUA",NA,NA,21.27,-97.45,NA,NA,NA,21.27,-97.45,"Baja_California_Sur_South",NA
"NAYARIT","TANQUE ELEVADO",NA,NA,NA,NA,NA,NA,NA,NA,NA,NA,NA
"JALISCO","AGUA DULCE",NA,"marine",NA,NA,NA,NA,NA,NA,NA,NA,"Veracruz"
"SINALOA","EXPLANADA DEL FARO",NA,NA,24.737,-107.845,"high confidence",24.737,-107.845,NA,NA,NA,NA
"SINALOA","ENSENADA DE LOS CARROS (CULT.)",NA,NA,NA,NA,NA,NA,NA,NA,NA,NA,NA
"SINALOA","LOMAS DE MONTERREY",NA,NA,23.2548847222222,-106.256033611111,"high confidence",23.2548847222222,-106.256033611111,NA,NA,NA,NA
"BAJA CALIFORNIA","LA PUNTITA (VARADERO)",NA,NA,NA,NA,NA,NA,NA,NA,NA,NA,NA
"BAJA CALIFORNIA","COLORADITA O PUERTO ESCONDIDO (I. DE CEDROS)","no",NA,28.116,-115.351,NA,NA,NA,28.116,-115.351,"Baja_California_South",NA
"JALISCO","LAGUNA DE PARAMAN","no","marine",19.42,-104.97,NA,NA,NA,19.42,-104.97,NA,"lagoon near Majahuas/Chamela"
"BAJA CALIFORNIA SUR","AGUAS LITORALES (LOS CABOS)","yes",NA,23.3,-109.9,NA,NA,NA,23.3,-109.9,"Baja_California_Sur_South",NA
"SONORA","RIBERA DE LA PRESA",NA,NA,NA,NA,NA,NA,NA,NA,NA,NA,NA
"SINALOA","PLAYITA DE ENMEDIO",NA,NA,NA,NA,NA,NA,NA,NA,NA,NA,NA
"JALISCO","ALVARADO",NA,"marine",NA,NA,NA,NA,NA,NA,NA,NA,"Veracruz"
"SONORA","ACAPULCO",NA,NA,NA,NA,NA,NA,NA,NA,NA,NA,NA
"JALISCO","BORDO MIRAFLORES",NA,"freshwater",20.52,-103.14,NA,NA,NA,20.52,-103.14,"Nayarit/Jalisco","Jalisco"
"SONORA","MANZANILLO",NA,NA,NA,NA,NA,NA,NA,NA,NA,NA,NA
"BAJA CALIFORNIA SUR","ISLA RAZA","yes",NA,28.83,-112.99,NA,NA,NA,28.83,-112.99,"Baja_California_Sur_North",NA
"JALISCO","PRESA EL OCOTE",NA,"freshwater",20.67,-103.3,NA,NA,NA,20.67,-103.3,"Nayarit/Jalisco","Jalisco"
"SONORA","SAN LUIS POTOSI",NA,NA,NA,NA,NA,NA,NA,NA,NA,NA,NA
"JALISCO","PLAYITA DE ENMEDIO","no","marine",19.37,-104.5,NA,NA,NA,19.37,-104.5,NA,"Nayarit–Jalisco coast"
"JALISCO","RIO AMECA Y ARROYO DE LOS REYES",NA,"marine",20.61,-105.23,NA,NA,NA,20.61,-105.23,"Nayarit/Jalisco","Jalisco"
"JALISCO","RIO MARABASCO","no","marine",19.21,-104.68,NA,NA,NA,19.21,-104.68,NA,"Colima/Jalisco boundary"
"BAJA CALIFORNIA SUR","SAN RAFAEL","no",NA,28.52,-113.01,"alert 4: the lat-long values in Hem's key do not match the lat-long values in Mel's key by more than 2 degrees",23.5181662962963,-110.035440740741,28.52,-113.01,"Baja_California_Sur_North",NA
"BAJA CALIFORNIA SUR","CHUPALODO (CAMPO PESQUERO)","no",NA,25.1,-112.05,NA,NA,NA,25.1,-112.05,"Baja_California_Sur_South",NA
"JALISCO","EMBARCADERO PRESA LA YESCA",NA,"freshwater",21.12,-104.07,NA,NA,NA,21.12,-104.07,"Nayarit/Jalisco","Nayarit/Jalisco border dam"
"BAJA CALIFORNIA SUR","GUERRERO NEGRO","no",NA,27.9676129518519,-114.05422237037,"high confidence",27.9676129518519,-114.05422237037,27.98,-114.044,"Baja_California_Sur_North",NA
"NAYARIT","VALLE DE LA URRACA, EL",NA,NA,NA,NA,NA,NA,NA,NA,NA,NA,NA
"NAYARIT","CANTON, EL",NA,NA,NA,NA,NA,NA,NA,NA,NA,NA,NA
"BAJA CALIFORNIA SUR","PUNTA VERDE I (PACIFICO)","no",NA,26.7,-113.3,NA,NA,NA,26.7,-113.3,"Baja_California_Sur_North",NA
"BAJA CALIFORNIA SUR","PUNTA PEQUENA","no",NA,26.2283,-112.4912,NA,NA,NA,26.2283,-112.4912,"Baja_California_Sur_South",NA
"NAYARIT","ARROYO LA BARRANCA",NA,NA,NA,NA,NA,NA,NA,NA,NA,NA,NA
"BAJA CALIFORNIA SUR","MORRO SANTO DOMINGO","no",NA,28.2551,-114.124,NA,NA,NA,28.2551,-114.124,"Baja_California_Sur_North",NA
"BAJA CALIFORNIA SUR","ISLA LA ASUNCION","no",NA,27.1035,-114.29,NA,NA,NA,27.1035,-114.29,"Baja_California_Sur_North",NA
"SINALOA","DIQUE NO.3",NA,NA,NA,NA,NA,NA,NA,NA,NA,NA,NA
"BAJA CALIFORNIA SUR","PUNTA CONO (VARADERO)","no",NA,27.45,-114.6,NA,NA,NA,27.45,-114.6,"Baja_California_Sur_North",NA
"BAJA CALIFORNIA","VARDERO LOS HOJITOS","no",NA,28.296,-114.09,NA,NA,NA,28.296,-114.09,"Baja_California_South",NA
"BAJA CALIFORNIA SUR","AGUAS LITORALES (SAN SAN CARLOS)","no",NA,24.7902,-112.1012,NA,NA,NA,24.7902,-112.1012,"Baja_California_Sur_South",NA
"BAJA CALIFORNIA SUR","AGUAS LITORALES (BAHIA ASUNSION)","no",NA,27.13,-114.29,NA,NA,NA,27.13,-114.29,"Baja_California_Sur_North",NA
"SINALOA","SALSIPUEDES",NA,NA,NA,NA,NA,NA,NA,NA,NA,NA,NA
"SINALOA","LAS IGUANAS",NA,NA,23.5041420833333,-106.177047222222,"high confidence",23.5041420833333,-106.177047222222,NA,NA,NA,NA
"BAJA CALIFORNIA","PUNTA EL TOMATAL","no",NA,28.494,-114.06,NA,NA,NA,28.494,-114.06,"Baja_California_South",NA
"BAJA CALIFORNIA SUR","LOS MUERTITOS","no",NA,27.8766,-115.178,NA,NA,NA,27.8766,-115.178,"Baja_California_Sur_North",NA
"NAYARIT","LAGUNA DE MASTRANZO",NA,NA,NA,NA,NA,NA,NA,NA,NA,NA,NA
"BAJA CALIFORNIA SUR","EL UNO","no",NA,26.9,-113.2,NA,NA,NA,26.9,-113.2,"Baja_California_Sur_North",NA
"BAJA CALIFORNIA SUR","PIEDRA BOLAS","yes",NA,23.244,-109.438,NA,NA,NA,23.244,-109.438,"Baja_California_Sur_South",NA
"BAJA CALIFORNIA","EL QUEMADO","yes",NA,28.929,-113.412,"alert 4: the lat-long values in Hem's key do not match the lat-long values in Mel's key by more than 2 degrees",31.52526,-116.603,28.929,-113.412,"Baja_California_South",NA
"BAJA CALIFORNIA","PUNTA CHINA","no",NA,31.5105,-116.6455,"high confidence",31.5105,-116.6455,31.5105,-116.6455,"Baja_California_North",NA
"BAJA CALIFORNIA SUR","PUNTA CABEZA MECHUDA","yes",NA,24.809,-110.657,NA,NA,NA,24.809,-110.657,"Baja_California_Sur_South",NA
"NAYARIT","SENTISPAC",NA,NA,NA,NA,NA,NA,NA,NA,NA,NA,NA
"SINALOA","RIO SAN LORENZO",NA,NA,NA,NA,NA,NA,NA,NA,NA,NA,NA
"SONORA","SAN FELIPE","yes",NA,31.025,-114.845,NA,NA,NA,31.025,-114.845,"Sonora_Mid",NA
"BAJA CALIFORNIA SUR","PUNTA EL PATO","no",NA,27.7855,-114.5891,NA,NA,NA,27.7855,-114.5891,"Baja_California_Sur_North",NA
"SONORA","LA PINTA","yes",NA,31.2589981944444,-113.215475138889,"high confidence",31.2589981944444,-113.215475138889,31.254,-113.21,"Sonora_Mid",NA
"BAJA CALIFORNIA","ISLA SANTA ISABEL O EL HUERFANITO","yes",NA,29.603,-114.476,NA,NA,NA,29.603,-114.476,"Baja_California_South",NA
"JALISCO","BORDO EL CASTILLO",NA,"freshwater",20.63,-103.18,NA,NA,NA,20.63,-103.18,"Nayarit/Jalisco","Jalisco"
"NAYARIT","EMBARCADERO LA CORTINA HOSTOTIPAQUILLO",NA,NA,NA,NA,NA,NA,NA,NA,NA,NA,NA
"NAYARIT","LAGUNAS LAS GARZAS",NA,NA,NA,NA,NA,NA,NA,NA,NA,NA,NA
"BAJA CALIFORNIA SUR","BAHIA SAN RAFAEL","no",NA,28.48657,-113.0283,"high confidence",28.48657,-113.0283,28.5235,-113.0066,"Baja_California_Sur_North",NA
"BAJA CALIFORNIA SUR","LAGUNA MANUELA","no",NA,27.7,-114.35,NA,NA,NA,27.7,-114.35,"Baja_California_Sur_North",NA
"NAYARIT","EL ATRACADERO",NA,NA,NA,NA,NA,NA,NA,NA,NA,NA,NA
"BAJA CALIFORNIA SUR","ENSENADA","yes",NA,25.7252,-111.2205,NA,NA,NA,25.7252,-111.2205,"Baja_California_Sur_South",NA
"JALISCO","PUENTE SAN PEDRO ANALCO",NA,"marine",20.55,-105.24,NA,NA,NA,20.55,-105.24,"Nayarit/Jalisco","Jalisco"
"SINALOA","EL TASAJAL",NA,NA,NA,NA,NA,NA,NA,NA,NA,NA,NA
"SONORA","TENENCIA TEPUXTEPEC",NA,NA,NA,NA,NA,NA,NA,NA,NA,NA,NA
"BAJA CALIFORNIA SUR","PUNTA CONO","no",NA,27.45,-114.6,NA,NA,NA,27.45,-114.6,"Baja_California_Sur_North",NA
"SINALOA","LAS MULAS",NA,NA,NA,NA,NA,NA,NA,NA,NA,NA,NA
"BAJA CALIFORNIA SUR","PUNTA VERDE II (GOLFO DE CALIFORNIA)","yes",NA,26.67,-111.81,NA,NA,NA,26.67,-111.81,"Baja_California_Sur_North",NA
"BAJA CALIFORNIA SUR","ISLA SAN ILDEFONSO","yes",NA,26.6322222,-111.43,"high confidence",26.6322222,-111.43,26.623,-111.408,"Baja_California_Sur_North",NA
"JALISCO","BAHIA DE PERULA","no","marine",19.38,-105.05,NA,NA,NA,19.38,-105.05,NA,"Jalisco"
"SONORA","RIB. ALTA 2DA SEC.",NA,NA,NA,NA,NA,NA,NA,NA,NA,NA,NA
"BAJA CALIFORNIA SUR","EL CAJETE","yes",NA,24.2495411111111,-110.606576666667,"high confidence",24.2495411111111,-110.606576666667,24.2512,-110.5951,"Baja_California_Sur_South",NA
"SINALOA","EL CAREY",NA,NA,NA,NA,NA,NA,NA,NA,NA,NA,NA
"JALISCO","RIO LAS JUNTAS",NA,"marine",20.65,-105.23,NA,NA,NA,20.65,-105.23,"Nayarit/Jalisco","Jalisco"
"JALISCO","LAGUNA EL DELFIN","no","marine",19.4,-105.08,NA,NA,NA,19.4,-105.08,NA,"Jalisco"
"BAJA CALIFORNIA SUR","VILLA DE JESUS MARIA","no",NA,28.28,-114,NA,NA,NA,28.28,-114,"Baja_California_Sur_North",NA
"BAJA CALIFORNIA SUR","EL CAMPITO (EN BAHIA TORTUGAS)","no",NA,27.7,-114.9,NA,NA,NA,27.7,-114.9,"Baja_California_Sur_North",NA
"BAJA CALIFORNIA","PUNTA MORRO","no",NA,31.8576,-116.6678,NA,NA,NA,31.8576,-116.6678,"Baja_California_North",NA
"SINALOA","PRESA PICACHOS",NA,NA,NA,NA,NA,NA,NA,NA,NA,NA,NA
"JALISCO","ATOYAC",NA,"freshwater",20.55,-103.25,NA,NA,NA,20.55,-103.25,"Nayarit/Jalisco","Jalisco"
"BAJA CALIFORNIA SUR","ESTERO LAGUNA MANUELA B.C.N.","no",NA,28.1308,-114.068,NA,NA,NA,28.1308,-114.068,"Baja_California_Sur_North",NA
"JALISCO","ESTANQUE DE LA MORA",NA,"freshwater",20.54,-103.26,NA,NA,NA,20.54,-103.26,"Nayarit/Jalisco","Jalisco"
"NAYARIT","MARGEN DE LA PRESA",NA,NA,NA,NA,NA,NA,NA,NA,NA,NA,NA
"BAJA CALIFORNIA","GUERRERO NEGRO","no",NA,27.98,-114.044,NA,NA,NA,27.98,-114.044,"Baja_California_South",NA
"JALISCO","ESTERO BOCANEGRA","no","marine",19.33,-105.01,NA,NA,NA,19.33,-105.01,NA,"Jalisco"
"BAJA CALIFORNIA SUR","LAS OCHO BOMBAS","no",NA,25.1,-112.05,NA,NA,NA,25.1,-112.05,"Baja_California_Sur_South",NA
"SINALOA","PLAN DE GUADALUPE",NA,NA,25.69192,-109.147,"high confidence",25.69192,-109.147,NA,NA,NA,NA
"BAJA CALIFORNIA SUR","MORRO LOS FRAILES","yes",NA,23.32,-109.424,NA,NA,NA,23.32,-109.424,"Baja_California_Sur_South",NA
"NAYARIT","EMBARCADERO LA PRESA",NA,NA,NA,NA,NA,NA,NA,NA,NA,NA,NA
"BAJA CALIFORNIA","BAHIA BLANCA","no",NA,29.102,-114.699,"high confidence",29.102,-114.699,29.102,-114.699,"Baja_California_South",NA
"JALISCO","LOS PRADITOS",NA,"marine",NA,NA,NA,NA,NA,NA,NA,NA,"Veracruz"
"SINALOA","PUENTE DE AGUA VERDE",NA,NA,NA,NA,NA,NA,NA,NA,NA,NA,NA
"JALISCO","EMBARCADERO LA CORTINA HOSTOTIPAQUILLO",NA,"freshwater",21.03,-104.86,NA,NA,NA,21.03,-104.86,"Nayarit/Jalisco","Nayarit/Jalisco border"
"SINALOA","LAS TRES TUMBAS",NA,NA,NA,NA,NA,NA,NA,NA,NA,NA,NA
"JALISCO","BORDO EL CANAL",NA,"freshwater",20.62,-103.2,NA,NA,NA,20.62,-103.2,"Nayarit/Jalisco","Jalisco"
"SINALOA","GUAYMAS",NA,NA,NA,NA,NA,NA,NA,NA,NA,NA,NA
"SINALOA","PUNTA PRESITA",NA,NA,NA,NA,NA,NA,NA,NA,NA,NA,NA
"NAYARIT","CUMBRES DE HUICICILA",NA,NA,21.3181738888889,-105.012352222222,"high confidence",21.3181738888889,-105.012352222222,NA,NA,NA,NA
"BAJA CALIFORNIA SUR","LA CALAVERA","yes",NA,24.17,-110.32,NA,NA,NA,24.17,-110.32,"Baja_California_Sur_South",NA
"BAJA CALIFORNIA SUR","PLAYA SALINAS","yes",NA,23.073,-109.628,NA,NA,NA,23.073,-109.628,"Baja_California_Sur_South",NA
"JALISCO","PRESA LA CALERA",NA,"freshwater",20.72,-103.16,NA,NA,NA,20.72,-103.16,"Nayarit/Jalisco","Jalisco"
"BAJA CALIFORNIA","ROCA COMSAG",NA,NA,NA,NA,NA,NA,NA,NA,NA,NA,NA
"SINALOA","ESTERO CAPOA",NA,NA,NA,NA,NA,NA,NA,NA,NA,NA,NA
"SINALOA","LA VIA Y RAMON",NA,NA,NA,NA,NA,NA,NA,NA,NA,NA,NA
"SINALOA","LA BOCANA",NA,NA,25.9834058333333,-109.259425555556,"high confidence",25.9834058333333,-109.259425555556,NA,NA,NA,NA
"SINALOA","PUNTILLA DE HUIZACHE",NA,NA,NA,NA,NA,NA,NA,NA,NA,NA,NA
"JALISCO","PUENTE DE ARCOS",NA,"freshwater",NA,NA,NA,NA,NA,NA,NA,NA,"Sinaloa"
"SINALOA","LOS HORCONES (PRESA)",NA,NA,NA,NA,NA,NA,NA,NA,NA,NA,NA
"NAYARIT","LA ESCOLLERA",NA,NA,NA,NA,NA,NA,NA,NA,NA,NA,NA
"SONORA","BAHIA LOS MUERTOS","yes",NA,23.9489,-109.8092,NA,NA,NA,23.9489,-109.8092,"Sonora_South",NA
"BAJA CALIFORNIA SUR","LOMA AMARILLA","no",NA,25.6695,-112.137,NA,NA,NA,25.6695,-112.137,"Baja_California_Sur_South",NA
"BAJA CALIFORNIA","LA CARDONOSA","yes",NA,29.1189,-113.5831,"alert 3: multiple lat-long values in Hem's key that are more than 2 degrees apart",29.1189,-113.5831,29.1189,-113.5831,"Baja_California_South",NA
"JALISCO","CORTINA DE LA PRESA",NA,"freshwater",NA,NA,NA,NA,NA,NA,NA,NA,"Nayarit (El Cajón zone)"
"BAJA CALIFORNIA","BAHIA TORTUGAS","no",NA,27.69,-114.893,NA,NA,NA,27.69,-114.893,"Baja_California_South",NA
"BAJA CALIFORNIA SUR","ROSALILLITA","yes",NA,26.5668,-111.7905,NA,NA,NA,26.5668,-111.7905,"Baja_California_Sur_North",NA
"SONORA","BAHIA DE LOS ANGELES","yes",NA,28.956,-113.557,NA,NA,NA,28.956,-113.557,"Sonora_Mid",NA
"SONORA","ESTERO SAN JORGE","yes",NA,25.7077,-112.0804,NA,NA,NA,25.7077,-112.0804,"Sonora_South",NA
"BAJA CALIFORNIA SUR","AGUA BLANCA","no",NA,23.5507,-110.3169,NA,NA,NA,23.5507,-110.3169,"Baja_California_Sur_South",NA
"SINALOA","ESTERO DE CAPOA",NA,NA,NA,NA,NA,NA,NA,NA,NA,NA,NA
"BAJA CALIFORNIA","ZONA ESTEROS",NA,NA,NA,NA,NA,NA,NA,NA,NA,NA,NA
"JALISCO","RIO CRUCERO EL NARANJO",NA,"freshwater",20.56,-103.24,NA,NA,NA,20.56,-103.24,"Nayarit/Jalisco","Jalisco"
"SONORA","MAZATLAN",NA,NA,NA,NA,NA,NA,NA,NA,NA,NA,NA
"SINALOA","LAGUNA DE LOS ACHOTES",NA,NA,NA,NA,NA,NA,NA,NA,NA,NA,NA
"JALISCO","PRESA ADOLFO RUIZ CORTINEZ",NA,"freshwater",NA,NA,NA,NA,NA,NA,NA,NA,"Sinaloa"
"JALISCO","NI√ëOS HEROES",NA,"marine",NA,NA,NA,NA,NA,NA,NA,NA,"Oaxaca/Veracruz region"
"BAJA CALIFORNIA SUR","BOCA SANTO DOMINGO","no",NA,25.4993,-112.0988,NA,NA,NA,25.4993,-112.0988,"Baja_California_Sur_South",NA
"BAJA CALIFORNIA SUR","PUNTA LOBOS (EN LORETO)","yes",NA,26.005,-111.337,NA,NA,NA,26.005,-111.337,"Baja_California_Sur_South",NA
"BAJA CALIFORNIA SUR","ENSENADA EL PULGUERO","yes",NA,24.3494,-110.2498,NA,NA,NA,24.3494,-110.2498,"Baja_California_Sur_South",NA
"NAYARIT","CON. EL VADO",NA,NA,NA,NA,NA,NA,NA,NA,NA,NA,NA
"NAYARIT","CARRETONES DE CERRITOS",NA,NA,NA,NA,NA,NA,NA,NA,NA,NA,NA
"NAYARIT","EMBARCADERO DE LOS POCITOS",NA,NA,NA,NA,NA,NA,NA,NA,NA,NA,NA
"BAJA CALIFORNIA","ISLA SALSIPUEDES","yes",NA,28.7362,-112.98,NA,NA,NA,28.7362,-112.98,"Baja_California_South",NA
"BAJA CALIFORNIA","PUNTA MARIA","no",NA,28.9210293,-114.53065875,"high confidence",28.9210293,-114.53065875,28.921,-114.53,"Baja_California_South",NA
"JALISCO","CORONGOROS",NA,"freshwater",NA,NA,NA,NA,NA,NA,NA,NA,"Sinaloa"
"NAYARIT","PROGRESO",NA,NA,NA,NA,NA,NA,NA,NA,NA,NA,NA
"JALISCO","BORDO SANTA TERESA",NA,"freshwater",20.69,-103.2,NA,NA,NA,20.69,-103.2,"Nayarit/Jalisco","Jalisco"
"BAJA CALIFORNIA SUR","PUNTA ELEFANTE","no",NA,27.8644,-115.0686,NA,NA,NA,27.8644,-115.0686,"Baja_California_Sur_North",NA
"BAJA CALIFORNIA SUR","ISLA DE CEDROS","no",NA,28.19,-115.23,NA,NA,NA,28.19,-115.23,"Baja_California_Sur_North",NA
"JALISCO","DEGOLLADO",NA,"freshwater",20.4475,-102.135,"high confidence",20.4475,-102.135,20.47,-102.85,"Nayarit/Jalisco","Jalisco"
"JALISCO","RIO LOMAS DE AIRE",NA,"freshwater",20.7,-103.15,NA,NA,NA,20.7,-103.15,"Nayarit/Jalisco","Jalisco"
"JALISCO","BORDO EL REPARO",NA,"freshwater",20.69,-103.18,NA,NA,NA,20.69,-103.18,"Nayarit/Jalisco","Jalisco"
"NAYARIT","GRANJA DEL CHUMBE√ëO",NA,NA,NA,NA,NA,NA,NA,NA,NA,NA,NA
"SINALOA","CANAL DE RIEGO DEL VALLE DEL CARRIZAL",NA,NA,NA,NA,NA,NA,NA,NA,NA,NA,NA
"SINALOA","EL QUESO",NA,NA,25.45564,-107.962,"high confidence",25.45564,-107.962,NA,NA,NA,NA
"JALISCO","LA BARCA","no","freshwater",20.2801388888889,-102.535972222222,"high confidence",20.2801388888889,-102.535972222222,20.29,-102.56,NA,"Jalisco"
"JALISCO","CHANTEPEC",NA,"freshwater",20.49,-103.15,NA,NA,NA,20.49,-103.15,"Nayarit/Jalisco","Jalisco"
"BAJA CALIFORNIA SUR","ESTERO SAN CARLOS","no",NA,24.7907,-112.0809,NA,NA,NA,24.7907,-112.0809,"Baja_California_Sur_South",NA
"BAJA CALIFORNIA","BAHIA ASUNCION","no",NA,27.129,-114.292,NA,NA,NA,27.129,-114.292,"Baja_California_South",NA
"BAJA CALIFORNIA SUR","GUAYMAS","yes",NA,27.92,-110.9,NA,NA,NA,27.92,-110.9,"Baja_California_Sur_North",NA
"NAYARIT","SANTA CRUZ",NA,NA,22.2555356746032,-104.843184484127,"alert 2: multiple lat-long values in Hem's key that are more than 1 degree apart",22.2555356746032,-104.843184484127,NA,NA,NA,NA
"BAJA CALIFORNIA SUR","PRESA ALBERTO ANDRES ALVARADO ARAMBURO (PRESA LA HIGUERILLA)",NA,NA,NA,NA,NA,NA,NA,NA,NA,NA,NA
"NAYARIT","PRESA MELON ZAPOTE (SAN JUAN BAUTISTA)",NA,NA,NA,NA,NA,NA,NA,NA,NA,NA,NA
"BAJA CALIFORNIA","VARADERO ALTAMIRA","no",NA,28.326,-114.079,"high confidence",28.326,-114.079,28.326,-114.079,"Baja_California_South",NA
"SINALOA","RIO BALUARTE",NA,NA,NA,NA,NA,NA,NA,NA,NA,NA,NA
"BAJA CALIFORNIA","PUNTA SAN TELMO","no",NA,30.9344,-116.2422,NA,NA,NA,30.9344,-116.2422,"Baja_California_South",NA
"NAYARIT","EMBARCADERO LOS NEGROS",NA,NA,NA,NA,NA,NA,NA,NA,NA,NA,NA
"SINALOA","PUERTO PE√ëASCO",NA,NA,NA,NA,NA,NA,NA,NA,NA,NA,NA
"BAJA CALIFORNIA","LA TOBA (CAMPO)","yes",NA,30.43,-114.6338,NA,NA,NA,30.43,-114.6338,"Baja_California_South",NA
"BAJA CALIFORNIA SUR","BAJO DEL TETIS","no",NA,24.8,-112.5,NA,NA,NA,24.8,-112.5,"Baja_California_Sur_South",NA
"SINALOA","MANZANILLO",NA,NA,NA,NA,NA,NA,NA,NA,NA,NA,NA
"SINALOA","YAVAROS",NA,NA,NA,NA,NA,NA,NA,NA,NA,NA,NA
"SONORA","PUERTO ANGEL",NA,NA,NA,NA,NA,NA,NA,NA,NA,NA,NA
"SONORA","PUNTA ABREOJOS",NA,NA,NA,NA,NA,NA,NA,NA,NA,NA,NA
"NAYARIT","LA NUEVA ""U""",NA,NA,NA,NA,NA,NA,NA,NA,NA,NA,NA
"NAYARIT","CA√ëADA EL PALILLO",NA,NA,NA,NA,NA,NA,NA,NA,NA,NA,NA
"BAJA CALIFORNIA SUR","PUERTO MEJIA","yes",NA,24.2919069444444,-110.193929166667,"high confidence",24.2919069444444,-110.193929166667,24.3039,-110.214,"Baja_California_Sur_South",NA
"BAJA CALIFORNIA","COLORADITO","no",NA,30.58009275,-114.6690833,"high confidence",30.58009275,-114.6690833,30.5795,-114.6692,"Baja_California_South",NA
"NAYARIT","ATASCOSA, LA",NA,NA,NA,NA,NA,NA,NA,NA,NA,NA,NA
"BAJA CALIFORNIA","ISLA ARENA",NA,NA,NA,NA,NA,NA,NA,NA,NA,NA,NA
"BAJA CALIFORNIA SUR","ISLA MONSERRAT","yes",NA,25.6799317,-111.0341183,"high confidence",25.6799317,-111.0341183,25.6808,-111.0492,"Baja_California_Sur_South",NA
"BAJA CALIFORNIA","ISLA RAZA","yes",NA,28.81550555,-112.9785,"high confidence",28.81550555,-112.9785,28.8074,-112.977,"Baja_California_South",NA
"BAJA CALIFORNIA SUR","EL RINCON","no",NA,27.674,-114.86,"alert 4: the lat-long values in Hem's key do not match the lat-long values in Mel's key by more than 2 degrees",25.8039200694444,-111.575244444444,27.674,-114.86,"Baja_California_Sur_North",NA
"BAJA CALIFORNIA SUR","PORVENIR","no",NA,27.41808,-113.258,"high confidence",27.41808,-113.258,26.5274,-112.9266,"Baja_California_Sur_North",NA
"BAJA CALIFORNIA SUR","LOS TRONCONES","no",NA,25.7209,-112.1024,NA,NA,NA,25.7209,-112.1024,"Baja_California_Sur_South",NA
"BAJA CALIFORNIA SUR","LAS BOTELLAS (CAMPO PESQUERO)","no",NA,25,-112,NA,NA,NA,25,-112,"Baja_California_Sur_South",NA
"SINALOA","LA CAMPANA (PRESA)",NA,NA,NA,NA,NA,NA,NA,NA,NA,NA,NA
"JALISCO","UNION DE TULA","no","freshwater",19.9552398722222,-104.266132822222,"high confidence",19.9552398722222,-104.266132822222,19.96,-104.27,NA,"Jalisco"
"JALISCO","PRESA LOS CIRUELOS",NA,"freshwater",20.61,-103.2,NA,NA,NA,20.61,-103.2,"Nayarit/Jalisco","Jalisco"
"JALISCO","ESTANCIA DE CUITZEO","no","freshwater",20.28,-102.59,NA,NA,NA,20.28,-102.59,NA,"Jalisco"
"JALISCO","PRESA LAS PINTAS",NA,"freshwater",20.58,-103.28,NA,NA,NA,20.58,-103.28,"Nayarit/Jalisco","Jalisco"
"NAYARIT","COLORADO DE LA MORA",NA,NA,NA,NA,NA,NA,NA,NA,NA,NA,NA
"JALISCO","PRESA DEL AHOGADO",NA,"freshwater",20.6,-103.28,NA,NA,NA,20.6,-103.28,"Nayarit/Jalisco","Jalisco"
"NAYARIT","POTRERO",NA,NA,22.66381,-105.352,"high confidence",22.66381,-105.352,NA,NA,NA,NA
"BAJA CALIFORNIA",NA,NA,NA,NA,NA,NA,NA,NA,NA,NA,NA,NA
"BAJA CALIFORNIA SUR",NA,NA,NA,NA,NA,NA,NA,NA,NA,NA,NA,NA
"JALISCO",NA,NA,NA,NA,NA,NA,NA,NA,NA,NA,NA,NA
"NAYARIT",NA,NA,NA,NA,NA,NA,NA,NA,NA,NA,NA,NA
"SINALOA",NA,NA,NA,NA,NA,NA,NA,NA,NA,NA,NA,NA
"SONORA",NA,NA,NA,NA,NA,NA,NA,NA,NA,NA,NA,NA
"SONORA","EL CASTILLO",NA,NA,NA,NA,NA,NA,NA,NA,NA,NA,NA
"BAJA CALIFORNIA SUR","EL SAUZAL","no",NA,31.9,-116.7,NA,NA,NA,31.9,-116.7,"Baja_California_Sur_North",NA
"BAJA CALIFORNIA","MANZANILLO",NA,NA,NA,NA,NA,NA,NA,NA,NA,NA,NA
"BAJA CALIFORNIA SUR","BAHIA SAN FRANCISQUITO","yes",NA,28.4,-112.9,NA,NA,NA,28.4,-112.9,"Baja_California_Sur_North",NA
"BAJA CALIFORNIA","BAJO SUR",NA,NA,NA,NA,NA,NA,NA,NA,NA,NA,NA
"BAJA CALIFORNIA SUR","LOS HORNITOS","no",NA,27.828,-114.9958,"alert 4: the lat-long values in Hem's key do not match the lat-long values in Mel's key by more than 2 degrees",26.87464,-111.852,27.828,-114.9958,"Baja_California_Sur_North",NA
"BAJA CALIFORNIA SUR","EL EQUIPALITO","yes",NA,26.8786,-111.9167,NA,NA,NA,26.8786,-111.9167,"Baja_California_Sur_North",NA
"BAJA CALIFORNIA SUR","PUNTA SAN LUCAS","yes",NA,27.3001,-112.2335,NA,NA,NA,27.3001,-112.2335,"Baja_California_Sur_North",NA
"BAJA CALIFORNIA SUR","EL TECOLOTE","yes",NA,24.33647,-110.315,"high confidence",24.33647,-110.315,24.3393,-110.3209,"Baja_California_Sur_South",NA
"BAJA CALIFORNIA SUR","RODRIGUEZ","yes",NA,24.1865,-110.4623,NA,NA,NA,24.1865,-110.4623,"Baja_California_Sur_South",NA
"BAJA CALIFORNIA","BAJO MACHO",NA,NA,NA,NA,NA,NA,NA,NA,NA,NA,NA
"JALISCO","PLAYA EL SALADO",NA,"marine",20.6624758,-105.2589154,"high confidence",20.6624758,-105.2589154,20.7,-105.24,"Nayarit/Jalisco","near Boca de Tomatlán / PV coast"
"NAYARIT","ESTERO ""EL POZO""",NA,NA,NA,NA,NA,NA,NA,NA,NA,NA,NA
"BAJA CALIFORNIA","AGUA CHALE","yes",NA,30.7218,-114.7053,NA,NA,NA,30.7218,-114.7053,"Baja_California_South",NA
"BAJA CALIFORNIA SUR","NOPOLO","yes",NA,25.9352688888889,-111.359309722222,"high confidence",25.9352688888889,-111.359309722222,24.997,-110.756,"Baja_California_Sur_South",NA
"BAJA CALIFORNIA SUR","SAN JACINTO","no",NA,25.511,-112.075,"alert 4: the lat-long values in Hem's key do not match the lat-long values in Mel's key by more than 2 degrees",23.2439411111111,-110.067386388889,25.511,-112.075,"Baja_California_Sur_South",NA
"BAJA CALIFORNIA","BAJO LA BRUJA",NA,NA,NA,NA,NA,NA,NA,NA,NA,NA,NA
"SONORA","EL SARGENTO","yes",NA,29.335205,-112.304,"high confidence",29.335205,-112.304,29.3439,-112.276,"Sonora_Mid",NA
"BAJA CALIFORNIA SUR","EL MANGLE","no",NA,22.9485038888889,-109.992032777778,"high confidence",22.9485038888889,-109.992032777778,24.251,-111.217,"Baja_California_Sur_South",NA
"BAJA CALIFORNIA SUR","LOS JUNCOS","no",NA,26.7928,-113.4994,"alert 4: the lat-long values in Hem's key do not match the lat-long values in Mel's key by more than 2 degrees",24.6712211111111,-111.374548055556,26.7928,-113.4994,"Baja_California_Sur_North",NA
"BAJA CALIFORNIA SUR","EL MIGRINO","no",NA,23.11849831,-110.0390151,"high confidence",23.11849831,-110.0390151,23.0367,-110.1036,"Baja_California_Sur_South",NA
"BAJA CALIFORNIA SUR","SAN RAFAEL, B.C.S.","no",NA,26.2,-112,NA,NA,NA,26.2,-112,"Baja_California_Sur_South",NA
"BAJA CALIFORNIA SUR","MINITAS (EN ISLA SAN JOSE)","yes",NA,25.2,-110.7,NA,NA,NA,25.2,-110.7,"Baja_California_Sur_South",NA
"BAJA CALIFORNIA SUR","CAMPITO EL TAVO","no",NA,27.804893,-114.780559,"high confidence",27.804893,-114.780559,27.8122,-114.7716,"Baja_California_Sur_North",NA
"BAJA CALIFORNIA","ANTON LIZARDO",NA,NA,NA,NA,NA,NA,NA,NA,NA,NA,NA
"BAJA CALIFORNIA","ARROYO (EN I. DE CEDROS)","no",NA,28.189,-115.216,NA,NA,NA,28.189,-115.216,"Baja_California_South",NA
"BAJA CALIFORNIA SUR","CARRIZALITO","yes",NA,25.59818,-111.182,"high confidence",25.59818,-111.182,25.089,-110.863,"Baja_California_Sur_South",NA
"BAJA CALIFORNIA","CAMPO LIMA (EN I. GUADALUPE)","no",NA,29.0556,-118.377,NA,NA,NA,29.0556,-118.377,"Baja_California_South",NA
"SONORA","CERRO PRIETO","yes",NA,28.2016,-111.341,"alert 4: the lat-long values in Hem's key do not match the lat-long values in Mel's key by more than 2 degrees",30.2040977777778,-112.11752787037,28.2016,-111.341,"Sonora_South",NA
"BAJA CALIFORNIA SUR","PUNTA LA GALLINITA","no",NA,24.5506,-111.7322,NA,NA,NA,24.5506,-111.7322,"Baja_California_Sur_South",NA
"BAJA CALIFORNIA SUR","PUNTA BOCA DE SAN BRUNO","yes",NA,27.1602777,-112.1586111,"high confidence",27.1602777,-112.1586111,25.2912,-110.9319,"Baja_California_Sur_South",NA
"BAJA CALIFORNIA SUR","ISLOTE EL ALAMBRE","no",NA,27.7466605,-114.2261902,"high confidence",27.7466605,-114.2261902,27.7455,-114.25,"Baja_California_Sur_North",NA
"BAJA CALIFORNIA SUR","EL MOGOTE","yes",NA,24.1665,-110.3455,NA,NA,NA,24.1665,-110.3455,"Baja_California_Sur_South",NA
"SONORA","LA VIUDA","yes",NA,27.187755,-110.0555,"high confidence",27.187755,-110.0555,27.1863,-110.301,"Sonora_South",NA
"BAJA CALIFORNIA","RASPORIA","no",NA,28.3666,-114.0629,"high confidence",28.3666,-114.0629,28.3666,-114.0629,"Baja_California_South",NA
"SINALOA","MARISMA DE TECUALILLA",NA,NA,NA,NA,NA,NA,NA,NA,NA,NA,NA
"BAJA CALIFORNIA SUR","LAS POCITAS (EN ESTERO SAN JORGE)","no",NA,25.2,-111.7,NA,NA,NA,25.2,-111.7,"Baja_California_Sur_South",NA
"NAYARIT","TORIL, EL",NA,NA,NA,NA,NA,NA,NA,NA,NA,NA,NA
"JALISCO","RIO BARRERA",NA,"freshwater",20.73,-103.21,NA,NA,NA,20.73,-103.21,"Nayarit/Jalisco","inland"
"JALISCO","PRESA VIEJA",NA,"freshwater",20.72,-103.17,NA,NA,NA,20.72,-103.17,"Nayarit/Jalisco","GDL south belt"
"JALISCO","ESTANQUE LOMA DEL AIRE",NA,"freshwater",20.71,-103.17,NA,NA,NA,20.71,-103.17,"Nayarit/Jalisco","inland"
"JALISCO","RIO EL TANQUE",NA,"freshwater",20.68,-103.28,NA,NA,NA,20.68,-103.28,"Nayarit/Jalisco","inland"
"JALISCO","PRESA ""CHARCO AZUL""",NA,NA,NA,NA,NA,NA,NA,NA,NA,NA,NA
"JALISCO","EL PRETIL",NA,"freshwater",20.82,-103.32,NA,NA,NA,20.82,-103.32,"Nayarit/Jalisco","Los Altos"
"SINALOA","RIO SINALOA",NA,NA,NA,NA,NA,NA,NA,NA,NA,NA,NA
"SINALOA","DIQUE SANTA ROSA",NA,NA,25.676,-107.688,"high confidence",25.676,-107.688,NA,NA,NA,NA
"SINALOA","ENSENADA",NA,NA,NA,NA,NA,NA,NA,NA,NA,NA,NA
"NAYARIT","MAZATLAN",NA,NA,NA,NA,NA,NA,NA,NA,NA,NA,NA
"BAJA CALIFORNIA","GUAYMAS","yes",NA,27.918,-110.905,NA,NA,NA,27.918,-110.905,"Baja_California_South",NA
"SONORA","LA PAZ","yes",NA,24.1422,-110.3108,NA,NA,NA,24.1422,-110.3108,"Sonora_South",NA
"SINALOA","SAN CARLOS",NA,NA,NA,NA,NA,NA,NA,NA,NA,NA,NA
"BAJA CALIFORNIA","ISLA ENCANTADA (CENTRO)","yes",NA,31.024,-114.837,NA,NA,NA,31.024,-114.837,"Baja_California_North",NA
"BAJA CALIFORNIA SUR","PUNTA PILITAS","yes",NA,24.3546,-110.2972,NA,NA,NA,24.3546,-110.2972,"Baja_California_Sur_South",NA
"BAJA CALIFORNIA SUR","BOCA LAS ANIMAS","no",NA,25.6803,-112.0938,NA,NA,NA,25.6803,-112.0938,"Baja_California_Sur_South",NA
"SINALOA","LAS LETRAS",NA,NA,NA,NA,NA,NA,NA,NA,NA,NA,NA
"BAJA CALIFORNIA","ZONA COLORADITO","no",NA,30.5795,-114.6692,NA,NA,NA,30.5795,-114.6692,"Baja_California_South",NA
"SONORA","CANAL DEL INFIERNILLO","yes",NA,29.101181,-112.167664,"high confidence",29.101181,-112.167664,29.1046,-112.2,"Sonora_Mid",NA
"BAJA CALIFORNIA SUR","PUNTA PAREDONES PRIETOS","yes",NA,24.3080589,-110.2177989,"high confidence",24.3080589,-110.2177989,24.3094,-110.2158,"Baja_California_Sur_South",NA
"BAJA CALIFORNIA","EL WIDO","no",NA,28.366,-114.066,"high confidence",28.366,-114.066,28.366,-114.066,"Baja_California_South",NA
"BAJA CALIFORNIA","ISLA MIRAMAR","yes",NA,30.0851,-114.5414,"high confidence",30.0851,-114.5414,30.0851,-114.5414,"Baja_California_South",NA
"BAJA CALIFORNIA SUR","AGUAS LITORALES (LORETO)","yes",NA,26.014,-111.295,NA,NA,NA,26.014,-111.295,"Baja_California_Sur_South",NA
"BAJA CALIFORNIA SUR","PUNTA MALARRIMO","no",NA,27.7833,-114.6688,NA,NA,NA,27.7833,-114.6688,"Baja_California_Sur_North",NA
"BAJA CALIFORNIA","LA PALMITA (VARADERO)",NA,NA,NA,NA,NA,NA,NA,NA,NA,NA,NA
"BAJA CALIFORNIA SUR","SAN CARLITOS","no",NA,26.1,-112,NA,NA,NA,26.1,-112,"Baja_California_Sur_South",NA
"BAJA CALIFORNIA","PUERTO LIBERTAD","yes",NA,29.909,-112.673,NA,NA,NA,29.909,-112.673,"Baja_California_South",NA
"BAJA CALIFORNIA SUR","PUNTA BOTELLA","yes",NA,26.238,-111.383,NA,NA,NA,26.238,-111.383,"Baja_California_Sur_South",NA
"BAJA CALIFORNIA SUR","ESTERO LAS BALSAS","no",NA,24.7872,-112.046,NA,NA,NA,24.7872,-112.046,"Baja_California_Sur_South",NA
"BAJA CALIFORNIA SUR","PUNTA CANDELEROS","yes",NA,27.4385,-112.3135,NA,NA,NA,27.4385,-112.3135,"Baja_California_Sur_North",NA
"SINALOA","VARIOS CAMPOS",NA,NA,NA,NA,NA,NA,NA,NA,NA,NA,NA
"SONORA","ISLA TIBURON","yes",NA,29.0004089,-112.3814624,"high confidence",29.0004089,-112.3814624,29.04,-112.356,"Sonora_Mid",NA
"SINALOA","CAPOMITOS",NA,NA,26.41521475,-108.51296235,"high confidence",26.41521475,-108.51296235,NA,NA,NA,NA
"NAYARIT","HIGUERA BLANCA",NA,NA,20.7985144444444,-105.466691944444,"high confidence",20.7985144444444,-105.466691944444,NA,NA,NA,NA
"BAJA CALIFORNIA SUR","BOCA LA SOLEDAD","no",NA,25.2792,-112.142,NA,NA,NA,25.2792,-112.142,"Baja_California_Sur_South",NA
"BAJA CALIFORNIA SUR","BAJO DEL PERDIDO","no",NA,28.039,-115.266,NA,NA,NA,28.039,-115.266,"Baja_California_Sur_North",NA
"BAJA CALIFORNIA","CAMPO PESQUERO JUAREZ","no",NA,29.035,-118.365,"high confidence",29.035,-118.365,29.035,-118.365,"Baja_California_South",NA
"BAJA CALIFORNIA SUR","PURTO ARGUDIN","no",NA,24.578448,-111.799567,"high confidence",24.578448,-111.799567,24.64,-111.844,"Baja_California_Sur_South",NA
"BAJA CALIFORNIA SUR","LOS MARROS","no",NA,27.6944,-114.8683,NA,NA,NA,27.6944,-114.8683,"Baja_California_Sur_North",NA
"SONORA","EL MEZQUITE","yes",NA,28.0691,-111.15,"high confidence",28.0691,-111.15,28.0691,-111.15,"Sonora_South",NA
"BAJA CALIFORNIA SUR","ESTERO EL CHISGUETE","no",NA,24.7767,-111.9684,NA,NA,NA,24.7767,-111.9684,"Baja_California_Sur_South",NA
"BAJA CALIFORNIA SUR","EL PARAISO","no",NA,24.9690280092593,-111.122252175926,"high confidence",24.9690280092593,-111.122252175926,25.521,-112.077,"Baja_California_Sur_South",NA
"SINALOA","LAS DIVISAS Y CARBANERAS",NA,NA,NA,NA,NA,NA,NA,NA,NA,NA,NA
"SONORA","SANCHEZ MAGALLANES",NA,NA,NA,NA,NA,NA,NA,NA,NA,NA,NA
"SONORA","PUERTO DE ABRIGO",NA,NA,NA,NA,NA,NA,NA,NA,NA,NA,NA
"SINALOA","SAN BLAS",NA,NA,NA,NA,NA,NA,NA,NA,NA,NA,NA
"SINALOA","SALINA CRUZ",NA,NA,NA,NA,NA,NA,NA,NA,NA,NA,NA
"SINALOA","PUERTO MADERO",NA,NA,NA,NA,NA,NA,NA,NA,NA,NA,NA
"BAJA CALIFORNIA","PUNTA NORTE (I. CEDROS)","no",NA,28.189,-115.216,NA,NA,NA,28.189,-115.216,"Baja_California_South",NA
"BAJA CALIFORNIA SUR","ISLOTE LOS GALLLEGOS","yes",NA,25.7328,-111.0679,NA,NA,NA,25.7328,-111.0679,"Baja_California_Sur_South",NA
"BAJA CALIFORNIA SUR","ESTERO ARROYO STO. DOMINGO","no",NA,25.3992,-112.0845,NA,NA,NA,25.3992,-112.0845,"Baja_California_Sur_South",NA
"BAJA CALIFORNIA SUR","PUNTA SANTA MARIA","yes",NA,27.4166,-112.323,NA,NA,NA,27.4166,-112.323,"Baja_California_Sur_North",NA
"BAJA CALIFORNIA SUR","ESTERO GRANDE","no",NA,24.4503,-111.5639,NA,NA,NA,24.4503,-111.5639,"Baja_California_Sur_South",NA
"BAJA CALIFORNIA SUR","PUNTA GRANDE","yes",NA,27.1596,-112.1551,NA,NA,NA,27.1596,-112.1551,"Baja_California_Sur_North",NA
"NAYARIT","ESTERO LA PALICIENTA",NA,NA,NA,NA,NA,NA,NA,NA,NA,NA,NA
"BAJA CALIFORNIA SUR","CAMPO ENMEDIO","no",NA,25.1,-112.05,NA,NA,NA,25.1,-112.05,"Baja_California_Sur_South",NA
"SINALOA","SAN PEDRO",NA,NA,25.3981235555556,-107.741145888889,"alert 1: multiple lat-long values in Hem's key that are more than 0.5 degree apart",25.3981235555556,-107.741145888889,NA,NA,NA,NA
"BAJA CALIFORNIA SUR","ISLA SANTA MARGARITA","no",NA,24.4336528,-111.8210866,"high confidence",24.4336528,-111.8210866,24.4623,-111.8571,"Baja_California_Sur_South",NA
"BAJA CALIFORNIA","MALECOM SEYBAPLAYA",NA,NA,NA,NA,NA,NA,NA,NA,NA,NA,NA
"SINALOA","LA VENTANA (CULT.)",NA,NA,NA,NA,NA,NA,NA,NA,NA,NA,NA
"BAJA CALIFORNIA SUR","LA VIRGENCITA","no",NA,27.7855,-115.0383,"alert 4: the lat-long values in Hem's key do not match the lat-long values in Mel's key by more than 2 degrees",24.8493845833333,-111.044600138889,27.7855,-115.0383,"Baja_California_Sur_North",NA
"SINALOA","ESTERO DE PONCE (CULT)",NA,NA,NA,NA,NA,NA,NA,NA,NA,NA,NA
"BAJA CALIFORNIA SUR","SAN MATEO","yes",NA,25.49975,-111.441,"high confidence",25.49975,-111.441,25.3707,-110.987,"Baja_California_Sur_South",NA
"BAJA CALIFORNIA SUR","LA LEONA","no",NA,27.7308,-115.0141,NA,NA,NA,27.7308,-115.0141,"Baja_California_Sur_North",NA
"BAJA CALIFORNIA SUR","ESTERO LOS ISLOTES","no",NA,24.7886,-112.0469,NA,NA,NA,24.7886,-112.0469,"Baja_California_Sur_South",NA
"BAJA CALIFORNIA SUR","ESTERO EL OTATE","no",NA,25.1662,-112.1394,NA,NA,NA,25.1662,-112.1394,"Baja_California_Sur_South",NA
"SINALOA","ZATAYA",NA,NA,24.628643,-107.657455,"high confidence",24.628643,-107.657455,NA,NA,NA,NA
"SINALOA","POZO MUCIO (CULT)",NA,NA,NA,NA,NA,NA,NA,NA,NA,NA,NA
"NAYARIT","ANTONIO R. LAURELES",NA,NA,22.2364327777778,-105.426147777778,"high confidence",22.2364327777778,-105.426147777778,NA,NA,NA,NA
"NAYARIT","EMBARCADERO LA PERLA",NA,NA,NA,NA,NA,NA,NA,NA,NA,NA,NA
"BAJA CALIFORNIA SUR","LA CURVA","no",NA,25.3382480555556,-111.179343333333,"high confidence",25.3382480555556,-111.179343333333,24.889,-112.1924,"Baja_California_Sur_South",NA
"SINALOA","SALVADOR ALVARADO",NA,NA,25.4606326,-108.0785167,"high confidence",25.4606326,-108.0785167,NA,NA,NA,NA
"BAJA CALIFORNIA","R/A. BITZAL 5TA. SECC.",NA,NA,NA,NA,NA,NA,NA,NA,NA,NA,NA
"SINALOA","CHIAPAS",NA,NA,NA,NA,NA,NA,NA,NA,NA,NA,NA
"SINALOA","BAHIA DE KINO",NA,NA,NA,NA,NA,NA,NA,NA,NA,NA,NA
"SINALOA","EL SABALO",NA,NA,NA,NA,NA,NA,NA,NA,NA,NA,NA
"BAJA CALIFORNIA","CELESTUN",NA,NA,NA,NA,NA,NA,NA,NA,NA,NA,NA
"SINALOA","NICOLAS NIPAROLI (CULT.)",NA,NA,NA,NA,NA,NA,NA,NA,NA,NA,NA
"BAJA CALIFORNIA SUR","CABO VIRGENES","yes",NA,27.552,-112.373,NA,NA,NA,27.552,-112.373,"Baja_California_Sur_North",NA
"BAJA CALIFORNIA SUR","AGUAS LITORALES (LA PAZ)","yes",NA,-24.14,-110.31,NA,NA,NA,-24.14,-110.31,"Baja_California_Sur_South",NA
"BAJA CALIFORNIA SUR","LOS AZABACHES","yes",NA,24.3398783333333,-110.304378055556,"high confidence",24.3398783333333,-110.304378055556,24.3447,-110.3045,"Baja_California_Sur_South",NA
"NAYARIT","IXTLACUAHUILT CHICOX",NA,NA,NA,NA,NA,NA,NA,NA,NA,NA,NA
"BAJA CALIFORNIA SUR","PUNTA GUADALUPE","yes",NA,26.8327,-111.8331,NA,NA,NA,26.8327,-111.8331,"Baja_California_Sur_North",NA
"BAJA CALIFORNIA SUR","PUNTA GALLITO (EN SANTA ROSALIA)","yes",NA,27.35,-112.25,NA,NA,NA,27.35,-112.25,"Baja_California_Sur_North",NA
"BAJA CALIFORNIA","PIEDRA AHOGADA","no",NA,29.3837,-115.009,NA,NA,NA,29.3837,-115.009,"Baja_California_South",NA
"BAJA CALIFORNIA","BAHIA DE PUERTO ANGEL","yes",NA,29.03,-113.551,NA,NA,NA,29.03,-113.551,"Baja_California_South",NA
"BAJA CALIFORNIA SUR","EL COLORADITO","yes",NA,27.2294,-112.1012,NA,NA,NA,27.2294,-112.1012,"Baja_California_Sur_North",NA
"BAJA CALIFORNIA SUR","ISLA MORENA","yes",NA,25.2748,-110.9324,NA,NA,NA,25.2748,-110.9324,"Baja_California_Sur_South",NA
"SINALOA","DISTRITO DE RIEGO #26",NA,NA,NA,NA,NA,NA,NA,NA,NA,NA,NA
"NAYARIT","PUERTA DE LA LIMA",NA,NA,21.0962094,-105.18252775,"high confidence",21.0962094,-105.18252775,NA,NA,NA,NA
"BAJA CALIFORNIA SUR","ESTERO UNA DE GATA","no",NA,24.7265,-112.092,NA,NA,NA,24.7265,-112.092,"Baja_California_Sur_South",NA
"BAJA CALIFORNIA SUR","ESTERO EL GATO","no",NA,25.674,-112.14,NA,NA,NA,25.674,-112.14,"Baja_California_Sur_South",NA
"SINALOA","EL ESTERON",NA,NA,24.7405486111111,-107.958461111111,"high confidence",24.7405486111111,-107.958461111111,NA,NA,NA,NA
"BAJA CALIFORNIA SUR","ISLOTE LA PIEDRA","no",NA,27.7056435,-114.1615504,"high confidence",27.7056435,-114.1615504,27.703,-114.1644,"Baja_California_Sur_North",NA
"NAYARIT","ESTERO LA GATA",NA,NA,NA,NA,NA,NA,NA,NA,NA,NA,NA
"BAJA CALIFORNIA SUR","ESTERO EL VENADO","no",NA,25.6828,-112.0956,NA,NA,NA,25.6828,-112.0956,"Baja_California_Sur_South",NA
"SINALOA","PUENTE QUILA",NA,NA,24.7991555,-107.385982,"high confidence",24.7991555,-107.385982,NA,NA,NA,NA
"SONORA","PUERTO PE—ASCO","yes",NA,31.31,-113.54,NA,NA,NA,31.31,-113.54,"Sonora_North",NA
"SINALOA","PUERTO PE—ASCO",NA,NA,NA,NA,NA,NA,NA,NA,NA,NA,NA
"SINALOA","PUERTO ANGEL",NA,NA,NA,NA,NA,NA,NA,NA,NA,NA,NA
"SONORA","PTO ADOLFO LOPEZ MATEOS",NA,NA,NA,NA,NA,NA,NA,NA,NA,NA,NA
"SINALOA","CHETUMAL",NA,NA,NA,NA,NA,NA,NA,NA,NA,NA,NA
"SINALOA","EL SAUZAL",NA,NA,NA,NA,NA,NA,NA,NA,NA,NA,NA
"NAYARIT","CA—ADA EL PALILLO",NA,NA,NA,NA,NA,NA,NA,NA,NA,NA,NA
"SONORA","PE—ASCO","yes",NA,31.31,-113.54,NA,NA,NA,31.31,-113.54,"Sonora_North",NA
"SONORA","LOS BA—OS","yes",NA,26.3755,-109.164,NA,NA,NA,26.3755,-109.164,"Sonora_South",NA
"JALISCO","PUNTA PE—ITAS",NA,NA,NA,NA,NA,NA,NA,NA,NA,NA,NA
"NAYARIT","PLAYA DE LA PE—ITA DE JALTEMBA",NA,NA,NA,NA,NA,NA,NA,NA,NA,NA,NA
"BAJA CALIFORNIA SUR","PIEDRAS GORDAS (EN ISLA CERRALVO)","yes",NA,24.2357,-109.8693,NA,NA,NA,24.2357,-109.8693,"Baja_California_Sur_South",NA
"BAJA CALIFORNIA SUR","PUNTA COLORADA (EN SANTA ROSALIA)","yes",NA,26.9255,-111.9687,NA,NA,NA,26.9255,-111.9687,"Baja_California_Sur_North",NA
"BAJA CALIFORNIA SUR","PUNTA ARENA ( EN LOS CABOS)","yes",NA,23.39,-109.41,NA,NA,NA,23.39,-109.41,"Baja_California_Sur_South",NA
"BAJA CALIFORNIA SUR","ISLA LA PARTIDA","yes",NA,24.5631,-110.3885,NA,NA,NA,24.5631,-110.3885,"Baja_California_Sur_South",NA
"BAJA CALIFORNIA SUR","PUNTA PIEDRA (EN ISLA SAN MARCOS)","yes",NA,27.17,-112.05,NA,NA,NA,27.17,-112.05,"Baja_California_Sur_North",NA
"BAJA CALIFORNIA SUR","PUNTA PRIETA II (EN SANTA ROSALIA)","yes",NA,27.3,-112.24,NA,NA,NA,27.3,-112.24,"Baja_California_Sur_North",NA
"BAJA CALIFORNIA SUR","SALINAS","yes",NA,24.0939,-109.8641,NA,NA,NA,24.0939,-109.8641,"Baja_California_Sur_South",NA
"BAJA CALIFORNIA SUR","PUNTA LA VIBORA","yes",NA,25.1847,-110.9118,NA,NA,NA,25.1847,-110.9118,"Baja_California_Sur_South",NA
"BAJA CALIFORNIA SUR","PLAYA LA SORPRESA","yes",NA,24.2113,-110.0851,NA,NA,NA,24.2113,-110.0851,"Baja_California_Sur_South",NA
"SONORA","LOS VALLECITOS","yes",NA,23.31,-109.42,"alert 4: the lat-long values in Hem's key do not match the lat-long values in Mel's key by more than 2 degrees",30.4476163888889,-109.338654166667,23.31,-109.42,"Sonora_South",NA
"SINALOA","LA ANEGADA",NA,NA,NA,NA,NA,NA,NA,NA,NA,NA,NA
"BAJA CALIFORNIA","EL CARACOL","no",NA,31.8592,-116.6246,NA,NA,NA,31.8592,-116.6246,"Baja_California_North",NA
"BAJA CALIFORNIA SUR","PUNTA FARO","no",NA,26.7572,-113.5237,NA,NA,NA,26.7572,-113.5237,"Baja_California_Sur_North",NA
"BAJA CALIFORNIA SUR","EL CEMENTERIO (EN SAN CARLOS)","no",NA,24.7661,-111.9669,NA,NA,NA,24.7661,-111.9669,"Baja_California_Sur_South",NA
"SINALOA","BARRA LA TONINA (CULT)",NA,NA,NA,NA,NA,NA,NA,NA,NA,NA,NA
"JALISCO","ESTERO EL ERMITA—O",NA,NA,NA,NA,NA,NA,NA,NA,NA,NA,NA
"SINALOA","LAS PIEDRITAS (CULT)",NA,NA,NA,NA,NA,NA,NA,NA,NA,NA,NA
"JALISCO","LAS MARISMAS",NA,"marine",22.95,-105.91,"alert 4: the lat-long values in Hem's key do not match the lat-long values in Mel's key by more than 2 degrees",19.68,-105.27,22.95,-105.91,"Nayarit/Jalisco","northern boundary toward Nayarit wetland system"
"NAYARIT","FLOREÒO, EL",NA,NA,NA,NA,NA,NA,NA,NA,NA,NA,NA
"JALISCO","SAN NICOLAS DE ACU—A",NA,NA,NA,NA,NA,NA,NA,NA,NA,NA,NA
"JALISCO","PRESA CAJON DE PE—AS",NA,NA,NA,NA,NA,NA,NA,NA,NA,NA,NA
"JALISCO","PRESA LA CA—ADA",NA,NA,NA,NA,NA,NA,NA,NA,NA,NA,NA
"SONORA","ENSENADA","yes",NA,31.8659,-116.6077,NA,NA,NA,31.8659,-116.6077,"Sonora_North",NA
"BAJA CALIFORNIA","PUERTO MADERO",NA,NA,NA,NA,NA,NA,NA,NA,NA,NA,NA
"SINALOA","PUERTO EXTRANJERO",NA,NA,NA,NA,NA,NA,NA,NA,NA,NA,NA
"SINALOA","ROSALILLITA",NA,NA,NA,NA,NA,NA,NA,NA,NA,NA,NA
"BAJA CALIFORNIA","SAN LUCAS",NA,NA,NA,NA,NA,NA,NA,NA,NA,NA,NA
"NAYARIT","CHACALILLA (ATRACADERO)",NA,NA,NA,NA,NA,NA,NA,NA,NA,NA,NA
"NAYARIT","TAPADA, LA",NA,NA,NA,NA,NA,NA,NA,NA,NA,NA,NA
"BAJA CALIFORNIA","PUNTA MEZQUITE","no",NA,32.143,-116.898,NA,NA,NA,32.143,-116.898,"Baja_California_North",NA
"SINALOA","CABILDO",NA,NA,NA,NA,NA,NA,NA,NA,NA,NA,NA
"NAYARIT","ESCUELA INGENIERIA PESQUERA",NA,NA,NA,NA,NA,NA,NA,NA,NA,NA,NA
"SONORA","LOS PINITOS","yes",NA,27.872,-110.898,NA,NA,NA,27.872,-110.898,"Sonora_South",NA
"BAJA CALIFORNIA SUR","ESTERO EL COYOTE","no",NA,26.8255,-113.4079,NA,NA,NA,26.8255,-113.4079,"Baja_California_Sur_North",NA
"BAJA CALIFORNIA SUR","Medano Barraquilla","no",NA,24.8,-112.1,NA,NA,NA,24.8,-112.1,"Baja_California_Sur_South",NA
"BAJA CALIFORNIA","ISLA SAN LORENZO","yes",NA,28.6336,-112.8289,NA,NA,NA,28.6336,-112.8289,"Baja_California_South",NA
"SINALOA","VALDEZ MONTOYA (PRESA)",NA,NA,NA,NA,NA,NA,NA,NA,NA,NA,NA
"BAJA CALIFORNIA","ISLA SAN BENITO","no",NA,28.306,-114.09,NA,NA,NA,28.306,-114.09,"Baja_California_South",NA
"BAJA CALIFORNIA SUR","ISLOTE ABAROA","no",NA,26.7386,-113.2088,NA,NA,NA,26.7386,-113.2088,"Baja_California_Sur_North",NA
"BAJA CALIFORNIA","BAJO SACRAMENTO O EL TIMON",NA,NA,NA,NA,NA,NA,NA,NA,NA,NA,NA
"BAJA CALIFORNIA","LA VIBORA (I. ANGEL DE LA GUARDA)","yes",NA,29.2898,-113.3649,NA,NA,NA,29.2898,-113.3649,"Baja_California_South",NA
"BAJA CALIFORNIA SUR","PUNTA SAN LORENZO","yes",NA,24.3558,-110.2848,NA,NA,NA,24.3558,-110.2848,"Baja_California_Sur_South",NA
"SINALOA","AGUSTINA RAMIREZ (PRESA EL PE∫ON)",NA,NA,NA,NA,NA,NA,NA,NA,NA,NA,NA
"BAJA CALIFORNIA SUR","NOTRI","yes",NA,25.869,-111.338,NA,NA,NA,25.869,-111.338,"Baja_California_Sur_South",NA
"SINALOA","SALIACA",NA,NA,NA,NA,NA,NA,NA,NA,NA,NA,NA
"BAJA CALIFORNIA SUR","LA LOCA","no",NA,27.7672,-115.0322,NA,NA,NA,27.7672,-115.0322,"Baja_California_Sur_North",NA
"BAJA CALIFORNIA SUR","PUNTA PULPITO","yes",NA,26.446,-111.47,NA,NA,NA,26.446,-111.47,"Baja_California_Sur_North",NA
"SINALOA","CUECHA",NA,NA,NA,NA,NA,NA,NA,NA,NA,NA,NA
"BAJA CALIFORNIA SUR","POZO DE FEDRICO","no",NA,25,-112,NA,NA,NA,25,-112,"Baja_California_Sur_South",NA
"JALISCO","BORDO EL AGUAJE",NA,"freshwater",20.61,-103.2,NA,NA,NA,20.61,-103.2,"Nayarit/Jalisco","inland"
"BAJA CALIFORNIA SUR","PUNTA BLANCA","yes",NA,25.089,-110.863,NA,NA,NA,25.089,-110.863,"Baja_California_Sur_South",NA
"BAJA CALIFORNIA SUR","ISLA SANTA CRUZ","yes",NA,25.283,-110.716,NA,NA,NA,25.283,-110.716,"Baja_California_Sur_South",NA
"SINALOA","PUERTO DE ABRIGO",NA,NA,NA,NA,NA,NA,NA,NA,NA,NA,NA
"SINALOA","ACUACULTURA DE CHAMETLA (CULT)",NA,NA,NA,NA,NA,NA,NA,NA,NA,NA,NA
"BAJA CALIFORNIA SUR","BAHIA SAN SEBASTIAN","no",NA,27.1371,-114.3531,NA,NA,NA,27.1371,-114.3531,"Baja_California_Sur_North",NA
"SINALOA","LOS PATOS",NA,NA,NA,NA,NA,NA,NA,NA,NA,NA,NA
"BAJA CALIFORNIA SUR","CAMPO RENE","no",NA,26.803,-113.4723,NA,NA,NA,26.803,-113.4723,"Baja_California_Sur_North",NA
