"Year","OHI_Region","Stock_genera","Annual_Catch_kg","Avg_Catch_Ref2018.2022","n_Years_Ref2018.2022","Carta_est.Status","CMSY_est.B","RAM_n_Assessments","Carta_StockStatus","CMSY_StockStatus","RAM_StockStatus","StockStatus_Pick","StockStatus_capped"
2023,"region_1","alopias",1760,NA,0,"maximally harvested",12436.03306,NA,NA,1.012260607,NA,1.012260607,1
2018,"region_2","alopias",3553,2067.25,4,"maximally harvested",15230.50438,NA,0.581832254432874,1.239723274,NA,1.239723274,1
2020,"region_2","alopias",2802.5,2067.25,4,"maximally harvested",13850.27686,NA,0.73764495985727,1.127376359,NA,1.127376359,1
2021,"region_2","alopias",1050,2067.25,4,"maximally harvested",13312.84749,NA,1,1.083631012,NA,1.083631012,1
2022,"region_2","alopias",863.5,2067.25,4,"maximally harvested",12899.67948,NA,1,1.050000215,NA,1.050000215,1
2023,"region_2","alopias",359,2067.25,4,"maximally harvested",12436.03306,NA,1,1.012260607,NA,1.012260607,1
2024,"region_2","alopias",14760,2067.25,4,"maximally harvested",11802.84722,NA,0.140057588075881,0.960720934,NA,0.960720934,0.960720934
2018,"region_3","alopias",71009,23979.1,5,"maximally harvested",15230.50438,NA,0.337690996915884,1.239723274,NA,1.239723274,1
2019,"region_3","alopias",28567.6,23979.1,5,"maximally harvested",14526.92676,NA,0.839380977050925,1.182453893,NA,1.182453893,1
2020,"region_3","alopias",4665.5,23979.1,5,"maximally harvested",13850.27686,NA,1,1.127376359,NA,1.127376359,1
2021,"region_3","alopias",11425.4,23979.1,5,"maximally harvested",13312.84749,NA,1,1.083631012,NA,1.083631012,1
2022,"region_3","alopias",4228,23979.1,5,"maximally harvested",12899.67948,NA,1,1.050000215,NA,1.050000215,1
2023,"region_3","alopias",2854,23979.1,5,"maximally harvested",12436.03306,NA,1,1.012260607,NA,1.012260607,1
2024,"region_3","alopias",4107.9,23979.1,5,"maximally harvested",11802.84722,NA,1,0.960720934,NA,0.960720934,0.960720934
2018,"region_4","alopias",3803,72685.04,5,"maximally harvested",15230.50438,NA,1,1.239723274,NA,1.239723274,1
2019,"region_4","alopias",33410,72685.04,5,"maximally harvested",14526.92676,NA,1,1.182453893,NA,1.182453893,1
2020,"region_4","alopias",63615.45,72685.04,5,"maximally harvested",13850.27686,NA,1,1.127376359,NA,1.127376359,1
2021,"region_4","alopias",258582.25,72685.04,5,"maximally harvested",13312.84749,NA,0.281090600766294,1.083631012,NA,1.083631012,1
2022,"region_4","alopias",4014.5,72685.04,5,"maximally harvested",12899.67948,NA,1,1.050000215,NA,1.050000215,1
2023,"region_4","alopias",76256,72685.04,5,"maximally harvested",12436.03306,NA,1,1.012260607,NA,1.012260607,1
2024,"region_4","alopias",900,72685.04,5,"maximally harvested",11802.84722,NA,1,0.960720934,NA,0.960720934,0.960720934
2019,"region_7","alopias",42125,68128.5,4,"maximally harvested",14526.92676,NA,1,1.182453893,NA,1.182453893,1
2020,"region_7","alopias",56625,68128.5,4,"maximally harvested",13850.27686,NA,1,1.127376359,NA,1.127376359,1
2021,"region_7","alopias",40625,68128.5,4,"maximally harvested",13312.84749,NA,1,1.083631012,NA,1.083631012,1
2022,"region_7","alopias",133139,68128.5,4,"maximally harvested",12899.67948,NA,0.511709566693456,1.050000215,NA,1.050000215,1
2023,"region_7","alopias",278008,68128.5,4,"maximally harvested",12436.03306,NA,0.2450594946908,1.012260607,NA,1.012260607,1
2024,"region_7","alopias",251375,68128.5,4,"maximally harvested",11802.84722,NA,0.271023371456987,0.960720934,NA,0.960720934,0.960720934
2018,"region_8","alopias",559732.7,699602.43,5,"maximally harvested",15230.50438,NA,1,1.239723274,NA,1.239723274,1
2019,"region_8","alopias",615847.85,699602.43,5,"maximally harvested",14526.92676,NA,1,1.182453893,NA,1.182453893,1
2020,"region_8","alopias",888356.55,699602.43,5,"maximally harvested",13850.27686,NA,0.787524367327511,1.127376359,NA,1.127376359,1
2021,"region_8","alopias",632650.5,699602.43,5,"maximally harvested",13312.84749,NA,1,1.083631012,NA,1.083631012,1
2022,"region_8","alopias",801424.55,699602.43,5,"maximally harvested",12899.67948,NA,0.872948588859675,1.050000215,NA,1.050000215,1
2023,"region_8","alopias",1329739,699602.43,5,"maximally harvested",12436.03306,NA,0.526120110788659,1.012260607,NA,1.012260607,1
2024,"region_8","alopias",608579.7,699602.43,5,"maximally harvested",11802.84722,NA,1,0.960720934,NA,0.960720934,0.960720934
2018,"region_9","alopias",571070.7,212022.02,5,"maximally harvested",15230.50438,NA,0.371271052778579,1.239723274,NA,1.239723274,1
2019,"region_9","alopias",194353.45,212022.02,5,"maximally harvested",14526.92676,NA,1,1.182453893,NA,1.182453893,1
2020,"region_9","alopias",173868.45,212022.02,5,"maximally harvested",13850.27686,NA,1,1.127376359,NA,1.127376359,1
2021,"region_9","alopias",61289.95,212022.02,5,"maximally harvested",13312.84749,NA,1,1.083631012,NA,1.083631012,1
2022,"region_9","alopias",59527.55,212022.02,5,"maximally harvested",12899.67948,NA,1,1.050000215,NA,1.050000215,1
2023,"region_9","alopias",39948,212022.02,5,"maximally harvested",12436.03306,NA,1,1.012260607,NA,1.012260607,1
2024,"region_9","alopias",34158.45,212022.02,5,"maximally harvested",11802.84722,NA,1,0.960720934,NA,0.960720934,0.960720934
2019,"region_9","ariopsis",3522.6,NA,NA,NA,8.946721201,NA,NA,0.741230706,NA,0.741230706,0.741230706
2020,"region_9","ariopsis",7800.4,NA,NA,NA,11.3854306,NA,NA,0.943276377,NA,0.943276377,0.943276377
2021,"region_9","ariopsis",10714.7,NA,NA,NA,12.35434979,NA,NA,1.023550775,NA,1.023550775,1
2022,"region_9","ariopsis",8059,NA,NA,NA,10.83284828,NA,NA,0.89749525,NA,0.89749525,0.89749525
2023,"region_9","ariopsis",43,NA,NA,NA,8.122498723,NA,NA,0.672944348,NA,0.672944348,0.672944348
2018,"region_1","brotula",13785,NA,NA,NA,4940.336165,NA,NA,0.635868193,NA,0.635868193,0.635868193
2019,"region_1","brotula",21860,NA,NA,NA,4829.811522,NA,NA,0.621642621,NA,0.621642621,0.621642621
2020,"region_1","brotula",10536.8,NA,NA,NA,4756.771713,NA,NA,0.612241704,NA,0.612241704,0.612241704
2021,"region_1","brotula",12017,NA,NA,NA,4718.426624,NA,NA,0.607306327,NA,0.607306327,0.607306327
2022,"region_1","brotula",4282.8,NA,NA,NA,4454.913523,NA,NA,0.573389688,NA,0.573389688,0.573389688
2023,"region_1","brotula",2668,NA,NA,NA,3938.065106,NA,NA,0.506866387,NA,0.506866387,0.506866387
2024,"region_1","brotula",13821,NA,NA,NA,3220.122794,NA,NA,0.414460391,NA,0.414460391,0.414460391
2022,"region_1_2_baja_tbd","brotula",48,NA,NA,NA,4454.913523,NA,NA,0.573389688,NA,0.573389688,0.573389688
2018,"region_2","brotula",5456.8,NA,NA,NA,4940.336165,NA,NA,0.635868193,NA,0.635868193,0.635868193
2019,"region_2","brotula",154,NA,NA,NA,4829.811522,NA,NA,0.621642621,NA,0.621642621,0.621642621
2020,"region_2","brotula",1264.4,NA,NA,NA,4756.771713,NA,NA,0.612241704,NA,0.612241704,0.612241704
2021,"region_2","brotula",11597.8,NA,NA,NA,4718.426624,NA,NA,0.607306327,NA,0.607306327,0.607306327
2022,"region_2","brotula",4259.4,NA,NA,NA,4454.913523,NA,NA,0.573389688,NA,0.573389688,0.573389688
2023,"region_2","brotula",11738,NA,NA,NA,3938.065106,NA,NA,0.506866387,NA,0.506866387,0.506866387
2024,"region_2","brotula",15983.1,NA,NA,NA,3220.122794,NA,NA,0.414460391,NA,0.414460391,0.414460391
2018,"region_3","brotula",2292.8,NA,NA,NA,4940.336165,NA,NA,0.635868193,NA,0.635868193,0.635868193
2019,"region_3","brotula",193.1,NA,NA,NA,4829.811522,NA,NA,0.621642621,NA,0.621642621,0.621642621
2020,"region_3","brotula",2363.9,NA,NA,NA,4756.771713,NA,NA,0.612241704,NA,0.612241704,0.612241704
2021,"region_3","brotula",3837.4,NA,NA,NA,4718.426624,NA,NA,0.607306327,NA,0.607306327,0.607306327
2022,"region_3","brotula",8319.3,NA,NA,NA,4454.913523,NA,NA,0.573389688,NA,0.573389688,0.573389688
2023,"region_3","brotula",27789,NA,NA,NA,3938.065106,NA,NA,0.506866387,NA,0.506866387,0.506866387
2024,"region_3","brotula",7973.2,NA,NA,NA,3220.122794,NA,NA,0.414460391,NA,0.414460391,0.414460391
2018,"region_4","brotula",3170.2,NA,NA,NA,4940.336165,NA,NA,0.635868193,NA,0.635868193,0.635868193
2019,"region_4","brotula",13125.9,NA,NA,NA,4829.811522,NA,NA,0.621642621,NA,0.621642621,0.621642621
2020,"region_4","brotula",19312.7,NA,NA,NA,4756.771713,NA,NA,0.612241704,NA,0.612241704,0.612241704
2021,"region_4","brotula",16040.8,NA,NA,NA,4718.426624,NA,NA,0.607306327,NA,0.607306327,0.607306327
2022,"region_4","brotula",7639.6,NA,NA,NA,4454.913523,NA,NA,0.573389688,NA,0.573389688,0.573389688
2023,"region_4","brotula",7775,NA,NA,NA,3938.065106,NA,NA,0.506866387,NA,0.506866387,0.506866387
2024,"region_4","brotula",9467.85,NA,NA,NA,3220.122794,NA,NA,0.414460391,NA,0.414460391,0.414460391
2018,"region_4_5_6_sonora_tbd","brotula",2350,NA,NA,NA,4940.336165,NA,NA,0.635868193,NA,0.635868193,0.635868193
2019,"region_4_5_6_sonora_tbd","brotula",1500,NA,NA,NA,4829.811522,NA,NA,0.621642621,NA,0.621642621,0.621642621
2022,"region_4_5_6_sonora_tbd","brotula",4090,NA,NA,NA,4454.913523,NA,NA,0.573389688,NA,0.573389688,0.573389688
2023,"region_4_5_6_sonora_tbd","brotula",26,NA,NA,NA,3938.065106,NA,NA,0.506866387,NA,0.506866387,0.506866387
2024,"region_4_5_6_sonora_tbd","brotula",220,NA,NA,NA,3220.122794,NA,NA,0.414460391,NA,0.414460391,0.414460391
2018,"region_5","brotula",127182.6,NA,NA,NA,4940.336165,NA,NA,0.635868193,NA,0.635868193,0.635868193
2019,"region_5","brotula",135875.8,NA,NA,NA,4829.811522,NA,NA,0.621642621,NA,0.621642621,0.621642621
2020,"region_5","brotula",68219.6,NA,NA,NA,4756.771713,NA,NA,0.612241704,NA,0.612241704,0.612241704
2021,"region_5","brotula",81144.5,NA,NA,NA,4718.426624,NA,NA,0.607306327,NA,0.607306327,0.607306327
2022,"region_5","brotula",189483.7,NA,NA,NA,4454.913523,NA,NA,0.573389688,NA,0.573389688,0.573389688
2023,"region_5","brotula",105040,NA,NA,NA,3938.065106,NA,NA,0.506866387,NA,0.506866387,0.506866387
2024,"region_5","brotula",164411,NA,NA,NA,3220.122794,NA,NA,0.414460391,NA,0.414460391,0.414460391
2018,"region_6","brotula",1200,NA,NA,NA,4940.336165,NA,NA,0.635868193,NA,0.635868193,0.635868193
2019,"region_6","brotula",34010,NA,NA,NA,4829.811522,NA,NA,0.621642621,NA,0.621642621,0.621642621
2020,"region_6","brotula",31570.3,NA,NA,NA,4756.771713,NA,NA,0.612241704,NA,0.612241704,0.612241704
2021,"region_6","brotula",24189.7,NA,NA,NA,4718.426624,NA,NA,0.607306327,NA,0.607306327,0.607306327
2022,"region_6","brotula",50460.8,NA,NA,NA,4454.913523,NA,NA,0.573389688,NA,0.573389688,0.573389688
2023,"region_6","brotula",23797,NA,NA,NA,3938.065106,NA,NA,0.506866387,NA,0.506866387,0.506866387
2024,"region_6","brotula",87190.5,NA,NA,NA,3220.122794,NA,NA,0.414460391,NA,0.414460391,0.414460391
2018,"region_7","brotula",37423.5,NA,NA,NA,4940.336165,NA,NA,0.635868193,NA,0.635868193,0.635868193
2019,"region_7","brotula",71582.9,NA,NA,NA,4829.811522,NA,NA,0.621642621,NA,0.621642621,0.621642621
2020,"region_7","brotula",126563.4,NA,NA,NA,4756.771713,NA,NA,0.612241704,NA,0.612241704,0.612241704
2021,"region_7","brotula",254527.2,NA,NA,NA,4718.426624,NA,NA,0.607306327,NA,0.607306327,0.607306327
2022,"region_7","brotula",402788.7,NA,NA,NA,4454.913523,NA,NA,0.573389688,NA,0.573389688,0.573389688
2023,"region_7","brotula",461476,NA,NA,NA,3938.065106,NA,NA,0.506866387,NA,0.506866387,0.506866387
2024,"region_7","brotula",288065.3,NA,NA,NA,3220.122794,NA,NA,0.414460391,NA,0.414460391,0.414460391
2018,"region_8","brotula",659591.5,NA,NA,NA,4940.336165,NA,NA,0.635868193,NA,0.635868193,0.635868193
2019,"region_8","brotula",504523.85,NA,NA,NA,4829.811522,NA,NA,0.621642621,NA,0.621642621,0.621642621
2020,"region_8","brotula",671648.4,NA,NA,NA,4756.771713,NA,NA,0.612241704,NA,0.612241704,0.612241704
2021,"region_8","brotula",1192786.8,NA,NA,NA,4718.426624,NA,NA,0.607306327,NA,0.607306327,0.607306327
2022,"region_8","brotula",892932.7,NA,NA,NA,4454.913523,NA,NA,0.573389688,NA,0.573389688,0.573389688
2023,"region_8","brotula",894438,NA,NA,NA,3938.065106,NA,NA,0.506866387,NA,0.506866387,0.506866387
2024,"region_8","brotula",641382.825,NA,NA,NA,3220.122794,NA,NA,0.414460391,NA,0.414460391,0.414460391
2018,"region_9","brotula",200,NA,NA,NA,4940.336165,NA,NA,0.635868193,NA,0.635868193,0.635868193
2020,"region_9","brotula",165,NA,NA,NA,4756.771713,NA,NA,0.612241704,NA,0.612241704,0.612241704
2021,"region_9","brotula",950,NA,NA,NA,4718.426624,NA,NA,0.607306327,NA,0.607306327,0.607306327
2022,"region_9","brotula",6300,NA,NA,NA,4454.913523,NA,NA,0.573389688,NA,0.573389688,0.573389688
2023,"region_9","brotula",900,NA,NA,NA,3938.065106,NA,NA,0.506866387,NA,0.506866387,0.506866387
2024,"region_1_2_baja_tbd","caranx",2177,NA,NA,NA,464.3932393,NA,NA,0.78971736,NA,0.78971736,0.78971736
2018,"region_2","caranx",145,NA,NA,NA,539.9393399,NA,NA,0.918186214,NA,0.918186214,0.918186214
2020,"region_2","caranx",256.1,NA,NA,NA,452.3077275,NA,NA,0.769165514,NA,0.769165514,0.769165514
2021,"region_2","caranx",53,NA,NA,NA,447.4272825,NA,NA,0.760866142,NA,0.760866142,0.760866142
2022,"region_2","caranx",20,NA,NA,NA,463.2949068,NA,NA,0.787849606,NA,0.787849606,0.787849606
2023,"region_2","caranx",4385,NA,NA,NA,483.3649505,NA,NA,0.821979435,NA,0.821979435,0.821979435
2024,"region_2","caranx",623.5,NA,NA,NA,464.3932393,NA,NA,0.78971736,NA,0.78971736,0.78971736
2019,"region_3","caranx",5796,NA,NA,NA,485.4760071,NA,NA,0.825569363,NA,0.825569363,0.825569363
2021,"region_3","caranx",5123,NA,NA,NA,447.4272825,NA,NA,0.760866142,NA,0.760866142,0.760866142
2023,"region_3","caranx",5556,NA,NA,NA,483.3649505,NA,NA,0.821979435,NA,0.821979435,0.821979435
2024,"region_3","caranx",35950,NA,NA,NA,464.3932393,NA,NA,0.78971736,NA,0.78971736,0.78971736
2018,"region_4","caranx",64951,NA,NA,NA,539.9393399,NA,NA,0.918186214,NA,0.918186214,0.918186214
2019,"region_4","caranx",40439,NA,NA,NA,485.4760071,NA,NA,0.825569363,NA,0.825569363,0.825569363
2020,"region_4","caranx",7594.1,NA,NA,NA,452.3077275,NA,NA,0.769165514,NA,0.769165514,0.769165514
2021,"region_4","caranx",13367.8,NA,NA,NA,447.4272825,NA,NA,0.760866142,NA,0.760866142,0.760866142
2022,"region_4","caranx",7458.2,NA,NA,NA,463.2949068,NA,NA,0.787849606,NA,0.787849606,0.787849606
2023,"region_4","caranx",12076,NA,NA,NA,483.3649505,NA,NA,0.821979435,NA,0.821979435,0.821979435
2024,"region_4","caranx",11696.1,NA,NA,NA,464.3932393,NA,NA,0.78971736,NA,0.78971736,0.78971736
2022,"region_4_5_6_sonora_tbd","caranx",600,NA,NA,NA,463.2949068,NA,NA,0.787849606,NA,0.787849606,0.787849606
2023,"region_4_5_6_sonora_tbd","caranx",11,NA,NA,NA,483.3649505,NA,NA,0.821979435,NA,0.821979435,0.821979435
2024,"region_5","caranx",705,NA,NA,NA,464.3932393,NA,NA,0.78971736,NA,0.78971736,0.78971736
2018,"region_6","caranx",385,NA,NA,NA,539.9393399,NA,NA,0.918186214,NA,0.918186214,0.918186214
2020,"region_6","caranx",232.1,NA,NA,NA,452.3077275,NA,NA,0.769165514,NA,0.769165514,0.769165514
2022,"region_6","caranx",391.3,NA,NA,NA,463.2949068,NA,NA,0.787849606,NA,0.787849606,0.787849606
2023,"region_6","caranx",1811,NA,NA,NA,483.3649505,NA,NA,0.821979435,NA,0.821979435,0.821979435
2024,"region_6","caranx",1635,NA,NA,NA,464.3932393,NA,NA,0.78971736,NA,0.78971736,0.78971736
2018,"region_7","caranx",5441,NA,NA,NA,539.9393399,NA,NA,0.918186214,NA,0.918186214,0.918186214
2019,"region_7","caranx",6751.4,NA,NA,NA,485.4760071,NA,NA,0.825569363,NA,0.825569363,0.825569363
2020,"region_7","caranx",3175,NA,NA,NA,452.3077275,NA,NA,0.769165514,NA,0.769165514,0.769165514
2021,"region_7","caranx",5535.5,NA,NA,NA,447.4272825,NA,NA,0.760866142,NA,0.760866142,0.760866142
2022,"region_7","caranx",55659.5,NA,NA,NA,463.2949068,NA,NA,0.787849606,NA,0.787849606,0.787849606
2023,"region_7","caranx",9161,NA,NA,NA,483.3649505,NA,NA,0.821979435,NA,0.821979435,0.821979435
2024,"region_7","caranx",5173,NA,NA,NA,464.3932393,NA,NA,0.78971736,NA,0.78971736,0.78971736
2018,"region_8","caranx",3560,NA,NA,NA,539.9393399,NA,NA,0.918186214,NA,0.918186214,0.918186214
2019,"region_8","caranx",7392.9,NA,NA,NA,485.4760071,NA,NA,0.825569363,NA,0.825569363,0.825569363
2020,"region_8","caranx",3529.5,NA,NA,NA,452.3077275,NA,NA,0.769165514,NA,0.769165514,0.769165514
2021,"region_8","caranx",11284.7,NA,NA,NA,447.4272825,NA,NA,0.760866142,NA,0.760866142,0.760866142
2022,"region_8","caranx",18588.6,NA,NA,NA,463.2949068,NA,NA,0.787849606,NA,0.787849606,0.787849606
2023,"region_8","caranx",56358,NA,NA,NA,483.3649505,NA,NA,0.821979435,NA,0.821979435,0.821979435
2024,"region_8","caranx",5920.5,NA,NA,NA,464.3932393,NA,NA,0.78971736,NA,0.78971736,0.78971736
2018,"region_9","caranx",49751.6,NA,NA,NA,539.9393399,NA,NA,0.918186214,NA,0.918186214,0.918186214
2019,"region_9","caranx",44942.8,NA,NA,NA,485.4760071,NA,NA,0.825569363,NA,0.825569363,0.825569363
2020,"region_9","caranx",22608.4,NA,NA,NA,452.3077275,NA,NA,0.769165514,NA,0.769165514,0.769165514
2021,"region_9","caranx",20350.1,NA,NA,NA,447.4272825,NA,NA,0.760866142,NA,0.760866142,0.760866142
2022,"region_9","caranx",15977.5,NA,NA,NA,463.2949068,NA,NA,0.787849606,NA,0.787849606,0.787849606
2023,"region_9","caranx",73672,NA,NA,NA,483.3649505,NA,NA,0.821979435,NA,0.821979435,0.821979435
2024,"region_9","caranx",76647.6,NA,NA,NA,464.3932393,NA,NA,0.78971736,NA,0.78971736,0.78971736
2019,"region_1","carcharhinus",100,1612.6875,4,"maximally harvested",36319.49537,NA,1,1.226692457,NA,1.226692457,1
2020,"region_1","carcharhinus",2453.25,1612.6875,4,"maximally harvested",34514.80073,NA,0.657367777438092,1.165738821,NA,1.165738821,1
2021,"region_1","carcharhinus",1790,1612.6875,4,"maximally harvested",32570.82053,NA,0.900942737430168,1.100080809,NA,1.100080809,1
2022,"region_1","carcharhinus",2107.5,1612.6875,4,"maximally harvested",30920.6758,NA,0.765213523131673,1.044347103,NA,1.044347103,1
2023,"region_1","carcharhinus",35,1612.6875,4,"maximally harvested",29135.76359,NA,1,0.984061619,NA,0.984061619,0.984061619
2018,"region_2","carcharhinus",140073.3,69649.075,4,"maximally harvested",37878.48509,NA,0.497233055835766,1.279347399,NA,1.279347399,1
2020,"region_2","carcharhinus",79547.2,69649.075,4,"maximally harvested",34514.80073,NA,0.875569158939598,1.165738821,NA,1.165738821,1
2021,"region_2","carcharhinus",17372.2,69649.075,4,"maximally harvested",32570.82053,NA,1,1.100080809,NA,1.100080809,1
2022,"region_2","carcharhinus",41603.6,69649.075,4,"maximally harvested",30920.6758,NA,1,1.044347103,NA,1.044347103,1
2023,"region_2","carcharhinus",30693,69649.075,4,"maximally harvested",29135.76359,NA,1,0.984061619,NA,0.984061619,0.984061619
2024,"region_2","carcharhinus",31.4,69649.075,4,"maximally harvested",27415.26985,NA,1,0.925951872,NA,0.925951872,0.925951872
2018,"region_3","carcharhinus",24470.6,17145.62,5,"maximally harvested",37878.48509,NA,0.700662018912491,1.279347399,NA,1.279347399,1
2019,"region_3","carcharhinus",22834,17145.62,5,"maximally harvested",36319.49537,NA,0.750881142156433,1.226692457,NA,1.226692457,1
2020,"region_3","carcharhinus",10937.5,17145.62,5,"maximally harvested",34514.80073,NA,1,1.165738821,NA,1.165738821,1
2021,"region_3","carcharhinus",9167.5,17145.62,5,"maximally harvested",32570.82053,NA,1,1.100080809,NA,1.100080809,1
2022,"region_3","carcharhinus",18318.5,17145.62,5,"maximally harvested",30920.6758,NA,1,1.044347103,NA,1.044347103,1
2023,"region_3","carcharhinus",6250,17145.62,5,"maximally harvested",29135.76359,NA,1,0.984061619,NA,0.984061619,0.984061619
2024,"region_3","carcharhinus",13922.4,17145.62,5,"maximally harvested",27415.26985,NA,1,0.925951872,NA,0.925951872,0.925951872
2018,"region_4","carcharhinus",150154,330955.22,5,"maximally harvested",37878.48509,NA,1,1.279347399,NA,1.279347399,1
2019,"region_4","carcharhinus",215048.95,330955.22,5,"maximally harvested",36319.49537,NA,1,1.226692457,NA,1.226692457,1
2020,"region_4","carcharhinus",439948.75,330955.22,5,"maximally harvested",34514.80073,NA,0.752258575572723,1.165738821,NA,1.165738821,1
2021,"region_4","carcharhinus",83182.9,330955.22,5,"maximally harvested",32570.82053,NA,1,1.100080809,NA,1.100080809,1
2022,"region_4","carcharhinus",766441.5,330955.22,5,"maximally harvested",30920.6758,NA,0.431807541736714,1.044347103,NA,1.044347103,1
2023,"region_4","carcharhinus",1004036,330955.22,5,"maximally harvested",29135.76359,NA,0.329624854088897,0.984061619,NA,0.984061619,0.984061619
2024,"region_4","carcharhinus",1417111.75,330955.22,5,"maximally harvested",27415.26985,NA,0.233542075986597,0.925951872,NA,0.925951872,0.925951872
2020,"region_5","carcharhinus",5758.75,6290.41666666667,3,"maximally harvested",34514.80073,NA,1,1.165738821,NA,1.165738821,1
2021,"region_5","carcharhinus",11812.5,6290.41666666667,3,"maximally harvested",32570.82053,NA,0.532522045855379,1.100080809,NA,1.100080809,1
2022,"region_5","carcharhinus",1300,6290.41666666667,3,"maximally harvested",30920.6758,NA,1,1.044347103,NA,1.044347103,1
2023,"region_5","carcharhinus",2090,6290.41666666667,3,"maximally harvested",29135.76359,NA,1,0.984061619,NA,0.984061619,0.984061619
2024,"region_5","carcharhinus",206097.85,6290.41666666667,3,"maximally harvested",27415.26985,NA,0.0305215055211234,0.925951872,NA,0.925951872,0.925951872
2018,"region_6","carcharhinus",16240.3,41686.16,5,"maximally harvested",37878.48509,NA,1,1.279347399,NA,1.279347399,1
2019,"region_6","carcharhinus",54957,41686.16,5,"maximally harvested",36319.49537,NA,0.758523209054352,1.226692457,NA,1.226692457,1
2020,"region_6","carcharhinus",28037,41686.16,5,"maximally harvested",34514.80073,NA,1,1.165738821,NA,1.165738821,1
2021,"region_6","carcharhinus",51709,41686.16,5,"maximally harvested",32570.82053,NA,0.806168365274904,1.100080809,NA,1.100080809,1
2022,"region_6","carcharhinus",57487.5,41686.16,5,"maximally harvested",30920.6758,NA,0.725134333550772,1.044347103,NA,1.044347103,1
2024,"region_6","carcharhinus",560,41686.16,5,"maximally harvested",27415.26985,NA,1,0.925951872,NA,0.925951872,0.925951872
2018,"region_7","carcharhinus",19750,139525.2,5,"maximally harvested",37878.48509,NA,1,1.279347399,NA,1.279347399,1
2019,"region_7","carcharhinus",55238,139525.2,5,"maximally harvested",36319.49537,NA,1,1.226692457,NA,1.226692457,1
2020,"region_7","carcharhinus",210188,139525.2,5,"maximally harvested",34514.80073,NA,0.663811444992102,1.165738821,NA,1.165738821,1
2021,"region_7","carcharhinus",79165,139525.2,5,"maximally harvested",32570.82053,NA,1,1.100080809,NA,1.100080809,1
2022,"region_7","carcharhinus",333285,139525.2,5,"maximally harvested",30920.6758,NA,0.418636302263828,1.044347103,NA,1.044347103,1
2023,"region_7","carcharhinus",154397,139525.2,5,"maximally harvested",29135.76359,NA,0.903678180275524,0.984061619,NA,0.984061619,0.984061619
2024,"region_7","carcharhinus",117770,139525.2,5,"maximally harvested",27415.26985,NA,1,0.925951872,NA,0.925951872,0.925951872
2018,"region_8","carcharhinus",380599.15,1426748.03,5,"maximally harvested",37878.48509,NA,1,1.279347399,NA,1.279347399,1
2019,"region_8","carcharhinus",623853.8,1426748.03,5,"maximally harvested",36319.49537,NA,1,1.226692457,NA,1.226692457,1
2020,"region_8","carcharhinus",2315411.35,1426748.03,5,"maximally harvested",34514.80073,NA,0.616196353187955,1.165738821,NA,1.165738821,1
2021,"region_8","carcharhinus",2526067.4,1426748.03,5,"maximally harvested",32570.82053,NA,0.56480996112772,1.100080809,NA,1.100080809,1
2022,"region_8","carcharhinus",1287808.45,1426748.03,5,"maximally harvested",30920.6758,NA,1,1.044347103,NA,1.044347103,1
2023,"region_8","carcharhinus",2189769,1426748.03,5,"maximally harvested",29135.76359,NA,0.651551844052957,0.984061619,NA,0.984061619,0.984061619
2024,"region_8","carcharhinus",6547190.15,1426748.03,5,"maximally harvested",27415.26985,NA,0.21791761004528,0.925951872,NA,0.925951872,0.925951872
2018,"region_9","carcharhinus",2889108.3,1264737.26,5,"maximally harvested",37878.48509,NA,0.437760419019252,1.279347399,NA,1.279347399,1
2019,"region_9","carcharhinus",1897259.05,1264737.26,5,"maximally harvested",36319.49537,NA,0.666612848677675,1.226692457,NA,1.226692457,1
2020,"region_9","carcharhinus",669619.45,1264737.26,5,"maximally harvested",34514.80073,NA,1,1.165738821,NA,1.165738821,1
2021,"region_9","carcharhinus",431361.75,1264737.26,5,"maximally harvested",32570.82053,NA,1,1.100080809,NA,1.100080809,1
2022,"region_9","carcharhinus",436337.75,1264737.26,5,"maximally harvested",30920.6758,NA,1,1.044347103,NA,1.044347103,1
2023,"region_9","carcharhinus",466165,1264737.26,5,"maximally harvested",29135.76359,NA,1,0.984061619,NA,0.984061619,0.984061619
2024,"region_9","carcharhinus",310309.05,1264737.26,5,"maximally harvested",27415.26985,NA,1,0.925951872,NA,0.925951872,0.925951872
2018,"region_1","caulolatilus",548,NA,NA,NA,6547.437552,NA,NA,1.24245802,NA,1.24245802,1
2020,"region_1","caulolatilus",73.7,NA,NA,NA,7000.957142,NA,NA,1.328519024,NA,1.328519024,1
2022,"region_1","caulolatilus",95,NA,NA,NA,7510.842627,NA,NA,1.425276161,NA,1.425276161,1
2023,"region_1","caulolatilus",714,NA,NA,NA,7692.960189,NA,NA,1.459835242,NA,1.459835242,1
2021,"region_1_2_baja_tbd","caulolatilus",7,NA,NA,NA,7290.094695,NA,NA,1.383386485,NA,1.383386485,1
2022,"region_1_2_baja_tbd","caulolatilus",81,NA,NA,NA,7510.842627,NA,NA,1.425276161,NA,1.425276161,1
2024,"region_1_2_baja_tbd","caulolatilus",160,NA,NA,NA,7806.542717,NA,NA,1.481388945,NA,1.481388945,1
2018,"region_2","caulolatilus",3574,NA,NA,NA,6547.437552,NA,NA,1.24245802,NA,1.24245802,1
2019,"region_2","caulolatilus",1087.1,NA,NA,NA,6752.867903,NA,NA,1.281440994,NA,1.281440994,1
2020,"region_2","caulolatilus",44174,NA,NA,NA,7000.957142,NA,NA,1.328519024,NA,1.328519024,1
2021,"region_2","caulolatilus",24247.1,NA,NA,NA,7290.094695,NA,NA,1.383386485,NA,1.383386485,1
2022,"region_2","caulolatilus",26137.8,NA,NA,NA,7510.842627,NA,NA,1.425276161,NA,1.425276161,1
2023,"region_2","caulolatilus",15515,NA,NA,NA,7692.960189,NA,NA,1.459835242,NA,1.459835242,1
2024,"region_2","caulolatilus",23365.7,NA,NA,NA,7806.542717,NA,NA,1.481388945,NA,1.481388945,1
2018,"region_3","caulolatilus",80061.5,NA,NA,NA,6547.437552,NA,NA,1.24245802,NA,1.24245802,1
2019,"region_3","caulolatilus",48312.6,NA,NA,NA,6752.867903,NA,NA,1.281440994,NA,1.281440994,1
2020,"region_3","caulolatilus",32924.4,NA,NA,NA,7000.957142,NA,NA,1.328519024,NA,1.328519024,1
2021,"region_3","caulolatilus",61492.3,NA,NA,NA,7290.094695,NA,NA,1.383386485,NA,1.383386485,1
2022,"region_3","caulolatilus",43161.2,NA,NA,NA,7510.842627,NA,NA,1.425276161,NA,1.425276161,1
2023,"region_3","caulolatilus",38114,NA,NA,NA,7692.960189,NA,NA,1.459835242,NA,1.459835242,1
2024,"region_3","caulolatilus",14407.7,NA,NA,NA,7806.542717,NA,NA,1.481388945,NA,1.481388945,1
2023,"region_3_4_bcs_tbd","caulolatilus",271,NA,NA,NA,7692.960189,NA,NA,1.459835242,NA,1.459835242,1
2018,"region_4","caulolatilus",128435.5,NA,NA,NA,6547.437552,NA,NA,1.24245802,NA,1.24245802,1
2019,"region_4","caulolatilus",114634.8,NA,NA,NA,6752.867903,NA,NA,1.281440994,NA,1.281440994,1
2020,"region_4","caulolatilus",138996.9,NA,NA,NA,7000.957142,NA,NA,1.328519024,NA,1.328519024,1
2021,"region_4","caulolatilus",190083.1,NA,NA,NA,7290.094695,NA,NA,1.383386485,NA,1.383386485,1
2022,"region_4","caulolatilus",208582.2,NA,NA,NA,7510.842627,NA,NA,1.425276161,NA,1.425276161,1
2023,"region_4","caulolatilus",197076,NA,NA,NA,7692.960189,NA,NA,1.459835242,NA,1.459835242,1
2024,"region_4","caulolatilus",132189.45,NA,NA,NA,7806.542717,NA,NA,1.481388945,NA,1.481388945,1
2022,"region_4_5_6_sonora_tbd","caulolatilus",300,NA,NA,NA,7510.842627,NA,NA,1.425276161,NA,1.425276161,1
2018,"region_5","caulolatilus",30794.4,NA,NA,NA,6547.437552,NA,NA,1.24245802,NA,1.24245802,1
2019,"region_5","caulolatilus",15291,NA,NA,NA,6752.867903,NA,NA,1.281440994,NA,1.281440994,1
2020,"region_5","caulolatilus",6195.3,NA,NA,NA,7000.957142,NA,NA,1.328519024,NA,1.328519024,1
2021,"region_5","caulolatilus",11227,NA,NA,NA,7290.094695,NA,NA,1.383386485,NA,1.383386485,1
2022,"region_5","caulolatilus",934,NA,NA,NA,7510.842627,NA,NA,1.425276161,NA,1.425276161,1
2023,"region_5","caulolatilus",11910,NA,NA,NA,7692.960189,NA,NA,1.459835242,NA,1.459835242,1
2024,"region_5","caulolatilus",13137.5,NA,NA,NA,7806.542717,NA,NA,1.481388945,NA,1.481388945,1
2018,"region_6","caulolatilus",8743.1,NA,NA,NA,6547.437552,NA,NA,1.24245802,NA,1.24245802,1
2019,"region_6","caulolatilus",8520,NA,NA,NA,6752.867903,NA,NA,1.281440994,NA,1.281440994,1
2020,"region_6","caulolatilus",8488.5,NA,NA,NA,7000.957142,NA,NA,1.328519024,NA,1.328519024,1
2021,"region_6","caulolatilus",75410.4,NA,NA,NA,7290.094695,NA,NA,1.383386485,NA,1.383386485,1
2022,"region_6","caulolatilus",36550,NA,NA,NA,7510.842627,NA,NA,1.425276161,NA,1.425276161,1
2023,"region_6","caulolatilus",22285,NA,NA,NA,7692.960189,NA,NA,1.459835242,NA,1.459835242,1
2024,"region_6","caulolatilus",9118,NA,NA,NA,7806.542717,NA,NA,1.481388945,NA,1.481388945,1
2018,"region_7","caulolatilus",65962.3,NA,NA,NA,6547.437552,NA,NA,1.24245802,NA,1.24245802,1
2019,"region_7","caulolatilus",53719.1,NA,NA,NA,6752.867903,NA,NA,1.281440994,NA,1.281440994,1
2020,"region_7","caulolatilus",37097.9,NA,NA,NA,7000.957142,NA,NA,1.328519024,NA,1.328519024,1
2021,"region_7","caulolatilus",54715.8,NA,NA,NA,7290.094695,NA,NA,1.383386485,NA,1.383386485,1
2022,"region_7","caulolatilus",27439.85,NA,NA,NA,7510.842627,NA,NA,1.425276161,NA,1.425276161,1
2023,"region_7","caulolatilus",9492,NA,NA,NA,7692.960189,NA,NA,1.459835242,NA,1.459835242,1
2024,"region_7","caulolatilus",10505.8,NA,NA,NA,7806.542717,NA,NA,1.481388945,NA,1.481388945,1
2018,"region_8","caulolatilus",106251.2,NA,NA,NA,6547.437552,NA,NA,1.24245802,NA,1.24245802,1
2019,"region_8","caulolatilus",117942.9,NA,NA,NA,6752.867903,NA,NA,1.281440994,NA,1.281440994,1
2020,"region_8","caulolatilus",40533.1,NA,NA,NA,7000.957142,NA,NA,1.328519024,NA,1.328519024,1
2021,"region_8","caulolatilus",110318.3,NA,NA,NA,7290.094695,NA,NA,1.383386485,NA,1.383386485,1
2022,"region_8","caulolatilus",96408,NA,NA,NA,7510.842627,NA,NA,1.425276161,NA,1.425276161,1
2023,"region_8","caulolatilus",104260,NA,NA,NA,7692.960189,NA,NA,1.459835242,NA,1.459835242,1
2024,"region_8","caulolatilus",68399.8,NA,NA,NA,7806.542717,NA,NA,1.481388945,NA,1.481388945,1
2019,"region_9","caulolatilus",660,NA,NA,NA,6752.867903,NA,NA,1.281440994,NA,1.281440994,1
2020,"region_9","caulolatilus",10,NA,NA,NA,7000.957142,NA,NA,1.328519024,NA,1.328519024,1
2021,"region_9","caulolatilus",25,NA,NA,NA,7290.094695,NA,NA,1.383386485,NA,1.383386485,1
2022,"region_9","caulolatilus",2257,NA,NA,NA,7510.842627,NA,NA,1.425276161,NA,1.425276161,1
2023,"region_9","caulolatilus",1372,NA,NA,NA,7692.960189,NA,NA,1.459835242,NA,1.459835242,1
2021,"region_2","centropomus",66,66,1,"maximally harvested",2087.115586,0,1,0.673048408,NA,0.673048408,0.673048408
2018,"region_3","centropomus",242,167.32,5,"maximally harvested",2947.626471,0,0.691404958677686,0.950544051,NA,0.950544051,0.950544051
2019,"region_3","centropomus",185.4,167.32,5,"maximally harvested",2628.575614,0,0.902481121898598,0.847657238,NA,0.847657238,0.847657238
2020,"region_3","centropomus",294.8,167.32,5,"maximally harvested",2339.67575,1,0.567571234735414,0.75449345,1.1,1.1,1
2021,"region_3","centropomus",42.9,167.32,5,"maximally harvested",2087.115586,0,1,0.673048408,NA,0.673048408,0.673048408
2022,"region_3","centropomus",71.5,167.32,5,"maximally harvested",1806.234422,0,1,0.582470473,NA,0.582470473,0.582470473
2023,"region_3","centropomus",5,167.32,5,"maximally harvested",1579.819879,0,1,0.509456813,NA,0.509456813,0.509456813
2024,"region_3","centropomus",29.7,167.32,5,"maximally harvested",1164.805648,0,1,0.375623944,NA,0.375623944,0.375623944
2018,"region_4","centropomus",5777.54,2088.268,5,"maximally harvested",2947.626471,0,0.361445874887928,0.950544051,NA,0.950544051,0.950544051
2019,"region_4","centropomus",41.8,2088.268,5,"maximally harvested",2628.575614,0,1,0.847657238,NA,0.847657238,0.847657238
2020,"region_4","centropomus",110.3,2088.268,5,"maximally harvested",2339.67575,1,1,0.75449345,1.1,1.1,1
2021,"region_4","centropomus",2043.9,2088.268,5,"maximally harvested",2087.115586,0,1,0.673048408,NA,0.673048408,0.673048408
2022,"region_4","centropomus",2467.8,2088.268,5,"maximally harvested",1806.234422,0,0.846206337628657,0.582470473,NA,0.582470473,0.582470473
2023,"region_4","centropomus",494,2088.268,5,"maximally harvested",1579.819879,0,1,0.509456813,NA,0.509456813,0.509456813
2024,"region_4","centropomus",797.9,2088.268,5,"maximally harvested",1164.805648,0,1,0.375623944,NA,0.375623944,0.375623944
2022,"region_4_5_6_sonora_tbd","centropomus",242,242,1,NA,1806.234422,0,NA,0.582470473,NA,0.582470473,0.582470473
2024,"region_5","centropomus",2000,NA,0,"maximally harvested",1164.805648,0,NA,0.375623944,NA,0.375623944,0.375623944
2019,"region_6","centropomus",26500,13750,2,"maximally harvested",2628.575614,0,0.518867924528302,0.847657238,NA,0.847657238,0.847657238
2021,"region_6","centropomus",1000,13750,2,"maximally harvested",2087.115586,0,1,0.673048408,NA,0.673048408,0.673048408
2023,"region_6","centropomus",550,13750,2,"maximally harvested",1579.819879,0,1,0.509456813,NA,0.509456813,0.509456813
2018,"region_7","centropomus",6449,12083.68,5,"maximally harvested",2947.626471,0,1,0.950544051,NA,0.950544051,0.950544051
2019,"region_7","centropomus",9657,12083.68,5,"maximally harvested",2628.575614,0,1,0.847657238,NA,0.847657238,0.847657238
2020,"region_7","centropomus",11281.9,12083.68,5,"maximally harvested",2339.67575,1,1,0.75449345,1.1,1.1,1
2021,"region_7","centropomus",8523,12083.68,5,"maximally harvested",2087.115586,0,1,0.673048408,NA,0.673048408,0.673048408
2022,"region_7","centropomus",24507.5,12083.68,5,"maximally harvested",1806.234422,0,0.493060491686219,0.582470473,NA,0.582470473,0.582470473
2023,"region_7","centropomus",10354,12083.68,5,"maximally harvested",1579.819879,0,1,0.509456813,NA,0.509456813,0.509456813
2024,"region_7","centropomus",9108.7,12083.68,5,"maximally harvested",1164.805648,0,1,0.375623944,NA,0.375623944,0.375623944
2018,"region_8","centropomus",458305.148,541970.8578,5,"maximally harvested",2947.626471,0,1,0.950544051,NA,0.950544051,0.950544051
2019,"region_8","centropomus",645290.771,541970.8578,5,"maximally harvested",2628.575614,0,0.839886268573334,0.847657238,NA,0.847657238,0.847657238
2020,"region_8","centropomus",498500.1,541970.8578,5,"maximally harvested",2339.67575,1,1,0.75449345,1.1,1.1,1
2021,"region_8","centropomus",486555.48,541970.8578,5,"maximally harvested",2087.115586,0,1,0.673048408,NA,0.673048408,0.673048408
2022,"region_8","centropomus",621202.79,541970.8578,5,"maximally harvested",1806.234422,0,0.872453998154129,0.582470473,NA,0.582470473,0.582470473
2023,"region_8","centropomus",582696,541970.8578,5,"maximally harvested",1579.819879,0,1,0.509456813,NA,0.509456813,0.509456813
2024,"region_8","centropomus",850850.463,541970.8578,5,"maximally harvested",1164.805648,0,0.636975451466611,0.375623944,NA,0.375623944,0.375623944
2018,"region_9","centropomus",1195179.36,822361.412,5,"maximally harvested",2947.626471,0,0.68806527247927,0.950544051,NA,0.950544051,0.950544051
2019,"region_9","centropomus",792825.65,822361.412,5,"maximally harvested",2628.575614,0,1,0.847657238,NA,0.847657238,0.847657238
2020,"region_9","centropomus",647290.9,822361.412,5,"maximally harvested",2339.67575,1,1,0.75449345,1.1,1.1,1
2021,"region_9","centropomus",870226.1,822361.412,5,"maximally harvested",2087.115586,0,1,0.673048408,NA,0.673048408,0.673048408
2022,"region_9","centropomus",606285.05,822361.412,5,"maximally harvested",1806.234422,0,1,0.582470473,NA,0.582470473,0.582470473
2023,"region_9","centropomus",518843,822361.412,5,"maximally harvested",1579.819879,0,1,0.509456813,NA,0.509456813,0.509456813
2024,"region_9","centropomus",693030.75,822361.412,5,"maximally harvested",1164.805648,0,1,0.375623944,NA,0.375623944,0.375623944
2018,"region_1","cynoscion",24626.01,41368.562,5,"maximally harvested",9918.301972,0,1,0.6069342,NA,0.6069342,0.6069342
2019,"region_1","cynoscion",28335.5,41368.562,5,"maximally harvested",10471.43958,0,1,0.640782547,NA,0.640782547,0.640782547
2020,"region_1","cynoscion",24990,41368.562,5,"maximally harvested",10965.30284,1,1,0.671003699,1.2,1.2,1
2021,"region_1","cynoscion",64304.6,41368.562,5,"maximally harvested",11218.70851,0,0.643321970745483,0.686510443,NA,0.686510443,0.686510443
2022,"region_1","cynoscion",64586.7,41368.562,5,"maximally harvested",11288.14505,0,0.640512086853795,0.690759498,NA,0.690759498,0.690759498
2023,"region_1","cynoscion",180928,41368.562,5,"maximally harvested",11219.05725,0,0.228646544481783,0.686531783,NA,0.686531783,0.686531783
2024,"region_1","cynoscion",50375.5,41368.562,5,"maximally harvested",10817.47811,0,0.821203997975206,0.661957807,NA,0.661957807,0.661957807
2018,"region_1_2_baja_tbd","cynoscion",158.4,8671.22,5,NA,9918.301972,0,NA,0.6069342,NA,0.6069342,0.6069342
2019,"region_1_2_baja_tbd","cynoscion",16025.9,8671.22,5,NA,10471.43958,0,NA,0.640782547,NA,0.640782547,0.640782547
2020,"region_1_2_baja_tbd","cynoscion",1576.2,8671.22,5,NA,10965.30284,1,NA,0.671003699,1.2,1.2,1
2021,"region_1_2_baja_tbd","cynoscion",23158.6,8671.22,5,NA,11218.70851,0,NA,0.686510443,NA,0.686510443,0.686510443
2022,"region_1_2_baja_tbd","cynoscion",2437,8671.22,5,NA,11288.14505,0,NA,0.690759498,NA,0.690759498,0.690759498
2023,"region_1_2_baja_tbd","cynoscion",500,8671.22,5,NA,11219.05725,0,NA,0.686531783,NA,0.686531783,0.686531783
2024,"region_1_2_baja_tbd","cynoscion",382.5,8671.22,5,NA,10817.47811,0,NA,0.661957807,NA,0.661957807,0.661957807
2018,"region_2","cynoscion",276244.65,270577.53,5,"maximally harvested",9918.301972,0,1,0.6069342,NA,0.6069342,0.6069342
2019,"region_2","cynoscion",272876.2,270577.53,5,"maximally harvested",10471.43958,0,1,0.640782547,NA,0.640782547,0.640782547
2020,"region_2","cynoscion",273233.35,270577.53,5,"maximally harvested",10965.30284,1,1,0.671003699,1.2,1.2,1
2021,"region_2","cynoscion",347719.15,270577.53,5,"maximally harvested",11218.70851,0,0.778149635992151,0.686510443,NA,0.686510443,0.686510443
2022,"region_2","cynoscion",182814.3,270577.53,5,"maximally harvested",11288.14505,0,1,0.690759498,NA,0.690759498,0.690759498
2023,"region_2","cynoscion",441263,270577.53,5,"maximally harvested",11219.05725,0,0.613188801236451,0.686531783,NA,0.686531783,0.686531783
2024,"region_2","cynoscion",463851.1,270577.53,5,"maximally harvested",10817.47811,0,0.583328421555969,0.661957807,NA,0.661957807,0.661957807
2018,"region_3","cynoscion",68334,68673.27,5,NA,9918.301972,0,NA,0.6069342,NA,0.6069342,0.6069342
2019,"region_3","cynoscion",47119.1,68673.27,5,NA,10471.43958,0,NA,0.640782547,NA,0.640782547,0.640782547
2020,"region_3","cynoscion",62850.9,68673.27,5,NA,10965.30284,1,NA,0.671003699,1.2,1.2,1
2021,"region_3","cynoscion",60065.55,68673.27,5,NA,11218.70851,0,NA,0.686510443,NA,0.686510443,0.686510443
2022,"region_3","cynoscion",104996.8,68673.27,5,NA,11288.14505,0,NA,0.690759498,NA,0.690759498,0.690759498
2023,"region_3","cynoscion",113186,68673.27,5,NA,11219.05725,0,NA,0.686531783,NA,0.686531783,0.686531783
2024,"region_3","cynoscion",41374,68673.27,5,NA,10817.47811,0,NA,0.661957807,NA,0.661957807,0.661957807
2023,"region_3_4_bcs_tbd","cynoscion",1200,NA,0,NA,11219.05725,0,NA,0.686531783,NA,0.686531783,0.686531783
2024,"region_3_4_bcs_tbd","cynoscion",5487,NA,0,NA,10817.47811,0,NA,0.661957807,NA,0.661957807,0.661957807
2018,"region_4","cynoscion",18896.02,11592.704,5,NA,9918.301972,0,NA,0.6069342,NA,0.6069342,0.6069342
2019,"region_4","cynoscion",16547,11592.704,5,NA,10471.43958,0,NA,0.640782547,NA,0.640782547,0.640782547
2020,"region_4","cynoscion",5502.2,11592.704,5,NA,10965.30284,1,NA,0.671003699,1.2,1.2,1
2021,"region_4","cynoscion",6639.9,11592.704,5,NA,11218.70851,0,NA,0.686510443,NA,0.686510443,0.686510443
2022,"region_4","cynoscion",10378.4,11592.704,5,NA,11288.14505,0,NA,0.690759498,NA,0.690759498,0.690759498
2023,"region_4","cynoscion",3264,11592.704,5,NA,11219.05725,0,NA,0.686531783,NA,0.686531783,0.686531783
2024,"region_4","cynoscion",15830.652,11592.704,5,NA,10817.47811,0,NA,0.661957807,NA,0.661957807,0.661957807
2018,"region_4_5_6_sonora_tbd","cynoscion",36340,45148.75,4,NA,9918.301972,0,NA,0.6069342,NA,0.6069342,0.6069342
2019,"region_4_5_6_sonora_tbd","cynoscion",1500,45148.75,4,NA,10471.43958,0,NA,0.640782547,NA,0.640782547,0.640782547
2021,"region_4_5_6_sonora_tbd","cynoscion",140000,45148.75,4,NA,11218.70851,0,NA,0.686510443,NA,0.686510443,0.686510443
2022,"region_4_5_6_sonora_tbd","cynoscion",2755,45148.75,4,NA,11288.14505,0,NA,0.690759498,NA,0.690759498,0.690759498
2023,"region_4_5_6_sonora_tbd","cynoscion",182856,45148.75,4,NA,11219.05725,0,NA,0.686531783,NA,0.686531783,0.686531783
2024,"region_4_5_6_sonora_tbd","cynoscion",40000,45148.75,4,NA,10817.47811,0,NA,0.661957807,NA,0.661957807,0.661957807
2018,"region_5","cynoscion",55620.2,106379.43,5,"maximally harvested",9918.301972,0,1,0.6069342,NA,0.6069342,0.6069342
2019,"region_5","cynoscion",53590.6,106379.43,5,"maximally harvested",10471.43958,0,1,0.640782547,NA,0.640782547,0.640782547
2020,"region_5","cynoscion",53871.3,106379.43,5,"maximally harvested",10965.30284,1,1,0.671003699,1.2,1.2,1
2021,"region_5","cynoscion",240747.95,106379.43,5,"maximally harvested",11218.70851,0,0.441870553830261,0.686510443,NA,0.686510443,0.686510443
2022,"region_5","cynoscion",128067.1,106379.43,5,"maximally harvested",11288.14505,0,0.830653852550733,0.690759498,NA,0.690759498,0.690759498
2023,"region_5","cynoscion",227192,106379.43,5,"maximally harvested",11219.05725,0,0.468235809359485,0.686531783,NA,0.686531783,0.686531783
2024,"region_5","cynoscion",1122400.9,106379.43,5,"maximally harvested",10817.47811,0,0.0947784610650259,0.661957807,NA,0.661957807,0.661957807
2018,"region_6","cynoscion",141520.7,258691.68,5,"maximally harvested",9918.301972,0,1,0.6069342,NA,0.6069342,0.6069342
2019,"region_6","cynoscion",225780.2,258691.68,5,"maximally harvested",10471.43958,0,1,0.640782547,NA,0.640782547,0.640782547
2020,"region_6","cynoscion",314615.6,258691.68,5,"maximally harvested",10965.30284,1,0.822246830735666,0.671003699,1.2,1.2,1
2021,"region_6","cynoscion",361776.2,258691.68,5,"maximally harvested",11218.70851,0,0.715059973541654,0.686510443,NA,0.686510443,0.686510443
2022,"region_6","cynoscion",249765.7,258691.68,5,"maximally harvested",11288.14505,0,1,0.690759498,NA,0.690759498,0.690759498
2023,"region_6","cynoscion",393632,258691.68,5,"maximally harvested",11219.05725,0,0.657191691732379,0.686531783,NA,0.686531783,0.686531783
2024,"region_6","cynoscion",517634.8,258691.68,5,"maximally harvested",10817.47811,0,0.499757126066485,0.661957807,NA,0.661957807,0.661957807
2018,"region_7","cynoscion",219955.8,296125.96,5,"maximally harvested",9918.301972,0,1,0.6069342,NA,0.6069342,0.6069342
2019,"region_7","cynoscion",155110.2,296125.96,5,"maximally harvested",10471.43958,0,1,0.640782547,NA,0.640782547,0.640782547
2020,"region_7","cynoscion",414168.6,296125.96,5,"maximally harvested",10965.30284,1,0.714988919971239,0.671003699,1.2,1.2,1
2021,"region_7","cynoscion",402527.4,296125.96,5,"maximally harvested",11218.70851,0,0.735666590646997,0.686510443,NA,0.686510443,0.686510443
2022,"region_7","cynoscion",288867.8,296125.96,5,"maximally harvested",11288.14505,0,1,0.690759498,NA,0.690759498,0.690759498
2023,"region_7","cynoscion",226684,296125.96,5,"maximally harvested",11219.05725,0,1,0.686531783,NA,0.686531783,0.686531783
2024,"region_7","cynoscion",407812.3,296125.96,5,"maximally harvested",10817.47811,0,0.726132978333415,0.661957807,NA,0.661957807,0.661957807
2018,"region_8","cynoscion",1324805.805,1706888.0632,5,NA,9918.301972,0,NA,0.6069342,NA,0.6069342,0.6069342
2019,"region_8","cynoscion",1646715.27,1706888.0632,5,NA,10471.43958,0,NA,0.640782547,NA,0.640782547,0.640782547
2020,"region_8","cynoscion",1512858.791,1706888.0632,5,NA,10965.30284,1,NA,0.671003699,1.2,1.2,1
2021,"region_8","cynoscion",2270779.7,1706888.0632,5,NA,11218.70851,0,NA,0.686510443,NA,0.686510443,0.686510443
2022,"region_8","cynoscion",1779280.75,1706888.0632,5,NA,11288.14505,0,NA,0.690759498,NA,0.690759498,0.690759498
2023,"region_8","cynoscion",2376399,1706888.0632,5,NA,11219.05725,0,NA,0.686531783,NA,0.686531783,0.686531783
2024,"region_8","cynoscion",3170729.452,1706888.0632,5,NA,10817.47811,0,NA,0.661957807,NA,0.661957807,0.661957807
2018,"region_9","cynoscion",1008650.5,693537.36,5,NA,9918.301972,0,NA,0.6069342,NA,0.6069342,0.6069342
2019,"region_9","cynoscion",846680.15,693537.36,5,NA,10471.43958,0,NA,0.640782547,NA,0.640782547,0.640782547
2020,"region_9","cynoscion",474268.25,693537.36,5,NA,10965.30284,1,NA,0.671003699,1.2,1.2,1
2021,"region_9","cynoscion",613087,693537.36,5,NA,11218.70851,0,NA,0.686510443,NA,0.686510443,0.686510443
2022,"region_9","cynoscion",525000.9,693537.36,5,NA,11288.14505,0,NA,0.690759498,NA,0.690759498,0.690759498
2023,"region_9","cynoscion",429623,693537.36,5,NA,11219.05725,0,NA,0.686531783,NA,0.686531783,0.686531783
2024,"region_9","cynoscion",507879.15,693537.36,5,NA,10817.47811,0,NA,0.661957807,NA,0.661957807,0.661957807
2018,"region_1","epinephelus",413.6,NA,NA,NA,1109.356363,NA,NA,0.476175011,NA,0.476175011,0.476175011
2019,"region_1","epinephelus",242,NA,NA,NA,1133.649176,NA,NA,0.486602346,NA,0.486602346,0.486602346
2020,"region_1","epinephelus",599.5,NA,NA,NA,1160.710945,NA,NA,0.498218215,NA,0.498218215,0.498218215
2022,"region_1","epinephelus",44,NA,NA,NA,1182.838027,NA,NA,0.507715942,NA,0.507715942,0.507715942
2024,"region_1","epinephelus",53,NA,NA,NA,1191.386379,NA,NA,0.511385197,NA,0.511385197,0.511385197
2019,"region_1_2_baja_tbd","epinephelus",29.7,NA,NA,NA,1133.649176,NA,NA,0.486602346,NA,0.486602346,0.486602346
2018,"region_2","epinephelus",307.3,NA,NA,NA,1109.356363,NA,NA,0.476175011,NA,0.476175011,0.476175011
2019,"region_2","epinephelus",943.8,NA,NA,NA,1133.649176,NA,NA,0.486602346,NA,0.486602346,0.486602346
2020,"region_2","epinephelus",466.4,NA,NA,NA,1160.710945,NA,NA,0.498218215,NA,0.498218215,0.498218215
2021,"region_2","epinephelus",663.8,NA,NA,NA,1178.47811,NA,NA,0.505844511,NA,0.505844511,0.505844511
2022,"region_2","epinephelus",3025.8,NA,NA,NA,1182.838027,NA,NA,0.507715942,NA,0.507715942,0.507715942
2024,"region_2","epinephelus",1462,NA,NA,NA,1191.386379,NA,NA,0.511385197,NA,0.511385197,0.511385197
2018,"region_3","epinephelus",1271.6,NA,NA,NA,1109.356363,NA,NA,0.476175011,NA,0.476175011,0.476175011
2019,"region_3","epinephelus",1205.6,NA,NA,NA,1133.649176,NA,NA,0.486602346,NA,0.486602346,0.486602346
2020,"region_3","epinephelus",3609.2,NA,NA,NA,1160.710945,NA,NA,0.498218215,NA,0.498218215,0.498218215
2021,"region_3","epinephelus",13615.6,NA,NA,NA,1178.47811,NA,NA,0.505844511,NA,0.505844511,0.505844511
2022,"region_3","epinephelus",1899.5,NA,NA,NA,1182.838027,NA,NA,0.507715942,NA,0.507715942,0.507715942
2023,"region_3","epinephelus",3,NA,NA,NA,1180.943857,NA,NA,0.506902897,NA,0.506902897,0.506902897
2024,"region_3","epinephelus",14.5,NA,NA,NA,1191.386379,NA,NA,0.511385197,NA,0.511385197,0.511385197
2018,"region_4","epinephelus",2925.7,NA,NA,NA,1109.356363,NA,NA,0.476175011,NA,0.476175011,0.476175011
2019,"region_4","epinephelus",7996.2,NA,NA,NA,1133.649176,NA,NA,0.486602346,NA,0.486602346,0.486602346
2020,"region_4","epinephelus",11054.9,NA,NA,NA,1160.710945,NA,NA,0.498218215,NA,0.498218215,0.498218215
2021,"region_4","epinephelus",1993.5,NA,NA,NA,1178.47811,NA,NA,0.505844511,NA,0.505844511,0.505844511
2022,"region_4","epinephelus",3156.6,NA,NA,NA,1182.838027,NA,NA,0.507715942,NA,0.507715942,0.507715942
2023,"region_4","epinephelus",336,NA,NA,NA,1180.943857,NA,NA,0.506902897,NA,0.506902897,0.506902897
2024,"region_4","epinephelus",1712.5,NA,NA,NA,1191.386379,NA,NA,0.511385197,NA,0.511385197,0.511385197
2018,"region_5","epinephelus",249,NA,NA,NA,1109.356363,NA,NA,0.476175011,NA,0.476175011,0.476175011
2020,"region_5","epinephelus",1594.7,NA,NA,NA,1160.710945,NA,NA,0.498218215,NA,0.498218215,0.498218215
2021,"region_5","epinephelus",1454.5,NA,NA,NA,1178.47811,NA,NA,0.505844511,NA,0.505844511,0.505844511
2022,"region_5","epinephelus",920.1,NA,NA,NA,1182.838027,NA,NA,0.507715942,NA,0.507715942,0.507715942
2023,"region_5","epinephelus",174,NA,NA,NA,1180.943857,NA,NA,0.506902897,NA,0.506902897,0.506902897
2024,"region_5","epinephelus",40,NA,NA,NA,1191.386379,NA,NA,0.511385197,NA,0.511385197,0.511385197
2018,"region_6","epinephelus",4190.3,NA,NA,NA,1109.356363,NA,NA,0.476175011,NA,0.476175011,0.476175011
2019,"region_6","epinephelus",3943.3,NA,NA,NA,1133.649176,NA,NA,0.486602346,NA,0.486602346,0.486602346
2020,"region_6","epinephelus",21666.3,NA,NA,NA,1160.710945,NA,NA,0.498218215,NA,0.498218215,0.498218215
2021,"region_6","epinephelus",36276.4,NA,NA,NA,1178.47811,NA,NA,0.505844511,NA,0.505844511,0.505844511
2022,"region_6","epinephelus",14000.8,NA,NA,NA,1182.838027,NA,NA,0.507715942,NA,0.507715942,0.507715942
2023,"region_6","epinephelus",234,NA,NA,NA,1180.943857,NA,NA,0.506902897,NA,0.506902897,0.506902897
2024,"region_6","epinephelus",5163,NA,NA,NA,1191.386379,NA,NA,0.511385197,NA,0.511385197,0.511385197
2018,"region_7","epinephelus",313,NA,NA,NA,1109.356363,NA,NA,0.476175011,NA,0.476175011,0.476175011
2019,"region_7","epinephelus",1393.3,NA,NA,NA,1133.649176,NA,NA,0.486602346,NA,0.486602346,0.486602346
2020,"region_7","epinephelus",1990,NA,NA,NA,1160.710945,NA,NA,0.498218215,NA,0.498218215,0.498218215
2021,"region_7","epinephelus",670.6,NA,NA,NA,1178.47811,NA,NA,0.505844511,NA,0.505844511,0.505844511
2022,"region_7","epinephelus",847.6,NA,NA,NA,1182.838027,NA,NA,0.507715942,NA,0.507715942,0.507715942
2023,"region_7","epinephelus",23712,NA,NA,NA,1180.943857,NA,NA,0.506902897,NA,0.506902897,0.506902897
2024,"region_7","epinephelus",625.9,NA,NA,NA,1191.386379,NA,NA,0.511385197,NA,0.511385197,0.511385197
2018,"region_8","epinephelus",727.1,NA,NA,NA,1109.356363,NA,NA,0.476175011,NA,0.476175011,0.476175011
2019,"region_8","epinephelus",840.4,NA,NA,NA,1133.649176,NA,NA,0.486602346,NA,0.486602346,0.486602346
2020,"region_8","epinephelus",287.7,NA,NA,NA,1160.710945,NA,NA,0.498218215,NA,0.498218215,0.498218215
2021,"region_8","epinephelus",178.4,NA,NA,NA,1178.47811,NA,NA,0.505844511,NA,0.505844511,0.505844511
2022,"region_8","epinephelus",1646.4,NA,NA,NA,1182.838027,NA,NA,0.507715942,NA,0.507715942,0.507715942
2023,"region_8","epinephelus",63,NA,NA,NA,1180.943857,NA,NA,0.506902897,NA,0.506902897,0.506902897
2024,"region_8","epinephelus",224,NA,NA,NA,1191.386379,NA,NA,0.511385197,NA,0.511385197,0.511385197
2018,"region_9","epinephelus",15269.1,NA,NA,NA,1109.356363,NA,NA,0.476175011,NA,0.476175011,0.476175011
2019,"region_9","epinephelus",8634.8,NA,NA,NA,1133.649176,NA,NA,0.486602346,NA,0.486602346,0.486602346
2020,"region_9","epinephelus",8141.6,NA,NA,NA,1160.710945,NA,NA,0.498218215,NA,0.498218215,0.498218215
2021,"region_9","epinephelus",5056.7,NA,NA,NA,1178.47811,NA,NA,0.505844511,NA,0.505844511,0.505844511
2022,"region_9","epinephelus",4042.5,NA,NA,NA,1182.838027,NA,NA,0.507715942,NA,0.507715942,0.507715942
2024,"region_9","epinephelus",110,NA,NA,NA,1191.386379,NA,NA,0.511385197,NA,0.511385197,0.511385197
2022,"region_2","galeocerdo",120,120,1,"maximally harvested",44.43591639,NA,1,1.132410649,NA,1.132410649,1
2018,"region_3","galeocerdo",101,1653.2,5,"maximally harvested",33.62325323,NA,1,0.856859341,NA,0.856859341,0.856859341
2019,"region_3","galeocerdo",183,1653.2,5,"maximally harvested",36.41711986,NA,1,0.9280586,NA,0.9280586,0.9280586
2020,"region_3","galeocerdo",3396,1653.2,5,"maximally harvested",39.71093105,NA,0.48680800942285,1.011998511,NA,1.011998511,1
2021,"region_3","galeocerdo",2312,1653.2,5,"maximally harvested",42.39689949,NA,0.715051903114187,1.080448078,NA,1.080448078,1
2022,"region_3","galeocerdo",2274,1653.2,5,"maximally harvested",44.43591639,NA,0.727000879507476,1.132410649,NA,1.132410649,1
2023,"region_3","galeocerdo",4744,1653.2,5,"maximally harvested",45.15783799,NA,0.348482293423272,1.150808193,NA,1.150808193,1
2024,"region_3","galeocerdo",795.5,1653.2,5,"maximally harvested",44.02606884,NA,1,1.121966041,NA,1.121966041,1
2018,"region_4","galeocerdo",78,84.25,3,"maximally harvested",33.62325323,NA,1,0.856859341,NA,0.856859341,0.856859341
2021,"region_4","galeocerdo",75.75,84.25,3,"maximally harvested",42.39689949,NA,1,1.080448078,NA,1.080448078,1
2022,"region_4","galeocerdo",99,84.25,3,"maximally harvested",44.43591639,NA,0.851010101010101,1.132410649,NA,1.132410649,1
2023,"region_4","galeocerdo",227,84.25,3,"maximally harvested",45.15783799,NA,0.371145374449339,1.150808193,NA,1.150808193,1
2024,"region_4","galeocerdo",157.5,84.25,3,"maximally harvested",44.02606884,NA,0.534920634920635,1.121966041,NA,1.121966041,1
2018,"region_8","galeocerdo",45,70,2,"maximally harvested",33.62325323,NA,1,0.856859341,NA,0.856859341,0.856859341
2019,"region_8","galeocerdo",95,70,2,"maximally harvested",36.41711986,NA,0.736842105263158,0.9280586,NA,0.9280586,0.9280586
2023,"region_8","galeocerdo",550,70,2,"maximally harvested",45.15783799,NA,0.127272727272727,1.150808193,NA,1.150808193,1
2024,"region_8","galeocerdo",29381.25,70,2,"maximally harvested",44.02606884,NA,0.00238247181450755,1.121966041,NA,1.121966041,1
2019,"region_9","galeocerdo",500,1709.9,3,"maximally harvested",36.41711986,NA,1,0.9280586,NA,0.9280586,0.9280586
2020,"region_9","galeocerdo",1115.4,1709.9,3,"maximally harvested",39.71093105,NA,1,1.011998511,NA,1.011998511,1
2022,"region_9","galeocerdo",3514.3,1709.9,3,"maximally harvested",44.43591639,NA,0.486554932703526,1.132410649,NA,1.132410649,1
2023,"region_9","galeocerdo",6000,1709.9,3,"maximally harvested",45.15783799,NA,0.284983333333333,1.150808193,NA,1.150808193,1
2024,"region_9","galeocerdo",15850,1709.9,3,"maximally harvested",44.02606884,NA,0.107880126182965,1.121966041,NA,1.121966041,1
2021,"region_1","ginglymostoma",31.9,NA,NA,NA,40.29415058,NA,NA,0.990371446,NA,0.990371446,0.990371446
2022,"region_1","ginglymostoma",547.8,NA,NA,NA,42.71887337,NA,NA,1.049967595,NA,1.049967595,1
2023,"region_1","ginglymostoma",363,NA,NA,NA,44.97073868,NA,NA,1.10531516,NA,1.10531516,1
2024,"region_1","ginglymostoma",594,NA,NA,NA,46.90001499,NA,NA,1.152733957,NA,1.152733957,1
2019,"region_2","ginglymostoma",15,NA,NA,NA,42.29150275,NA,NA,1.039463449,NA,1.039463449,1
2021,"region_2","ginglymostoma",223.5,NA,NA,NA,40.29415058,NA,NA,0.990371446,NA,0.990371446,0.990371446
2022,"region_2","ginglymostoma",525,NA,NA,NA,42.71887337,NA,NA,1.049967595,NA,1.049967595,1
2023,"region_2","ginglymostoma",290,NA,NA,NA,44.97073868,NA,NA,1.10531516,NA,1.10531516,1
2024,"region_2","ginglymostoma",34,NA,NA,NA,46.90001499,NA,NA,1.152733957,NA,1.152733957,1
2018,"region_3","ginglymostoma",127,NA,NA,NA,43.43254709,NA,NA,1.067508654,NA,1.067508654,1
2019,"region_3","ginglymostoma",364,NA,NA,NA,42.29150275,NA,NA,1.039463449,NA,1.039463449,1
2020,"region_3","ginglymostoma",871,NA,NA,NA,41.33033968,NA,NA,1.015839462,NA,1.015839462,1
2021,"region_3","ginglymostoma",26,NA,NA,NA,40.29415058,NA,NA,0.990371446,NA,0.990371446,0.990371446
2023,"region_3","ginglymostoma",253,NA,NA,NA,44.97073868,NA,NA,1.10531516,NA,1.10531516,1
2024,"region_3","ginglymostoma",204.6,NA,NA,NA,46.90001499,NA,NA,1.152733957,NA,1.152733957,1
2018,"region_9","ginglymostoma",12862.5,NA,NA,NA,43.43254709,NA,NA,1.067508654,NA,1.067508654,1
2020,"region_9","ginglymostoma",90,NA,NA,NA,41.33033968,NA,NA,1.015839462,NA,1.015839462,1
2021,"region_9","ginglymostoma",100,NA,NA,NA,40.29415058,NA,NA,0.990371446,NA,0.990371446,0.990371446
2022,"region_9","ginglymostoma",253,NA,NA,NA,42.71887337,NA,NA,1.049967595,NA,1.049967595,1
2023,"region_9","ginglymostoma",1050,NA,NA,NA,44.97073868,NA,NA,1.10531516,NA,1.10531516,1
2024,"region_9","ginglymostoma",30,NA,NA,NA,46.90001499,NA,NA,1.152733957,NA,1.152733957,1
2018,"region_1","hexaplex",4508,NA,NA,NA,23570.97454,NA,NA,1.820837268,NA,1.820837268,1
2020,"region_1","hexaplex",1369,NA,NA,NA,23541.81829,NA,NA,1.818584973,NA,1.818584973,1
2020,"region_2","hexaplex",300,NA,NA,NA,23541.81829,NA,NA,1.818584973,NA,1.818584973,1
2018,"region_3","hexaplex",1000,NA,NA,NA,23570.97454,NA,NA,1.820837268,NA,1.820837268,1
2020,"region_3","hexaplex",3000,NA,NA,NA,23541.81829,NA,NA,1.818584973,NA,1.818584973,1
2022,"region_3","hexaplex",500,NA,NA,NA,23388.53765,NA,NA,1.806744177,NA,1.806744177,1
2023,"region_3","hexaplex",5636,NA,NA,NA,23472.0359,NA,NA,1.813194344,NA,1.813194344,1
2024,"region_3","hexaplex",329,NA,NA,NA,23779.70756,NA,NA,1.836961712,NA,1.836961712,1
2018,"region_4_5_6_sonora_tbd","hexaplex",18900,NA,NA,NA,23570.97454,NA,NA,1.820837268,NA,1.820837268,1
2021,"region_4_5_6_sonora_tbd","hexaplex",2150,NA,NA,NA,23469.02775,NA,NA,1.812961967,NA,1.812961967,1
2022,"region_4_5_6_sonora_tbd","hexaplex",2025,NA,NA,NA,23388.53765,NA,NA,1.806744177,NA,1.806744177,1
2018,"region_5","hexaplex",407912,NA,NA,NA,23570.97454,NA,NA,1.820837268,NA,1.820837268,1
2019,"region_5","hexaplex",180860,NA,NA,NA,23439.99111,NA,NA,1.810718912,NA,1.810718912,1
2020,"region_5","hexaplex",305719,NA,NA,NA,23541.81829,NA,NA,1.818584973,NA,1.818584973,1
2021,"region_5","hexaplex",137019,NA,NA,NA,23469.02775,NA,NA,1.812961967,NA,1.812961967,1
2022,"region_5","hexaplex",98046,NA,NA,NA,23388.53765,NA,NA,1.806744177,NA,1.806744177,1
2023,"region_5","hexaplex",290542,NA,NA,NA,23472.0359,NA,NA,1.813194344,NA,1.813194344,1
2024,"region_5","hexaplex",68700,NA,NA,NA,23779.70756,NA,NA,1.836961712,NA,1.836961712,1
2018,"region_6","hexaplex",61198,NA,NA,NA,23570.97454,NA,NA,1.820837268,NA,1.820837268,1
2019,"region_6","hexaplex",119921,NA,NA,NA,23439.99111,NA,NA,1.810718912,NA,1.810718912,1
2020,"region_6","hexaplex",246806,NA,NA,NA,23541.81829,NA,NA,1.818584973,NA,1.818584973,1
2021,"region_6","hexaplex",151042,NA,NA,NA,23469.02775,NA,NA,1.812961967,NA,1.812961967,1
2022,"region_6","hexaplex",185855,NA,NA,NA,23388.53765,NA,NA,1.806744177,NA,1.806744177,1
2023,"region_6","hexaplex",212505,NA,NA,NA,23472.0359,NA,NA,1.813194344,NA,1.813194344,1
2024,"region_6","hexaplex",48100,NA,NA,NA,23779.70756,NA,NA,1.836961712,NA,1.836961712,1
2018,"region_7","hexaplex",293093,NA,NA,NA,23570.97454,NA,NA,1.820837268,NA,1.820837268,1
2019,"region_7","hexaplex",564520,NA,NA,NA,23439.99111,NA,NA,1.810718912,NA,1.810718912,1
2020,"region_7","hexaplex",807339,NA,NA,NA,23541.81829,NA,NA,1.818584973,NA,1.818584973,1
2021,"region_7","hexaplex",799537,NA,NA,NA,23469.02775,NA,NA,1.812961967,NA,1.812961967,1
2022,"region_7","hexaplex",351872,NA,NA,NA,23388.53765,NA,NA,1.806744177,NA,1.806744177,1
2023,"region_7","hexaplex",307098,NA,NA,NA,23472.0359,NA,NA,1.813194344,NA,1.813194344,1
2024,"region_7","hexaplex",92761,NA,NA,NA,23779.70756,NA,NA,1.836961712,NA,1.836961712,1
2018,"region_8","hexaplex",292170,NA,NA,NA,23570.97454,NA,NA,1.820837268,NA,1.820837268,1
2019,"region_8","hexaplex",247864,NA,NA,NA,23439.99111,NA,NA,1.810718912,NA,1.810718912,1
2020,"region_8","hexaplex",339383,NA,NA,NA,23541.81829,NA,NA,1.818584973,NA,1.818584973,1
2021,"region_8","hexaplex",99802,NA,NA,NA,23469.02775,NA,NA,1.812961967,NA,1.812961967,1
2022,"region_8","hexaplex",103223,NA,NA,NA,23388.53765,NA,NA,1.806744177,NA,1.806744177,1
2023,"region_8","hexaplex",109938,NA,NA,NA,23472.0359,NA,NA,1.813194344,NA,1.813194344,1
2024,"region_8","hexaplex",9443,NA,NA,NA,23779.70756,NA,NA,1.836961712,NA,1.836961712,1
2018,"region_2","hyporthodus niphobles",68,NA,NA,NA,1693.896486,NA,NA,0.477784946,NA,0.477784946,0.477784946
2020,"region_2","hyporthodus niphobles",1118.7,NA,NA,NA,1697.703751,NA,NA,0.478858833,NA,0.478858833,0.478858833
2021,"region_2","hyporthodus niphobles",41.8,NA,NA,NA,1709.606299,NA,NA,0.482216098,NA,0.482216098,0.482216098
2022,"region_2","hyporthodus niphobles",1.1,NA,NA,NA,1715.753135,NA,NA,0.483949891,NA,0.483949891,0.483949891
2023,"region_2","hyporthodus niphobles",1082,NA,NA,NA,1726.91301,NA,NA,0.487097675,NA,0.487097675,0.487097675
2024,"region_2","hyporthodus niphobles",548.5,NA,NA,NA,1720.656076,NA,NA,0.485332827,NA,0.485332827,0.485332827
2018,"region_3","hyporthodus niphobles",1214.5,NA,NA,NA,1693.896486,NA,NA,0.477784946,NA,0.477784946,0.477784946
2019,"region_3","hyporthodus niphobles",568.7,NA,NA,NA,1697.397669,NA,NA,0.478772499,NA,0.478772499,0.478772499
2020,"region_3","hyporthodus niphobles",1200.3,NA,NA,NA,1697.703751,NA,NA,0.478858833,NA,0.478858833,0.478858833
2021,"region_3","hyporthodus niphobles",19373.4,NA,NA,NA,1709.606299,NA,NA,0.482216098,NA,0.482216098,0.482216098
2022,"region_3","hyporthodus niphobles",6776.8,NA,NA,NA,1715.753135,NA,NA,0.483949891,NA,0.483949891,0.483949891
2023,"region_3","hyporthodus niphobles",21209,NA,NA,NA,1726.91301,NA,NA,0.487097675,NA,0.487097675,0.487097675
2024,"region_3","hyporthodus niphobles",964.1,NA,NA,NA,1720.656076,NA,NA,0.485332827,NA,0.485332827,0.485332827
2018,"region_4","hyporthodus niphobles",81146.1,NA,NA,NA,1693.896486,NA,NA,0.477784946,NA,0.477784946,0.477784946
2019,"region_4","hyporthodus niphobles",71085.9,NA,NA,NA,1697.397669,NA,NA,0.478772499,NA,0.478772499,0.478772499
2020,"region_4","hyporthodus niphobles",27102.5,NA,NA,NA,1697.703751,NA,NA,0.478858833,NA,0.478858833,0.478858833
2021,"region_4","hyporthodus niphobles",69494,NA,NA,NA,1709.606299,NA,NA,0.482216098,NA,0.482216098,0.482216098
2022,"region_4","hyporthodus niphobles",46042.7,NA,NA,NA,1715.753135,NA,NA,0.483949891,NA,0.483949891,0.483949891
2023,"region_4","hyporthodus niphobles",62321,NA,NA,NA,1726.91301,NA,NA,0.487097675,NA,0.487097675,0.487097675
2024,"region_4","hyporthodus niphobles",59714.44,NA,NA,NA,1720.656076,NA,NA,0.485332827,NA,0.485332827,0.485332827
2023,"region_5","hyporthodus niphobles",6880,NA,NA,NA,1726.91301,NA,NA,0.487097675,NA,0.487097675,0.487097675
2020,"region_6","hyporthodus niphobles",70,NA,NA,NA,1697.703751,NA,NA,0.478858833,NA,0.478858833,0.478858833
2021,"region_6","hyporthodus niphobles",12.1,NA,NA,NA,1709.606299,NA,NA,0.482216098,NA,0.482216098,0.482216098
2023,"region_6","hyporthodus niphobles",1050,NA,NA,NA,1726.91301,NA,NA,0.487097675,NA,0.487097675,0.487097675
2021,"region_7","hyporthodus niphobles",406,NA,NA,NA,1709.606299,NA,NA,0.482216098,NA,0.482216098,0.482216098
2023,"region_7","hyporthodus niphobles",3432,NA,NA,NA,1726.91301,NA,NA,0.487097675,NA,0.487097675,0.487097675
2024,"region_8","hyporthodus niphobles",61,NA,NA,NA,1720.656076,NA,NA,0.485332827,NA,0.485332827,0.485332827
2020,"region_1","isurus",8176.5,5242.66666666667,3,"maximally harvested",7568.062644,0,0.641187142012679,1.210810294,NA,1.210810294,1
2021,"region_1","isurus",440,5242.66666666667,3,"maximally harvested",7360.353751,0,1,1.177579059,NA,1.177579059,1
2022,"region_1","isurus",7111.5,5242.66666666667,3,"maximally harvested",6993.34562,1,0.737209683845415,1.118861624,1.18,1.18,1
2023,"region_1","isurus",3039,5242.66666666667,3,"maximally harvested",6541.879529,0,1,1.046631806,NA,1.046631806,1
2024,"region_1","isurus",2090,5242.66666666667,3,"maximally harvested",6025.384125,0,1,0.963997983,NA,0.963997983,0.963997983
2018,"region_2","isurus",2287,7311.08,5,"maximally harvested",7742.722158,0,1,1.238753976,NA,1.238753976,1
2019,"region_2","isurus",12278,7311.08,5,"maximally harvested",7675.468428,0,0.595461801596351,1.227994087,NA,1.227994087,1
2020,"region_2","isurus",4455,7311.08,5,"maximally harvested",7568.062644,0,1,1.210810294,NA,1.210810294,1
2021,"region_2","isurus",8762.2,7311.08,5,"maximally harvested",7360.353751,0,0.834388623861587,1.177579059,NA,1.177579059,1
2022,"region_2","isurus",8773.2,7311.08,5,"maximally harvested",6993.34562,1,0.833342452012948,1.118861624,1.18,1.18,1
2023,"region_2","isurus",3663,7311.08,5,"maximally harvested",6541.879529,0,1,1.046631806,NA,1.046631806,1
2024,"region_2","isurus",6581.5,7311.08,5,"maximally harvested",6025.384125,0,1,0.963997983,NA,0.963997983,0.963997983
2018,"region_3","isurus",7833,21700.09,5,"maximally harvested",7742.722158,0,1,1.238753976,NA,1.238753976,1
2019,"region_3","isurus",55442.7,21700.09,5,"maximally harvested",7675.468428,0,0.391396703263009,1.227994087,NA,1.227994087,1
2020,"region_3","isurus",24801.75,21700.09,5,"maximally harvested",7568.062644,0,0.874941889181207,1.210810294,NA,1.210810294,1
2021,"region_3","isurus",14859.55,21700.09,5,"maximally harvested",7360.353751,0,1,1.177579059,NA,1.177579059,1
2022,"region_3","isurus",5563.45,21700.09,5,"maximally harvested",6993.34562,1,1,1.118861624,1.18,1.18,1
2023,"region_3","isurus",10605,21700.09,5,"maximally harvested",6541.879529,0,1,1.046631806,NA,1.046631806,1
2024,"region_3","isurus",17527.6,21700.09,5,"maximally harvested",6025.384125,0,1,0.963997983,NA,0.963997983,0.963997983
2018,"region_4","isurus",24802,78546.27,5,"maximally harvested",7742.722158,0,1,1.238753976,NA,1.238753976,1
2019,"region_4","isurus",26245.5,78546.27,5,"maximally harvested",7675.468428,0,1,1.227994087,NA,1.227994087,1
2020,"region_4","isurus",70133.55,78546.27,5,"maximally harvested",7568.062644,0,1,1.210810294,NA,1.210810294,1
2021,"region_4","isurus",171053.55,78546.27,5,"maximally harvested",7360.353751,0,0.459191112958486,1.177579059,NA,1.177579059,1
2022,"region_4","isurus",100496.75,78546.27,5,"maximally harvested",6993.34562,1,0.781580200354738,1.118861624,1.18,1.18,1
2023,"region_4","isurus",119208,78546.27,5,"maximally harvested",6541.879529,0,0.658900996577411,1.046631806,NA,1.046631806,1
2024,"region_4","isurus",258645.7,78546.27,5,"maximally harvested",6025.384125,0,0.303682875841354,0.963997983,NA,0.963997983,0.963997983
2020,"region_4_5_6_sonora_tbd","isurus",13762.5,11568.75,2,NA,7568.062644,0,NA,1.210810294,NA,1.210810294,1
2021,"region_4_5_6_sonora_tbd","isurus",9375,11568.75,2,NA,7360.353751,0,NA,1.177579059,NA,1.177579059,1
2021,"region_5","isurus",128.75,128.75,1,"maximally harvested",7360.353751,0,1,1.177579059,NA,1.177579059,1
2023,"region_5","isurus",6000,128.75,1,"maximally harvested",6541.879529,0,0.0214583333333333,1.046631806,NA,1.046631806,1
2024,"region_5","isurus",5660,128.75,1,"maximally harvested",6025.384125,0,0.0227473498233216,0.963997983,NA,0.963997983,0.963997983
2022,"region_6","isurus",995,995,1,"maximally harvested",6993.34562,1,1,1.118861624,1.18,1.18,1
2019,"region_7","isurus",625,94596.25,3,"maximally harvested",7675.468428,0,1,1.227994087,NA,1.227994087,1
2020,"region_7","isurus",881.25,94596.25,3,"maximally harvested",7568.062644,0,1,1.210810294,NA,1.210810294,1
2022,"region_7","isurus",282282.5,94596.25,3,"maximally harvested",6993.34562,1,0.335111988876392,1.118861624,1.18,1.18,1
2018,"region_8","isurus",205363.35,453060.08,5,"maximally harvested",7742.722158,0,1,1.238753976,NA,1.238753976,1
2019,"region_8","isurus",502345.6,453060.08,5,"maximally harvested",7675.468428,0,0.901889217303784,1.227994087,NA,1.227994087,1
2020,"region_8","isurus",521777.15,453060.08,5,"maximally harvested",7568.062644,0,0.868301879451793,1.210810294,NA,1.210810294,1
2021,"region_8","isurus",589426.95,453060.08,5,"maximally harvested",7360.353751,0,0.768645003422392,1.177579059,NA,1.177579059,1
2022,"region_8","isurus",446387.35,453060.08,5,"maximally harvested",6993.34562,1,1,1.118861624,1.18,1.18,1
2023,"region_8","isurus",719786,453060.08,5,"maximally harvested",6541.879529,0,0.629437193832611,1.046631806,NA,1.046631806,1
2024,"region_8","isurus",747663.125,453060.08,5,"maximally harvested",6025.384125,0,0.605968202591241,0.963997983,NA,0.963997983,0.963997983
2018,"region_9","isurus",13060,12140.9,5,"maximally harvested",7742.722158,0,1,1.238753976,NA,1.238753976,1
2019,"region_9","isurus",37825,12140.9,5,"maximally harvested",7675.468428,0,0.32097554527429,1.227994087,NA,1.227994087,1
2020,"region_9","isurus",3150.4,12140.9,5,"maximally harvested",7568.062644,0,1,1.210810294,NA,1.210810294,1
2021,"region_9","isurus",2465,12140.9,5,"maximally harvested",7360.353751,0,1,1.177579059,NA,1.177579059,1
2022,"region_9","isurus",4204.1,12140.9,5,"maximally harvested",6993.34562,1,1,1.118861624,1.18,1.18,1
2023,"region_9","isurus",1694,12140.9,5,"maximally harvested",6541.879529,0,1,1.046631806,NA,1.046631806,1
2024,"region_9","isurus",1455,12140.9,5,"maximally harvested",6025.384125,0,1,0.963997983,NA,0.963997983,0.963997983
2018,"region_1","lamna",405.592,NA,NA,NA,967.6656958,NA,NA,1.393392652,NA,1.393392652,1
2019,"region_1","lamna",337.7,NA,NA,NA,953.1422854,NA,NA,1.37247963,NA,1.37247963,1
2021,"region_1","lamna",33,NA,NA,NA,914.8255153,NA,NA,1.317305301,NA,1.317305301,1
2022,"region_1","lamna",57.2,NA,NA,NA,812.0567457,NA,NA,1.169323153,NA,1.169323153,1
2018,"region_2","lamna",47534.6,NA,NA,NA,967.6656958,NA,NA,1.393392652,NA,1.393392652,1
2019,"region_2","lamna",36521.732,NA,NA,NA,953.1422854,NA,NA,1.37247963,NA,1.37247963,1
2020,"region_2","lamna",61728.8,NA,NA,NA,938.8045852,NA,NA,1.351834023,NA,1.351834023,1
2021,"region_2","lamna",63901.1,NA,NA,NA,914.8255153,NA,NA,1.317305301,NA,1.317305301,1
2022,"region_2","lamna",12691.9,NA,NA,NA,812.0567457,NA,NA,1.169323153,NA,1.169323153,1
2023,"region_2","lamna",735,NA,NA,NA,710.0595247,NA,NA,1.022451998,NA,1.022451998,1
2024,"region_2","lamna",110,NA,NA,NA,633.5461084,NA,NA,0.912276312,NA,0.912276312,0.912276312
2018,"region_3","lamna",7735.75,NA,NA,NA,967.6656958,NA,NA,1.393392652,NA,1.393392652,1
2019,"region_3","lamna",279.4,NA,NA,NA,953.1422854,NA,NA,1.37247963,NA,1.37247963,1
2020,"region_3","lamna",2563.75,NA,NA,NA,938.8045852,NA,NA,1.351834023,NA,1.351834023,1
2021,"region_3","lamna",10808.6,NA,NA,NA,914.8255153,NA,NA,1.317305301,NA,1.317305301,1
2022,"region_3","lamna",31500.2,NA,NA,NA,812.0567457,NA,NA,1.169323153,NA,1.169323153,1
2023,"region_3","lamna",1210,NA,NA,NA,710.0595247,NA,NA,1.022451998,NA,1.022451998,1
2019,"region_4","lamna",47.5,NA,NA,NA,953.1422854,NA,NA,1.37247963,NA,1.37247963,1
2021,"region_4","lamna",933.75,NA,NA,NA,914.8255153,NA,NA,1.317305301,NA,1.317305301,1
2024,"region_4","lamna",2128.75,NA,NA,NA,633.5461084,NA,NA,0.912276312,NA,0.912276312,0.912276312
2018,"region_5","lamna",328.9,NA,NA,NA,967.6656958,NA,NA,1.393392652,NA,1.393392652,1
2020,"region_5","lamna",985.5,NA,NA,NA,938.8045852,NA,NA,1.351834023,NA,1.351834023,1
2021,"region_5","lamna",394.9,NA,NA,NA,914.8255153,NA,NA,1.317305301,NA,1.317305301,1
2022,"region_5","lamna",529.9,NA,NA,NA,812.0567457,NA,NA,1.169323153,NA,1.169323153,1
2024,"region_5","lamna",407,NA,NA,NA,633.5461084,NA,NA,0.912276312,NA,0.912276312,0.912276312
2018,"region_6","lamna",50.6,NA,NA,NA,967.6656958,NA,NA,1.393392652,NA,1.393392652,1
2019,"region_6","lamna",289.3,NA,NA,NA,953.1422854,NA,NA,1.37247963,NA,1.37247963,1
2020,"region_6","lamna",457.2,NA,NA,NA,938.8045852,NA,NA,1.351834023,NA,1.351834023,1
2021,"region_6","lamna",316.9,NA,NA,NA,914.8255153,NA,NA,1.317305301,NA,1.317305301,1
2022,"region_6","lamna",67.4,NA,NA,NA,812.0567457,NA,NA,1.169323153,NA,1.169323153,1
2024,"region_6","lamna",220,NA,NA,NA,633.5461084,NA,NA,0.912276312,NA,0.912276312,0.912276312
2018,"region_7","lamna",278.3,NA,NA,NA,967.6656958,NA,NA,1.393392652,NA,1.393392652,1
2019,"region_7","lamna",132,NA,NA,NA,953.1422854,NA,NA,1.37247963,NA,1.37247963,1
2020,"region_7","lamna",3135.5,NA,NA,NA,938.8045852,NA,NA,1.351834023,NA,1.351834023,1
2021,"region_7","lamna",217939.6,NA,NA,NA,914.8255153,NA,NA,1.317305301,NA,1.317305301,1
2022,"region_7","lamna",588.5,NA,NA,NA,812.0567457,NA,NA,1.169323153,NA,1.169323153,1
2023,"region_7","lamna",787,NA,NA,NA,710.0595247,NA,NA,1.022451998,NA,1.022451998,1
2024,"region_7","lamna",1894.2,NA,NA,NA,633.5461084,NA,NA,0.912276312,NA,0.912276312,0.912276312
2020,"region_8","lamna",50,NA,NA,NA,938.8045852,NA,NA,1.351834023,NA,1.351834023,1
2021,"region_8","lamna",579,NA,NA,NA,914.8255153,NA,NA,1.317305301,NA,1.317305301,1
2022,"region_8","lamna",115.3,NA,NA,NA,812.0567457,NA,NA,1.169323153,NA,1.169323153,1
2020,"region_7","larimus",300,NA,NA,NA,23.81731794,NA,NA,0.455267391,NA,0.455267391,0.455267391
2021,"region_7","larimus",300,NA,NA,NA,22.53749258,NA,NA,0.430803564,NA,0.430803564,0.430803564
2018,"region_8","larimus",8485,NA,NA,NA,32.91366412,NA,NA,0.629143804,NA,0.629143804,0.629143804
2019,"region_8","larimus",11181,NA,NA,NA,29.15408922,NA,NA,0.557279631,NA,0.557279631,0.557279631
2020,"region_8","larimus",3375,NA,NA,NA,23.81731794,NA,NA,0.455267391,NA,0.455267391,0.455267391
2021,"region_8","larimus",678,NA,NA,NA,22.53749258,NA,NA,0.430803564,NA,0.430803564,0.430803564
2022,"region_8","larimus",2142,NA,NA,NA,21.75832753,NA,NA,0.415909845,NA,0.415909845,0.415909845
2023,"region_8","larimus",1036,NA,NA,NA,24.03084174,NA,NA,0.459348893,NA,0.459348893,0.459348893
2024,"region_8","larimus",1985,NA,NA,NA,28.20748875,NA,NA,0.539185388,NA,0.539185388,0.539185388
2018,"region_9","larimus",608,NA,NA,NA,32.91366412,NA,NA,0.629143804,NA,0.629143804,0.629143804
2019,"region_9","larimus",1589,NA,NA,NA,29.15408922,NA,NA,0.557279631,NA,0.557279631,0.557279631
2020,"region_9","larimus",340,NA,NA,NA,23.81731794,NA,NA,0.455267391,NA,0.455267391,0.455267391
2021,"region_9","larimus",3286,NA,NA,NA,22.53749258,NA,NA,0.430803564,NA,0.430803564,0.430803564
2022,"region_9","larimus",1267,NA,NA,NA,21.75832753,NA,NA,0.415909845,NA,0.415909845,0.415909845
2023,"region_9","larimus",830,NA,NA,NA,24.03084174,NA,NA,0.459348893,NA,0.459348893,0.459348893
2024,"region_9","larimus",607,NA,NA,NA,28.20748875,NA,NA,0.539185388,NA,0.539185388,0.539185388
2018,"region_1","lobatus",2800,NA,NA,NA,845.6806656,NA,NA,1.870593359,NA,1.870593359,1
2019,"region_1","lobatus",2611,NA,NA,NA,825.3797091,NA,NA,1.825688898,NA,1.825688898,1
2018,"region_2","lobatus",30114,NA,NA,NA,845.6806656,NA,NA,1.870593359,NA,1.870593359,1
2019,"region_2","lobatus",44036,NA,NA,NA,825.3797091,NA,NA,1.825688898,NA,1.825688898,1
2020,"region_2","lobatus",6944,NA,NA,NA,812.1119886,NA,NA,1.79634152,NA,1.79634152,1
2021,"region_2","lobatus",31479,NA,NA,NA,827.6301318,NA,NA,1.830666694,NA,1.830666694,1
2022,"region_2","lobatus",15092,NA,NA,NA,830.3486622,NA,NA,1.836679915,NA,1.836679915,1
2023,"region_2","lobatus",700,NA,NA,NA,837.0149489,NA,NA,1.851425329,NA,1.851425329,1
2021,"region_4","lobatus",550,NA,NA,NA,827.6301318,NA,NA,1.830666694,NA,1.830666694,1
2022,"region_4","lobatus",3934,NA,NA,NA,830.3486622,NA,NA,1.836679915,NA,1.836679915,1
2023,"region_4","lobatus",25207,NA,NA,NA,837.0149489,NA,NA,1.851425329,NA,1.851425329,1
2024,"region_4","lobatus",10248,NA,NA,NA,833.3515566,NA,NA,1.843322132,NA,1.843322132,1
2019,"region_6","lobatus",3500,NA,NA,NA,825.3797091,NA,NA,1.825688898,NA,1.825688898,1
2021,"region_6","lobatus",2100,NA,NA,NA,827.6301318,NA,NA,1.830666694,NA,1.830666694,1
2019,"region_7","lobatus",700,NA,NA,NA,825.3797091,NA,NA,1.825688898,NA,1.825688898,1
2020,"region_7","lobatus",840,NA,NA,NA,812.1119886,NA,NA,1.79634152,NA,1.79634152,1
2021,"region_7","lobatus",2100,NA,NA,NA,827.6301318,NA,NA,1.830666694,NA,1.830666694,1
2024,"region_7","lobatus",7000,NA,NA,NA,833.3515566,NA,NA,1.843322132,NA,1.843322132,1
2018,"region_8","lobatus",200,NA,NA,NA,845.6806656,NA,NA,1.870593359,NA,1.870593359,1
2020,"region_8","lobatus",6332,NA,NA,NA,812.1119886,NA,NA,1.79634152,NA,1.79634152,1
2021,"region_8","lobatus",12926,NA,NA,NA,827.6301318,NA,NA,1.830666694,NA,1.830666694,1
2022,"region_8","lobatus",15046,NA,NA,NA,830.3486622,NA,NA,1.836679915,NA,1.836679915,1
2023,"region_8","lobatus",8950,NA,NA,NA,837.0149489,NA,NA,1.851425329,NA,1.851425329,1
2024,"region_8","lobatus",33797,NA,NA,NA,833.3515566,NA,NA,1.843322132,NA,1.843322132,1
2018,"region_1","lutjanus",3901.568,3538.9736,5,"maximally harvested",22737.86226,0,0.907064441783406,1.298144232,NA,1.298144232,1
2019,"region_1","lutjanus",536,3538.9736,5,"maximally harvested",18907.58977,0,1,1.079467292,NA,1.079467292,1
2020,"region_1","lutjanus",12399,3538.9736,5,"maximally harvested",15325.99318,1,0.285424114847972,0.874987693,1.1,1.1,1
2021,"region_1","lutjanus",183.8,3538.9736,5,"maximally harvested",12832.5749,0,1,0.732634093,NA,0.732634093,0.732634093
2022,"region_1","lutjanus",674.5,3538.9736,5,"maximally harvested",11081.56826,0,1,0.632666068,NA,0.632666068,0.632666068
2023,"region_1","lutjanus",2835,3538.9736,5,"maximally harvested",10033.39229,0,1,0.572823874,NA,0.572823874,0.572823874
2024,"region_1","lutjanus",1083.8,3538.9736,5,"maximally harvested",9147.901773,0,1,0.522269675,NA,0.522269675,0.522269675
2018,"region_2","lutjanus",18082.83,25672.566,5,"maximally harvested",22737.86226,0,1,1.298144232,NA,1.298144232,1
2019,"region_2","lutjanus",18359.9,25672.566,5,"maximally harvested",18907.58977,0,1,1.079467292,NA,1.079467292,1
2020,"region_2","lutjanus",31340.55,25672.566,5,"maximally harvested",15325.99318,1,0.819148547169721,0.874987693,1.1,1.1,1
2021,"region_2","lutjanus",31924.6,25672.566,5,"maximally harvested",12832.5749,0,0.804162495379738,0.732634093,NA,0.732634093,0.732634093
2022,"region_2","lutjanus",28654.95,25672.566,5,"maximally harvested",11081.56826,0,0.895920809493648,0.632666068,NA,0.632666068,0.632666068
2023,"region_2","lutjanus",37390,25672.566,5,"maximally harvested",10033.39229,0,0.686615833110457,0.572823874,NA,0.572823874,0.572823874
2024,"region_2","lutjanus",31745.4,25672.566,5,"maximally harvested",9147.901773,0,0.808701922168251,0.522269675,NA,0.522269675,0.522269675
2018,"region_3","lutjanus",501839.98,444134.416,5,"maximally harvested",22737.86226,0,0.88501202315527,1.298144232,NA,1.298144232,1
2019,"region_3","lutjanus",418530.45,444134.416,5,"maximally harvested",18907.58977,0,1,1.079467292,NA,1.079467292,1
2020,"region_3","lutjanus",408498.45,444134.416,5,"maximally harvested",15325.99318,1,1,0.874987693,1.1,1.1,1
2021,"region_3","lutjanus",459140.9,444134.416,5,"maximally harvested",12832.5749,0,1,0.732634093,NA,0.732634093,0.732634093
2022,"region_3","lutjanus",432662.3,444134.416,5,"maximally harvested",11081.56826,0,1,0.632666068,NA,0.632666068,0.632666068
2023,"region_3","lutjanus",446234,444134.416,5,"maximally harvested",10033.39229,0,1,0.572823874,NA,0.572823874,0.572823874
2024,"region_3","lutjanus",318763.56,444134.416,5,"maximally harvested",9147.901773,0,1,0.522269675,NA,0.522269675,0.522269675
2024,"region_3_4_bcs_tbd","lutjanus",93.5,NA,0,NA,9147.901773,0,NA,0.522269675,NA,0.522269675,0.522269675
2018,"region_4","lutjanus",1483380.12,1286983.746,5,"maximally harvested",22737.86226,0,0.867602126149567,1.298144232,NA,1.298144232,1
2019,"region_4","lutjanus",1308660.21,1286983.746,5,"maximally harvested",18907.58977,0,1,1.079467292,NA,1.079467292,1
2020,"region_4","lutjanus",1347273.1,1286983.746,5,"maximally harvested",15325.99318,1,1,0.874987693,1.1,1.1,1
2021,"region_4","lutjanus",1036274.3,1286983.746,5,"maximally harvested",12832.5749,0,1,0.732634093,NA,0.732634093,0.732634093
2022,"region_4","lutjanus",1259331,1286983.746,5,"maximally harvested",11081.56826,0,1,0.632666068,NA,0.632666068,0.632666068
2023,"region_4","lutjanus",934994,1286983.746,5,"maximally harvested",10033.39229,0,1,0.572823874,NA,0.572823874,0.572823874
2024,"region_4","lutjanus",774785.385,1286983.746,5,"maximally harvested",9147.901773,0,1,0.522269675,NA,0.522269675,0.522269675
2018,"region_4_5_6_sonora_tbd","lutjanus",21610,5691.475,4,NA,22737.86226,0,NA,1.298144232,NA,1.298144232,1
2019,"region_4_5_6_sonora_tbd","lutjanus",566,5691.475,4,NA,18907.58977,0,NA,1.079467292,NA,1.079467292,1
2020,"region_4_5_6_sonora_tbd","lutjanus",26.4,5691.475,4,NA,15325.99318,1,NA,0.874987693,1.1,1.1,1
2022,"region_4_5_6_sonora_tbd","lutjanus",563.5,5691.475,4,NA,11081.56826,0,NA,0.632666068,NA,0.632666068,0.632666068
2023,"region_4_5_6_sonora_tbd","lutjanus",205,5691.475,4,NA,10033.39229,0,NA,0.572823874,NA,0.572823874,0.572823874
2024,"region_4_5_6_sonora_tbd","lutjanus",370,5691.475,4,NA,9147.901773,0,NA,0.522269675,NA,0.522269675,0.522269675
2018,"region_5","lutjanus",21373.9,25451.42,5,"maximally harvested",22737.86226,0,1,1.298144232,NA,1.298144232,1
2019,"region_5","lutjanus",24525.2,25451.42,5,"maximally harvested",18907.58977,0,1,1.079467292,NA,1.079467292,1
2020,"region_5","lutjanus",12603.6,25451.42,5,"maximally harvested",15325.99318,1,1,0.874987693,1.1,1.1,1
2021,"region_5","lutjanus",33487.9,25451.42,5,"maximally harvested",12832.5749,0,0.760018394703759,0.732634093,NA,0.732634093,0.732634093
2022,"region_5","lutjanus",35266.5,25451.42,5,"maximally harvested",11081.56826,0,0.721688287751833,0.632666068,NA,0.632666068,0.632666068
2023,"region_5","lutjanus",73168,25451.42,5,"maximally harvested",10033.39229,0,0.347849059698229,0.572823874,NA,0.572823874,0.572823874
2024,"region_5","lutjanus",47183,25451.42,5,"maximally harvested",9147.901773,0,0.53941928236865,0.522269675,NA,0.522269675,0.522269675
2018,"region_6","lutjanus",48945.7,133908.77,5,"maximally harvested",22737.86226,0,1,1.298144232,NA,1.298144232,1
2019,"region_6","lutjanus",71442.9,133908.77,5,"maximally harvested",18907.58977,0,1,1.079467292,NA,1.079467292,1
2020,"region_6","lutjanus",195506.2,133908.77,5,"maximally harvested",15325.99318,1,0.684933623588408,0.874987693,1.1,1.1,1
2021,"region_6","lutjanus",214408,133908.77,5,"maximally harvested",12832.5749,0,0.624551182791687,0.732634093,NA,0.732634093,0.732634093
2022,"region_6","lutjanus",139241.05,133908.77,5,"maximally harvested",11081.56826,0,1,0.632666068,NA,0.632666068,0.632666068
2023,"region_6","lutjanus",126097,133908.77,5,"maximally harvested",10033.39229,0,1,0.572823874,NA,0.572823874,0.572823874
2024,"region_6","lutjanus",98881.051,133908.77,5,"maximally harvested",9147.901773,0,1,0.522269675,NA,0.522269675,0.522269675
2018,"region_7","lutjanus",479723.9,448730.95,5,"maximally harvested",22737.86226,0,1,1.298144232,NA,1.298144232,1
2019,"region_7","lutjanus",514763.15,448730.95,5,"maximally harvested",18907.58977,0,0.871723141021264,1.079467292,NA,1.079467292,1
2020,"region_7","lutjanus",552144.95,448730.95,5,"maximally harvested",15325.99318,1,0.812704979009588,0.874987693,1.1,1.1,1
2021,"region_7","lutjanus",406982.6,448730.95,5,"maximally harvested",12832.5749,0,1,0.732634093,NA,0.732634093,0.732634093
2022,"region_7","lutjanus",290040.15,448730.95,5,"maximally harvested",11081.56826,0,1,0.632666068,NA,0.632666068,0.632666068
2023,"region_7","lutjanus",296564,448730.95,5,"maximally harvested",10033.39229,0,1,0.572823874,NA,0.572823874,0.572823874
2024,"region_7","lutjanus",235602.55,448730.95,5,"maximally harvested",9147.901773,0,1,0.522269675,NA,0.522269675,0.522269675
2018,"region_8","lutjanus",2417988.62,2143371.4786,5,"maximally harvested",22737.86226,0,0.886427446709819,1.298144232,NA,1.298144232,1
2019,"region_8","lutjanus",2654454.003,2143371.4786,5,"maximally harvested",18907.58977,0,0.807462278938574,1.079467292,NA,1.079467292,1
2020,"region_8","lutjanus",2072990.22,2143371.4786,5,"maximally harvested",15325.99318,1,1,0.874987693,1.1,1.1,1
2021,"region_8","lutjanus",1918291.25,2143371.4786,5,"maximally harvested",12832.5749,0,1,0.732634093,NA,0.732634093,0.732634093
2022,"region_8","lutjanus",1653133.3,2143371.4786,5,"maximally harvested",11081.56826,0,1,0.632666068,NA,0.632666068,0.632666068
2023,"region_8","lutjanus",1933857,2143371.4786,5,"maximally harvested",10033.39229,0,1,0.572823874,NA,0.572823874,0.572823874
2024,"region_8","lutjanus",2370483.2135,2143371.4786,5,"maximally harvested",9147.901773,0,0.904191797855142,0.522269675,NA,0.522269675,0.522269675
2018,"region_9","lutjanus",3427713.55,1946506.93,5,"maximally harvested",22737.86226,0,0.567873278092331,1.298144232,NA,1.298144232,1
2019,"region_9","lutjanus",2710725.15,1946506.93,5,"maximally harvested",18907.58977,0,0.718076094878155,1.079467292,NA,1.079467292,1
2020,"region_9","lutjanus",1508459.1,1946506.93,5,"maximally harvested",15325.99318,1,1,0.874987693,1.1,1.1,1
2021,"region_9","lutjanus",1029503.85,1946506.93,5,"maximally harvested",12832.5749,0,1,0.732634093,NA,0.732634093,0.732634093
2022,"region_9","lutjanus",1056133,1946506.93,5,"maximally harvested",11081.56826,0,1,0.632666068,NA,0.632666068,0.632666068
2023,"region_9","lutjanus",961178,1946506.93,5,"maximally harvested",10033.39229,0,1,0.572823874,NA,0.572823874,0.572823874
2024,"region_9","lutjanus",1080695.23,1946506.93,5,"maximally harvested",9147.901773,0,1,0.522269675,NA,0.522269675,0.522269675
2020,"region_1","megastraea",23280,13093.3333333333,3,"deteriorating",24963.90537,NA,0.281214203894616,1.991017019,NA,1.991017019,1
2021,"region_1","megastraea",3000,13093.3333333333,3,"deteriorating",24946.5368,NA,0.885437881873727,1.989631775,NA,1.989631775,1
2022,"region_1","megastraea",13000,13093.3333333333,3,"deteriorating",24952.12578,NA,0.5,1.990077529,NA,1.990077529,1
2023,"region_1","megastraea",700,13093.3333333333,3,"deteriorating",24935.06106,NA,0.97326883910387,1.988716517,NA,1.988716517,1
2024,"region_1","megastraea",6300,13093.3333333333,3,"deteriorating",24949.96582,NA,0.759419551934827,1.989905259,NA,1.989905259,1
2021,"region_2","megastraea",7029,7029,1,"deteriorating",24946.5368,NA,0.5,1.989631775,NA,1.989631775,1
2018,"region_3","megastraea",72394,69085.8,5,"maximally harvested",24953.09808,NA,1,1.990155075,NA,1.990155075,1
2019,"region_3","megastraea",60431,69085.8,5,"maximally harvested",24965.6487,NA,1,1.99115606,NA,1.99115606,1
2020,"region_3","megastraea",82824,69085.8,5,"maximally harvested",24963.90537,NA,0.834127789046653,1.991017019,NA,1.991017019,1
2021,"region_3","megastraea",26152,69085.8,5,"maximally harvested",24946.5368,NA,1,1.989631775,NA,1.989631775,1
2022,"region_3","megastraea",103628,69085.8,5,"maximally harvested",24952.12578,NA,0.666671169954067,1.990077529,NA,1.990077529,1
2023,"region_3","megastraea",43085,69085.8,5,"maximally harvested",24935.06106,NA,1,1.988716517,NA,1.988716517,1
2024,"region_3","megastraea",74893,69085.8,5,"maximally harvested",24949.96582,NA,1,1.989905259,NA,1.989905259,1
2018,"region_1","micropogonias",370791,NA,NA,NA,22992.48431,NA,NA,0.628356993,NA,0.628356993,0.628356993
2019,"region_1","micropogonias",109097,NA,NA,NA,24503.41657,NA,NA,0.669648958,NA,0.669648958,0.669648958
2020,"region_1","micropogonias",206073.9,NA,NA,NA,25040.05184,NA,NA,0.684314555,NA,0.684314555,0.684314555
2021,"region_1","micropogonias",2898646,NA,NA,NA,26108.68086,NA,NA,0.713518903,NA,0.713518903,0.713518903
2022,"region_1","micropogonias",2012861,NA,NA,NA,25317.28309,NA,NA,0.691890953,NA,0.691890953,0.691890953
2023,"region_1","micropogonias",3028051,NA,NA,NA,24571.70481,NA,NA,0.671515193,NA,0.671515193,0.671515193
2024,"region_1","micropogonias",2517347,NA,NA,NA,20309.35436,NA,NA,0.555030272,NA,0.555030272,0.555030272
2020,"region_1_2_baja_tbd","micropogonias",500,NA,NA,NA,25040.05184,NA,NA,0.684314555,NA,0.684314555,0.684314555
2022,"region_1_2_baja_tbd","micropogonias",29114,NA,NA,NA,25317.28309,NA,NA,0.691890953,NA,0.691890953,0.691890953
2024,"region_1_2_baja_tbd","micropogonias",12687,NA,NA,NA,20309.35436,NA,NA,0.555030272,NA,0.555030272,0.555030272
2018,"region_2","micropogonias",817736,NA,NA,NA,22992.48431,NA,NA,0.628356993,NA,0.628356993,0.628356993
2019,"region_2","micropogonias",3653073.4,NA,NA,NA,24503.41657,NA,NA,0.669648958,NA,0.669648958,0.669648958
2020,"region_2","micropogonias",1074180,NA,NA,NA,25040.05184,NA,NA,0.684314555,NA,0.684314555,0.684314555
2021,"region_2","micropogonias",1218371.6,NA,NA,NA,26108.68086,NA,NA,0.713518903,NA,0.713518903,0.713518903
2022,"region_2","micropogonias",1403073,NA,NA,NA,25317.28309,NA,NA,0.691890953,NA,0.691890953,0.691890953
2023,"region_2","micropogonias",1555005,NA,NA,NA,24571.70481,NA,NA,0.671515193,NA,0.671515193,0.671515193
2024,"region_2","micropogonias",1514705.5,NA,NA,NA,20309.35436,NA,NA,0.555030272,NA,0.555030272,0.555030272
2018,"region_3","micropogonias",1501.9,NA,NA,NA,22992.48431,NA,NA,0.628356993,NA,0.628356993,0.628356993
2019,"region_3","micropogonias",8126,NA,NA,NA,24503.41657,NA,NA,0.669648958,NA,0.669648958,0.669648958
2020,"region_3","micropogonias",32670,NA,NA,NA,25040.05184,NA,NA,0.684314555,NA,0.684314555,0.684314555
2021,"region_3","micropogonias",32044,NA,NA,NA,26108.68086,NA,NA,0.713518903,NA,0.713518903,0.713518903
2022,"region_3","micropogonias",2819.3,NA,NA,NA,25317.28309,NA,NA,0.691890953,NA,0.691890953,0.691890953
2023,"region_3","micropogonias",3486,NA,NA,NA,24571.70481,NA,NA,0.671515193,NA,0.671515193,0.671515193
2024,"region_3","micropogonias",8651,NA,NA,NA,20309.35436,NA,NA,0.555030272,NA,0.555030272,0.555030272
2020,"region_4","micropogonias",1587.5,NA,NA,NA,25040.05184,NA,NA,0.684314555,NA,0.684314555,0.684314555
2018,"region_4_5_6_sonora_tbd","micropogonias",39550,NA,NA,NA,22992.48431,NA,NA,0.628356993,NA,0.628356993,0.628356993
2019,"region_4_5_6_sonora_tbd","micropogonias",4500,NA,NA,NA,24503.41657,NA,NA,0.669648958,NA,0.669648958,0.669648958
2021,"region_4_5_6_sonora_tbd","micropogonias",1782010,NA,NA,NA,26108.68086,NA,NA,0.713518903,NA,0.713518903,0.713518903
2022,"region_4_5_6_sonora_tbd","micropogonias",1041154.5,NA,NA,NA,25317.28309,NA,NA,0.691890953,NA,0.691890953,0.691890953
2023,"region_4_5_6_sonora_tbd","micropogonias",528080,NA,NA,NA,24571.70481,NA,NA,0.671515193,NA,0.671515193,0.671515193
2024,"region_4_5_6_sonora_tbd","micropogonias",698320,NA,NA,NA,20309.35436,NA,NA,0.555030272,NA,0.555030272,0.555030272
2018,"region_5","micropogonias",1384575,NA,NA,NA,22992.48431,NA,NA,0.628356993,NA,0.628356993,0.628356993
2019,"region_5","micropogonias",1669375.6,NA,NA,NA,24503.41657,NA,NA,0.669648958,NA,0.669648958,0.669648958
2020,"region_5","micropogonias",459637.3,NA,NA,NA,25040.05184,NA,NA,0.684314555,NA,0.684314555,0.684314555
2021,"region_5","micropogonias",2769745.8,NA,NA,NA,26108.68086,NA,NA,0.713518903,NA,0.713518903,0.713518903
2022,"region_5","micropogonias",3151108,NA,NA,NA,25317.28309,NA,NA,0.691890953,NA,0.691890953,0.691890953
2023,"region_5","micropogonias",5499944,NA,NA,NA,24571.70481,NA,NA,0.671515193,NA,0.671515193,0.671515193
2024,"region_5","micropogonias",5073572.8,NA,NA,NA,20309.35436,NA,NA,0.555030272,NA,0.555030272,0.555030272
2018,"region_6","micropogonias",144226.9,NA,NA,NA,22992.48431,NA,NA,0.628356993,NA,0.628356993,0.628356993
2019,"region_6","micropogonias",534348.5,NA,NA,NA,24503.41657,NA,NA,0.669648958,NA,0.669648958,0.669648958
2020,"region_6","micropogonias",382946.1,NA,NA,NA,25040.05184,NA,NA,0.684314555,NA,0.684314555,0.684314555
2021,"region_6","micropogonias",307371.8,NA,NA,NA,26108.68086,NA,NA,0.713518903,NA,0.713518903,0.713518903
2022,"region_6","micropogonias",330302.6,NA,NA,NA,25317.28309,NA,NA,0.691890953,NA,0.691890953,0.691890953
2023,"region_6","micropogonias",624134,NA,NA,NA,24571.70481,NA,NA,0.671515193,NA,0.671515193,0.671515193
2024,"region_6","micropogonias",377410.1,NA,NA,NA,20309.35436,NA,NA,0.555030272,NA,0.555030272,0.555030272
2018,"region_7","micropogonias",1779606,NA,NA,NA,22992.48431,NA,NA,0.628356993,NA,0.628356993,0.628356993
2019,"region_7","micropogonias",2291051.3,NA,NA,NA,24503.41657,NA,NA,0.669648958,NA,0.669648958,0.669648958
2020,"region_7","micropogonias",679966.5,NA,NA,NA,25040.05184,NA,NA,0.684314555,NA,0.684314555,0.684314555
2021,"region_7","micropogonias",1407142.8,NA,NA,NA,26108.68086,NA,NA,0.713518903,NA,0.713518903,0.713518903
2022,"region_7","micropogonias",1143939.8,NA,NA,NA,25317.28309,NA,NA,0.691890953,NA,0.691890953,0.691890953
2023,"region_7","micropogonias",2005991,NA,NA,NA,24571.70481,NA,NA,0.671515193,NA,0.671515193,0.671515193
2024,"region_7","micropogonias",1451537.2,NA,NA,NA,20309.35436,NA,NA,0.555030272,NA,0.555030272,0.555030272
2018,"region_8","micropogonias",1090091.2,NA,NA,NA,22992.48431,NA,NA,0.628356993,NA,0.628356993,0.628356993
2019,"region_8","micropogonias",1473342.6,NA,NA,NA,24503.41657,NA,NA,0.669648958,NA,0.669648958,0.669648958
2020,"region_8","micropogonias",1351867.3,NA,NA,NA,25040.05184,NA,NA,0.684314555,NA,0.684314555,0.684314555
2021,"region_8","micropogonias",1229716,NA,NA,NA,26108.68086,NA,NA,0.713518903,NA,0.713518903,0.713518903
2022,"region_8","micropogonias",1498965.9,NA,NA,NA,25317.28309,NA,NA,0.691890953,NA,0.691890953,0.691890953
2023,"region_8","micropogonias",1226914,NA,NA,NA,24571.70481,NA,NA,0.671515193,NA,0.671515193,0.671515193
2024,"region_8","micropogonias",1094550.9,NA,NA,NA,20309.35436,NA,NA,0.555030272,NA,0.555030272,0.555030272
2018,"region_9","micropogonias",242655.85,NA,NA,NA,22992.48431,NA,NA,0.628356993,NA,0.628356993,0.628356993
2019,"region_9","micropogonias",153587.7,NA,NA,NA,24503.41657,NA,NA,0.669648958,NA,0.669648958,0.669648958
2020,"region_9","micropogonias",235545.35,NA,NA,NA,25040.05184,NA,NA,0.684314555,NA,0.684314555,0.684314555
2021,"region_9","micropogonias",227690.8,NA,NA,NA,26108.68086,NA,NA,0.713518903,NA,0.713518903,0.713518903
2022,"region_9","micropogonias",218582.7,NA,NA,NA,25317.28309,NA,NA,0.691890953,NA,0.691890953,0.691890953
2023,"region_9","micropogonias",172345,NA,NA,NA,24571.70481,NA,NA,0.671515193,NA,0.671515193,0.671515193
2024,"region_9","micropogonias",198688.85,NA,NA,NA,20309.35436,NA,NA,0.555030272,NA,0.555030272,0.555030272
2021,"region_1","mugil",125,262.5,2,"deteriorating",5243.907737,NA,0.761904761904762,0.481001824,NA,0.481001824,0.481001824
2022,"region_1","mugil",400,262.5,2,"deteriorating",4723.068818,NA,0.328125,0.433227438,NA,0.433227438,0.433227438
2021,"region_1_2_baja_tbd","mugil",1200,1200,1,NA,5243.907737,NA,NA,0.481001824,NA,0.481001824,0.481001824
2018,"region_2","mugil",50060.5,33802.7,5,"deteriorating",7876.502641,NA,0.337618481637219,0.722478793,NA,0.722478793,0.722478793
2019,"region_2","mugil",36503,33802.7,5,"deteriorating",7094.084982,NA,0.5,0.650710879,NA,0.650710879,0.650710879
2020,"region_2","mugil",33814,33802.7,5,"deteriorating",6126.546083,NA,0.5,0.561962564,NA,0.561962564,0.561962564
2021,"region_2","mugil",23173,33802.7,5,"deteriorating",5243.907737,NA,0.657231522925683,0.481001824,NA,0.481001824,0.481001824
2022,"region_2","mugil",25463,33802.7,5,"deteriorating",4723.068818,NA,0.623358489114775,0.433227438,NA,0.433227438,0.433227438
2018,"region_3","mugil",26081,27833,5,"maximally harvested",7876.502641,NA,1,0.722478793,NA,0.722478793,0.722478793
2019,"region_3","mugil",44906,27833,5,"maximally harvested",7094.084982,NA,0.619805816594664,0.650710879,NA,0.650710879,0.650710879
2020,"region_3","mugil",20410,27833,5,"maximally harvested",6126.546083,NA,1,0.561962564,NA,0.561962564,0.561962564
2021,"region_3","mugil",23892,27833,5,"maximally harvested",5243.907737,NA,1,0.481001824,NA,0.481001824,0.481001824
2022,"region_3","mugil",23876,27833,5,"maximally harvested",4723.068818,NA,1,0.433227438,NA,0.433227438,0.433227438
2023,"region_3","mugil",15810,27833,5,"maximally harvested",4333.412002,NA,1,0.397485841,NA,0.397485841,0.397485841
2024,"region_3","mugil",11957,27833,5,"maximally harvested",4412.782564,NA,1,0.404766172,NA,0.404766172,0.404766172
2018,"region_4","mugil",10620,6685.74,5,"maximally harvested",7876.502641,NA,0.629542372881356,0.722478793,NA,0.722478793,0.722478793
2019,"region_4","mugil",5388,6685.74,5,"maximally harvested",7094.084982,NA,1,0.650710879,NA,0.650710879,0.650710879
2020,"region_4","mugil",755,6685.74,5,"maximally harvested",6126.546083,NA,1,0.561962564,NA,0.561962564,0.561962564
2021,"region_4","mugil",14369.7,6685.74,5,"maximally harvested",5243.907737,NA,0.465266498256749,0.481001824,NA,0.481001824,0.481001824
2022,"region_4","mugil",2296,6685.74,5,"maximally harvested",4723.068818,NA,1,0.433227438,NA,0.433227438,0.433227438
2023,"region_4","mugil",275,6685.74,5,"maximally harvested",4333.412002,NA,1,0.397485841,NA,0.397485841,0.397485841
2024,"region_4","mugil",1945,6685.74,5,"maximally harvested",4412.782564,NA,1,0.404766172,NA,0.404766172,0.404766172
2018,"region_5","mugil",3455,4708,5,"deteriorating",7876.502641,NA,0.633071367884452,0.722478793,NA,0.722478793,0.722478793
2019,"region_5","mugil",5685,4708,5,"deteriorating",7094.084982,NA,0.414072119613017,0.650710879,NA,0.650710879,0.650710879
2020,"region_5","mugil",300,4708,5,"deteriorating",6126.546083,NA,0.968139337298216,0.561962564,NA,0.561962564,0.561962564
2021,"region_5","mugil",5200,4708,5,"deteriorating",5243.907737,NA,0.452692307692308,0.481001824,NA,0.481001824,0.481001824
2022,"region_5","mugil",8900,4708,5,"deteriorating",4723.068818,NA,0.264494382022472,0.433227438,NA,0.433227438,0.433227438
2023,"region_5","mugil",2767,4708,5,"deteriorating",4333.412002,NA,0.706138487680544,0.397485841,NA,0.397485841,0.397485841
2018,"region_6","mugil",50756,52924.4,5,"deteriorating",7876.502641,NA,0.5,0.722478793,NA,0.722478793,0.722478793
2019,"region_6","mugil",62194,52924.4,5,"deteriorating",7094.084982,NA,0.425478341962247,0.650710879,NA,0.650710879,0.650710879
2020,"region_6","mugil",50410,52924.4,5,"deteriorating",6126.546083,NA,0.5,0.561962564,NA,0.561962564,0.561962564
2021,"region_6","mugil",46651,52924.4,5,"deteriorating",5243.907737,NA,0.559267559008699,0.481001824,NA,0.481001824,0.481001824
2022,"region_6","mugil",54611,52924.4,5,"deteriorating",4723.068818,NA,0.5,0.433227438,NA,0.433227438,0.433227438
2023,"region_6","mugil",3675,52924.4,5,"deteriorating",4333.412002,NA,0.965280664495016,0.397485841,NA,0.397485841,0.397485841
2018,"region_7","mugil",79568,70676.4,5,"deteriorating",7876.502641,NA,0.444125779207722,0.722478793,NA,0.722478793,0.722478793
2019,"region_7","mugil",67608,70676.4,5,"deteriorating",7094.084982,NA,0.5,0.650710879,NA,0.650710879,0.650710879
2020,"region_7","mugil",56345,70676.4,5,"deteriorating",6126.546083,NA,0.601387450407774,0.561962564,NA,0.561962564,0.561962564
2021,"region_7","mugil",59816,70676.4,5,"deteriorating",5243.907737,NA,0.576831870327295,0.481001824,NA,0.481001824,0.481001824
2022,"region_7","mugil",90045,70676.4,5,"deteriorating",4723.068818,NA,0.392450441445944,0.433227438,NA,0.433227438,0.433227438
2024,"region_7","mugil",1300,70676.4,5,"deteriorating",4412.782564,NA,0.99080315352791,0.404766172,NA,0.404766172,0.404766172
2018,"region_8","mugil",3031910.3,2304039.486,5,"maximally harvested",7876.502641,NA,0.759929964286872,0.722478793,NA,0.722478793,0.722478793
2019,"region_8","mugil",3235176.83,2304039.486,5,"maximally harvested",7094.084982,NA,0.712183477772991,0.650710879,NA,0.650710879,0.650710879
2020,"region_8","mugil",2067394,2304039.486,5,"maximally harvested",6126.546083,NA,1,0.561962564,NA,0.561962564,0.561962564
2021,"region_8","mugil",1288051,2304039.486,5,"maximally harvested",5243.907737,NA,1,0.481001824,NA,0.481001824,0.481001824
2022,"region_8","mugil",1897665.3,2304039.486,5,"maximally harvested",4723.068818,NA,1,0.433227438,NA,0.433227438,0.433227438
2023,"region_8","mugil",277157,2304039.486,5,"maximally harvested",4333.412002,NA,1,0.397485841,NA,0.397485841,0.397485841
2024,"region_8","mugil",265404.5,2304039.486,5,"maximally harvested",4412.782564,NA,1,0.404766172,NA,0.404766172,0.404766172
2018,"region_9","mugil",392736.6,201644.9,5,"maximally harvested",7876.502641,NA,0.513435467944673,0.722478793,NA,0.722478793,0.722478793
2019,"region_9","mugil",277515.4,201644.9,5,"maximally harvested",7094.084982,NA,0.72660796481925,0.650710879,NA,0.650710879,0.650710879
2020,"region_9","mugil",154196.2,201644.9,5,"maximally harvested",6126.546083,NA,1,0.561962564,NA,0.561962564,0.561962564
2021,"region_9","mugil",89613,201644.9,5,"maximally harvested",5243.907737,NA,1,0.481001824,NA,0.481001824,0.481001824
2022,"region_9","mugil",94163.3,201644.9,5,"maximally harvested",4723.068818,NA,1,0.433227438,NA,0.433227438,0.433227438
2023,"region_9","mugil",94786,201644.9,5,"maximally harvested",4333.412002,NA,1,0.397485841,NA,0.397485841,0.397485841
2024,"region_9","mugil",81980,201644.9,5,"maximally harvested",4412.782564,NA,1,0.404766172,NA,0.404766172,0.404766172
2020,"region_1","mustelus",3906.25,9582.03333333333,3,"maximally harvested",2207.086116,NA,1,1.220460218,NA,1.220460218,1
2021,"region_1","mustelus",23650,9582.03333333333,3,"maximally harvested",2082.904734,NA,0.405159971811135,1.1517912,NA,1.1517912,1
2022,"region_1","mustelus",1189.85,9582.03333333333,3,"maximally harvested",1951.916566,NA,1,1.079358209,NA,1.079358209,1
2023,"region_1","mustelus",3794,9582.03333333333,3,"maximally harvested",1751.594193,NA,1,0.968585238,NA,0.968585238,0.968585238
2024,"region_1","mustelus",10159.9,9582.03333333333,3,"maximally harvested",1530.805309,NA,1,0.846494827,NA,0.846494827,0.846494827
2019,"region_1_2_baja_tbd","mustelus",150,150,1,NA,2361.340652,NA,NA,1.305758894,NA,1.305758894,1
2019,"region_2","mustelus",4212.5,18588.6875,4,"maximally harvested",2361.340652,NA,1,1.305758894,NA,1.305758894,1
2020,"region_2","mustelus",1028.75,18588.6875,4,"maximally harvested",2207.086116,NA,1,1.220460218,NA,1.220460218,1
2021,"region_2","mustelus",1981.25,18588.6875,4,"maximally harvested",2082.904734,NA,1,1.1517912,NA,1.1517912,1
2022,"region_2","mustelus",67132.25,18588.6875,4,"maximally harvested",1951.916566,NA,0.276896536314513,1.079358209,NA,1.079358209,1
2023,"region_2","mustelus",14497,18588.6875,4,"maximally harvested",1751.594193,NA,1,0.968585238,NA,0.968585238,0.968585238
2024,"region_2","mustelus",40101,18588.6875,4,"maximally harvested",1530.805309,NA,0.463546732001696,0.846494827,NA,0.846494827,0.846494827
2019,"region_3","mustelus",5282,9123.5,4,"maximally harvested",2361.340652,NA,1,1.305758894,NA,1.305758894,1
2020,"region_3","mustelus",11023,9123.5,4,"maximally harvested",2207.086116,NA,0.827678490429103,1.220460218,NA,1.220460218,1
2021,"region_3","mustelus",8576,9123.5,4,"maximally harvested",2082.904734,NA,1,1.1517912,NA,1.1517912,1
2022,"region_3","mustelus",11613,9123.5,4,"maximally harvested",1951.916566,NA,0.785628175320761,1.079358209,NA,1.079358209,1
2023,"region_3","mustelus",21426,9123.5,4,"maximally harvested",1751.594193,NA,0.425814431065061,0.968585238,NA,0.968585238,0.968585238
2024,"region_3","mustelus",13589.2,9123.5,4,"maximally harvested",1530.805309,NA,0.67137874194213,0.846494827,NA,0.846494827,0.846494827
2018,"region_4","mustelus",3608,11641.05,5,"maximally harvested",2508.424844,NA,1,1.387092561,NA,1.387092561,1
2019,"region_4","mustelus",855,11641.05,5,"maximally harvested",2361.340652,NA,1,1.305758894,NA,1.305758894,1
2020,"region_4","mustelus",19540.25,11641.05,5,"maximally harvested",2207.086116,NA,0.595747239671959,1.220460218,NA,1.220460218,1
2021,"region_4","mustelus",21630,11641.05,5,"maximally harvested",2082.904734,NA,0.538190013869626,1.1517912,NA,1.1517912,1
2022,"region_4","mustelus",12572,11641.05,5,"maximally harvested",1951.916566,NA,1,1.079358209,NA,1.079358209,1
2023,"region_4","mustelus",19492,11641.05,5,"maximally harvested",1751.594193,NA,0.597221937205007,0.968585238,NA,0.968585238,0.968585238
2024,"region_4","mustelus",4483.8,11641.05,5,"maximally harvested",1530.805309,NA,1,0.846494827,NA,0.846494827,0.846494827
2023,"region_4_5_6_sonora_tbd","mustelus",3088,NA,0,NA,1751.594193,NA,NA,0.968585238,NA,0.968585238,0.968585238
2024,"region_4_5_6_sonora_tbd","mustelus",1250,NA,0,NA,1530.805309,NA,NA,0.846494827,NA,0.846494827,0.846494827
2018,"region_5","mustelus",5650,11976.5625,4,"maximally harvested",2508.424844,NA,1,1.387092561,NA,1.387092561,1
2019,"region_5","mustelus",262.5,11976.5625,4,"maximally harvested",2361.340652,NA,1,1.305758894,NA,1.305758894,1
2020,"region_5","mustelus",4235,11976.5625,4,"maximally harvested",2207.086116,NA,1,1.220460218,NA,1.220460218,1
2022,"region_5","mustelus",37758.75,11976.5625,4,"maximally harvested",1951.916566,NA,0.317186413745158,1.079358209,NA,1.079358209,1
2023,"region_5","mustelus",31031,11976.5625,4,"maximally harvested",1751.594193,NA,0.385954771035416,0.968585238,NA,0.968585238,0.968585238
2024,"region_5","mustelus",183876.75,11976.5625,4,"maximally harvested",1530.805309,NA,0.0651336425078211,0.846494827,NA,0.846494827,0.846494827
2018,"region_6","mustelus",373750,331079.43,5,"maximally harvested",2508.424844,NA,0.88583125083612,1.387092561,NA,1.387092561,1
2019,"region_6","mustelus",274241.15,331079.43,5,"maximally harvested",2361.340652,NA,1,1.305758894,NA,1.305758894,1
2020,"region_6","mustelus",300207.5,331079.43,5,"maximally harvested",2207.086116,NA,1,1.220460218,NA,1.220460218,1
2021,"region_6","mustelus",347341.5,331079.43,5,"maximally harvested",2082.904734,NA,1,1.1517912,NA,1.1517912,1
2022,"region_6","mustelus",359857,331079.43,5,"maximally harvested",1951.916566,NA,1,1.079358209,NA,1.079358209,1
2023,"region_6","mustelus",265614,331079.43,5,"maximally harvested",1751.594193,NA,1,0.968585238,NA,0.968585238,0.968585238
2024,"region_6","mustelus",367840.5,331079.43,5,"maximally harvested",1530.805309,NA,0.900062472729349,0.846494827,NA,0.846494827,0.846494827
2018,"region_7","mustelus",3842.2,22167.54,5,"maximally harvested",2508.424844,NA,1,1.387092561,NA,1.387092561,1
2019,"region_7","mustelus",117.5,22167.54,5,"maximally harvested",2361.340652,NA,1,1.305758894,NA,1.305758894,1
2020,"region_7","mustelus",3679.25,22167.54,5,"maximally harvested",2207.086116,NA,1,1.220460218,NA,1.220460218,1
2021,"region_7","mustelus",50301.25,22167.54,5,"maximally harvested",2082.904734,NA,0.44069560895604,1.1517912,NA,1.1517912,1
2022,"region_7","mustelus",52897.5,22167.54,5,"maximally harvested",1951.916566,NA,0.419065929391748,1.079358209,NA,1.079358209,1
2023,"region_7","mustelus",69000,22167.54,5,"maximally harvested",1751.594193,NA,0.321268695652174,0.968585238,NA,0.968585238,0.968585238
2024,"region_7","mustelus",173488.4,22167.54,5,"maximally harvested",1530.805309,NA,0.127775344057585,0.846494827,NA,0.846494827,0.846494827
2018,"region_8","mustelus",200,3639.875,4,"maximally harvested",2508.424844,NA,1,1.387092561,NA,1.387092561,1
2020,"region_8","mustelus",7042,3639.875,4,"maximally harvested",2207.086116,NA,0.516880857710878,1.220460218,NA,1.220460218,1
2021,"region_8","mustelus",4392.5,3639.875,4,"maximally harvested",2082.904734,NA,0.828656801365965,1.1517912,NA,1.1517912,1
2022,"region_8","mustelus",2925,3639.875,4,"maximally harvested",1951.916566,NA,1,1.079358209,NA,1.079358209,1
2023,"region_8","mustelus",7408,3639.875,4,"maximally harvested",1751.594193,NA,0.4913438174946,0.968585238,NA,0.968585238,0.968585238
2024,"region_8","mustelus",12000,3639.875,4,"maximally harvested",1530.805309,NA,0.303322916666667,0.846494827,NA,0.846494827,0.846494827
2019,"region_9","mustelus",610,745,2,"maximally harvested",2361.340652,NA,1,1.305758894,NA,1.305758894,1
2020,"region_9","mustelus",880,745,2,"maximally harvested",2207.086116,NA,0.846590909090909,1.220460218,NA,1.220460218,1
2018,"region_1","mycteroperca",15055.1,NA,NA,NA,15347.72488,NA,NA,1.737771205,NA,1.737771205,1
2019,"region_1","mycteroperca",44691,NA,NA,NA,15234.16833,NA,NA,1.724913579,NA,1.724913579,1
2020,"region_1","mycteroperca",24267.6,NA,NA,NA,14549.96332,NA,NA,1.647443349,NA,1.647443349,1
2021,"region_1","mycteroperca",15408.5,NA,NA,NA,13929.45019,NA,NA,1.577184737,NA,1.577184737,1
2022,"region_1","mycteroperca",19998,NA,NA,NA,13275.68441,NA,NA,1.50316104,NA,1.50316104,1
2023,"region_1","mycteroperca",51794,NA,NA,NA,13159.48602,NA,NA,1.490004288,NA,1.490004288,1
2024,"region_1","mycteroperca",29390,NA,NA,NA,12964.96487,NA,NA,1.467979312,NA,1.467979312,1
2018,"region_1_2_baja_tbd","mycteroperca",422,NA,NA,NA,15347.72488,NA,NA,1.737771205,NA,1.737771205,1
2019,"region_1_2_baja_tbd","mycteroperca",563,NA,NA,NA,15234.16833,NA,NA,1.724913579,NA,1.724913579,1
2020,"region_1_2_baja_tbd","mycteroperca",351.2,NA,NA,NA,14549.96332,NA,NA,1.647443349,NA,1.647443349,1
2021,"region_1_2_baja_tbd","mycteroperca",224,NA,NA,NA,13929.45019,NA,NA,1.577184737,NA,1.577184737,1
2022,"region_1_2_baja_tbd","mycteroperca",4086,NA,NA,NA,13275.68441,NA,NA,1.50316104,NA,1.50316104,1
2024,"region_1_2_baja_tbd","mycteroperca",130,NA,NA,NA,12964.96487,NA,NA,1.467979312,NA,1.467979312,1
2018,"region_2","mycteroperca",49024.35,NA,NA,NA,15347.72488,NA,NA,1.737771205,NA,1.737771205,1
2019,"region_2","mycteroperca",46174.59,NA,NA,NA,15234.16833,NA,NA,1.724913579,NA,1.724913579,1
2020,"region_2","mycteroperca",157490,NA,NA,NA,14549.96332,NA,NA,1.647443349,NA,1.647443349,1
2021,"region_2","mycteroperca",226648.2,NA,NA,NA,13929.45019,NA,NA,1.577184737,NA,1.577184737,1
2022,"region_2","mycteroperca",175726.2,NA,NA,NA,13275.68441,NA,NA,1.50316104,NA,1.50316104,1
2023,"region_2","mycteroperca",220690,NA,NA,NA,13159.48602,NA,NA,1.490004288,NA,1.490004288,1
2024,"region_2","mycteroperca",218713.85,NA,NA,NA,12964.96487,NA,NA,1.467979312,NA,1.467979312,1
2018,"region_3","mycteroperca",219727.65,NA,NA,NA,15347.72488,NA,NA,1.737771205,NA,1.737771205,1
2019,"region_3","mycteroperca",230049.6,NA,NA,NA,15234.16833,NA,NA,1.724913579,NA,1.724913579,1
2020,"region_3","mycteroperca",246031.35,NA,NA,NA,14549.96332,NA,NA,1.647443349,NA,1.647443349,1
2021,"region_3","mycteroperca",333737.05,NA,NA,NA,13929.45019,NA,NA,1.577184737,NA,1.577184737,1
2022,"region_3","mycteroperca",280499.8,NA,NA,NA,13275.68441,NA,NA,1.50316104,NA,1.50316104,1
2023,"region_3","mycteroperca",269812,NA,NA,NA,13159.48602,NA,NA,1.490004288,NA,1.490004288,1
2024,"region_3","mycteroperca",197285.16,NA,NA,NA,12964.96487,NA,NA,1.467979312,NA,1.467979312,1
2024,"region_3_4_bcs_tbd","mycteroperca",896.5,NA,NA,NA,12964.96487,NA,NA,1.467979312,NA,1.467979312,1
2018,"region_4","mycteroperca",181538.6,NA,NA,NA,15347.72488,NA,NA,1.737771205,NA,1.737771205,1
2019,"region_4","mycteroperca",211593.89,NA,NA,NA,15234.16833,NA,NA,1.724913579,NA,1.724913579,1
2020,"region_4","mycteroperca",218437.1,NA,NA,NA,14549.96332,NA,NA,1.647443349,NA,1.647443349,1
2021,"region_4","mycteroperca",217511.15,NA,NA,NA,13929.45019,NA,NA,1.577184737,NA,1.577184737,1
2022,"region_4","mycteroperca",264743.3,NA,NA,NA,13275.68441,NA,NA,1.50316104,NA,1.50316104,1
2023,"region_4","mycteroperca",243085,NA,NA,NA,13159.48602,NA,NA,1.490004288,NA,1.490004288,1
2024,"region_4","mycteroperca",182143.414,NA,NA,NA,12964.96487,NA,NA,1.467979312,NA,1.467979312,1
2018,"region_4_5_6_sonora_tbd","mycteroperca",427,NA,NA,NA,15347.72488,NA,NA,1.737771205,NA,1.737771205,1
2019,"region_4_5_6_sonora_tbd","mycteroperca",4185.3,NA,NA,NA,15234.16833,NA,NA,1.724913579,NA,1.724913579,1
2020,"region_4_5_6_sonora_tbd","mycteroperca",174.9,NA,NA,NA,14549.96332,NA,NA,1.647443349,NA,1.647443349,1
2022,"region_4_5_6_sonora_tbd","mycteroperca",1164.9,NA,NA,NA,13275.68441,NA,NA,1.50316104,NA,1.50316104,1
2023,"region_4_5_6_sonora_tbd","mycteroperca",2607,NA,NA,NA,13159.48602,NA,NA,1.490004288,NA,1.490004288,1
2018,"region_5","mycteroperca",3702.9,NA,NA,NA,15347.72488,NA,NA,1.737771205,NA,1.737771205,1
2019,"region_5","mycteroperca",3285.7,NA,NA,NA,15234.16833,NA,NA,1.724913579,NA,1.724913579,1
2020,"region_5","mycteroperca",18932.6,NA,NA,NA,14549.96332,NA,NA,1.647443349,NA,1.647443349,1
2021,"region_5","mycteroperca",23642.6,NA,NA,NA,13929.45019,NA,NA,1.577184737,NA,1.577184737,1
2022,"region_5","mycteroperca",27408.9,NA,NA,NA,13275.68441,NA,NA,1.50316104,NA,1.50316104,1
2023,"region_5","mycteroperca",29219,NA,NA,NA,13159.48602,NA,NA,1.490004288,NA,1.490004288,1
2024,"region_5","mycteroperca",32488.2,NA,NA,NA,12964.96487,NA,NA,1.467979312,NA,1.467979312,1
2018,"region_6","mycteroperca",133786.4,NA,NA,NA,15347.72488,NA,NA,1.737771205,NA,1.737771205,1
2019,"region_6","mycteroperca",1816790.6,NA,NA,NA,15234.16833,NA,NA,1.724913579,NA,1.724913579,1
2020,"region_6","mycteroperca",194420.9,NA,NA,NA,14549.96332,NA,NA,1.647443349,NA,1.647443349,1
2021,"region_6","mycteroperca",240036.9,NA,NA,NA,13929.45019,NA,NA,1.577184737,NA,1.577184737,1
2022,"region_6","mycteroperca",210127.85,NA,NA,NA,13275.68441,NA,NA,1.50316104,NA,1.50316104,1
2023,"region_6","mycteroperca",224573,NA,NA,NA,13159.48602,NA,NA,1.490004288,NA,1.490004288,1
2024,"region_6","mycteroperca",226879.3,NA,NA,NA,12964.96487,NA,NA,1.467979312,NA,1.467979312,1
2018,"region_7","mycteroperca",44321.5,NA,NA,NA,15347.72488,NA,NA,1.737771205,NA,1.737771205,1
2019,"region_7","mycteroperca",52653,NA,NA,NA,15234.16833,NA,NA,1.724913579,NA,1.724913579,1
2020,"region_7","mycteroperca",45113.1,NA,NA,NA,14549.96332,NA,NA,1.647443349,NA,1.647443349,1
2021,"region_7","mycteroperca",80047,NA,NA,NA,13929.45019,NA,NA,1.577184737,NA,1.577184737,1
2022,"region_7","mycteroperca",89793.1,NA,NA,NA,13275.68441,NA,NA,1.50316104,NA,1.50316104,1
2023,"region_7","mycteroperca",98584,NA,NA,NA,13159.48602,NA,NA,1.490004288,NA,1.490004288,1
2024,"region_7","mycteroperca",73866.6,NA,NA,NA,12964.96487,NA,NA,1.467979312,NA,1.467979312,1
2018,"region_8","mycteroperca",4601.25,NA,NA,NA,15347.72488,NA,NA,1.737771205,NA,1.737771205,1
2019,"region_8","mycteroperca",3859.7,NA,NA,NA,15234.16833,NA,NA,1.724913579,NA,1.724913579,1
2020,"region_8","mycteroperca",3453.3,NA,NA,NA,14549.96332,NA,NA,1.647443349,NA,1.647443349,1
2021,"region_8","mycteroperca",11509.05,NA,NA,NA,13929.45019,NA,NA,1.577184737,NA,1.577184737,1
2022,"region_8","mycteroperca",17563.1,NA,NA,NA,13275.68441,NA,NA,1.50316104,NA,1.50316104,1
2023,"region_8","mycteroperca",32014,NA,NA,NA,13159.48602,NA,NA,1.490004288,NA,1.490004288,1
2024,"region_8","mycteroperca",17614.05,NA,NA,NA,12964.96487,NA,NA,1.467979312,NA,1.467979312,1
2018,"region_9","mycteroperca",8544,NA,NA,NA,15347.72488,NA,NA,1.737771205,NA,1.737771205,1
2019,"region_9","mycteroperca",8061.1,NA,NA,NA,15234.16833,NA,NA,1.724913579,NA,1.724913579,1
2020,"region_9","mycteroperca",3853.75,NA,NA,NA,14549.96332,NA,NA,1.647443349,NA,1.647443349,1
2021,"region_9","mycteroperca",4807.4,NA,NA,NA,13929.45019,NA,NA,1.577184737,NA,1.577184737,1
2022,"region_9","mycteroperca",1959.1,NA,NA,NA,13275.68441,NA,NA,1.50316104,NA,1.50316104,1
2023,"region_9","mycteroperca",4597,NA,NA,NA,13159.48602,NA,NA,1.490004288,NA,1.490004288,1
2024,"region_9","mycteroperca",3413.7,NA,NA,NA,12964.96487,NA,NA,1.467979312,NA,1.467979312,1
2020,"region_2","nasolamia",125,125,1,"maximally harvested",655.5342507,NA,1,1.051298416,NA,1.051298416,1
2019,"region_7","nasolamia",1875,1875,1,"maximally harvested",692.3285286,NA,1,1.110306418,NA,1.110306418,1
2021,"region_8","nasolamia",7000,7000,1,"maximally harvested",629.9512471,NA,1,1.010270246,NA,1.010270246,1
2024,"region_8","nasolamia",11000,7000,1,"maximally harvested",598.6262021,NA,0.636363636363636,0.960033404,NA,0.960033404,0.960033404
2018,"region_9","nasolamia",68311.25,48258.55,5,"maximally harvested",728.7191103,NA,0.706450987209281,1.168667001,NA,1.168667001,1
2019,"region_9","nasolamia",67056.25,48258.55,5,"maximally harvested",692.3285286,NA,0.719672662876317,1.110306418,NA,1.110306418,1
2020,"region_9","nasolamia",32688.25,48258.55,5,"maximally harvested",655.5342507,NA,1,1.051298416,NA,1.051298416,1
2021,"region_9","nasolamia",49642.5,48258.55,5,"maximally harvested",629.9512471,NA,1,1.010270246,NA,1.010270246,1
2022,"region_9","nasolamia",23594.5,48258.55,5,"maximally harvested",609.4327346,NA,1,0.977364139,NA,0.977364139,0.977364139
2023,"region_9","nasolamia",24404,48258.55,5,"maximally harvested",603.0576542,NA,1,0.967140247,NA,0.967140247,0.967140247
2024,"region_9","nasolamia",20663.75,48258.55,5,"maximally harvested",598.6262021,NA,1,0.960033404,NA,0.960033404,0.960033404
2018,"region_1","paralabrax",2514.1,16450.46,5,"maximally harvested",29189.2976,1,1,1.669124716,0.85,0.85,0.85
2019,"region_1","paralabrax",32885.9,16450.46,5,"maximally harvested",29607.17529,1,0.500228365348067,1.693020117,0.89,0.89,0.89
2020,"region_1","paralabrax",7847.9,16450.46,5,"maximally harvested",29848.16101,1,1,1.706800347,0.9,0.9,0.9
2021,"region_1","paralabrax",6908.5,16450.46,5,"maximally harvested",29840.56502,0,1,1.706365987,NA,1.706365987,1
2022,"region_1","paralabrax",32095.9,16450.46,5,"maximally harvested",29531.72744,0,0.512540854127786,1.688705801,NA,1.688705801,1
2023,"region_1","paralabrax",16542,16450.46,5,"maximally harvested",29132.34986,0,1,1.665868287,NA,1.665868287,1
2024,"region_1","paralabrax",15527,16450.46,5,"maximally harvested",28734.87883,0,1,1.643139795,NA,1.643139795,1
2020,"region_1_2_baja_tbd","paralabrax",872,872,1,NA,29848.16101,1,NA,1.706800347,0.9,0.9,0.9
2024,"region_1_2_baja_tbd","paralabrax",4.4,872,1,NA,28734.87883,0,NA,1.643139795,NA,1.643139795,1
2018,"region_2","paralabrax",270248.5,387449.37,5,"maximally harvested",29189.2976,1,1,1.669124716,0.85,0.85,0.85
2019,"region_2","paralabrax",399187.05,387449.37,5,"maximally harvested",29607.17529,1,1,1.693020117,0.89,0.89,0.89
2020,"region_2","paralabrax",439082.9,387449.37,5,"maximally harvested",29848.16101,1,0.882405964796169,1.706800347,0.9,0.9,0.9
2021,"region_2","paralabrax",425058.2,387449.37,5,"maximally harvested",29840.56502,0,1,1.706365987,NA,1.706365987,1
2022,"region_2","paralabrax",403670.2,387449.37,5,"maximally harvested",29531.72744,0,1,1.688705801,NA,1.688705801,1
2023,"region_2","paralabrax",453533,387449.37,5,"maximally harvested",29132.34986,0,0.85429146280425,1.665868287,NA,1.665868287,1
2024,"region_2","paralabrax",551829.3,387449.37,5,"maximally harvested",28734.87883,0,0.702118155016415,1.643139795,NA,1.643139795,1
2018,"region_3","paralabrax",205623,251131.36,5,"maximally harvested",29189.2976,1,1,1.669124716,0.85,0.85,0.85
2019,"region_3","paralabrax",231965.1,251131.36,5,"maximally harvested",29607.17529,1,1,1.693020117,0.89,0.89,0.89
2020,"region_3","paralabrax",211735.9,251131.36,5,"maximally harvested",29848.16101,1,1,1.706800347,0.9,0.9,0.9
2021,"region_3","paralabrax",302589.8,251131.36,5,"maximally harvested",29840.56502,0,0.829939938490987,1.706365987,NA,1.706365987,1
2022,"region_3","paralabrax",303743,251131.36,5,"maximally harvested",29531.72744,0,0.826788963037831,1.688705801,NA,1.688705801,1
2023,"region_3","paralabrax",231439,251131.36,5,"maximally harvested",29132.34986,0,1,1.665868287,NA,1.665868287,1
2024,"region_3","paralabrax",298780.2,251131.36,5,"maximally harvested",28734.87883,0,0.840522096176386,1.643139795,NA,1.643139795,1
2023,"region_3_4_bcs_tbd","paralabrax",10771,NA,0,NA,29132.34986,0,NA,1.665868287,NA,1.665868287,1
2024,"region_3_4_bcs_tbd","paralabrax",3152.6,NA,0,NA,28734.87883,0,NA,1.643139795,NA,1.643139795,1
2018,"region_4","paralabrax",36755.8,39475.1,5,"maximally harvested",29189.2976,1,1,1.669124716,0.85,0.85,0.85
2019,"region_4","paralabrax",56960.2,39475.1,5,"maximally harvested",29607.17529,1,0.693029518857026,1.693020117,0.89,0.89,0.89
2020,"region_4","paralabrax",32855.2,39475.1,5,"maximally harvested",29848.16101,1,1,1.706800347,0.9,0.9,0.9
2021,"region_4","paralabrax",33317.6,39475.1,5,"maximally harvested",29840.56502,0,1,1.706365987,NA,1.706365987,1
2022,"region_4","paralabrax",37486.7,39475.1,5,"maximally harvested",29531.72744,0,1,1.688705801,NA,1.688705801,1
2023,"region_4","paralabrax",47653,39475.1,5,"maximally harvested",29132.34986,0,0.828386460453696,1.665868287,NA,1.665868287,1
2024,"region_4","paralabrax",33085.16,39475.1,5,"maximally harvested",28734.87883,0,1,1.643139795,NA,1.643139795,1
2018,"region_4_5_6_sonora_tbd","paralabrax",993,1183.45,4,NA,29189.2976,1,NA,1.669124716,0.85,0.85,0.85
2019,"region_4_5_6_sonora_tbd","paralabrax",2360.8,1183.45,4,NA,29607.17529,1,NA,1.693020117,0.89,0.89,0.89
2021,"region_4_5_6_sonora_tbd","paralabrax",200,1183.45,4,NA,29840.56502,0,NA,1.706365987,NA,1.706365987,1
2022,"region_4_5_6_sonora_tbd","paralabrax",1180,1183.45,4,NA,29531.72744,0,NA,1.688705801,NA,1.688705801,1
2023,"region_4_5_6_sonora_tbd","paralabrax",6448,1183.45,4,NA,29132.34986,0,NA,1.665868287,NA,1.665868287,1
2024,"region_4_5_6_sonora_tbd","paralabrax",11650,1183.45,4,NA,28734.87883,0,NA,1.643139795,NA,1.643139795,1
2018,"region_5","paralabrax",101216,95291.26,5,NA,29189.2976,1,NA,1.669124716,0.85,0.85,0.85
2019,"region_5","paralabrax",101302,95291.26,5,NA,29607.17529,1,NA,1.693020117,0.89,0.89,0.89
2020,"region_5","paralabrax",87538.6,95291.26,5,NA,29848.16101,1,NA,1.706800347,0.9,0.9,0.9
2021,"region_5","paralabrax",101995.6,95291.26,5,NA,29840.56502,0,NA,1.706365987,NA,1.706365987,1
2022,"region_5","paralabrax",84404.1,95291.26,5,NA,29531.72744,0,NA,1.688705801,NA,1.688705801,1
2023,"region_5","paralabrax",148031,95291.26,5,NA,29132.34986,0,NA,1.665868287,NA,1.665868287,1
2024,"region_5","paralabrax",152601.5,95291.26,5,NA,28734.87883,0,NA,1.643139795,NA,1.643139795,1
2018,"region_6","paralabrax",133996.3,534830.48,5,NA,29189.2976,1,NA,1.669124716,0.85,0.85,0.85
2019,"region_6","paralabrax",441095.5,534830.48,5,NA,29607.17529,1,NA,1.693020117,0.89,0.89,0.89
2020,"region_6","paralabrax",657887.9,534830.48,5,NA,29848.16101,1,NA,1.706800347,0.9,0.9,0.9
2021,"region_6","paralabrax",749640,534830.48,5,NA,29840.56502,0,NA,1.706365987,NA,1.706365987,1
2022,"region_6","paralabrax",691532.7,534830.48,5,NA,29531.72744,0,NA,1.688705801,NA,1.688705801,1
2023,"region_6","paralabrax",656290,534830.48,5,NA,29132.34986,0,NA,1.665868287,NA,1.665868287,1
2024,"region_6","paralabrax",679687.1,534830.48,5,NA,28734.87883,0,NA,1.643139795,NA,1.643139795,1
2018,"region_7","paralabrax",54594.4,66455.94,5,NA,29189.2976,1,NA,1.669124716,0.85,0.85,0.85
2019,"region_7","paralabrax",54592.6,66455.94,5,NA,29607.17529,1,NA,1.693020117,0.89,0.89,0.89
2020,"region_7","paralabrax",68130.2,66455.94,5,NA,29848.16101,1,NA,1.706800347,0.9,0.9,0.9
2021,"region_7","paralabrax",80846.9,66455.94,5,NA,29840.56502,0,NA,1.706365987,NA,1.706365987,1
2022,"region_7","paralabrax",74115.6,66455.94,5,NA,29531.72744,0,NA,1.688705801,NA,1.688705801,1
2023,"region_7","paralabrax",44401,66455.94,5,NA,29132.34986,0,NA,1.665868287,NA,1.665868287,1
2024,"region_7","paralabrax",73418.8,66455.94,5,NA,28734.87883,0,NA,1.643139795,NA,1.643139795,1
2018,"region_8","paralabrax",3165,8750.28,5,NA,29189.2976,1,NA,1.669124716,0.85,0.85,0.85
2019,"region_8","paralabrax",2448,8750.28,5,NA,29607.17529,1,NA,1.693020117,0.89,0.89,0.89
2020,"region_8","paralabrax",3101.4,8750.28,5,NA,29848.16101,1,NA,1.706800347,0.9,0.9,0.9
2021,"region_8","paralabrax",5352,8750.28,5,NA,29840.56502,0,NA,1.706365987,NA,1.706365987,1
2022,"region_8","paralabrax",29685,8750.28,5,NA,29531.72744,0,NA,1.688705801,NA,1.688705801,1
2023,"region_8","paralabrax",132005,8750.28,5,NA,29132.34986,0,NA,1.665868287,NA,1.665868287,1
2024,"region_8","paralabrax",74336.5,8750.28,5,NA,28734.87883,0,NA,1.643139795,NA,1.643139795,1
2018,"region_9","paralabrax",10680,6864.08,5,NA,29189.2976,1,NA,1.669124716,0.85,0.85,0.85
2019,"region_9","paralabrax",4321,6864.08,5,NA,29607.17529,1,NA,1.693020117,0.89,0.89,0.89
2020,"region_9","paralabrax",932.8,6864.08,5,NA,29848.16101,1,NA,1.706800347,0.9,0.9,0.9
2021,"region_9","paralabrax",6569.1,6864.08,5,NA,29840.56502,0,NA,1.706365987,NA,1.706365987,1
2022,"region_9","paralabrax",11817.5,6864.08,5,NA,29531.72744,0,NA,1.688705801,NA,1.688705801,1
2023,"region_9","paralabrax",13961,6864.08,5,NA,29132.34986,0,NA,1.665868287,NA,1.665868287,1
2024,"region_9","paralabrax",2715,6864.08,5,NA,28734.87883,0,NA,1.643139795,NA,1.643139795,1
2020,"region_1","prionace",2282.5,2158.75,2,"maximally harvested",12896.19625,1,1,1.025824145,1.17,1.17,1
2022,"region_1","prionace",2035,2158.75,2,"maximally harvested",12323.46551,0,1,0.980266447,NA,0.980266447,0.980266447
2023,"region_1","prionace",20,2158.75,2,"maximally harvested",11917.15656,0,1,0.947946721,NA,0.947946721,0.947946721
2024,"region_1","prionace",214.5,2158.75,2,"maximally harvested",11158.1847,0,1,0.887574527,NA,0.887574527,0.887574527
2018,"region_2","prionace",23580,18157.625,4,"maximally harvested",13577.6951,0,0.770043469041561,1.080033772,NA,1.080033772,1
2020,"region_2","prionace",3320,18157.625,4,"maximally harvested",12896.19625,1,1,1.025824145,1.17,1.17,1
2021,"region_2","prionace",10308.5,18157.625,4,"maximally harvested",12601.36688,0,1,1.00237203,NA,1.00237203,1
2022,"region_2","prionace",35422,18157.625,4,"maximally harvested",12323.46551,0,0.512608689514991,0.980266447,NA,0.980266447,0.980266447
2023,"region_2","prionace",4505,18157.625,4,"maximally harvested",11917.15656,0,1,0.947946721,NA,0.947946721,0.947946721
2024,"region_2","prionace",87251.5,18157.625,4,"maximally harvested",11158.1847,0,0.208106737419987,0.887574527,NA,0.887574527,0.887574527
2018,"region_3","prionace",1247.8,2223.52,5,"maximally harvested",13577.6951,0,1,1.080033772,NA,1.080033772,1
2019,"region_3","prionace",6635,2223.52,5,"maximally harvested",13283.80844,0,0.335119819140919,1.056656644,NA,1.056656644,1
2020,"region_3","prionace",2258,2223.52,5,"maximally harvested",12896.19625,1,1,1.025824145,1.17,1.17,1
2021,"region_3","prionace",955.8,2223.52,5,"maximally harvested",12601.36688,0,1,1.00237203,NA,1.00237203,1
2022,"region_3","prionace",21,2223.52,5,"maximally harvested",12323.46551,0,1,0.980266447,NA,0.980266447,0.980266447
2024,"region_3","prionace",67.5,2223.52,5,"maximally harvested",11158.1847,0,1,0.887574527,NA,0.887574527,0.887574527
2018,"region_4","prionace",3202,41620.44,5,"maximally harvested",13577.6951,0,1,1.080033772,NA,1.080033772,1
2019,"region_4","prionace",4650,41620.44,5,"maximally harvested",13283.80844,0,1,1.056656644,NA,1.056656644,1
2020,"region_4","prionace",21928.75,41620.44,5,"maximally harvested",12896.19625,1,1,1.025824145,1.17,1.17,1
2021,"region_4","prionace",87006.45,41620.44,5,"maximally harvested",12601.36688,0,0.478360397418812,1.00237203,NA,1.00237203,1
2022,"region_4","prionace",91315,41620.44,5,"maximally harvested",12323.46551,0,0.455789738816186,0.980266447,NA,0.980266447,0.980266447
2023,"region_4","prionace",210241,41620.44,5,"maximally harvested",11917.15656,0,0.197965382584748,0.947946721,NA,0.947946721,0.947946721
2024,"region_4","prionace",1577094.25,41620.44,5,"maximally harvested",11158.1847,0,0.0263905850902697,0.887574527,NA,0.887574527,0.887574527
2020,"region_4_5_6_sonora_tbd","prionace",41693.75,29909.375,2,NA,12896.19625,1,NA,1.025824145,1.17,1.17,1
2021,"region_4_5_6_sonora_tbd","prionace",18125,29909.375,2,NA,12601.36688,0,NA,1.00237203,NA,1.00237203,1
2024,"region_5","prionace",55873.75,NA,0,"maximally harvested",11158.1847,0,NA,0.887574527,NA,0.887574527,0.887574527
2022,"region_6","prionace",1000,1000,1,"maximally harvested",12323.46551,0,1,0.980266447,NA,0.980266447,0.980266447
2024,"region_6","prionace",9870,1000,1,"maximally harvested",11158.1847,0,0.101317122593718,0.887574527,NA,0.887574527,0.887574527
2022,"region_7","prionace",2500,2500,1,"maximally harvested",12323.46551,0,1,0.980266447,NA,0.980266447,0.980266447
2023,"region_7","prionace",12830,2500,1,"maximally harvested",11917.15656,0,0.19485580670304,0.947946721,NA,0.947946721,0.947946721
2024,"region_7","prionace",73120,2500,1,"maximally harvested",11158.1847,0,0.0341903719912473,0.887574527,NA,0.887574527,0.887574527
2018,"region_8","prionace",864938.7,1041716.97,5,"maximally harvested",13577.6951,0,1,1.080033772,NA,1.080033772,1
2019,"region_8","prionace",1037388.5,1041716.97,5,"maximally harvested",13283.80844,0,1,1.056656644,NA,1.056656644,1
2020,"region_8","prionace",872302.55,1041716.97,5,"maximally harvested",12896.19625,1,1,1.025824145,1.17,1.17,1
2021,"region_8","prionace",784193.95,1041716.97,5,"maximally harvested",12601.36688,0,1,1.00237203,NA,1.00237203,1
2022,"region_8","prionace",1649761.15,1041716.97,5,"maximally harvested",12323.46551,0,0.631435023185023,0.980266447,NA,0.980266447,0.980266447
2023,"region_8","prionace",1776518,1041716.97,5,"maximally harvested",11917.15656,0,0.586381320087947,0.947946721,NA,0.947946721,0.947946721
2024,"region_8","prionace",3251798.25,1041716.97,5,"maximally harvested",11158.1847,0,0.320351045763679,0.887574527,NA,0.887574527,0.887574527
2018,"region_9","prionace",203463.75,138597.52,5,"maximally harvested",13577.6951,0,0.681190236590056,1.080033772,NA,1.080033772,1
2019,"region_9","prionace",307060,138597.52,5,"maximally harvested",13283.80844,0,0.451369504331401,1.056656644,NA,1.056656644,1
2020,"region_9","prionace",77423.25,138597.52,5,"maximally harvested",12896.19625,1,1,1.025824145,1.17,1.17,1
2021,"region_9","prionace",64396.9,138597.52,5,"maximally harvested",12601.36688,0,1,1.00237203,NA,1.00237203,1
2022,"region_9","prionace",40643.7,138597.52,5,"maximally harvested",12323.46551,0,1,0.980266447,NA,0.980266447,0.980266447
2023,"region_9","prionace",75719,138597.52,5,"maximally harvested",11917.15656,0,1,0.947946721,NA,0.947946721,0.947946721
2024,"region_9","prionace",90721.05,138597.52,5,"maximally harvested",11158.1847,0,1,0.887574527,NA,0.887574527,0.887574527
2018,"region_1","scomberomorus",21000,409330.2,5,"maximally harvested",31675.70632,NA,1,1.144164646,NA,1.144164646,1
2019,"region_1","scomberomorus",104305,409330.2,5,"maximally harvested",30531.52326,NA,1,1.102835377,NA,1.102835377,1
2020,"region_1","scomberomorus",65881,409330.2,5,"maximally harvested",28912.46929,NA,1,1.044353198,NA,1.044353198,1
2021,"region_1","scomberomorus",818398,409330.2,5,"maximally harvested",27617.44165,NA,0.500160313197246,0.997575241,NA,0.997575241,0.997575241
2022,"region_1","scomberomorus",1037067,409330.2,5,"maximally harvested",25894.0406,NA,0.394699860279037,0.93532392,NA,0.93532392,0.93532392
2023,"region_1","scomberomorus",723256,409330.2,5,"maximally harvested",23495.19805,NA,0.565954793323526,0.848674839,NA,0.848674839,0.848674839
2024,"region_1","scomberomorus",1444694,409330.2,5,"maximally harvested",20037.04807,NA,0.283333494843891,0.723762299,NA,0.723762299,0.723762299
2020,"region_1_2_baja_tbd","scomberomorus",200,7600,2,NA,28912.46929,NA,NA,1.044353198,NA,1.044353198,1
2021,"region_1_2_baja_tbd","scomberomorus",15000,7600,2,NA,27617.44165,NA,NA,0.997575241,NA,0.997575241,0.997575241
2018,"region_2","scomberomorus",2943447,2315515.82,5,"maximally harvested",31675.70632,NA,0.786668086770375,1.144164646,NA,1.144164646,1
2019,"region_2","scomberomorus",3060744,2315515.82,5,"maximally harvested",30531.52326,NA,0.756520578003257,1.102835377,NA,1.102835377,1
2020,"region_2","scomberomorus",2271568.8,2315515.82,5,"maximally harvested",28912.46929,NA,1,1.044353198,NA,1.044353198,1
2021,"region_2","scomberomorus",1760539.3,2315515.82,5,"maximally harvested",27617.44165,NA,1,0.997575241,NA,0.997575241,0.997575241
2022,"region_2","scomberomorus",1541280,2315515.82,5,"maximally harvested",25894.0406,NA,1,0.93532392,NA,0.93532392,0.93532392
2023,"region_2","scomberomorus",1153887,2315515.82,5,"maximally harvested",23495.19805,NA,1,0.848674839,NA,0.848674839,0.848674839
2024,"region_2","scomberomorus",2561787,2315515.82,5,"maximally harvested",20037.04807,NA,0.903867425355816,0.723762299,NA,0.723762299,0.723762299
2018,"region_3","scomberomorus",84181,95829.32,5,"maximally harvested",31675.70632,NA,1,1.144164646,NA,1.144164646,1
2019,"region_3","scomberomorus",206182,95829.32,5,"maximally harvested",30531.52326,NA,0.464780242698199,1.102835377,NA,1.102835377,1
2020,"region_3","scomberomorus",89903.5,95829.32,5,"maximally harvested",28912.46929,NA,1,1.044353198,NA,1.044353198,1
2021,"region_3","scomberomorus",56350,95829.32,5,"maximally harvested",27617.44165,NA,1,0.997575241,NA,0.997575241,0.997575241
2022,"region_3","scomberomorus",42530.1,95829.32,5,"maximally harvested",25894.0406,NA,1,0.93532392,NA,0.93532392,0.93532392
2023,"region_3","scomberomorus",28613,95829.32,5,"maximally harvested",23495.19805,NA,1,0.848674839,NA,0.848674839,0.848674839
2024,"region_3","scomberomorus",42831,95829.32,5,"maximally harvested",20037.04807,NA,1,0.723762299,NA,0.723762299,0.723762299
2018,"region_4","scomberomorus",38911,59269.13,5,"maximally harvested",31675.70632,NA,1,1.144164646,NA,1.144164646,1
2019,"region_4","scomberomorus",31733.9,59269.13,5,"maximally harvested",30531.52326,NA,1,1.102835377,NA,1.102835377,1
2020,"region_4","scomberomorus",72087.7,59269.13,5,"maximally harvested",28912.46929,NA,0.822180899099292,1.044353198,NA,1.044353198,1
2021,"region_4","scomberomorus",76620.72,59269.13,5,"maximally harvested",27617.44165,NA,0.773539194097889,0.997575241,NA,0.997575241,0.997575241
2022,"region_4","scomberomorus",76992.33,59269.13,5,"maximally harvested",25894.0406,NA,0.769805641678853,0.93532392,NA,0.93532392,0.93532392
2023,"region_4","scomberomorus",65932,59269.13,5,"maximally harvested",23495.19805,NA,0.898943305223564,0.848674839,NA,0.848674839,0.848674839
2024,"region_4","scomberomorus",98954.9,59269.13,5,"maximally harvested",20037.04807,NA,0.598950936234588,0.723762299,NA,0.723762299,0.723762299
2019,"region_4_5_6_sonora_tbd","scomberomorus",6000,64200,4,NA,30531.52326,NA,NA,1.102835377,NA,1.102835377,1
2020,"region_4_5_6_sonora_tbd","scomberomorus",2000,64200,4,NA,28912.46929,NA,NA,1.044353198,NA,1.044353198,1
2021,"region_4_5_6_sonora_tbd","scomberomorus",245000,64200,4,NA,27617.44165,NA,NA,0.997575241,NA,0.997575241,0.997575241
2022,"region_4_5_6_sonora_tbd","scomberomorus",3800,64200,4,NA,25894.0406,NA,NA,0.93532392,NA,0.93532392,0.93532392
2023,"region_4_5_6_sonora_tbd","scomberomorus",9200,64200,4,NA,23495.19805,NA,NA,0.848674839,NA,0.848674839,0.848674839
2024,"region_4_5_6_sonora_tbd","scomberomorus",23350,64200,4,NA,20037.04807,NA,NA,0.723762299,NA,0.723762299,0.723762299
2018,"region_5","scomberomorus",156769,1059044.146,5,"maximally harvested",31675.70632,NA,1,1.144164646,NA,1.144164646,1
2019,"region_5","scomberomorus",134570.1,1059044.146,5,"maximally harvested",30531.52326,NA,1,1.102835377,NA,1.102835377,1
2020,"region_5","scomberomorus",39005,1059044.146,5,"maximally harvested",28912.46929,NA,1,1.044353198,NA,1.044353198,1
2021,"region_5","scomberomorus",1292722,1059044.146,5,"maximally harvested",27617.44165,NA,0.819235803212137,0.997575241,NA,0.997575241,0.997575241
2022,"region_5","scomberomorus",3672154.63,1059044.146,5,"maximally harvested",25894.0406,NA,0.288398570514445,0.93532392,NA,0.93532392,0.93532392
2023,"region_5","scomberomorus",4515639,1059044.146,5,"maximally harvested",23495.19805,NA,0.234528080300485,0.848674839,NA,0.848674839,0.848674839
2024,"region_5","scomberomorus",2452402.32,1059044.146,5,"maximally harvested",20037.04807,NA,0.431839481378406,0.723762299,NA,0.723762299,0.723762299
2018,"region_6","scomberomorus",410711,652489.92,5,"maximally harvested",31675.70632,NA,1,1.144164646,NA,1.144164646,1
2019,"region_6","scomberomorus",736886,652489.92,5,"maximally harvested",30531.52326,NA,0.885469285615414,1.102835377,NA,1.102835377,1
2020,"region_6","scomberomorus",913006.6,652489.92,5,"maximally harvested",28912.46929,NA,0.714660682628143,1.044353198,NA,1.044353198,1
2021,"region_6","scomberomorus",684147,652489.92,5,"maximally harvested",27617.44165,NA,1,0.997575241,NA,0.997575241,0.997575241
2022,"region_6","scomberomorus",517699,652489.92,5,"maximally harvested",25894.0406,NA,1,0.93532392,NA,0.93532392,0.93532392
2023,"region_6","scomberomorus",550337,652489.92,5,"maximally harvested",23495.19805,NA,1,0.848674839,NA,0.848674839,0.848674839
2024,"region_6","scomberomorus",536075,652489.92,5,"maximally harvested",20037.04807,NA,1,0.723762299,NA,0.723762299,0.723762299
2018,"region_7","scomberomorus",939651,837115.758,5,"maximally harvested",31675.70632,NA,0.89087944140963,1.144164646,NA,1.144164646,1
2019,"region_7","scomberomorus",852219.9,837115.758,5,"maximally harvested",30531.52326,NA,1,1.102835377,NA,1.102835377,1
2020,"region_7","scomberomorus",764243.3,837115.758,5,"maximally harvested",28912.46929,NA,1,1.044353198,NA,1.044353198,1
2021,"region_7","scomberomorus",858756.09,837115.758,5,"maximally harvested",27617.44165,NA,1,0.997575241,NA,0.997575241,0.997575241
2022,"region_7","scomberomorus",770708.5,837115.758,5,"maximally harvested",25894.0406,NA,1,0.93532392,NA,0.93532392,0.93532392
2023,"region_7","scomberomorus",630927,837115.758,5,"maximally harvested",23495.19805,NA,1,0.848674839,NA,0.848674839,0.848674839
2024,"region_7","scomberomorus",641536,837115.758,5,"maximally harvested",20037.04807,NA,1,0.723762299,NA,0.723762299,0.723762299
2018,"region_8","scomberomorus",1985939,2469620.8142,5,"maximally harvested",31675.70632,NA,1,1.144164646,NA,1.144164646,1
2019,"region_8","scomberomorus",2456117.611,2469620.8142,5,"maximally harvested",30531.52326,NA,1,1.102835377,NA,1.102835377,1
2020,"region_8","scomberomorus",2759869.61,2469620.8142,5,"maximally harvested",28912.46929,NA,0.894832424420225,1.044353198,NA,1.044353198,1
2021,"region_8","scomberomorus",2726523.12,2469620.8142,5,"maximally harvested",27617.44165,NA,0.905776590003755,0.997575241,NA,0.997575241,0.997575241
2022,"region_8","scomberomorus",2419654.73,2469620.8142,5,"maximally harvested",25894.0406,NA,1,0.93532392,NA,0.93532392,0.93532392
2023,"region_8","scomberomorus",2630919,2469620.8142,5,"maximally harvested",23495.19805,NA,1,0.848674839,NA,0.848674839,0.848674839
2024,"region_8","scomberomorus",3777063.08,2469620.8142,5,"maximally harvested",20037.04807,NA,0.653846854524865,0.723762299,NA,0.723762299,0.723762299
2018,"region_9","scomberomorus",1106717.1,822182.04,5,"maximally harvested",31675.70632,NA,0.742901722581137,1.144164646,NA,1.144164646,1
2019,"region_9","scomberomorus",877920.9,822182.04,5,"maximally harvested",30531.52326,NA,1,1.102835377,NA,1.102835377,1
2020,"region_9","scomberomorus",645606,822182.04,5,"maximally harvested",28912.46929,NA,1,1.044353198,NA,1.044353198,1
2021,"region_9","scomberomorus",673214.6,822182.04,5,"maximally harvested",27617.44165,NA,1,0.997575241,NA,0.997575241,0.997575241
2022,"region_9","scomberomorus",807451.6,822182.04,5,"maximally harvested",25894.0406,NA,1,0.93532392,NA,0.93532392,0.93532392
2023,"region_9","scomberomorus",594367,822182.04,5,"maximally harvested",23495.19805,NA,1,0.848674839,NA,0.848674839,0.848674839
2024,"region_9","scomberomorus",580635.43,822182.04,5,"maximally harvested",20037.04807,NA,1,0.723762299,NA,0.723762299,0.723762299
2018,"region_1","seriola",1818,NA,NA,NA,4881.69831,NA,NA,1.257918605,NA,1.257918605,1
2019,"region_1","seriola",1995,NA,NA,NA,4932.770228,NA,NA,1.271078843,NA,1.271078843,1
2020,"region_1","seriola",5555,NA,NA,NA,4843.012229,NA,NA,1.247949955,NA,1.247949955,1
2021,"region_1","seriola",150,NA,NA,NA,4759.963469,NA,NA,1.226549906,NA,1.226549906,1
2022,"region_1","seriola",611,NA,NA,NA,4503.94931,NA,NA,1.160580042,NA,1.160580042,1
2023,"region_1","seriola",200,NA,NA,NA,4198.402038,NA,NA,1.081846459,NA,1.081846459,1
2018,"region_1_2_baja_tbd","seriola",62,NA,NA,NA,4881.69831,NA,NA,1.257918605,NA,1.257918605,1
2019,"region_1_2_baja_tbd","seriola",198,NA,NA,NA,4932.770228,NA,NA,1.271078843,NA,1.271078843,1
2020,"region_1_2_baja_tbd","seriola",620,NA,NA,NA,4843.012229,NA,NA,1.247949955,NA,1.247949955,1
2021,"region_1_2_baja_tbd","seriola",1376,NA,NA,NA,4759.963469,NA,NA,1.226549906,NA,1.226549906,1
2022,"region_1_2_baja_tbd","seriola",2373,NA,NA,NA,4503.94931,NA,NA,1.160580042,NA,1.160580042,1
2018,"region_2","seriola",193572.3,NA,NA,NA,4881.69831,NA,NA,1.257918605,NA,1.257918605,1
2019,"region_2","seriola",430481.2,NA,NA,NA,4932.770228,NA,NA,1.271078843,NA,1.271078843,1
2020,"region_2","seriola",183008,NA,NA,NA,4843.012229,NA,NA,1.247949955,NA,1.247949955,1
2021,"region_2","seriola",215960,NA,NA,NA,4759.963469,NA,NA,1.226549906,NA,1.226549906,1
2022,"region_2","seriola",226916,NA,NA,NA,4503.94931,NA,NA,1.160580042,NA,1.160580042,1
2023,"region_2","seriola",201957,NA,NA,NA,4198.402038,NA,NA,1.081846459,NA,1.081846459,1
2024,"region_2","seriola",4,NA,NA,NA,3820.357756,NA,NA,0.984431809,NA,0.984431809,0.984431809
2018,"region_3","seriola",457151.4,NA,NA,NA,4881.69831,NA,NA,1.257918605,NA,1.257918605,1
2019,"region_3","seriola",561997,NA,NA,NA,4932.770228,NA,NA,1.271078843,NA,1.271078843,1
2020,"region_3","seriola",577654,NA,NA,NA,4843.012229,NA,NA,1.247949955,NA,1.247949955,1
2021,"region_3","seriola",818967,NA,NA,NA,4759.963469,NA,NA,1.226549906,NA,1.226549906,1
2022,"region_3","seriola",920142,NA,NA,NA,4503.94931,NA,NA,1.160580042,NA,1.160580042,1
2023,"region_3","seriola",780048,NA,NA,NA,4198.402038,NA,NA,1.081846459,NA,1.081846459,1
2024,"region_3","seriola",47,NA,NA,NA,3820.357756,NA,NA,0.984431809,NA,0.984431809,0.984431809
2023,"region_3_4_bcs_tbd","seriola",648,NA,NA,NA,4198.402038,NA,NA,1.081846459,NA,1.081846459,1
2018,"region_4","seriola",127188,NA,NA,NA,4881.69831,NA,NA,1.257918605,NA,1.257918605,1
2019,"region_4","seriola",223769.7,NA,NA,NA,4932.770228,NA,NA,1.271078843,NA,1.271078843,1
2020,"region_4","seriola",134796,NA,NA,NA,4843.012229,NA,NA,1.247949955,NA,1.247949955,1
2021,"region_4","seriola",271861,NA,NA,NA,4759.963469,NA,NA,1.226549906,NA,1.226549906,1
2022,"region_4","seriola",329472,NA,NA,NA,4503.94931,NA,NA,1.160580042,NA,1.160580042,1
2023,"region_4","seriola",251671,NA,NA,NA,4198.402038,NA,NA,1.081846459,NA,1.081846459,1
2024,"region_4","seriola",100,NA,NA,NA,3820.357756,NA,NA,0.984431809,NA,0.984431809,0.984431809
2019,"region_4_5_6_sonora_tbd","seriola",1419,NA,NA,NA,4932.770228,NA,NA,1.271078843,NA,1.271078843,1
2020,"region_4_5_6_sonora_tbd","seriola",790,NA,NA,NA,4843.012229,NA,NA,1.247949955,NA,1.247949955,1
2022,"region_4_5_6_sonora_tbd","seriola",1300,NA,NA,NA,4503.94931,NA,NA,1.160580042,NA,1.160580042,1
2018,"region_5","seriola",1006,NA,NA,NA,4881.69831,NA,NA,1.257918605,NA,1.257918605,1
2020,"region_5","seriola",578,NA,NA,NA,4843.012229,NA,NA,1.247949955,NA,1.247949955,1
2021,"region_5","seriola",104400,NA,NA,NA,4759.963469,NA,NA,1.226549906,NA,1.226549906,1
2022,"region_5","seriola",780,NA,NA,NA,4503.94931,NA,NA,1.160580042,NA,1.160580042,1
2023,"region_5","seriola",9510,NA,NA,NA,4198.402038,NA,NA,1.081846459,NA,1.081846459,1
2018,"region_6","seriola",53993,NA,NA,NA,4881.69831,NA,NA,1.257918605,NA,1.257918605,1
2019,"region_6","seriola",26094,NA,NA,NA,4932.770228,NA,NA,1.271078843,NA,1.271078843,1
2020,"region_6","seriola",18997,NA,NA,NA,4843.012229,NA,NA,1.247949955,NA,1.247949955,1
2021,"region_6","seriola",18586,NA,NA,NA,4759.963469,NA,NA,1.226549906,NA,1.226549906,1
2022,"region_6","seriola",15687,NA,NA,NA,4503.94931,NA,NA,1.160580042,NA,1.160580042,1
2023,"region_6","seriola",14868,NA,NA,NA,4198.402038,NA,NA,1.081846459,NA,1.081846459,1
2018,"region_7","seriola",106706,NA,NA,NA,4881.69831,NA,NA,1.257918605,NA,1.257918605,1
2019,"region_7","seriola",89090,NA,NA,NA,4932.770228,NA,NA,1.271078843,NA,1.271078843,1
2020,"region_7","seriola",74890,NA,NA,NA,4843.012229,NA,NA,1.247949955,NA,1.247949955,1
2021,"region_7","seriola",35434,NA,NA,NA,4759.963469,NA,NA,1.226549906,NA,1.226549906,1
2022,"region_7","seriola",42099,NA,NA,NA,4503.94931,NA,NA,1.160580042,NA,1.160580042,1
2023,"region_7","seriola",19869,NA,NA,NA,4198.402038,NA,NA,1.081846459,NA,1.081846459,1
2024,"region_7","seriola",200,NA,NA,NA,3820.357756,NA,NA,0.984431809,NA,0.984431809,0.984431809
2018,"region_8","seriola",3199,NA,NA,NA,4881.69831,NA,NA,1.257918605,NA,1.257918605,1
2019,"region_8","seriola",17354,NA,NA,NA,4932.770228,NA,NA,1.271078843,NA,1.271078843,1
2020,"region_8","seriola",10635,NA,NA,NA,4843.012229,NA,NA,1.247949955,NA,1.247949955,1
2021,"region_8","seriola",9488,NA,NA,NA,4759.963469,NA,NA,1.226549906,NA,1.226549906,1
2022,"region_8","seriola",22322,NA,NA,NA,4503.94931,NA,NA,1.160580042,NA,1.160580042,1
2023,"region_8","seriola",22077,NA,NA,NA,4198.402038,NA,NA,1.081846459,NA,1.081846459,1
2024,"region_8","seriola",1947,NA,NA,NA,3820.357756,NA,NA,0.984431809,NA,0.984431809,0.984431809
2018,"region_9","seriola",22318.8,NA,NA,NA,4881.69831,NA,NA,1.257918605,NA,1.257918605,1
2019,"region_9","seriola",6130.7,NA,NA,NA,4932.770228,NA,NA,1.271078843,NA,1.271078843,1
2020,"region_9","seriola",5030.4,NA,NA,NA,4843.012229,NA,NA,1.247949955,NA,1.247949955,1
2021,"region_9","seriola",14455.6,NA,NA,NA,4759.963469,NA,NA,1.226549906,NA,1.226549906,1
2022,"region_9","seriola",23090.8,NA,NA,NA,4503.94931,NA,NA,1.160580042,NA,1.160580042,1
2023,"region_9","seriola",25732,NA,NA,NA,4198.402038,NA,NA,1.081846459,NA,1.081846459,1
2024,"region_9","seriola",2194.6,NA,NA,NA,3820.357756,NA,NA,0.984431809,NA,0.984431809,0.984431809
2018,"region_1","sphyrna",40,40,1,"maximally harvested",17350.90984,NA,1,1.14565784,NA,1.14565784,1
2018,"region_2","sphyrna",335.3,3645.2,3,"maximally harvested",17350.90984,NA,1,1.14565784,NA,1.14565784,1
2021,"region_2","sphyrna",350,3645.2,3,"maximally harvested",14967.37885,NA,1,0.988276412,NA,0.988276412,0.988276412
2022,"region_2","sphyrna",10250.3,3645.2,3,"maximally harvested",14529.92716,NA,0.355618859935807,0.95939205,NA,0.95939205,0.95939205
2018,"region_3","sphyrna",11046,12015.38,5,"maximally harvested",17350.90984,NA,1,1.14565784,NA,1.14565784,1
2019,"region_3","sphyrna",8638.2,12015.38,5,"maximally harvested",15920.47778,NA,1,1.051208285,NA,1.051208285,1
2020,"region_3","sphyrna",10512,12015.38,5,"maximally harvested",15228.91768,NA,1,1.005545478,NA,1.005545478,1
2021,"region_3","sphyrna",6685.9,12015.38,5,"maximally harvested",14967.37885,NA,1,0.988276412,NA,0.988276412,0.988276412
2022,"region_3","sphyrna",23194.8,12015.38,5,"maximally harvested",14529.92716,NA,0.518020418369635,0.95939205,NA,0.95939205,0.95939205
2023,"region_3","sphyrna",1258,12015.38,5,"maximally harvested",14253.5509,NA,1,0.941143288,NA,0.941143288,0.941143288
2024,"region_3","sphyrna",981,12015.38,5,"maximally harvested",14220.02653,NA,1,0.938929718,NA,0.938929718,0.938929718
2018,"region_4","sphyrna",98523,204664.99,5,"maximally harvested",17350.90984,NA,1,1.14565784,NA,1.14565784,1
2019,"region_4","sphyrna",189039.5,204664.99,5,"maximally harvested",15920.47778,NA,1,1.051208285,NA,1.051208285,1
2020,"region_4","sphyrna",258776.3,204664.99,5,"maximally harvested",15228.91768,NA,0.790895418166192,1.005545478,NA,1.005545478,1
2021,"region_4","sphyrna",316278.9,204664.99,5,"maximally harvested",14967.37885,NA,0.647102889253757,0.988276412,NA,0.988276412,0.988276412
2022,"region_4","sphyrna",160707.25,204664.99,5,"maximally harvested",14529.92716,NA,1,0.95939205,NA,0.95939205,0.95939205
2023,"region_4","sphyrna",458553,204664.99,5,"maximally harvested",14253.5509,NA,0.446327883581614,0.941143288,NA,0.941143288,0.941143288
2024,"region_4","sphyrna",311547.5,204664.99,5,"maximally harvested",14220.02653,NA,0.656930291528579,0.938929718,NA,0.938929718,0.938929718
2019,"region_5","sphyrna",375,375,1,"maximally harvested",15920.47778,NA,1,1.051208285,NA,1.051208285,1
2024,"region_5","sphyrna",6964,375,1,"maximally harvested",14220.02653,NA,0.0538483630097645,0.938929718,NA,0.938929718,0.938929718
2024,"region_6","sphyrna",8104,NA,0,"maximally harvested",14220.02653,NA,NA,0.938929718,NA,0.938929718,0.938929718
2019,"region_7","sphyrna",67625,64799.75,4,"maximally harvested",15920.47778,NA,1,1.051208285,NA,1.051208285,1
2020,"region_7","sphyrna",85750,64799.75,4,"maximally harvested",15228.91768,NA,0.75568221574344,1.005545478,NA,1.005545478,1
2021,"region_7","sphyrna",51474,64799.75,4,"maximally harvested",14967.37885,NA,1,0.988276412,NA,0.988276412,0.988276412
2022,"region_7","sphyrna",54350,64799.75,4,"maximally harvested",14529.92716,NA,1,0.95939205,NA,0.95939205,0.95939205
2018,"region_8","sphyrna",95401.7,424111.75,5,"maximally harvested",17350.90984,NA,1,1.14565784,NA,1.14565784,1
2019,"region_8","sphyrna",193970.1,424111.75,5,"maximally harvested",15920.47778,NA,1,1.051208285,NA,1.051208285,1
2020,"region_8","sphyrna",783505.85,424111.75,5,"maximally harvested",15228.91768,NA,0.541300042622528,1.005545478,NA,1.005545478,1
2021,"region_8","sphyrna",844968.85,424111.75,5,"maximally harvested",14967.37885,NA,0.50192589939854,0.988276412,NA,0.988276412,0.988276412
2022,"region_8","sphyrna",202712.25,424111.75,5,"maximally harvested",14529.92716,NA,1,0.95939205,NA,0.95939205,0.95939205
2023,"region_8","sphyrna",20554,424111.75,5,"maximally harvested",14253.5509,NA,1,0.941143288,NA,0.941143288,0.941143288
2024,"region_8","sphyrna",219254.8,424111.75,5,"maximally harvested",14220.02653,NA,1,0.938929718,NA,0.938929718,0.938929718
2018,"region_9","sphyrna",422690,254226.97,5,"maximally harvested",17350.90984,NA,0.6014501644231,1.14565784,NA,1.14565784,1
2019,"region_9","sphyrna",604578.8,254226.97,5,"maximally harvested",15920.47778,NA,0.420502620998288,1.051208285,NA,1.051208285,1
2020,"region_9","sphyrna",104508,254226.97,5,"maximally harvested",15228.91768,NA,1,1.005545478,NA,1.005545478,1
2021,"region_9","sphyrna",101719,254226.97,5,"maximally harvested",14967.37885,NA,1,0.988276412,NA,0.988276412,0.988276412
2022,"region_9","sphyrna",37639.05,254226.97,5,"maximally harvested",14529.92716,NA,1,0.95939205,NA,0.95939205,0.95939205
2023,"region_9","sphyrna",900,254226.97,5,"maximally harvested",14253.5509,NA,1,0.941143288,NA,0.941143288,0.941143288
2024,"region_9","sphyrna",17307.5,254226.97,5,"maximally harvested",14220.02653,NA,1,0.938929718,NA,0.938929718,0.938929718
2018,"region_1","squatina",7789.45,NA,NA,NA,8083.208332,NA,NA,1.014969555,NA,1.014969555,1
2019,"region_1","squatina",6592.25,NA,NA,NA,8244.784269,NA,NA,1.035257868,NA,1.035257868,1
2020,"region_1","squatina",275,NA,NA,NA,8347.61295,NA,NA,1.04816957,NA,1.04816957,1
2021,"region_1","squatina",6804.85,NA,NA,NA,8435.667126,NA,NA,1.059226109,NA,1.059226109,1
2022,"region_1","squatina",6931.75,NA,NA,NA,8552.737281,NA,NA,1.073926045,NA,1.073926045,1
2023,"region_1","squatina",8920,NA,NA,NA,8763.400442,NA,NA,1.100378004,NA,1.100378004,1
2024,"region_1","squatina",2830,NA,NA,NA,9005.130082,NA,NA,1.130730831,NA,1.130730831,1
2018,"region_2","squatina",12141.35,NA,NA,NA,8083.208332,NA,NA,1.014969555,NA,1.014969555,1
2019,"region_2","squatina",25191.1,NA,NA,NA,8244.784269,NA,NA,1.035257868,NA,1.035257868,1
2020,"region_2","squatina",31269.4,NA,NA,NA,8347.61295,NA,NA,1.04816957,NA,1.04816957,1
2021,"region_2","squatina",65317.8,NA,NA,NA,8435.667126,NA,NA,1.059226109,NA,1.059226109,1
2022,"region_2","squatina",85443.5,NA,NA,NA,8552.737281,NA,NA,1.073926045,NA,1.073926045,1
2023,"region_2","squatina",102093,NA,NA,NA,8763.400442,NA,NA,1.100378004,NA,1.100378004,1
2024,"region_2","squatina",92137.95,NA,NA,NA,9005.130082,NA,NA,1.130730831,NA,1.130730831,1
2018,"region_3","squatina",45929,NA,NA,NA,8083.208332,NA,NA,1.014969555,NA,1.014969555,1
2019,"region_3","squatina",36598,NA,NA,NA,8244.784269,NA,NA,1.035257868,NA,1.035257868,1
2020,"region_3","squatina",55441.65,NA,NA,NA,8347.61295,NA,NA,1.04816957,NA,1.04816957,1
2021,"region_3","squatina",42837.85,NA,NA,NA,8435.667126,NA,NA,1.059226109,NA,1.059226109,1
2022,"region_3","squatina",51776.85,NA,NA,NA,8552.737281,NA,NA,1.073926045,NA,1.073926045,1
2023,"region_3","squatina",90037,NA,NA,NA,8763.400442,NA,NA,1.100378004,NA,1.100378004,1
2024,"region_3","squatina",70590.1,NA,NA,NA,9005.130082,NA,NA,1.130730831,NA,1.130730831,1
2018,"region_4","squatina",57284.7,NA,NA,NA,8083.208332,NA,NA,1.014969555,NA,1.014969555,1
2019,"region_4","squatina",54499,NA,NA,NA,8244.784269,NA,NA,1.035257868,NA,1.035257868,1
2020,"region_4","squatina",85694.4,NA,NA,NA,8347.61295,NA,NA,1.04816957,NA,1.04816957,1
2021,"region_4","squatina",79701.25,NA,NA,NA,8435.667126,NA,NA,1.059226109,NA,1.059226109,1
2022,"region_4","squatina",37429.75,NA,NA,NA,8552.737281,NA,NA,1.073926045,NA,1.073926045,1
2023,"region_4","squatina",35330,NA,NA,NA,8763.400442,NA,NA,1.100378004,NA,1.100378004,1
2024,"region_4","squatina",40852.95,NA,NA,NA,9005.130082,NA,NA,1.130730831,NA,1.130730831,1
2023,"region_4_5_6_sonora_tbd","squatina",2581,NA,NA,NA,8763.400442,NA,NA,1.100378004,NA,1.100378004,1
2024,"region_4_5_6_sonora_tbd","squatina",220,NA,NA,NA,9005.130082,NA,NA,1.130730831,NA,1.130730831,1
2018,"region_5","squatina",474289.35,NA,NA,NA,8083.208332,NA,NA,1.014969555,NA,1.014969555,1
2019,"region_5","squatina",332260.4,NA,NA,NA,8244.784269,NA,NA,1.035257868,NA,1.035257868,1
2020,"region_5","squatina",232359.8,NA,NA,NA,8347.61295,NA,NA,1.04816957,NA,1.04816957,1
2021,"region_5","squatina",164552.25,NA,NA,NA,8435.667126,NA,NA,1.059226109,NA,1.059226109,1
2022,"region_5","squatina",90422.1,NA,NA,NA,8552.737281,NA,NA,1.073926045,NA,1.073926045,1
2023,"region_5","squatina",141538,NA,NA,NA,8763.400442,NA,NA,1.100378004,NA,1.100378004,1
2024,"region_5","squatina",203037.35,NA,NA,NA,9005.130082,NA,NA,1.130730831,NA,1.130730831,1
2018,"region_6","squatina",75821.35,NA,NA,NA,8083.208332,NA,NA,1.014969555,NA,1.014969555,1
2019,"region_6","squatina",67198.45,NA,NA,NA,8244.784269,NA,NA,1.035257868,NA,1.035257868,1
2020,"region_6","squatina",78385.95,NA,NA,NA,8347.61295,NA,NA,1.04816957,NA,1.04816957,1
2021,"region_6","squatina",206991.75,NA,NA,NA,8435.667126,NA,NA,1.059226109,NA,1.059226109,1
2022,"region_6","squatina",113188.25,NA,NA,NA,8552.737281,NA,NA,1.073926045,NA,1.073926045,1
2023,"region_6","squatina",31592,NA,NA,NA,8763.400442,NA,NA,1.100378004,NA,1.100378004,1
2024,"region_6","squatina",26848.85,NA,NA,NA,9005.130082,NA,NA,1.130730831,NA,1.130730831,1
2018,"region_7","squatina",8745.75,NA,NA,NA,8083.208332,NA,NA,1.014969555,NA,1.014969555,1
2019,"region_7","squatina",16176.25,NA,NA,NA,8244.784269,NA,NA,1.035257868,NA,1.035257868,1
2020,"region_7","squatina",41342.5,NA,NA,NA,8347.61295,NA,NA,1.04816957,NA,1.04816957,1
2021,"region_7","squatina",55227.5,NA,NA,NA,8435.667126,NA,NA,1.059226109,NA,1.059226109,1
2022,"region_7","squatina",60885.8,NA,NA,NA,8552.737281,NA,NA,1.073926045,NA,1.073926045,1
2023,"region_7","squatina",35168,NA,NA,NA,8763.400442,NA,NA,1.100378004,NA,1.100378004,1
2024,"region_7","squatina",79232.5,NA,NA,NA,9005.130082,NA,NA,1.130730831,NA,1.130730831,1
2018,"region_8","squatina",27151.5,NA,NA,NA,8083.208332,NA,NA,1.014969555,NA,1.014969555,1
2019,"region_8","squatina",53941.5,NA,NA,NA,8244.784269,NA,NA,1.035257868,NA,1.035257868,1
2020,"region_8","squatina",34620.8,NA,NA,NA,8347.61295,NA,NA,1.04816957,NA,1.04816957,1
2021,"region_8","squatina",55431.65,NA,NA,NA,8435.667126,NA,NA,1.059226109,NA,1.059226109,1
2022,"region_8","squatina",29282.2,NA,NA,NA,8552.737281,NA,NA,1.073926045,NA,1.073926045,1
2023,"region_8","squatina",21949,NA,NA,NA,8763.400442,NA,NA,1.100378004,NA,1.100378004,1
2024,"region_8","squatina",41898.3,NA,NA,NA,9005.130082,NA,NA,1.130730831,NA,1.130730831,1
2018,"region_9","squatina",68759,NA,NA,NA,8083.208332,NA,NA,1.014969555,NA,1.014969555,1
2019,"region_9","squatina",231223.4,NA,NA,NA,8244.784269,NA,NA,1.035257868,NA,1.035257868,1
2020,"region_9","squatina",25543,NA,NA,NA,8347.61295,NA,NA,1.04816957,NA,1.04816957,1
2021,"region_9","squatina",2000,NA,NA,NA,8435.667126,NA,NA,1.059226109,NA,1.059226109,1
2018,"region_1","turbo",3397,NA,NA,NA,255.3021515,NA,NA,1.877761864,NA,1.877761864,1
2019,"region_1","turbo",445,NA,NA,NA,254.2781665,NA,NA,1.870230395,NA,1.870230395,1
2018,"region_2","turbo",6964,NA,NA,NA,255.3021515,NA,NA,1.877761864,NA,1.877761864,1
2019,"region_2","turbo",7628,NA,NA,NA,254.2781665,NA,NA,1.870230395,NA,1.870230395,1
2020,"region_2","turbo",7351,NA,NA,NA,254.1283453,NA,NA,1.869128452,NA,1.869128452,1
2021,"region_2","turbo",6941,NA,NA,NA,254.3482995,NA,NA,1.870746228,NA,1.870746228,1
2022,"region_2","turbo",4221,NA,NA,NA,255.5329446,NA,NA,1.87945936,NA,1.87945936,1
2023,"region_2","turbo",3485,NA,NA,NA,256.6816978,NA,NA,1.887908505,NA,1.887908505,1
2024,"region_2","turbo",2289,NA,NA,NA,255.8842082,NA,NA,1.882042924,NA,1.882042924,1
2024,"region_4_5_6_sonora_tbd","turbo",1180,NA,NA,NA,255.8842082,NA,NA,1.882042924,NA,1.882042924,1
2022,"region_5","turbo",4230,NA,NA,NA,255.5329446,NA,NA,1.87945936,NA,1.87945936,1
2023,"region_5","turbo",4670,NA,NA,NA,256.6816978,NA,NA,1.887908505,NA,1.887908505,1
2024,"region_5","turbo",2600,NA,NA,NA,255.8842082,NA,NA,1.882042924,NA,1.882042924,1
2019,"region_7","turbo",2000,NA,NA,NA,254.2781665,NA,NA,1.870230395,NA,1.870230395,1
2023,"region_7","turbo",3260,NA,NA,NA,256.6816978,NA,NA,1.887908505,NA,1.887908505,1
2024,"region_7","turbo",1950,NA,NA,NA,255.8842082,NA,NA,1.882042924,NA,1.882042924,1
2022,"region_1","argopecten",NA,24525,1,"maximally harvested",NA,NA,1,NA,NA,1,1
2018,"region_1","callinectes",NA,408,1,"unclear",NA,NA,NA,NA,NA,NA,NA
2018,"region_1","chione",NA,173129.8,5,"maximally harvested",NA,NA,1,NA,NA,1,1
2019,"region_1","chione",NA,173129.8,5,"maximally harvested",NA,NA,1,NA,NA,1,1
2020,"region_1","chione",NA,173129.8,5,"maximally harvested",NA,NA,1,NA,NA,1,1
2021,"region_1","chione",NA,173129.8,5,"maximally harvested",NA,NA,1,NA,NA,1,1
2022,"region_1","chione",NA,173129.8,5,"maximally harvested",NA,NA,0.762840928117592,NA,NA,0.762840928117592,0.762840928117592
2023,"region_1","chione",NA,173129.8,5,"maximally harvested",NA,NA,0.767388712329739,NA,NA,0.767388712329739,0.767388712329739
2018,"region_1","dosinia",NA,5978,2,"unclear",NA,NA,NA,NA,NA,NA,NA
2022,"region_1","dosinia",NA,5978,2,"unclear",NA,NA,NA,NA,NA,NA,NA
2024,"region_1","dosinia",NA,5978,2,"unclear",NA,NA,NA,NA,NA,NA,NA
2019,"region_1","galeorhinus",NA,2341,2,"maximally harvested",NA,NA,1,NA,NA,1,1
2022,"region_1","galeorhinus",NA,2341,2,"maximally harvested",NA,NA,0.537913602941177,NA,NA,0.537913602941177,0.537913602941177
2023,"region_1","galeorhinus",NA,2341,2,"maximally harvested",NA,NA,0.649736330835415,NA,NA,0.649736330835415,0.649736330835415
2024,"region_1","galeorhinus",NA,2341,2,"maximally harvested",NA,NA,0.412438336856942,NA,NA,0.412438336856942,0.412438336856942
2022,"region_1","haliotis",NA,88.06,1,"deteriorating",NA,NA,0.5,NA,NA,0.5,0.5
2023,"region_1","haliotis",NA,88.06,1,"deteriorating",NA,NA,0.393125,NA,NA,0.393125,0.393125
2024,"region_1","haliotis",NA,88.06,1,"deteriorating",NA,NA,0.0369919177322602,NA,NA,0.0369919177322602,0.0369919177322602
2018,"region_1","hoplopagrus",NA,294.8,1,"maximally harvested",NA,NA,1,NA,NA,1,1
2024,"region_1","hoplopagrus",NA,294.8,1,"maximally harvested",NA,NA,0.284830917874396,NA,NA,0.284830917874396,0.284830917874396
2018,"region_1","megapitaria",NA,1804,1,"maximally harvested",NA,NA,1,NA,NA,1,1
2018,"region_1","panopea",NA,985905.962,5,"maximally harvested",NA,NA,1,NA,NA,1,1
2019,"region_1","panopea",NA,985905.962,5,"maximally harvested",NA,NA,1,NA,NA,1,1
2020,"region_1","panopea",NA,985905.962,5,"maximally harvested",NA,NA,1,NA,NA,1,1
2021,"region_1","panopea",NA,985905.962,5,"maximally harvested",NA,NA,0.791416853167735,NA,NA,0.791416853167735,0.791416853167735
2022,"region_1","panopea",NA,985905.962,5,"maximally harvested",NA,NA,0.746764377910936,NA,NA,0.746764377910936,0.746764377910936
2023,"region_1","panopea",NA,985905.962,5,"maximally harvested",NA,NA,0.671713832152272,NA,NA,0.671713832152272,0.671713832152272
2024,"region_1","panopea",NA,985905.962,5,"maximally harvested",NA,NA,1,NA,NA,1,1
2018,"region_1","panulirus",NA,34025,5,NA,NA,NA,NA,NA,NA,NA,NA
2019,"region_1","panulirus",NA,34025,5,NA,NA,NA,NA,NA,NA,NA,NA
2020,"region_1","panulirus",NA,34025,5,NA,NA,NA,NA,NA,NA,NA,NA
2021,"region_1","panulirus",NA,34025,5,NA,NA,NA,NA,NA,NA,NA,NA
2022,"region_1","panulirus",NA,34025,5,NA,NA,NA,NA,NA,NA,NA,NA
2023,"region_1","panulirus",NA,34025,5,NA,NA,NA,NA,NA,NA,NA,NA
2024,"region_1","panulirus",NA,34025,5,NA,NA,NA,NA,NA,NA,NA,NA
2018,"region_1","rhizoprionodon",NA,2965.15,5,"maximally harvested",NA,NA,1,NA,NA,1,1
2019,"region_1","rhizoprionodon",NA,2965.15,5,"maximally harvested",NA,NA,1,NA,NA,1,1
2020,"region_1","rhizoprionodon",NA,2965.15,5,"maximally harvested",NA,NA,1,NA,NA,1,1
2021,"region_1","rhizoprionodon",NA,2965.15,5,"maximally harvested",NA,NA,1,NA,NA,1,1
2022,"region_1","rhizoprionodon",NA,2965.15,5,"maximally harvested",NA,NA,0.316738770496181,NA,NA,0.316738770496181,0.316738770496181
2020,"region_1","strongylocentrotus",NA,500,1,"deteriorating",NA,NA,0.5,NA,NA,0.5,0.5
2020,"region_1_2_baja_tbd","chione",NA,977.5,2,NA,NA,NA,NA,NA,NA,NA,NA
2021,"region_1_2_baja_tbd","chione",NA,977.5,2,NA,NA,NA,NA,NA,NA,NA,NA
2018,"region_1_2_baja_tbd","octopus",NA,1287.33333333333,3,NA,NA,NA,NA,NA,NA,NA,NA
2020,"region_1_2_baja_tbd","octopus",NA,1287.33333333333,3,NA,NA,NA,NA,NA,NA,NA,NA
2021,"region_1_2_baja_tbd","octopus",NA,1287.33333333333,3,NA,NA,NA,NA,NA,NA,NA,NA
2018,"region_1_2_baja_tbd","panopea",NA,13106.598,5,NA,NA,NA,NA,NA,NA,NA,NA
2019,"region_1_2_baja_tbd","panopea",NA,13106.598,5,NA,NA,NA,NA,NA,NA,NA,NA
2020,"region_1_2_baja_tbd","panopea",NA,13106.598,5,NA,NA,NA,NA,NA,NA,NA,NA
2021,"region_1_2_baja_tbd","panopea",NA,13106.598,5,NA,NA,NA,NA,NA,NA,NA,NA
2022,"region_1_2_baja_tbd","panopea",NA,13106.598,5,NA,NA,NA,NA,NA,NA,NA,NA
2024,"region_1_2_baja_tbd","panopea",NA,13106.598,5,NA,NA,NA,NA,NA,NA,NA,NA
2021,"region_1_2_baja_tbd","panulirus",NA,110,1,NA,NA,NA,NA,NA,NA,NA,NA
2019,"region_1_2_baja_tbd","rhizoprionodon",NA,400,1,NA,NA,NA,NA,NA,NA,NA,NA
2018,"region_1_2_baja_tbd","strongylocentrotus",NA,900,2,NA,NA,NA,NA,NA,NA,NA,NA
2020,"region_1_2_baja_tbd","strongylocentrotus",NA,900,2,NA,NA,NA,NA,NA,NA,NA,NA
2024,"region_1_2_baja_tbd","strongylocentrotus",NA,900,2,NA,NA,NA,NA,NA,NA,NA,NA
2019,"region_1_2_baja_tbd","thunnus",NA,474782,1,NA,NA,1,NA,NA,0.76,0.76,0.76
2024,"region_1_2_baja_tbd","thunnus",NA,474782,1,NA,NA,0,NA,NA,NA,NA,NA
2022,"region_2","argopecten",NA,450,1,"maximally harvested",NA,NA,1,NA,NA,1,1
2023,"region_2","argopecten",NA,450,1,"maximally harvested",NA,NA,0.320284697508897,NA,NA,0.320284697508897,0.320284697508897
2024,"region_2","argopecten",NA,450,1,"maximally harvested",NA,NA,0.0116519937856033,NA,NA,0.0116519937856033,0.0116519937856033
2018,"region_2","chione",NA,853,1,"maximally harvested",NA,NA,1,NA,NA,1,1
2018,"region_2","dosinia",NA,31932.6,5,"unclear",NA,NA,NA,NA,NA,NA,NA
2019,"region_2","dosinia",NA,31932.6,5,"unclear",NA,NA,NA,NA,NA,NA,NA
2020,"region_2","dosinia",NA,31932.6,5,"unclear",NA,NA,NA,NA,NA,NA,NA
2021,"region_2","dosinia",NA,31932.6,5,"unclear",NA,NA,NA,NA,NA,NA,NA
2022,"region_2","dosinia",NA,31932.6,5,"unclear",NA,NA,NA,NA,NA,NA,NA
2023,"region_2","dosinia",NA,31932.6,5,"unclear",NA,NA,NA,NA,NA,NA,NA
2024,"region_2","dosinia",NA,31932.6,5,"unclear",NA,NA,NA,NA,NA,NA,NA
2018,"region_2","galeorhinus",NA,2162.3875,4,"maximally harvested",NA,NA,1,NA,NA,1,1
2020,"region_2","galeorhinus",NA,2162.3875,4,"maximally harvested",NA,NA,1,NA,NA,1,1
2021,"region_2","galeorhinus",NA,2162.3875,4,"maximally harvested",NA,NA,1,NA,NA,1,1
2022,"region_2","galeorhinus",NA,2162.3875,4,"maximally harvested",NA,NA,0.419917759804255,NA,NA,0.419917759804255,0.419917759804255
2023,"region_2","galeorhinus",NA,2162.3875,4,"maximally harvested",NA,NA,1,NA,NA,1,1
2024,"region_2","galeorhinus",NA,2162.3875,4,"maximally harvested",NA,NA,0.576652044054508,NA,NA,0.576652044054508,0.576652044054508
2018,"region_2","hoplopagrus",NA,1030.68,5,"maximally harvested",NA,NA,1,NA,NA,1,1
2019,"region_2","hoplopagrus",NA,1030.68,5,"maximally harvested",NA,NA,1,NA,NA,1,1
2020,"region_2","hoplopagrus",NA,1030.68,5,"maximally harvested",NA,NA,0.338593955321945,NA,NA,0.338593955321945,0.338593955321945
2021,"region_2","hoplopagrus",NA,1030.68,5,"maximally harvested",NA,NA,1,NA,NA,1,1
2022,"region_2","hoplopagrus",NA,1030.68,5,"maximally harvested",NA,NA,0.859688047376762,NA,NA,0.859688047376762,0.859688047376762
2023,"region_2","hoplopagrus",NA,1030.68,5,"maximally harvested",NA,NA,0.354551083591331,NA,NA,0.354551083591331,0.354551083591331
2024,"region_2","hoplopagrus",NA,1030.68,5,"maximally harvested",NA,NA,0.0801967024331033,NA,NA,0.0801967024331033,0.0801967024331033
2018,"region_2","megapitaria",NA,2097.25,4,"maximally harvested",NA,NA,1,NA,NA,1,1
2019,"region_2","megapitaria",NA,2097.25,4,"maximally harvested",NA,NA,0.441247633073848,NA,NA,0.441247633073848,0.441247633073848
2021,"region_2","megapitaria",NA,2097.25,4,"maximally harvested",NA,NA,1,NA,NA,1,1
2022,"region_2","megapitaria",NA,2097.25,4,"maximally harvested",NA,NA,1,NA,NA,1,1
2023,"region_2","megapitaria",NA,2097.25,4,"maximally harvested",NA,NA,1,NA,NA,1,1
2018,"region_2","negaprion",NA,499,2,"maximally harvested",NA,NA,0.509183673469388,NA,NA,0.509183673469388,0.509183673469388
2019,"region_2","negaprion",NA,499,2,"maximally harvested",NA,NA,1,NA,NA,1,1
2018,"region_2","octopus",NA,2924.5,2,"maximally harvested",NA,NA,0.845280073992716,NA,NA,0.845280073992716,0.845280073992716
2020,"region_2","octopus",NA,2924.5,2,"maximally harvested",NA,NA,1,NA,NA,1,1
2018,"region_2","panopea",NA,336318,5,"maximally harvested",NA,NA,1,NA,NA,1,1
2019,"region_2","panopea",NA,336318,5,"maximally harvested",NA,NA,1,NA,NA,1,1
2020,"region_2","panopea",NA,336318,5,"maximally harvested",NA,NA,0.902457676919733,NA,NA,0.902457676919733,0.902457676919733
2021,"region_2","panopea",NA,336318,5,"maximally harvested",NA,NA,0.845139014534708,NA,NA,0.845139014534708,0.845139014534708
2022,"region_2","panopea",NA,336318,5,"maximally harvested",NA,NA,1,NA,NA,1,1
2023,"region_2","panopea",NA,336318,5,"maximally harvested",NA,NA,0.734668466650065,NA,NA,0.734668466650065,0.734668466650065
2024,"region_2","panopea",NA,336318,5,"maximally harvested",NA,NA,1,NA,NA,1,1
2018,"region_2","panulirus",NA,10860.1,5,NA,NA,NA,NA,NA,NA,NA,NA
2019,"region_2","panulirus",NA,10860.1,5,NA,NA,NA,NA,NA,NA,NA,NA
2020,"region_2","panulirus",NA,10860.1,5,NA,NA,NA,NA,NA,NA,NA,NA
2021,"region_2","panulirus",NA,10860.1,5,NA,NA,NA,NA,NA,NA,NA,NA
2022,"region_2","panulirus",NA,10860.1,5,NA,NA,NA,NA,NA,NA,NA,NA
2023,"region_2","panulirus",NA,10860.1,5,NA,NA,NA,NA,NA,NA,NA,NA
2024,"region_2","panulirus",NA,10860.1,5,NA,NA,NA,NA,NA,NA,NA,NA
2018,"region_2","rhizoprionodon",NA,76725.658,5,"maximally harvested",NA,NA,1,NA,NA,1,1
2019,"region_2","rhizoprionodon",NA,76725.658,5,"maximally harvested",NA,NA,1,NA,NA,1,1
2020,"region_2","rhizoprionodon",NA,76725.658,5,"maximally harvested",NA,NA,0.79895304466445,NA,NA,0.79895304466445,0.79895304466445
2021,"region_2","rhizoprionodon",NA,76725.658,5,"maximally harvested",NA,NA,1,NA,NA,1,1
2022,"region_2","rhizoprionodon",NA,76725.658,5,"maximally harvested",NA,NA,0.441574957317664,NA,NA,0.441574957317664,0.441574957317664
2019,"region_2","sphoeroides",NA,2777.825,4,NA,NA,0,NA,NA,NA,NA,NA
2020,"region_2","sphoeroides",NA,2777.825,4,NA,NA,1,NA,NA,1.15,1.15,1
2021,"region_2","sphoeroides",NA,2777.825,4,NA,NA,0,NA,NA,NA,NA,NA
2022,"region_2","sphoeroides",NA,2777.825,4,NA,NA,0,NA,NA,NA,NA,NA
2023,"region_2","sphoeroides",NA,2777.825,4,NA,NA,0,NA,NA,NA,NA,NA
2024,"region_2","sphoeroides",NA,2777.825,4,NA,NA,0,NA,NA,NA,NA,NA
2022,"region_2","strongylocentrotus",NA,900,1,"deteriorating",NA,NA,0.5,NA,NA,0.5,0.5
2019,"region_2","thunnus",NA,121319,3,"deteriorating",NA,1,0.453977009085602,NA,0.76,0.76,0.76
2021,"region_2","thunnus",NA,121319,3,"deteriorating",NA,0,0.985731830958053,NA,NA,0.985731830958053,0.985731830958053
2022,"region_2","thunnus",NA,121319,3,"deteriorating",NA,0,0.26736734001243,NA,NA,0.26736734001243,0.26736734001243
2024,"region_2","thunnus",NA,121319,3,"deteriorating",NA,0,0.0170181946930065,NA,NA,0.0170181946930065,0.0170181946930065
2019,"region_3","galeorhinus",NA,687.25,4,"maximally harvested",NA,NA,1,NA,NA,1,1
2020,"region_3","galeorhinus",NA,687.25,4,"maximally harvested",NA,NA,0.800990675990676,NA,NA,0.800990675990676,0.800990675990676
2021,"region_3","galeorhinus",NA,687.25,4,"maximally harvested",NA,NA,1,NA,NA,1,1
2022,"region_3","galeorhinus",NA,687.25,4,"maximally harvested",NA,NA,0.50719557195572,NA,NA,0.50719557195572,0.50719557195572
2023,"region_3","galeorhinus",NA,687.25,4,"maximally harvested",NA,NA,0.236006181318681,NA,NA,0.236006181318681,0.236006181318681
2024,"region_3","galeorhinus",NA,687.25,4,"maximally harvested",NA,NA,1,NA,NA,1,1
2018,"region_3","haliotis",NA,15787.189,3,"deteriorating",NA,NA,0.247294455294547,NA,NA,0.247294455294547,0.247294455294547
2019,"region_3","haliotis",NA,15787.189,3,"deteriorating",NA,NA,0.5,NA,NA,0.5,0.5
2020,"region_3","haliotis",NA,15787.189,3,"deteriorating",NA,NA,0.966846536137624,NA,NA,0.966846536137624,0.966846536137624
2023,"region_3","haliotis",NA,15787.189,3,"deteriorating",NA,NA,0.773867279349097,NA,NA,0.773867279349097,0.773867279349097
2024,"region_3","haliotis",NA,15787.189,3,"deteriorating",NA,NA,0.882826512053539,NA,NA,0.882826512053539,0.882826512053539
2018,"region_3","hoplopagrus",NA,15310.48,5,"maximally harvested",NA,NA,0.775453684429115,NA,NA,0.775453684429115,0.775453684429115
2019,"region_3","hoplopagrus",NA,15310.48,5,"maximally harvested",NA,NA,1,NA,NA,1,1
2020,"region_3","hoplopagrus",NA,15310.48,5,"maximally harvested",NA,NA,1,NA,NA,1,1
2021,"region_3","hoplopagrus",NA,15310.48,5,"maximally harvested",NA,NA,0.85572130405379,NA,NA,0.85572130405379,0.85572130405379
2022,"region_3","hoplopagrus",NA,15310.48,5,"maximally harvested",NA,NA,0.751276049717115,NA,NA,0.751276049717115,0.751276049717115
2023,"region_3","hoplopagrus",NA,15310.48,5,"maximally harvested",NA,NA,0.73206847088075,NA,NA,0.73206847088075,0.73206847088075
2024,"region_3","hoplopagrus",NA,15310.48,5,"maximally harvested",NA,NA,0.579514373852647,NA,NA,0.579514373852647,0.579514373852647
2018,"region_3","megapitaria",NA,14884.6666666667,3,"maximally harvested",NA,NA,0.819911130696632,NA,NA,0.819911130696632,0.819911130696632
2021,"region_3","megapitaria",NA,14884.6666666667,3,"maximally harvested",NA,NA,0.595386666666667,NA,NA,0.595386666666667,0.595386666666667
2022,"region_3","megapitaria",NA,14884.6666666667,3,"maximally harvested",NA,NA,1,NA,NA,1,1
2021,"region_3","negaprion",NA,168,1,"maximally harvested",NA,NA,1,NA,NA,1,1
2020,"region_3","octopus",NA,3095,1,"maximally harvested",NA,NA,1,NA,NA,1,1
2018,"region_3","panulirus",NA,132975.42,5,NA,NA,NA,NA,NA,NA,NA,NA
2019,"region_3","panulirus",NA,132975.42,5,NA,NA,NA,NA,NA,NA,NA,NA
2020,"region_3","panulirus",NA,132975.42,5,NA,NA,NA,NA,NA,NA,NA,NA
2021,"region_3","panulirus",NA,132975.42,5,NA,NA,NA,NA,NA,NA,NA,NA
2022,"region_3","panulirus",NA,132975.42,5,NA,NA,NA,NA,NA,NA,NA,NA
2023,"region_3","panulirus",NA,132975.42,5,NA,NA,NA,NA,NA,NA,NA,NA
2024,"region_3","panulirus",NA,132975.42,5,NA,NA,NA,NA,NA,NA,NA,NA
2018,"region_3","rhizoprionodon",NA,151436.334,5,"maximally harvested",NA,NA,1,NA,NA,1,1
2019,"region_3","rhizoprionodon",NA,151436.334,5,"maximally harvested",NA,NA,1,NA,NA,1,1
2020,"region_3","rhizoprionodon",NA,151436.334,5,"maximally harvested",NA,NA,0.802399063845097,NA,NA,0.802399063845097,0.802399063845097
2021,"region_3","rhizoprionodon",NA,151436.334,5,"maximally harvested",NA,NA,1,NA,NA,1,1
2022,"region_3","rhizoprionodon",NA,151436.334,5,"maximally harvested",NA,NA,0.787749911438412,NA,NA,0.787749911438412,0.787749911438412
2018,"region_3","sphoeroides",NA,3078.53,5,"maximally harvested",NA,0,0.533078787878788,NA,NA,0.533078787878788,0.533078787878788
2019,"region_3","sphoeroides",NA,3078.53,5,"maximally harvested",NA,0,1,NA,NA,1,1
2020,"region_3","sphoeroides",NA,3078.53,5,"maximally harvested",NA,1,0.816477920700172,NA,1.15,1.15,1
2021,"region_3","sphoeroides",NA,3078.53,5,"maximally harvested",NA,0,1,NA,NA,1,1
2022,"region_3","sphoeroides",NA,3078.53,5,"maximally harvested",NA,0,1,NA,NA,1,1
2023,"region_3","sphoeroides",NA,3078.53,5,"maximally harvested",NA,0,1,NA,NA,1,1
2024,"region_3","sphoeroides",NA,3078.53,5,"maximally harvested",NA,0,0.777180869192028,NA,NA,0.777180869192028,0.777180869192028
2020,"region_3","thunnus",NA,69.9,2,"deteriorating",NA,0,0.793991416309013,NA,NA,0.793991416309013,0.793991416309013
2022,"region_3","thunnus",NA,69.9,2,"deteriorating",NA,0,0.314864864864865,NA,NA,0.314864864864865,0.314864864864865
2023,"region_3","thunnus",NA,69.9,2,"deteriorating",NA,1,0.0693452380952381,NA,1.05,1.05,1
2024,"region_3","thunnus",NA,69.9,2,"deteriorating",NA,0,0.0598458904109589,NA,NA,0.0598458904109589,0.0598458904109589
2021,"region_3_4_bcs_tbd","argopecten",NA,6100,1,NA,NA,NA,NA,NA,NA,NA,NA
2023,"region_3_4_bcs_tbd","argopecten",NA,6100,1,NA,NA,NA,NA,NA,NA,NA,NA
2024,"region_3_4_bcs_tbd","argopecten",NA,6100,1,NA,NA,NA,NA,NA,NA,NA,NA
2024,"region_3_4_bcs_tbd","atrina",NA,NA,0,NA,NA,NA,NA,NA,NA,NA,NA
2018,"region_3_4_bcs_tbd","haliotis",NA,209.333333333333,3,NA,NA,NA,NA,NA,NA,NA,NA
2019,"region_3_4_bcs_tbd","haliotis",NA,209.333333333333,3,NA,NA,NA,NA,NA,NA,NA,NA
2020,"region_3_4_bcs_tbd","haliotis",NA,209.333333333333,3,NA,NA,NA,NA,NA,NA,NA,NA
2023,"region_3_4_bcs_tbd","haliotis",NA,209.333333333333,3,NA,NA,NA,NA,NA,NA,NA,NA
2018,"region_3_4_bcs_tbd","panulirus",NA,1800,1,NA,NA,NA,NA,NA,NA,NA,NA
2024,"region_3_4_bcs_tbd","panulirus",NA,1800,1,NA,NA,NA,NA,NA,NA,NA,NA
2023,"region_3_4_bcs_tbd","sphoeroides",NA,NA,0,NA,NA,0,NA,NA,NA,NA,NA
2022,"region_4","atrina",NA,4,1,"maximally harvested",NA,NA,1,NA,NA,1,1
2018,"region_4","hoplopagrus",NA,56865.72,5,"maximally harvested",NA,NA,1,NA,NA,1,1
2019,"region_4","hoplopagrus",NA,56865.72,5,"maximally harvested",NA,NA,1,NA,NA,1,1
2020,"region_4","hoplopagrus",NA,56865.72,5,"maximally harvested",NA,NA,0.849076651098343,NA,NA,0.849076651098343,0.849076651098343
2021,"region_4","hoplopagrus",NA,56865.72,5,"maximally harvested",NA,NA,1,NA,NA,1,1
2022,"region_4","hoplopagrus",NA,56865.72,5,"maximally harvested",NA,NA,0.623187338492797,NA,NA,0.623187338492797,0.623187338492797
2023,"region_4","hoplopagrus",NA,56865.72,5,"maximally harvested",NA,NA,1,NA,NA,1,1
2024,"region_4","hoplopagrus",NA,56865.72,5,"maximally harvested",NA,NA,1,NA,NA,1,1
2018,"region_4","megapitaria",NA,66208.4,5,"maximally harvested",NA,NA,1,NA,NA,1,1
2019,"region_4","megapitaria",NA,66208.4,5,"maximally harvested",NA,NA,1,NA,NA,1,1
2020,"region_4","megapitaria",NA,66208.4,5,"maximally harvested",NA,NA,1,NA,NA,1,1
2021,"region_4","megapitaria",NA,66208.4,5,"maximally harvested",NA,NA,1,NA,NA,1,1
2022,"region_4","megapitaria",NA,66208.4,5,"maximally harvested",NA,NA,0.521202865464851,NA,NA,0.521202865464851,0.521202865464851
2023,"region_4","megapitaria",NA,66208.4,5,"maximally harvested",NA,NA,1,NA,NA,1,1
2024,"region_4","megapitaria",NA,66208.4,5,"maximally harvested",NA,NA,1,NA,NA,1,1
2021,"region_4","negaprion",NA,3513,1,"maximally harvested",NA,NA,1,NA,NA,1,1
2024,"region_4","negaprion",NA,3513,1,"maximally harvested",NA,NA,1,NA,NA,1,1
2020,"region_4","octopus",NA,217.8,1,"maximally harvested",NA,NA,1,NA,NA,1,1
2023,"region_4","panopea",NA,NA,0,"maximally harvested",NA,NA,NA,NA,NA,NA,NA
2024,"region_4","panopea",NA,NA,0,"maximally harvested",NA,NA,NA,NA,NA,NA,NA
2020,"region_4","panulirus",NA,2084,2,NA,NA,NA,NA,NA,NA,NA,NA
2021,"region_4","panulirus",NA,2084,2,NA,NA,NA,NA,NA,NA,NA,NA
2023,"region_4","panulirus",NA,2084,2,NA,NA,NA,NA,NA,NA,NA,NA
2024,"region_4","panulirus",NA,2084,2,NA,NA,NA,NA,NA,NA,NA,NA
2018,"region_4","rhizoprionodon",NA,177597.59,5,"maximally harvested",NA,NA,1,NA,NA,1,1
2019,"region_4","rhizoprionodon",NA,177597.59,5,"maximally harvested",NA,NA,1,NA,NA,1,1
2020,"region_4","rhizoprionodon",NA,177597.59,5,"maximally harvested",NA,NA,1,NA,NA,1,1
2021,"region_4","rhizoprionodon",NA,177597.59,5,"maximally harvested",NA,NA,1,NA,NA,1,1
2022,"region_4","rhizoprionodon",NA,177597.59,5,"maximally harvested",NA,NA,0.327813568269579,NA,NA,0.327813568269579,0.327813568269579
2018,"region_4","sphoeroides",NA,4197.8,5,"maximally harvested",NA,0,0.518007095480487,NA,NA,0.518007095480487,0.518007095480487
2019,"region_4","sphoeroides",NA,4197.8,5,"maximally harvested",NA,0,1,NA,NA,1,1
2020,"region_4","sphoeroides",NA,4197.8,5,"maximally harvested",NA,1,1,NA,1.15,1.15,1
2021,"region_4","sphoeroides",NA,4197.8,5,"maximally harvested",NA,0,0.887109044801353,NA,NA,0.887109044801353,0.887109044801353
2022,"region_4","sphoeroides",NA,4197.8,5,"maximally harvested",NA,0,1,NA,NA,1,1
2023,"region_4","sphoeroides",NA,4197.8,5,"maximally harvested",NA,0,1,NA,NA,1,1
2024,"region_4","sphoeroides",NA,4197.8,5,"maximally harvested",NA,0,1,NA,NA,1,1
2024,"region_4","strongylocentrotus",NA,NA,0,"unclear",NA,NA,NA,NA,NA,NA,NA
2018,"region_4","thunnus",NA,8590.6,5,"deteriorating",NA,2,0.179554385084859,NA,0.97401,0.97401,0.97401
2019,"region_4","thunnus",NA,8590.6,5,"deteriorating",NA,1,0.444004548273723,NA,0.76,0.76,0.76
2020,"region_4","thunnus",NA,8590.6,5,"deteriorating",NA,0,0.72260377622052,NA,NA,0.72260377622052,0.72260377622052
2021,"region_4","thunnus",NA,8590.6,5,"deteriorating",NA,0,0.758398714874398,NA,NA,0.758398714874398,0.758398714874398
2022,"region_4","thunnus",NA,8590.6,5,"deteriorating",NA,0,0.9743906129956,NA,NA,0.9743906129956,0.9743906129956
2023,"region_4","thunnus",NA,8590.6,5,"deteriorating",NA,1,0.802167485391009,NA,1.05,1.05,1
2024,"region_4","thunnus",NA,8590.6,5,"deteriorating",NA,0,0.644710497520546,NA,NA,0.644710497520546,0.644710497520546
2022,"region_4_5_6_sonora_tbd","argopecten",NA,1800,1,NA,NA,NA,NA,NA,NA,NA,NA
2023,"region_4_5_6_sonora_tbd","argopecten",NA,1800,1,NA,NA,NA,NA,NA,NA,NA,NA
2022,"region_4_5_6_sonora_tbd","dosinia",NA,4000,1,NA,NA,NA,NA,NA,NA,NA,NA
2023,"region_4_5_6_sonora_tbd","dosinia",NA,4000,1,NA,NA,NA,NA,NA,NA,NA,NA
2024,"region_4_5_6_sonora_tbd","dosinia",NA,4000,1,NA,NA,NA,NA,NA,NA,NA,NA
2019,"region_4_5_6_sonora_tbd","haliotis",NA,16000,1,NA,NA,NA,NA,NA,NA,NA,NA
2022,"region_4_5_6_sonora_tbd","megapitaria",NA,2250,1,NA,NA,NA,NA,NA,NA,NA,NA
2024,"region_4_5_6_sonora_tbd","megapitaria",NA,2250,1,NA,NA,NA,NA,NA,NA,NA,NA
2018,"region_4_5_6_sonora_tbd","panopea",NA,7976,4,NA,NA,NA,NA,NA,NA,NA,NA
2019,"region_4_5_6_sonora_tbd","panopea",NA,7976,4,NA,NA,NA,NA,NA,NA,NA,NA
2021,"region_4_5_6_sonora_tbd","panopea",NA,7976,4,NA,NA,NA,NA,NA,NA,NA,NA
2022,"region_4_5_6_sonora_tbd","panopea",NA,7976,4,NA,NA,NA,NA,NA,NA,NA,NA
2023,"region_4_5_6_sonora_tbd","panopea",NA,7976,4,NA,NA,NA,NA,NA,NA,NA,NA
2024,"region_4_5_6_sonora_tbd","panopea",NA,7976,4,NA,NA,NA,NA,NA,NA,NA,NA
2018,"region_4_5_6_sonora_tbd","rhizoprionodon",NA,611.25,2,NA,NA,NA,NA,NA,NA,NA,NA
2021,"region_4_5_6_sonora_tbd","rhizoprionodon",NA,611.25,2,NA,NA,NA,NA,NA,NA,NA,NA
2018,"region_4_5_6_sonora_tbd","sphoeroides",NA,5400,1,NA,NA,0,NA,NA,NA,NA,NA
2018,"region_5","argopecten",NA,1630495.6,5,"unclear",NA,NA,NA,NA,NA,NA,NA
2019,"region_5","argopecten",NA,1630495.6,5,"unclear",NA,NA,NA,NA,NA,NA,NA
2020,"region_5","argopecten",NA,1630495.6,5,"unclear",NA,NA,NA,NA,NA,NA,NA
2021,"region_5","argopecten",NA,1630495.6,5,"unclear",NA,NA,NA,NA,NA,NA,NA
2022,"region_5","argopecten",NA,1630495.6,5,"unclear",NA,NA,NA,NA,NA,NA,NA
2023,"region_5","argopecten",NA,1630495.6,5,"unclear",NA,NA,NA,NA,NA,NA,NA
2024,"region_5","argopecten",NA,1630495.6,5,"unclear",NA,NA,NA,NA,NA,NA,NA
2022,"region_5","callinectes",NA,2500,1,"maximally harvested",NA,NA,1,NA,NA,1,1
2023,"region_5","callinectes",NA,2500,1,"maximally harvested",NA,NA,1,NA,NA,1,1
2018,"region_5","chione",NA,113820.25,4,"maximally harvested",NA,NA,1,NA,NA,1,1
2019,"region_5","chione",NA,113820.25,4,"maximally harvested",NA,NA,1,NA,NA,1,1
2021,"region_5","chione",NA,113820.25,4,"maximally harvested",NA,NA,1,NA,NA,1,1
2022,"region_5","chione",NA,113820.25,4,"maximally harvested",NA,NA,0.295530315029119,NA,NA,0.295530315029119,0.295530315029119
2023,"region_5","chione",NA,113820.25,4,"maximally harvested",NA,NA,1,NA,NA,1,1
2018,"region_5","dosinia",NA,446946.8,5,"maximally harvested",NA,NA,0.657301771249404,NA,NA,0.657301771249404,0.657301771249404
2019,"region_5","dosinia",NA,446946.8,5,"maximally harvested",NA,NA,1,NA,NA,1,1
2020,"region_5","dosinia",NA,446946.8,5,"maximally harvested",NA,NA,1,NA,NA,1,1
2021,"region_5","dosinia",NA,446946.8,5,"maximally harvested",NA,NA,0.881645776867753,NA,NA,0.881645776867753,0.881645776867753
2022,"region_5","dosinia",NA,446946.8,5,"maximally harvested",NA,NA,0.830371816761387,NA,NA,0.830371816761387,0.830371816761387
2023,"region_5","dosinia",NA,446946.8,5,"maximally harvested",NA,NA,1,NA,NA,1,1
2024,"region_5","dosinia",NA,446946.8,5,"maximally harvested",NA,NA,1,NA,NA,1,1
2023,"region_5","hoplopagrus",NA,NA,0,"maximally harvested",NA,NA,NA,NA,NA,NA,NA
2024,"region_5","hoplopagrus",NA,NA,0,"maximally harvested",NA,NA,NA,NA,NA,NA,NA
2018,"region_5","megapitaria",NA,4185,5,"unclear",NA,NA,NA,NA,NA,NA,NA
2019,"region_5","megapitaria",NA,4185,5,"unclear",NA,NA,NA,NA,NA,NA,NA
2020,"region_5","megapitaria",NA,4185,5,"unclear",NA,NA,NA,NA,NA,NA,NA
2021,"region_5","megapitaria",NA,4185,5,"unclear",NA,NA,NA,NA,NA,NA,NA
2022,"region_5","megapitaria",NA,4185,5,"unclear",NA,NA,NA,NA,NA,NA,NA
2023,"region_5","megapitaria",NA,4185,5,"unclear",NA,NA,NA,NA,NA,NA,NA
2023,"region_5","negaprion",NA,NA,0,"maximally harvested",NA,NA,NA,NA,NA,NA,NA
2018,"region_5","panopea",NA,29742.6,5,"maximally harvested",NA,NA,1,NA,NA,1,1
2019,"region_5","panopea",NA,29742.6,5,"maximally harvested",NA,NA,0.362701364584223,NA,NA,0.362701364584223,0.362701364584223
2020,"region_5","panopea",NA,29742.6,5,"maximally harvested",NA,NA,1,NA,NA,1,1
2021,"region_5","panopea",NA,29742.6,5,"maximally harvested",NA,NA,0.668448140240476,NA,NA,0.668448140240476,0.668448140240476
2022,"region_5","panopea",NA,29742.6,5,"maximally harvested",NA,NA,1,NA,NA,1,1
2023,"region_5","panopea",NA,29742.6,5,"maximally harvested",NA,NA,1,NA,NA,1,1
2024,"region_5","panopea",NA,29742.6,5,"maximally harvested",NA,NA,0.78949380192711,NA,NA,0.78949380192711,0.78949380192711
2018,"region_5","rhizoprionodon",NA,664893.42,5,"maximally harvested",NA,NA,0.721492132983091,NA,NA,0.721492132983091,0.721492132983091
2019,"region_5","rhizoprionodon",NA,664893.42,5,"maximally harvested",NA,NA,0.764032215612508,NA,NA,0.764032215612508,0.764032215612508
2020,"region_5","rhizoprionodon",NA,664893.42,5,"maximally harvested",NA,NA,1,NA,NA,1,1
2021,"region_5","rhizoprionodon",NA,664893.42,5,"maximally harvested",NA,NA,1,NA,NA,1,1
2022,"region_5","rhizoprionodon",NA,664893.42,5,"maximally harvested",NA,NA,1,NA,NA,1,1
2023,"region_5","rhizoprionodon",NA,664893.42,5,"maximally harvested",NA,NA,1,NA,NA,1,1
2024,"region_5","rhizoprionodon",NA,664893.42,5,"maximally harvested",NA,NA,1,NA,NA,1,1
2018,"region_5","sphoeroides",NA,5326.9,5,"maximally harvested",NA,0,0.663684784301511,NA,NA,0.663684784301511,0.663684784301511
2019,"region_5","sphoeroides",NA,5326.9,5,"maximally harvested",NA,0,0.443400270523359,NA,NA,0.443400270523359,0.443400270523359
2020,"region_5","sphoeroides",NA,5326.9,5,"maximally harvested",NA,1,1,NA,1.15,1.15,1
2021,"region_5","sphoeroides",NA,5326.9,5,"maximally harvested",NA,0,1,NA,NA,1,1
2022,"region_5","sphoeroides",NA,5326.9,5,"maximally harvested",NA,0,1,NA,NA,1,1
2023,"region_5","sphoeroides",NA,5326.9,5,"maximally harvested",NA,0,1,NA,NA,1,1
2024,"region_5","sphoeroides",NA,5326.9,5,"maximally harvested",NA,0,0.861957928802589,NA,NA,0.861957928802589,0.861957928802589
2018,"region_6","argopecten",NA,125924.75,4,"unclear",NA,NA,NA,NA,NA,NA,NA
2020,"region_6","argopecten",NA,125924.75,4,"unclear",NA,NA,NA,NA,NA,NA,NA
2021,"region_6","argopecten",NA,125924.75,4,"unclear",NA,NA,NA,NA,NA,NA,NA
2022,"region_6","argopecten",NA,125924.75,4,"unclear",NA,NA,NA,NA,NA,NA,NA
2023,"region_6","argopecten",NA,125924.75,4,"unclear",NA,NA,NA,NA,NA,NA,NA
2024,"region_6","argopecten",NA,125924.75,4,"unclear",NA,NA,NA,NA,NA,NA,NA
2023,"region_6","atrina",NA,NA,0,"maximally harvested",NA,NA,NA,NA,NA,NA,NA
2019,"region_6","callinectes",NA,13711.25,4,"maximally harvested",NA,NA,0.706765463917526,NA,NA,0.706765463917526,0.706765463917526
2020,"region_6","callinectes",NA,13711.25,4,"maximally harvested",NA,NA,0.408072916666667,NA,NA,0.408072916666667,0.408072916666667
2021,"region_6","callinectes",NA,13711.25,4,"maximally harvested",NA,NA,1,NA,NA,1,1
2022,"region_6","callinectes",NA,13711.25,4,"maximally harvested",NA,NA,1,NA,NA,1,1
2023,"region_6","callinectes",NA,13711.25,4,"maximally harvested",NA,NA,1,NA,NA,1,1
2018,"region_6","chione",NA,6707.5,4,"maximally harvested",NA,NA,1,NA,NA,1,1
2019,"region_6","chione",NA,6707.5,4,"maximally harvested",NA,NA,1,NA,NA,1,1
2021,"region_6","chione",NA,6707.5,4,"maximally harvested",NA,NA,0.569977906186268,NA,NA,0.569977906186268,0.569977906186268
2022,"region_6","chione",NA,6707.5,4,"maximally harvested",NA,NA,1,NA,NA,1,1
2018,"region_6","dosinia",NA,48056,5,"maximally harvested",NA,NA,1,NA,NA,1,1
2019,"region_6","dosinia",NA,48056,5,"maximally harvested",NA,NA,1,NA,NA,1,1
2020,"region_6","dosinia",NA,48056,5,"maximally harvested",NA,NA,1,NA,NA,1,1
2021,"region_6","dosinia",NA,48056,5,"maximally harvested",NA,NA,0.556525767226404,NA,NA,0.556525767226404,0.556525767226404
2022,"region_6","dosinia",NA,48056,5,"maximally harvested",NA,NA,0.405501645430765,NA,NA,0.405501645430765,0.405501645430765
2023,"region_6","dosinia",NA,48056,5,"maximally harvested",NA,NA,1,NA,NA,1,1
2024,"region_6","dosinia",NA,48056,5,"maximally harvested",NA,NA,1,NA,NA,1,1
2020,"region_6","hoplopagrus",NA,164.6,3,"maximally harvested",NA,NA,0.488717339667458,NA,NA,0.488717339667458,0.488717339667458
2021,"region_6","hoplopagrus",NA,164.6,3,"maximally harvested",NA,NA,1,NA,NA,1,1
2022,"region_6","hoplopagrus",NA,164.6,3,"maximally harvested",NA,NA,1,NA,NA,1,1
2023,"region_6","hoplopagrus",NA,164.6,3,"maximally harvested",NA,NA,0.565635738831615,NA,NA,0.565635738831615,0.565635738831615
2024,"region_6","hoplopagrus",NA,164.6,3,"maximally harvested",NA,NA,0.349840595111583,NA,NA,0.349840595111583,0.349840595111583
2018,"region_6","megapitaria",NA,30968.6,5,"unclear",NA,NA,NA,NA,NA,NA,NA
2019,"region_6","megapitaria",NA,30968.6,5,"unclear",NA,NA,NA,NA,NA,NA,NA
2020,"region_6","megapitaria",NA,30968.6,5,"unclear",NA,NA,NA,NA,NA,NA,NA
2021,"region_6","megapitaria",NA,30968.6,5,"unclear",NA,NA,NA,NA,NA,NA,NA
2022,"region_6","megapitaria",NA,30968.6,5,"unclear",NA,NA,NA,NA,NA,NA,NA
2023,"region_6","megapitaria",NA,30968.6,5,"unclear",NA,NA,NA,NA,NA,NA,NA
2024,"region_6","megapitaria",NA,30968.6,5,"unclear",NA,NA,NA,NA,NA,NA,NA
2020,"region_6","negaprion",NA,412.5,2,"maximally harvested",NA,NA,0.66,NA,NA,0.66,0.66
2022,"region_6","negaprion",NA,412.5,2,"maximally harvested",NA,NA,1,NA,NA,1,1
2023,"region_6","negaprion",NA,412.5,2,"maximally harvested",NA,NA,0.0687156421789105,NA,NA,0.0687156421789105,0.0687156421789105
2024,"region_6","negaprion",NA,412.5,2,"maximally harvested",NA,NA,0.111111111111111,NA,NA,0.111111111111111,0.111111111111111
2020,"region_6","octopus",NA,417.5,2,"maximally harvested",NA,NA,0.53525641025641,NA,NA,0.53525641025641,0.53525641025641
2022,"region_6","octopus",NA,417.5,2,"maximally harvested",NA,NA,1,NA,NA,1,1
2018,"region_6","panopea",NA,183531.04,5,"maximally harvested",NA,NA,1,NA,NA,1,1
2019,"region_6","panopea",NA,183531.04,5,"maximally harvested",NA,NA,0.626612494622628,NA,NA,0.626612494622628,0.626612494622628
2020,"region_6","panopea",NA,183531.04,5,"maximally harvested",NA,NA,1,NA,NA,1,1
2021,"region_6","panopea",NA,183531.04,5,"maximally harvested",NA,NA,1,NA,NA,1,1
2022,"region_6","panopea",NA,183531.04,5,"maximally harvested",NA,NA,1,NA,NA,1,1
2023,"region_6","panopea",NA,183531.04,5,"maximally harvested",NA,NA,1,NA,NA,1,1
2024,"region_6","panopea",NA,183531.04,5,"maximally harvested",NA,NA,1,NA,NA,1,1
2018,"region_6","panulirus",NA,15042.2,5,"development potential",NA,NA,1,NA,NA,1,1
2019,"region_6","panulirus",NA,15042.2,5,"development potential",NA,NA,1,NA,NA,1,1
2020,"region_6","panulirus",NA,15042.2,5,"development potential",NA,NA,1,NA,NA,1,1
2021,"region_6","panulirus",NA,15042.2,5,"development potential",NA,NA,1,NA,NA,1,1
2022,"region_6","panulirus",NA,15042.2,5,"development potential",NA,NA,1,NA,NA,1,1
2023,"region_6","panulirus",NA,15042.2,5,"development potential",NA,NA,1,NA,NA,1,1
2024,"region_6","panulirus",NA,15042.2,5,"development potential",NA,NA,1,NA,NA,1,1
2018,"region_6","rhizoprionodon",NA,278637.63,5,"maximally harvested",NA,NA,1,NA,NA,1,1
2019,"region_6","rhizoprionodon",NA,278637.63,5,"maximally harvested",NA,NA,1,NA,NA,1,1
2020,"region_6","rhizoprionodon",NA,278637.63,5,"maximally harvested",NA,NA,1,NA,NA,1,1
2021,"region_6","rhizoprionodon",NA,278637.63,5,"maximally harvested",NA,NA,0.646478121318229,NA,NA,0.646478121318229,0.646478121318229
2022,"region_6","rhizoprionodon",NA,278637.63,5,"maximally harvested",NA,NA,0.833344314486673,NA,NA,0.833344314486673,0.833344314486673
2018,"region_6","sphoeroides",NA,20493.55,5,"maximally harvested",NA,0,1,NA,NA,1,1
2019,"region_6","sphoeroides",NA,20493.55,5,"maximally harvested",NA,0,1,NA,NA,1,1
2020,"region_6","sphoeroides",NA,20493.55,5,"maximally harvested",NA,1,0.657771123104501,NA,1.15,1.15,1
2021,"region_6","sphoeroides",NA,20493.55,5,"maximally harvested",NA,0,0.831088013561137,NA,NA,0.831088013561137,0.831088013561137
2022,"region_6","sphoeroides",NA,20493.55,5,"maximally harvested",NA,0,1,NA,NA,1,1
2023,"region_6","sphoeroides",NA,20493.55,5,"maximally harvested",NA,0,1,NA,NA,1,1
2024,"region_6","sphoeroides",NA,20493.55,5,"maximally harvested",NA,0,1,NA,NA,1,1
2018,"region_7","argopecten",NA,729401.4,5,"unclear",NA,NA,NA,NA,NA,NA,NA
2019,"region_7","argopecten",NA,729401.4,5,"unclear",NA,NA,NA,NA,NA,NA,NA
2020,"region_7","argopecten",NA,729401.4,5,"unclear",NA,NA,NA,NA,NA,NA,NA
2021,"region_7","argopecten",NA,729401.4,5,"unclear",NA,NA,NA,NA,NA,NA,NA
2022,"region_7","argopecten",NA,729401.4,5,"unclear",NA,NA,NA,NA,NA,NA,NA
2023,"region_7","argopecten",NA,729401.4,5,"unclear",NA,NA,NA,NA,NA,NA,NA
2024,"region_7","argopecten",NA,729401.4,5,"unclear",NA,NA,NA,NA,NA,NA,NA
2018,"region_7","callinectes",NA,14472.6,5,"maximally harvested",NA,NA,1,NA,NA,1,1
2019,"region_7","callinectes",NA,14472.6,5,"maximally harvested",NA,NA,0.220125633108735,NA,NA,0.220125633108735,0.220125633108735
2020,"region_7","callinectes",NA,14472.6,5,"maximally harvested",NA,NA,1,NA,NA,1,1
2021,"region_7","callinectes",NA,14472.6,5,"maximally harvested",NA,NA,1,NA,NA,1,1
2022,"region_7","callinectes",NA,14472.6,5,"maximally harvested",NA,NA,1,NA,NA,1,1
2023,"region_7","callinectes",NA,14472.6,5,"maximally harvested",NA,NA,0.720029850746269,NA,NA,0.720029850746269,0.720029850746269
2018,"region_7","chione",NA,34537.25,4,"maximally harvested",NA,NA,1,NA,NA,1,1
2019,"region_7","chione",NA,34537.25,4,"maximally harvested",NA,NA,0.613123557606959,NA,NA,0.613123557606959,0.613123557606959
2020,"region_7","chione",NA,34537.25,4,"maximally harvested",NA,NA,1,NA,NA,1,1
2022,"region_7","chione",NA,34537.25,4,"maximally harvested",NA,NA,1,NA,NA,1,1
2023,"region_7","chione",NA,34537.25,4,"maximally harvested",NA,NA,1,NA,NA,1,1
2018,"region_7","dosinia",NA,140024.4,5,"maximally harvested",NA,NA,0.699670712390508,NA,NA,0.699670712390508,0.699670712390508
2019,"region_7","dosinia",NA,140024.4,5,"maximally harvested",NA,NA,1,NA,NA,1,1
2020,"region_7","dosinia",NA,140024.4,5,"maximally harvested",NA,NA,1,NA,NA,1,1
2021,"region_7","dosinia",NA,140024.4,5,"maximally harvested",NA,NA,1,NA,NA,1,1
2022,"region_7","dosinia",NA,140024.4,5,"maximally harvested",NA,NA,0.511577539813891,NA,NA,0.511577539813891,0.511577539813891
2023,"region_7","dosinia",NA,140024.4,5,"maximally harvested",NA,NA,0.395034714679471,NA,NA,0.395034714679471,0.395034714679471
2024,"region_7","dosinia",NA,140024.4,5,"maximally harvested",NA,NA,0.469236517665352,NA,NA,0.469236517665352,0.469236517665352
2021,"region_7","haliotis",NA,119,1,NA,NA,NA,NA,NA,NA,NA,NA
2018,"region_7","hoplopagrus",NA,1774.88,5,"maximally harvested",NA,NA,1,NA,NA,1,1
2019,"region_7","hoplopagrus",NA,1774.88,5,"maximally harvested",NA,NA,1,NA,NA,1,1
2020,"region_7","hoplopagrus",NA,1774.88,5,"maximally harvested",NA,NA,1,NA,NA,1,1
2021,"region_7","hoplopagrus",NA,1774.88,5,"maximally harvested",NA,NA,1,NA,NA,1,1
2022,"region_7","hoplopagrus",NA,1774.88,5,"maximally harvested",NA,NA,0.427846880725099,NA,NA,0.427846880725099,0.427846880725099
2023,"region_7","hoplopagrus",NA,1774.88,5,"maximally harvested",NA,NA,0.576446898343618,NA,NA,0.576446898343618,0.576446898343618
2024,"region_7","hoplopagrus",NA,1774.88,5,"maximally harvested",NA,NA,0.530765550239234,NA,NA,0.530765550239234,0.530765550239234
2018,"region_7","megapitaria",NA,106016.2,5,"unclear",NA,NA,NA,NA,NA,NA,NA
2019,"region_7","megapitaria",NA,106016.2,5,"unclear",NA,NA,NA,NA,NA,NA,NA
2020,"region_7","megapitaria",NA,106016.2,5,"unclear",NA,NA,NA,NA,NA,NA,NA
2021,"region_7","megapitaria",NA,106016.2,5,"unclear",NA,NA,NA,NA,NA,NA,NA
2022,"region_7","megapitaria",NA,106016.2,5,"unclear",NA,NA,NA,NA,NA,NA,NA
2023,"region_7","megapitaria",NA,106016.2,5,"unclear",NA,NA,NA,NA,NA,NA,NA
2023,"region_7","negaprion",NA,NA,0,"maximally harvested",NA,NA,NA,NA,NA,NA,NA
2018,"region_7","panopea",NA,119691.8,5,"maximally harvested",NA,NA,1,NA,NA,1,1
2019,"region_7","panopea",NA,119691.8,5,"maximally harvested",NA,NA,1,NA,NA,1,1
2020,"region_7","panopea",NA,119691.8,5,"maximally harvested",NA,NA,0.328925737935128,NA,NA,0.328925737935128,0.328925737935128
2021,"region_7","panopea",NA,119691.8,5,"maximally harvested",NA,NA,1,NA,NA,1,1
2022,"region_7","panopea",NA,119691.8,5,"maximally harvested",NA,NA,1,NA,NA,1,1
2023,"region_7","panopea",NA,119691.8,5,"maximally harvested",NA,NA,1,NA,NA,1,1
2024,"region_7","panopea",NA,119691.8,5,"maximally harvested",NA,NA,0.463617748286346,NA,NA,0.463617748286346,0.463617748286346
2018,"region_7","panulirus",NA,6106.2,5,"development potential",NA,NA,1,NA,NA,1,1
2019,"region_7","panulirus",NA,6106.2,5,"development potential",NA,NA,1,NA,NA,1,1
2020,"region_7","panulirus",NA,6106.2,5,"development potential",NA,NA,1,NA,NA,1,1
2021,"region_7","panulirus",NA,6106.2,5,"development potential",NA,NA,1,NA,NA,1,1
2022,"region_7","panulirus",NA,6106.2,5,"development potential",NA,NA,1,NA,NA,1,1
2023,"region_7","panulirus",NA,6106.2,5,"development potential",NA,NA,1,NA,NA,1,1
2024,"region_7","panulirus",NA,6106.2,5,"development potential",NA,NA,1,NA,NA,1,1
2018,"region_7","rhizoprionodon",NA,126361.45,5,"maximally harvested",NA,NA,1,NA,NA,1,1
2019,"region_7","rhizoprionodon",NA,126361.45,5,"maximally harvested",NA,NA,1,NA,NA,1,1
2020,"region_7","rhizoprionodon",NA,126361.45,5,"maximally harvested",NA,NA,0.643752397613925,NA,NA,0.643752397613925,0.643752397613925
2021,"region_7","rhizoprionodon",NA,126361.45,5,"maximally harvested",NA,NA,0.81054966131267,NA,NA,0.81054966131267,0.81054966131267
2022,"region_7","rhizoprionodon",NA,126361.45,5,"maximally harvested",NA,NA,1,NA,NA,1,1
2018,"region_7","sphoeroides",NA,49155.19,5,"maximally harvested",NA,0,1,NA,NA,1,1
2019,"region_7","sphoeroides",NA,49155.19,5,"maximally harvested",NA,0,0.647081070763317,NA,NA,0.647081070763317,0.647081070763317
2020,"region_7","sphoeroides",NA,49155.19,5,"maximally harvested",NA,1,0.736528716342768,NA,1.15,1.15,1
2021,"region_7","sphoeroides",NA,49155.19,5,"maximally harvested",NA,0,1,NA,NA,1,1
2022,"region_7","sphoeroides",NA,49155.19,5,"maximally harvested",NA,0,1,NA,NA,1,1
2023,"region_7","sphoeroides",NA,49155.19,5,"maximally harvested",NA,0,1,NA,NA,1,1
2024,"region_7","sphoeroides",NA,49155.19,5,"maximally harvested",NA,0,1,NA,NA,1,1
2023,"region_7","thunnus",NA,NA,0,"deteriorating",NA,1,NA,NA,1.05,1.05,1
2021,"region_8","argopecten",NA,7856,2,NA,NA,NA,NA,NA,NA,NA,NA
2022,"region_8","argopecten",NA,7856,2,NA,NA,NA,NA,NA,NA,NA,NA
2021,"region_8","atrina",NA,600,1,NA,NA,NA,NA,NA,NA,NA,NA
2018,"region_8","callinectes",NA,1711693.8,5,"maximally harvested",NA,NA,1,NA,NA,1,1
2019,"region_8","callinectes",NA,1711693.8,5,"maximally harvested",NA,NA,1,NA,NA,1,1
2020,"region_8","callinectes",NA,1711693.8,5,"maximally harvested",NA,NA,1,NA,NA,1,1
2021,"region_8","callinectes",NA,1711693.8,5,"maximally harvested",NA,NA,0.757881607634012,NA,NA,0.757881607634012,0.757881607634012
2022,"region_8","callinectes",NA,1711693.8,5,"maximally harvested",NA,NA,0.732518289486354,NA,NA,0.732518289486354,0.732518289486354
2023,"region_8","callinectes",NA,1711693.8,5,"maximally harvested",NA,NA,0.466668484236625,NA,NA,0.466668484236625,0.466668484236625
2018,"region_8","chione",NA,141493.75,4,"maximally harvested",NA,NA,0.368343811420464,NA,NA,0.368343811420464,0.368343811420464
2019,"region_8","chione",NA,141493.75,4,"maximally harvested",NA,NA,0.862293558413066,NA,NA,0.862293558413066,0.862293558413066
2021,"region_8","chione",NA,141493.75,4,"maximally harvested",NA,NA,1,NA,NA,1,1
2022,"region_8","chione",NA,141493.75,4,"maximally harvested",NA,NA,1,NA,NA,1,1
2023,"region_8","chione",NA,141493.75,4,"maximally harvested",NA,NA,1,NA,NA,1,1
2018,"region_8","dosinia",NA,597173.8,5,"unclear",NA,NA,NA,NA,NA,NA,NA
2019,"region_8","dosinia",NA,597173.8,5,"unclear",NA,NA,NA,NA,NA,NA,NA
2020,"region_8","dosinia",NA,597173.8,5,"unclear",NA,NA,NA,NA,NA,NA,NA
2021,"region_8","dosinia",NA,597173.8,5,"unclear",NA,NA,NA,NA,NA,NA,NA
2022,"region_8","dosinia",NA,597173.8,5,"unclear",NA,NA,NA,NA,NA,NA,NA
2023,"region_8","dosinia",NA,597173.8,5,"unclear",NA,NA,NA,NA,NA,NA,NA
2024,"region_8","dosinia",NA,597173.8,5,"unclear",NA,NA,NA,NA,NA,NA,NA
2020,"region_8","galeorhinus",NA,1917.5,1,"maximally harvested",NA,NA,1,NA,NA,1,1
2020,"region_8","haliotis",NA,1327.5,2,NA,NA,NA,NA,NA,NA,NA,NA
2022,"region_8","haliotis",NA,1327.5,2,NA,NA,NA,NA,NA,NA,NA,NA
2018,"region_8","hoplopagrus",NA,18845.66,5,"maximally harvested",NA,NA,1,NA,NA,1,1
2019,"region_8","hoplopagrus",NA,18845.66,5,"maximally harvested",NA,NA,1,NA,NA,1,1
2020,"region_8","hoplopagrus",NA,18845.66,5,"maximally harvested",NA,NA,1,NA,NA,1,1
2021,"region_8","hoplopagrus",NA,18845.66,5,"maximally harvested",NA,NA,1,NA,NA,1,1
2022,"region_8","hoplopagrus",NA,18845.66,5,"maximally harvested",NA,NA,0.744137726797102,NA,NA,0.744137726797102,0.744137726797102
2023,"region_8","hoplopagrus",NA,18845.66,5,"maximally harvested",NA,NA,0.899082104861409,NA,NA,0.899082104861409,0.899082104861409
2024,"region_8","hoplopagrus",NA,18845.66,5,"maximally harvested",NA,NA,0.653076316633023,NA,NA,0.653076316633023,0.653076316633023
2018,"region_8","macrobrachium",NA,465,2,"maximally harvested",NA,NA,0.547058823529412,NA,NA,0.547058823529412,0.547058823529412
2019,"region_8","macrobrachium",NA,465,2,"maximally harvested",NA,NA,1,NA,NA,1,1
2019,"region_8","megapitaria",NA,181366.5,4,"maximally harvested",NA,NA,1,NA,NA,1,1
2020,"region_8","megapitaria",NA,181366.5,4,"maximally harvested",NA,NA,1,NA,NA,1,1
2021,"region_8","megapitaria",NA,181366.5,4,"maximally harvested",NA,NA,1,NA,NA,1,1
2022,"region_8","megapitaria",NA,181366.5,4,"maximally harvested",NA,NA,0.332431228646421,NA,NA,0.332431228646421,0.332431228646421
2023,"region_8","megapitaria",NA,181366.5,4,"maximally harvested",NA,NA,0.549082977100161,NA,NA,0.549082977100161,0.549082977100161
2024,"region_8","megapitaria",NA,181366.5,4,"maximally harvested",NA,NA,1,NA,NA,1,1
2018,"region_8","negaprion",NA,9162.39,5,"maximally harvested",NA,NA,1,NA,NA,1,1
2019,"region_8","negaprion",NA,9162.39,5,"maximally harvested",NA,NA,1,NA,NA,1,1
2020,"region_8","negaprion",NA,9162.39,5,"maximally harvested",NA,NA,1,NA,NA,1,1
2021,"region_8","negaprion",NA,9162.39,5,"maximally harvested",NA,NA,1,NA,NA,1,1
2022,"region_8","negaprion",NA,9162.39,5,"maximally harvested",NA,NA,0.690292469035349,NA,NA,0.690292469035349,0.690292469035349
2023,"region_8","negaprion",NA,9162.39,5,"maximally harvested",NA,NA,1,NA,NA,1,1
2024,"region_8","negaprion",NA,9162.39,5,"maximally harvested",NA,NA,0.13106616542644,NA,NA,0.13106616542644,0.13106616542644
2018,"region_8","panopea",NA,950,3,NA,NA,NA,NA,NA,NA,NA,NA
2021,"region_8","panopea",NA,950,3,NA,NA,NA,NA,NA,NA,NA,NA
2022,"region_8","panopea",NA,950,3,NA,NA,NA,NA,NA,NA,NA,NA
2018,"region_8","panulirus",NA,23208.44,5,"maximally harvested",NA,NA,1,NA,NA,1,1
2019,"region_8","panulirus",NA,23208.44,5,"maximally harvested",NA,NA,0.825191911793464,NA,NA,0.825191911793464,0.825191911793464
2020,"region_8","panulirus",NA,23208.44,5,"maximally harvested",NA,NA,1,NA,NA,1,1
2021,"region_8","panulirus",NA,23208.44,5,"maximally harvested",NA,NA,1,NA,NA,1,1
2022,"region_8","panulirus",NA,23208.44,5,"maximally harvested",NA,NA,0.745820425477216,NA,NA,0.745820425477216,0.745820425477216
2023,"region_8","panulirus",NA,23208.44,5,"maximally harvested",NA,NA,1,NA,NA,1,1
2024,"region_8","panulirus",NA,23208.44,5,"maximally harvested",NA,NA,1,NA,NA,1,1
2018,"region_8","rhizoprionodon",NA,1148619.59,5,"maximally harvested",NA,NA,1,NA,NA,1,1
2019,"region_8","rhizoprionodon",NA,1148619.59,5,"maximally harvested",NA,NA,0.826449078121346,NA,NA,0.826449078121346,0.826449078121346
2020,"region_8","rhizoprionodon",NA,1148619.59,5,"maximally harvested",NA,NA,1,NA,NA,1,1
2021,"region_8","rhizoprionodon",NA,1148619.59,5,"maximally harvested",NA,NA,1,NA,NA,1,1
2022,"region_8","rhizoprionodon",NA,1148619.59,5,"maximally harvested",NA,NA,1,NA,NA,1,1
2023,"region_8","rhizoprionodon",NA,1148619.59,5,"maximally harvested",NA,NA,1,NA,NA,1,1
2024,"region_8","rhizoprionodon",NA,1148619.59,5,"maximally harvested",NA,NA,1,NA,NA,1,1
2018,"region_8","sphoeroides",NA,653127.89,5,"maximally harvested",NA,0,1,NA,NA,1,1
2019,"region_8","sphoeroides",NA,653127.89,5,"maximally harvested",NA,0,0.729749467850886,NA,NA,0.729749467850886,0.729749467850886
2020,"region_8","sphoeroides",NA,653127.89,5,"maximally harvested",NA,1,1,NA,1.15,1.15,1
2021,"region_8","sphoeroides",NA,653127.89,5,"maximally harvested",NA,0,1,NA,NA,1,1
2022,"region_8","sphoeroides",NA,653127.89,5,"maximally harvested",NA,0,0.85781768731142,NA,NA,0.85781768731142,0.85781768731142
2023,"region_8","sphoeroides",NA,653127.89,5,"maximally harvested",NA,0,0.720321654937538,NA,NA,0.720321654937538,0.720321654937538
2024,"region_8","sphoeroides",NA,653127.89,5,"maximally harvested",NA,0,0.71521071552999,NA,NA,0.71521071552999,0.71521071552999
2018,"region_8","thunnus",NA,77016762.172,5,"deteriorating",NA,2,0.553438276550871,NA,0.97401,0.97401,0.97401
2019,"region_8","thunnus",NA,77016762.172,5,"deteriorating",NA,1,0.5,NA,0.76,0.76,0.76
2020,"region_8","thunnus",NA,77016762.172,5,"deteriorating",NA,0,0.5,NA,NA,0.5,0.5
2021,"region_8","thunnus",NA,77016762.172,5,"deteriorating",NA,0,0.5,NA,NA,0.5,0.5
2022,"region_8","thunnus",NA,77016762.172,5,"deteriorating",NA,0,0.439176904292436,NA,NA,0.439176904292436,0.439176904292436
2023,"region_8","thunnus",NA,77016762.172,5,"deteriorating",NA,1,0.379817043640821,NA,1.05,1.05,1
2024,"region_8","thunnus",NA,77016762.172,5,"deteriorating",NA,0,0.335137968241313,NA,NA,0.335137968241313,0.335137968241313
2023,"region_9","galeorhinus",NA,NA,0,"maximally harvested",NA,NA,NA,NA,NA,NA,NA
2018,"region_9","hoplopagrus",NA,61744.9,5,"maximally harvested",NA,NA,0.608748762683724,NA,NA,0.608748762683724,0.608748762683724
2019,"region_9","hoplopagrus",NA,61744.9,5,"maximally harvested",NA,NA,0.778219890800744,NA,NA,0.778219890800744,0.778219890800744
2020,"region_9","hoplopagrus",NA,61744.9,5,"maximally harvested",NA,NA,1,NA,NA,1,1
2021,"region_9","hoplopagrus",NA,61744.9,5,"maximally harvested",NA,NA,1,NA,NA,1,1
2022,"region_9","hoplopagrus",NA,61744.9,5,"maximally harvested",NA,NA,1,NA,NA,1,1
2023,"region_9","hoplopagrus",NA,61744.9,5,"maximally harvested",NA,NA,1,NA,NA,1,1
2024,"region_9","hoplopagrus",NA,61744.9,5,"maximally harvested",NA,NA,1,NA,NA,1,1
2018,"region_9","macrobrachium",NA,106623.4,5,"unclear",NA,NA,NA,NA,NA,NA,NA
2019,"region_9","macrobrachium",NA,106623.4,5,"unclear",NA,NA,NA,NA,NA,NA,NA
2020,"region_9","macrobrachium",NA,106623.4,5,"unclear",NA,NA,NA,NA,NA,NA,NA
2021,"region_9","macrobrachium",NA,106623.4,5,"unclear",NA,NA,NA,NA,NA,NA,NA
2022,"region_9","macrobrachium",NA,106623.4,5,"unclear",NA,NA,NA,NA,NA,NA,NA
2023,"region_9","macrobrachium",NA,106623.4,5,"unclear",NA,NA,NA,NA,NA,NA,NA
2024,"region_9","macrobrachium",NA,106623.4,5,"unclear",NA,NA,NA,NA,NA,NA,NA
2019,"region_9","negaprion",NA,27581.25,2,"maximally harvested",NA,NA,0.510173410404624,NA,NA,0.510173410404624,0.510173410404624
2022,"region_9","negaprion",NA,27581.25,2,"maximally harvested",NA,NA,1,NA,NA,1,1
2023,"region_9","negaprion",NA,27581.25,2,"maximally harvested",NA,NA,1,NA,NA,1,1
2018,"region_9","panulirus",NA,25461.8,5,"maximally harvested",NA,NA,0.581957396233315,NA,NA,0.581957396233315,0.581957396233315
2019,"region_9","panulirus",NA,25461.8,5,"maximally harvested",NA,NA,0.38321267853649,NA,NA,0.38321267853649,0.38321267853649
2020,"region_9","panulirus",NA,25461.8,5,"maximally harvested",NA,NA,1,NA,NA,1,1
2021,"region_9","panulirus",NA,25461.8,5,"maximally harvested",NA,NA,1,NA,NA,1,1
2022,"region_9","panulirus",NA,25461.8,5,"maximally harvested",NA,NA,1,NA,NA,1,1
2023,"region_9","panulirus",NA,25461.8,5,"maximally harvested",NA,NA,1,NA,NA,1,1
2024,"region_9","panulirus",NA,25461.8,5,"maximally harvested",NA,NA,1,NA,NA,1,1
2018,"region_9","rhizoprionodon",NA,278592.87,5,"maximally harvested",NA,NA,1,NA,NA,1,1
2019,"region_9","rhizoprionodon",NA,278592.87,5,"maximally harvested",NA,NA,1,NA,NA,1,1
2020,"region_9","rhizoprionodon",NA,278592.87,5,"maximally harvested",NA,NA,1,NA,NA,1,1
2021,"region_9","rhizoprionodon",NA,278592.87,5,"maximally harvested",NA,NA,1,NA,NA,1,1
2022,"region_9","rhizoprionodon",NA,278592.87,5,"maximally harvested",NA,NA,0.810751639260416,NA,NA,0.810751639260416,0.810751639260416
2023,"region_9","rhizoprionodon",NA,278592.87,5,"maximally harvested",NA,NA,1,NA,NA,1,1
2024,"region_9","rhizoprionodon",NA,278592.87,5,"maximally harvested",NA,NA,1,NA,NA,1,1
2018,"region_9","sphoeroides",NA,32486.13,5,"maximally harvested",NA,0,1,NA,NA,1,1
2019,"region_9","sphoeroides",NA,32486.13,5,"maximally harvested",NA,0,1,NA,NA,1,1
2020,"region_9","sphoeroides",NA,32486.13,5,"maximally harvested",NA,1,1,NA,1.15,1.15,1
2021,"region_9","sphoeroides",NA,32486.13,5,"maximally harvested",NA,0,0.741639975252893,NA,NA,0.741639975252893,0.741639975252893
2022,"region_9","sphoeroides",NA,32486.13,5,"maximally harvested",NA,0,1,NA,NA,1,1
2023,"region_9","sphoeroides",NA,32486.13,5,"maximally harvested",NA,0,1,NA,NA,1,1
2024,"region_9","sphoeroides",NA,32486.13,5,"maximally harvested",NA,0,0.689304534271471,NA,NA,0.689304534271471,0.689304534271471
2018,"region_9","thunnus",NA,524170.46,5,"deteriorating",NA,2,0.410584030342006,NA,0.97401,0.97401,0.97401
2019,"region_9","thunnus",NA,524170.46,5,"deteriorating",NA,1,0.395150025254239,NA,0.76,0.76,0.76
2020,"region_9","thunnus",NA,524170.46,5,"deteriorating",NA,0,0.5,NA,NA,0.5,0.5
2021,"region_9","thunnus",NA,524170.46,5,"deteriorating",NA,0,0.5,NA,NA,0.5,0.5
2022,"region_9","thunnus",NA,524170.46,5,"deteriorating",NA,0,0.647913009061976,NA,NA,0.647913009061976,0.647913009061976
2023,"region_9","thunnus",NA,524170.46,5,"deteriorating",NA,1,0.64389542287446,NA,1.05,1.05,1
2024,"region_9","thunnus",NA,524170.46,5,"deteriorating",NA,0,0.671658338014699,NA,NA,0.671658338014699,0.671658338014699
2018,NA,"kajikia",NA,NA,NA,NA,NA,0,NA,NA,NA,NA,NA
2018,NA,"makaira",NA,NA,NA,NA,NA,1,NA,NA,1.125018136,1.125018136,1
2018,NA,"sardinops",NA,NA,NA,NA,NA,1,NA,NA,0.312746667,0.312746667,0.312746667
2018,NA,"scomber",NA,NA,NA,NA,NA,1,NA,NA,0.997461538,0.997461538,0.997461538
2018,NA,"scomberomorus
sierra",NA,NA,NA,NA,NA,0,NA,NA,NA,NA,NA
2018,NA,"xiphias",NA,NA,NA,NA,NA,1,NA,NA,1,1,1
2019,NA,"kajikia",NA,NA,NA,NA,NA,1,NA,NA,0.395910781,0.395910781,0.395910781
2019,NA,"katsuwonus",NA,NA,NA,NA,NA,1,NA,NA,1,1,1
2019,NA,"makaira",NA,NA,NA,NA,NA,1,NA,NA,1.17236543,1.17236543,1
2019,NA,"sardinops",NA,NA,NA,NA,NA,1,NA,NA,0.287506667,0.287506667,0.287506667
2019,NA,"scomber",NA,NA,NA,NA,NA,1,NA,NA,2.734576923,2.734576923,1
2019,NA,"scomberomorus
sierra",NA,NA,NA,NA,NA,1,NA,NA,1.15,1.15,1
2019,NA,"stomolophus",NA,NA,NA,NA,NA,0,NA,NA,NA,NA,NA
2019,NA,"xiphias",NA,NA,NA,NA,NA,1,NA,NA,1,1,1
2020,NA,"kajikia",NA,NA,NA,NA,NA,1,NA,NA,0.580821918,0.580821918,0.580821918
2020,NA,"katsuwonus",NA,NA,NA,NA,NA,1,NA,NA,1,1,1
2020,NA,"makaira",NA,NA,NA,NA,NA,0,NA,NA,NA,NA,NA
2020,NA,"sardinops",NA,NA,NA,NA,NA,1,NA,NA,0.297673333,0.297673333,0.297673333
2020,NA,"scomber",NA,NA,NA,NA,NA,1,NA,NA,2.6855,2.6855,1
2020,NA,"scomberomorus
sierra",NA,NA,NA,NA,NA,0,NA,NA,NA,NA,NA
2020,NA,"stomolophus",NA,NA,NA,NA,NA,1,NA,NA,1.1,1.1,1
2020,NA,"xiphias",NA,NA,NA,NA,NA,0,NA,NA,NA,NA,NA
2021,NA,"kajikia",NA,NA,NA,NA,NA,0,NA,NA,NA,NA,NA
2021,NA,"katsuwonus",NA,NA,NA,NA,NA,1,NA,NA,1,1,1
2021,NA,"makaira",NA,NA,NA,NA,NA,0,NA,NA,NA,NA,NA
2021,NA,"sardinops",NA,NA,NA,NA,NA,1,NA,NA,0.97094,0.97094,0.97094
2021,NA,"scomber",NA,NA,NA,NA,NA,1,NA,NA,1.933923077,1.933923077,1
2021,NA,"scomberomorus
sierra",NA,NA,NA,NA,NA,0,NA,NA,NA,NA,NA
2021,NA,"stomolophus",NA,NA,NA,NA,NA,0,NA,NA,NA,NA,NA
2021,NA,"xiphias",NA,NA,NA,NA,NA,0,NA,NA,NA,NA,NA
2022,NA,"kajikia",NA,NA,NA,NA,NA,0,NA,NA,NA,NA,NA
2022,NA,"katsuwonus",NA,NA,NA,NA,NA,1,NA,NA,1,1,1
2022,NA,"makaira",NA,NA,NA,NA,NA,0,NA,NA,NA,NA,NA
2022,NA,"sardinops",NA,NA,NA,NA,NA,1,NA,NA,0.430533333,0.430533333,0.430533333
2022,NA,"scomber",NA,NA,NA,NA,NA,1,NA,NA,1.765307692,1.765307692,1
2022,NA,"scomberomorus
sierra",NA,NA,NA,NA,NA,0,NA,NA,NA,NA,NA
2022,NA,"stomolophus",NA,NA,NA,NA,NA,0,NA,NA,NA,NA,NA
2022,NA,"xiphias",NA,NA,NA,NA,NA,0,NA,NA,NA,NA,NA
2023,NA,"kajikia",NA,NA,NA,NA,NA,0,NA,NA,NA,NA,NA
2023,NA,"katsuwonus",NA,NA,NA,NA,NA,1,NA,NA,1.566728248,1.566728248,1
2023,NA,"makaira",NA,NA,NA,NA,NA,0,NA,NA,NA,NA,NA
2023,NA,"sardinops",NA,NA,NA,NA,NA,1,NA,NA,0.41476,0.41476,0.41476
2023,NA,"scomber",NA,NA,NA,NA,NA,1,NA,NA,1.963846154,1.963846154,1
2023,NA,"scomberomorus
sierra",NA,NA,NA,NA,NA,0,NA,NA,NA,NA,NA
2023,NA,"stomolophus",NA,NA,NA,NA,NA,0,NA,NA,NA,NA,NA
2023,NA,"xiphias",NA,NA,NA,NA,NA,0,NA,NA,NA,NA,NA
2024,NA,"kajikia",NA,NA,NA,NA,NA,0,NA,NA,NA,NA,NA
2024,NA,"katsuwonus",NA,NA,NA,NA,NA,0,NA,NA,NA,NA,NA
2024,NA,"makaira",NA,NA,NA,NA,NA,0,NA,NA,NA,NA,NA
2024,NA,"sardinops",NA,NA,NA,NA,NA,1,NA,NA,0.241266667,0.241266667,0.241266667
2024,NA,"scomber",NA,NA,NA,NA,NA,1,NA,NA,2.613615385,2.613615385,1
2024,NA,"scomberomorus
sierra",NA,NA,NA,NA,NA,0,NA,NA,NA,NA,NA
2024,NA,"stomolophus",NA,NA,NA,NA,NA,0,NA,NA,NA,NA,NA
2024,NA,"xiphias",NA,NA,NA,NA,NA,0,NA,NA,NA,NA,NA
