"year","OHI_region_est","taxon_key","taxon_level","estimated_genus_name","annual_Catch_kg","n_landings_records","mean_Catch_2018.22_kg","n.years_Catch_2018.22","status","control","carta_source","Year_of_Recommendation","notes","carta_recommendation_source","catch_vs_reference_expectation","Stock_Status"
2019,"region_1","carcharhinus longimanus","species","carcharhinus",100,1,1605.8125,4,"maximally harvested","no increase","original estimate; Carta recommendation available for this species in this region",2023,NA,"original estimate; Carta recommendation available for this species in this region","catch should not exceed 2018-2022 mean",1
2020,"region_1","carcharhinus longimanus","species","carcharhinus",2453.25,4,1605.8125,4,"maximally harvested","no increase","original estimate; Carta recommendation available for this species in this region",2023,NA,"original estimate; Carta recommendation available for this species in this region","catch should not exceed 2018-2022 mean",0.654565372465097
2021,"region_1","carcharhinus longimanus","species","carcharhinus",1790,3,1605.8125,4,"maximally harvested","no increase","original estimate; Carta recommendation available for this species in this region",2023,NA,"original estimate; Carta recommendation available for this species in this region","catch should not exceed 2018-2022 mean",0.897101955307263
2022,"region_1","carcharhinus longimanus","species","carcharhinus",2080,2,1605.8125,4,"maximally harvested","no increase","original estimate; Carta recommendation available for this species in this region",2023,NA,"original estimate; Carta recommendation available for this species in this region","catch should not exceed 2018-2022 mean",0.772025240384615
2024,"region_1","carcharhinus longimanus","species","carcharhinus",50,1,1605.8125,4,"maximally harvested","no increase","original estimate; Carta recommendation available for this species in this region",2023,NA,"original estimate; Carta recommendation available for this species in this region","catch should not exceed 2018-2022 mean",1
2018,"region_1","chione fluctifraga","species","chione",147740,63,166104.6,5,"maximally harvested","no increase",NA,NA,NA,"genus fallback; genus aggregation; took the mode across all Carta recommendations supplied for this genus in this region (in the case of ties: chose the most conservative status and control)","catch should not exceed 2018-2022 mean",1
2019,"region_1","chione fluctifraga","species","chione",147278,88,166104.6,5,"maximally harvested","no increase",NA,NA,NA,"genus fallback; genus aggregation; took the mode across all Carta recommendations supplied for this genus in this region (in the case of ties: chose the most conservative status and control)","catch should not exceed 2018-2022 mean",1
2020,"region_1","chione fluctifraga","species","chione",142635,75,166104.6,5,"maximally harvested","no increase",NA,NA,NA,"genus fallback; genus aggregation; took the mode across all Carta recommendations supplied for this genus in this region (in the case of ties: chose the most conservative status and control)","catch should not exceed 2018-2022 mean",1
2021,"region_1","chione fluctifraga","species","chione",185189,148,166104.6,5,"maximally harvested","no increase",NA,NA,NA,"genus fallback; genus aggregation; took the mode across all Carta recommendations supplied for this genus in this region (in the case of ties: chose the most conservative status and control)","catch should not exceed 2018-2022 mean",0.896946362904924
2022,"region_1","chione fluctifraga","species","chione",207681,153,166104.6,5,"maximally harvested","no increase",NA,NA,NA,"genus fallback; genus aggregation; took the mode across all Carta recommendations supplied for this genus in this region (in the case of ties: chose the most conservative status and control)","catch should not exceed 2018-2022 mean",0.799806433905846
2023,"region_1","chione fluctifraga","species","chione",214703,191,166104.6,5,"maximally harvested","no increase",NA,NA,NA,"genus fallback; genus aggregation; took the mode across all Carta recommendations supplied for this genus in this region (in the case of ties: chose the most conservative status and control)","catch should not exceed 2018-2022 mean",0.773648248976493
2018,"region_1","cynoscion acoupa","species","cynoscion",20126.01,89,33817.362,5,"maximally harvested","no increase",NA,NA,NA,"genus fallback; genus aggregation; took the mode across all Carta recommendations supplied for this genus in this region (in the case of ties: chose the most conservative status and control)","catch should not exceed 2018-2022 mean",1
2019,"region_1","cynoscion acoupa","species","cynoscion",27035.5,55,33817.362,5,"maximally harvested","no increase",NA,NA,NA,"genus fallback; genus aggregation; took the mode across all Carta recommendations supplied for this genus in this region (in the case of ties: chose the most conservative status and control)","catch should not exceed 2018-2022 mean",1
2020,"region_1","cynoscion acoupa","species","cynoscion",24270,33,33817.362,5,"maximally harvested","no increase",NA,NA,NA,"genus fallback; genus aggregation; took the mode across all Carta recommendations supplied for this genus in this region (in the case of ties: chose the most conservative status and control)","catch should not exceed 2018-2022 mean",1
2021,"region_1","cynoscion acoupa","species","cynoscion",43771.6,49,33817.362,5,"maximally harvested","no increase",NA,NA,NA,"genus fallback; genus aggregation; took the mode across all Carta recommendations supplied for this genus in this region (in the case of ties: chose the most conservative status and control)","catch should not exceed 2018-2022 mean",0.77258683712727
2022,"region_1","cynoscion acoupa","species","cynoscion",53883.7,64,33817.362,5,"maximally harvested","no increase",NA,NA,NA,"genus fallback; genus aggregation; took the mode across all Carta recommendations supplied for this genus in this region (in the case of ties: chose the most conservative status and control)","catch should not exceed 2018-2022 mean",0.627599106965557
2023,"region_1","cynoscion acoupa","species","cynoscion",164212,91,33817.362,5,"maximally harvested","no increase",NA,NA,NA,"genus fallback; genus aggregation; took the mode across all Carta recommendations supplied for this genus in this region (in the case of ties: chose the most conservative status and control)","catch should not exceed 2018-2022 mean",0.205937215307042
2024,"region_1","cynoscion acoupa","species","cynoscion",35785.5,17,33817.362,5,"maximally harvested","no increase",NA,NA,NA,"genus fallback; genus aggregation; took the mode across all Carta recommendations supplied for this genus in this region (in the case of ties: chose the most conservative status and control)","catch should not exceed 2018-2022 mean",0.945001802406003
2018,"region_1","cynoscion xanthulus","species","cynoscion",4500,10,7447.8,5,"maximally harvested","no increase",NA,NA,NA,"genus fallback; genus aggregation; took the mode across all Carta recommendations supplied for this genus in this region (in the case of ties: chose the most conservative status and control)","catch should not exceed 2018-2022 mean",1
2019,"region_1","cynoscion xanthulus","species","cynoscion",1300,3,7447.8,5,"maximally harvested","no increase",NA,NA,NA,"genus fallback; genus aggregation; took the mode across all Carta recommendations supplied for this genus in this region (in the case of ties: chose the most conservative status and control)","catch should not exceed 2018-2022 mean",1
2020,"region_1","cynoscion xanthulus","species","cynoscion",368,2,7447.8,5,"maximally harvested","no increase",NA,NA,NA,"genus fallback; genus aggregation; took the mode across all Carta recommendations supplied for this genus in this region (in the case of ties: chose the most conservative status and control)","catch should not exceed 2018-2022 mean",1
2021,"region_1","cynoscion xanthulus","species","cynoscion",20408,11,7447.8,5,"maximally harvested","no increase",NA,NA,NA,"genus fallback; genus aggregation; took the mode across all Carta recommendations supplied for this genus in this region (in the case of ties: chose the most conservative status and control)","catch should not exceed 2018-2022 mean",0.364945119560956
2022,"region_1","cynoscion xanthulus","species","cynoscion",10663,11,7447.8,5,"maximally harvested","no increase",NA,NA,NA,"genus fallback; genus aggregation; took the mode across all Carta recommendations supplied for this genus in this region (in the case of ties: chose the most conservative status and control)","catch should not exceed 2018-2022 mean",0.6984713495264
2023,"region_1","cynoscion xanthulus","species","cynoscion",16116,8,7447.8,5,"maximally harvested","no increase",NA,NA,NA,"genus fallback; genus aggregation; took the mode across all Carta recommendations supplied for this genus in this region (in the case of ties: chose the most conservative status and control)","catch should not exceed 2018-2022 mean",0.462137006701415
2024,"region_1","cynoscion xanthulus","species","cynoscion",14500,40,7447.8,5,"maximally harvested","no increase",NA,NA,NA,"genus fallback; genus aggregation; took the mode across all Carta recommendations supplied for this genus in this region (in the case of ties: chose the most conservative status and control)","catch should not exceed 2018-2022 mean",0.513641379310345
2018,"region_1","lutjanus adetii","species","lutjanus",3301.568,28,3344.3736,5,"maximally harvested","no increase",NA,NA,NA,"genus fallback; genus aggregation; took the mode across all Carta recommendations supplied for this genus in this region (in the case of ties: chose the most conservative status and control)","catch should not exceed 2018-2022 mean",1
2019,"region_1","lutjanus adetii","species","lutjanus",431,6,3344.3736,5,"maximally harvested","no increase",NA,NA,NA,"genus fallback; genus aggregation; took the mode across all Carta recommendations supplied for this genus in this region (in the case of ties: chose the most conservative status and control)","catch should not exceed 2018-2022 mean",1
2020,"region_1","lutjanus adetii","species","lutjanus",12131,4,3344.3736,5,"maximally harvested","no increase",NA,NA,NA,"genus fallback; genus aggregation; took the mode across all Carta recommendations supplied for this genus in this region (in the case of ties: chose the most conservative status and control)","catch should not exceed 2018-2022 mean",0.275688203775451
2021,"region_1","lutjanus adetii","species","lutjanus",183.8,3,3344.3736,5,"maximally harvested","no increase",NA,NA,NA,"genus fallback; genus aggregation; took the mode across all Carta recommendations supplied for this genus in this region (in the case of ties: chose the most conservative status and control)","catch should not exceed 2018-2022 mean",1
2022,"region_1","lutjanus adetii","species","lutjanus",674.5,6,3344.3736,5,"maximally harvested","no increase",NA,NA,NA,"genus fallback; genus aggregation; took the mode across all Carta recommendations supplied for this genus in this region (in the case of ties: chose the most conservative status and control)","catch should not exceed 2018-2022 mean",1
2023,"region_1","lutjanus adetii","species","lutjanus",1447,14,3344.3736,5,"maximally harvested","no increase",NA,NA,NA,"genus fallback; genus aggregation; took the mode across all Carta recommendations supplied for this genus in this region (in the case of ties: chose the most conservative status and control)","catch should not exceed 2018-2022 mean",1
2024,"region_1","lutjanus adetii","species","lutjanus",461,7,3344.3736,5,"maximally harvested","no increase",NA,NA,NA,"genus fallback; genus aggregation; took the mode across all Carta recommendations supplied for this genus in this region (in the case of ties: chose the most conservative status and control)","catch should not exceed 2018-2022 mean",1
2018,"region_1","merluccius productus","species","merluccius",363059.1,35,1274813.56,5,"maximally harvested","no increase","original estimate; Carta recommendation available for this species in this region",2022,NA,"original estimate; Carta recommendation available for this species in this region","catch should not exceed 2018-2022 mean",1
2019,"region_1","merluccius productus","species","merluccius",185483.1,21,1274813.56,5,"maximally harvested","no increase","original estimate; Carta recommendation available for this species in this region",2022,NA,"original estimate; Carta recommendation available for this species in this region","catch should not exceed 2018-2022 mean",1
2020,"region_1","merluccius productus","species","merluccius",691727.2,36,1274813.56,5,"maximally harvested","no increase","original estimate; Carta recommendation available for this species in this region",2022,NA,"original estimate; Carta recommendation available for this species in this region","catch should not exceed 2018-2022 mean",1
2021,"region_1","merluccius productus","species","merluccius",1709119.4,71,1274813.56,5,"maximally harvested","no increase","original estimate; Carta recommendation available for this species in this region",2022,NA,"original estimate; Carta recommendation available for this species in this region","catch should not exceed 2018-2022 mean",0.745889116933551
2022,"region_1","merluccius productus","species","merluccius",3424679,146,1274813.56,5,"maximally harvested","no increase","original estimate; Carta recommendation available for this species in this region",2022,NA,"original estimate; Carta recommendation available for this species in this region","catch should not exceed 2018-2022 mean",0.372243226299458
2023,"region_1","merluccius productus","species","merluccius",4571684,179,1274813.56,5,"maximally harvested","no increase","original estimate; Carta recommendation available for this species in this region",2022,NA,"original estimate; Carta recommendation available for this species in this region","catch should not exceed 2018-2022 mean",0.278849885512647
2024,"region_1","merluccius productus","species","merluccius",6000282.2,185,1274813.56,5,"maximally harvested","no increase","original estimate; Carta recommendation available for this species in this region",2022,NA,"original estimate; Carta recommendation available for this species in this region","catch should not exceed 2018-2022 mean",0.212458934014804
2018,"region_1","panopea generosa","species","panopea",607862.81,387,976694.762,5,"maximally harvested","no increase","original estimate; Carta recommendation available for this species in this region",2023,"Within region variation in status, took most conservative","original estimate; Carta recommendation available for this species in this region","catch should not exceed 2018-2022 mean",1
2019,"region_1","panopea generosa","species","panopea",771393,533,976694.762,5,"maximally harvested","no increase","original estimate; Carta recommendation available for this species in this region",2023,"Within region variation in status, took most conservative","original estimate; Carta recommendation available for this species in this region","catch should not exceed 2018-2022 mean",1
2020,"region_1","panopea generosa","species","panopea",960523,682,976694.762,5,"maximally harvested","no increase","original estimate; Carta recommendation available for this species in this region",2023,"Within region variation in status, took most conservative","original estimate; Carta recommendation available for this species in this region","catch should not exceed 2018-2022 mean",1
2021,"region_1","panopea generosa","species","panopea",1238398,708,976694.762,5,"maximally harvested","no increase","original estimate; Carta recommendation available for this species in this region",2023,"Within region variation in status, took most conservative","original estimate; Carta recommendation available for this species in this region","catch should not exceed 2018-2022 mean",0.788675984618838
2022,"region_1","panopea generosa","species","panopea",1305297,733,976694.762,5,"maximally harvested","no increase","original estimate; Carta recommendation available for this species in this region",2023,"Within region variation in status, took most conservative","original estimate; Carta recommendation available for this species in this region","catch should not exceed 2018-2022 mean",0.748254812506272
2023,"region_1","panopea generosa","species","panopea",1422499,726,976694.762,5,"maximally harvested","no increase","original estimate; Carta recommendation available for this species in this region",2023,"Within region variation in status, took most conservative","original estimate; Carta recommendation available for this species in this region","catch should not exceed 2018-2022 mean",0.68660488478375
2024,"region_1","panopea generosa","species","panopea",937541,532,976694.762,5,"maximally harvested","no increase","original estimate; Carta recommendation available for this species in this region",2023,"Within region variation in status, took most conservative","original estimate; Carta recommendation available for this species in this region","catch should not exceed 2018-2022 mean",1
2018,"region_1","panulirus interruptus","species","panulirus",23056,27,34025,5,"maximally harvested","no increase","original estimate; Carta recommendation available for this species in this region",2017,NA,"original estimate; Carta recommendation available for this species in this region","catch should not exceed 2018-2022 mean",1
2019,"region_1","panulirus interruptus","species","panulirus",42925,50,34025,5,"maximally harvested","no increase","original estimate; Carta recommendation available for this species in this region",2017,NA,"original estimate; Carta recommendation available for this species in this region","catch should not exceed 2018-2022 mean",0.792661619103087
2020,"region_1","panulirus interruptus","species","panulirus",39741,42,34025,5,"maximally harvested","no increase","original estimate; Carta recommendation available for this species in this region",2017,NA,"original estimate; Carta recommendation available for this species in this region","catch should not exceed 2018-2022 mean",0.856168692282529
2021,"region_1","panulirus interruptus","species","panulirus",32255,31,34025,5,"maximally harvested","no increase","original estimate; Carta recommendation available for this species in this region",2017,NA,"original estimate; Carta recommendation available for this species in this region","catch should not exceed 2018-2022 mean",1
2022,"region_1","panulirus interruptus","species","panulirus",32148,42,34025,5,"maximally harvested","no increase","original estimate; Carta recommendation available for this species in this region",2017,NA,"original estimate; Carta recommendation available for this species in this region","catch should not exceed 2018-2022 mean",1
2023,"region_1","panulirus interruptus","species","panulirus",46792,49,34025,5,"maximally harvested","no increase","original estimate; Carta recommendation available for this species in this region",2017,NA,"original estimate; Carta recommendation available for this species in this region","catch should not exceed 2018-2022 mean",0.727154214395623
2024,"region_1","panulirus interruptus","species","panulirus",43120,34,34025,5,"maximally harvested","no increase","original estimate; Carta recommendation available for this species in this region",2017,NA,"original estimate; Carta recommendation available for this species in this region","catch should not exceed 2018-2022 mean",0.789076994434137
2018,"region_1","paralabrax auroguttatus","species","paralabrax",2514.1,14,8997.28,5,"maximally harvested","no increase",NA,NA,NA,"genus fallback; genus aggregation; took the mode across all Carta recommendations supplied for this genus in this region (in the case of ties: chose the most conservative status and control)","catch should not exceed 2018-2022 mean",1
2019,"region_1","paralabrax auroguttatus","species","paralabrax",755,6,8997.28,5,"maximally harvested","no increase",NA,NA,NA,"genus fallback; genus aggregation; took the mode across all Carta recommendations supplied for this genus in this region (in the case of ties: chose the most conservative status and control)","catch should not exceed 2018-2022 mean",1
2020,"region_1","paralabrax auroguttatus","species","paralabrax",3362.9,14,8997.28,5,"maximally harvested","no increase",NA,NA,NA,"genus fallback; genus aggregation; took the mode across all Carta recommendations supplied for this genus in this region (in the case of ties: chose the most conservative status and control)","catch should not exceed 2018-2022 mean",1
2021,"region_1","paralabrax auroguttatus","species","paralabrax",6908.5,14,8997.28,5,"maximally harvested","no increase",NA,NA,NA,"genus fallback; genus aggregation; took the mode across all Carta recommendations supplied for this genus in this region (in the case of ties: chose the most conservative status and control)","catch should not exceed 2018-2022 mean",1
2022,"region_1","paralabrax auroguttatus","species","paralabrax",31445.9,31,8997.28,5,"maximally harvested","no increase",NA,NA,NA,"genus fallback; genus aggregation; took the mode across all Carta recommendations supplied for this genus in this region (in the case of ties: chose the most conservative status and control)","catch should not exceed 2018-2022 mean",0.28611933511205
2023,"region_1","paralabrax auroguttatus","species","paralabrax",12778,23,8997.28,5,"maximally harvested","no increase",NA,NA,NA,"genus fallback; genus aggregation; took the mode across all Carta recommendations supplied for this genus in this region (in the case of ties: chose the most conservative status and control)","catch should not exceed 2018-2022 mean",0.704122710909376
2024,"region_1","paralabrax auroguttatus","species","paralabrax",8616.5,15,8997.28,5,"maximally harvested","no increase",NA,NA,NA,"genus fallback; genus aggregation; took the mode across all Carta recommendations supplied for this genus in this region (in the case of ties: chose the most conservative status and control)","catch should not exceed 2018-2022 mean",1
2018,"region_1","rhizoprionodon longurio","species","rhizoprionodon",1298.75,6,2875.15,5,"maximally harvested","no increase","original estimate; Carta recommendation available for this species in this region",2023,NA,"original estimate; Carta recommendation available for this species in this region","catch should not exceed 2018-2022 mean",1
2019,"region_1","rhizoprionodon longurio","species","rhizoprionodon",1848,6,2875.15,5,"maximally harvested","no increase","original estimate; Carta recommendation available for this species in this region",2023,NA,"original estimate; Carta recommendation available for this species in this region","catch should not exceed 2018-2022 mean",1
2020,"region_1","rhizoprionodon longurio","species","rhizoprionodon",1985.5,8,2875.15,5,"maximally harvested","no increase","original estimate; Carta recommendation available for this species in this region",2023,NA,"original estimate; Carta recommendation available for this species in this region","catch should not exceed 2018-2022 mean",1
2021,"region_1","rhizoprionodon longurio","species","rhizoprionodon",332,2,2875.15,5,"maximally harvested","no increase","original estimate; Carta recommendation available for this species in this region",2023,NA,"original estimate; Carta recommendation available for this species in this region","catch should not exceed 2018-2022 mean",1
2022,"region_1","rhizoprionodon longurio","species","rhizoprionodon",8911.5,14,2875.15,5,"maximally harvested","no increase","original estimate; Carta recommendation available for this species in this region",2023,NA,"original estimate; Carta recommendation available for this species in this region","catch should not exceed 2018-2022 mean",0.322633675587724
2018,"region_1","scomberomorus sierra","species","scomberomorus",11000,2,405880.2,5,"maximally harvested","no increase","original estimate; Carta recommendation available for this species in this region",2023,NA,"original estimate; Carta recommendation available for this species in this region","catch should not exceed 2018-2022 mean",1
2019,"region_1","scomberomorus sierra","species","scomberomorus",104305,16,405880.2,5,"maximally harvested","no increase","original estimate; Carta recommendation available for this species in this region",2023,NA,"original estimate; Carta recommendation available for this species in this region","catch should not exceed 2018-2022 mean",1
2020,"region_1","scomberomorus sierra","species","scomberomorus",59181,76,405880.2,5,"maximally harvested","no increase","original estimate; Carta recommendation available for this species in this region",2023,NA,"original estimate; Carta recommendation available for this species in this region","catch should not exceed 2018-2022 mean",1
2021,"region_1","scomberomorus sierra","species","scomberomorus",818398,112,405880.2,5,"maximally harvested","no increase","original estimate; Carta recommendation available for this species in this region",2023,NA,"original estimate; Carta recommendation available for this species in this region","catch should not exceed 2018-2022 mean",0.495944760373315
2022,"region_1","scomberomorus sierra","species","scomberomorus",1036517,96,405880.2,5,"maximally harvested","no increase","original estimate; Carta recommendation available for this species in this region",2023,NA,"original estimate; Carta recommendation available for this species in this region","catch should not exceed 2018-2022 mean",0.391580842378851
2023,"region_1","scomberomorus sierra","species","scomberomorus",723256,113,405880.2,5,"maximally harvested","no increase","original estimate; Carta recommendation available for this species in this region",2023,NA,"original estimate; Carta recommendation available for this species in this region","catch should not exceed 2018-2022 mean",0.561184698087537
2024,"region_1","scomberomorus sierra","species","scomberomorus",1441634,137,405880.2,5,"maximally harvested","no increase","original estimate; Carta recommendation available for this species in this region",2023,NA,"original estimate; Carta recommendation available for this species in this region","catch should not exceed 2018-2022 mean",0.281541778287693
2018,"region_2","carcharhinus falciformis","species","carcharhinus",163909.9,9,72802.1,4,"maximally harvested","no increase","original estimate; Carta recommendation available for this species in this region",2023,NA,"original estimate; Carta recommendation available for this species in this region","catch should not exceed 2018-2022 mean",0.444159260666988
2020,"region_2","carcharhinus falciformis","species","carcharhinus",77134.2,6,72802.1,4,"maximally harvested","no increase","original estimate; Carta recommendation available for this species in this region",2023,NA,"original estimate; Carta recommendation available for this species in this region","catch should not exceed 2018-2022 mean",0.943836845394131
2021,"region_2","carcharhinus falciformis","species","carcharhinus",13147.2,3,72802.1,4,"maximally harvested","no increase","original estimate; Carta recommendation available for this species in this region",2023,NA,"original estimate; Carta recommendation available for this species in this region","catch should not exceed 2018-2022 mean",1
2022,"region_2","carcharhinus falciformis","species","carcharhinus",37017.1,6,72802.1,4,"maximally harvested","no increase","original estimate; Carta recommendation available for this species in this region",2023,NA,"original estimate; Carta recommendation available for this species in this region","catch should not exceed 2018-2022 mean",1
2023,"region_2","carcharhinus falciformis","species","carcharhinus",30368,3,72802.1,4,"maximally harvested","no increase","original estimate; Carta recommendation available for this species in this region",2023,NA,"original estimate; Carta recommendation available for this species in this region","catch should not exceed 2018-2022 mean",1
2018,"region_2","cynoscion acoupa","species","cynoscion",246158.65,196,221469.99,5,"maximally harvested","no increase",NA,NA,NA,"genus fallback; genus aggregation; took the mode across all Carta recommendations supplied for this genus in this region (in the case of ties: chose the most conservative status and control)","catch should not exceed 2018-2022 mean",0.899704276083737
2019,"region_2","cynoscion acoupa","species","cynoscion",224788.5,259,221469.99,5,"maximally harvested","no increase",NA,NA,NA,"genus fallback; genus aggregation; took the mode across all Carta recommendations supplied for this genus in this region (in the case of ties: chose the most conservative status and control)","catch should not exceed 2018-2022 mean",1
2020,"region_2","cynoscion acoupa","species","cynoscion",195657.35,263,221469.99,5,"maximally harvested","no increase",NA,NA,NA,"genus fallback; genus aggregation; took the mode across all Carta recommendations supplied for this genus in this region (in the case of ties: chose the most conservative status and control)","catch should not exceed 2018-2022 mean",1
2021,"region_2","cynoscion acoupa","species","cynoscion",316389.15,280,221469.99,5,"maximally harvested","no increase",NA,NA,NA,"genus fallback; genus aggregation; took the mode across all Carta recommendations supplied for this genus in this region (in the case of ties: chose the most conservative status and control)","catch should not exceed 2018-2022 mean",0.699992366994886
2022,"region_2","cynoscion acoupa","species","cynoscion",124356.3,288,221469.99,5,"maximally harvested","no increase",NA,NA,NA,"genus fallback; genus aggregation; took the mode across all Carta recommendations supplied for this genus in this region (in the case of ties: chose the most conservative status and control)","catch should not exceed 2018-2022 mean",1
2023,"region_2","cynoscion acoupa","species","cynoscion",379092,348,221469.99,5,"maximally harvested","no increase",NA,NA,NA,"genus fallback; genus aggregation; took the mode across all Carta recommendations supplied for this genus in this region (in the case of ties: chose the most conservative status and control)","catch should not exceed 2018-2022 mean",0.584211721692887
2024,"region_2","cynoscion acoupa","species","cynoscion",359290.4,448,221469.99,5,"maximally harvested","no increase",NA,NA,NA,"genus fallback; genus aggregation; took the mode across all Carta recommendations supplied for this genus in this region (in the case of ties: chose the most conservative status and control)","catch should not exceed 2018-2022 mean",0.616409428139466
2018,"region_2","cynoscion reticulatus","species","cynoscion",300,1,12632.8,5,"maximally harvested","no increase",NA,NA,NA,"genus fallback; genus aggregation; took the mode across all Carta recommendations supplied for this genus in this region (in the case of ties: chose the most conservative status and control)","catch should not exceed 2018-2022 mean",1
2019,"region_2","cynoscion reticulatus","species","cynoscion",705,6,12632.8,5,"maximally harvested","no increase",NA,NA,NA,"genus fallback; genus aggregation; took the mode across all Carta recommendations supplied for this genus in this region (in the case of ties: chose the most conservative status and control)","catch should not exceed 2018-2022 mean",1
2020,"region_2","cynoscion reticulatus","species","cynoscion",52980,12,12632.8,5,"maximally harvested","no increase",NA,NA,NA,"genus fallback; genus aggregation; took the mode across all Carta recommendations supplied for this genus in this region (in the case of ties: chose the most conservative status and control)","catch should not exceed 2018-2022 mean",0.23844469611174
2021,"region_2","cynoscion reticulatus","species","cynoscion",7910,11,12632.8,5,"maximally harvested","no increase",NA,NA,NA,"genus fallback; genus aggregation; took the mode across all Carta recommendations supplied for this genus in this region (in the case of ties: chose the most conservative status and control)","catch should not exceed 2018-2022 mean",1
2022,"region_2","cynoscion reticulatus","species","cynoscion",1269,5,12632.8,5,"maximally harvested","no increase",NA,NA,NA,"genus fallback; genus aggregation; took the mode across all Carta recommendations supplied for this genus in this region (in the case of ties: chose the most conservative status and control)","catch should not exceed 2018-2022 mean",1
2023,"region_2","cynoscion reticulatus","species","cynoscion",3341,15,12632.8,5,"maximally harvested","no increase",NA,NA,NA,"genus fallback; genus aggregation; took the mode across all Carta recommendations supplied for this genus in this region (in the case of ties: chose the most conservative status and control)","catch should not exceed 2018-2022 mean",1
2024,"region_2","cynoscion reticulatus","species","cynoscion",2946,11,12632.8,5,"maximally harvested","no increase",NA,NA,NA,"genus fallback; genus aggregation; took the mode across all Carta recommendations supplied for this genus in this region (in the case of ties: chose the most conservative status and control)","catch should not exceed 2018-2022 mean",1
2018,"region_2","cynoscion xanthulus","species","cynoscion",30022,40,36560,5,"maximally harvested","no increase",NA,NA,NA,"genus fallback; genus aggregation; took the mode across all Carta recommendations supplied for this genus in this region (in the case of ties: chose the most conservative status and control)","catch should not exceed 2018-2022 mean",1
2019,"region_2","cynoscion xanthulus","species","cynoscion",47221,79,36560,5,"maximally harvested","no increase",NA,NA,NA,"genus fallback; genus aggregation; took the mode across all Carta recommendations supplied for this genus in this region (in the case of ties: chose the most conservative status and control)","catch should not exceed 2018-2022 mean",0.774231803646683
2020,"region_2","cynoscion xanthulus","species","cynoscion",24948,57,36560,5,"maximally harvested","no increase",NA,NA,NA,"genus fallback; genus aggregation; took the mode across all Carta recommendations supplied for this genus in this region (in the case of ties: chose the most conservative status and control)","catch should not exceed 2018-2022 mean",1
2021,"region_2","cynoscion xanthulus","species","cynoscion",23420,50,36560,5,"maximally harvested","no increase",NA,NA,NA,"genus fallback; genus aggregation; took the mode across all Carta recommendations supplied for this genus in this region (in the case of ties: chose the most conservative status and control)","catch should not exceed 2018-2022 mean",1
2022,"region_2","cynoscion xanthulus","species","cynoscion",57189,157,36560,5,"maximally harvested","no increase",NA,NA,NA,"genus fallback; genus aggregation; took the mode across all Carta recommendations supplied for this genus in this region (in the case of ties: chose the most conservative status and control)","catch should not exceed 2018-2022 mean",0.639283778348983
2023,"region_2","cynoscion xanthulus","species","cynoscion",62115,210,36560,5,"maximally harvested","no increase",NA,NA,NA,"genus fallback; genus aggregation; took the mode across all Carta recommendations supplied for this genus in this region (in the case of ties: chose the most conservative status and control)","catch should not exceed 2018-2022 mean",0.588585687837076
2024,"region_2","cynoscion xanthulus","species","cynoscion",101044.3,201,36560,5,"maximally harvested","no increase",NA,NA,NA,"genus fallback; genus aggregation; took the mode across all Carta recommendations supplied for this genus in this region (in the case of ties: chose the most conservative status and control)","catch should not exceed 2018-2022 mean",0.36182149809539
2018,"region_2","dosidicus gigas","species","dosidicus",9577.1,6,9084.275,4,"maximally harvested","no increase","original estimate; Carta recommendation available for this species in this region",2022,"specifically says to not increase fishing effort in the Gulf of California","original estimate; Carta recommendation available for this species in this region","catch should not exceed 2018-2022 mean",0.94854131208821
2019,"region_2","dosidicus gigas","species","dosidicus",25700,5,9084.275,4,"maximally harvested","no increase","original estimate; Carta recommendation available for this species in this region",2022,"specifically says to not increase fishing effort in the Gulf of California","original estimate; Carta recommendation available for this species in this region","catch should not exceed 2018-2022 mean",0.35347373540856
2021,"region_2","dosidicus gigas","species","dosidicus",138,2,9084.275,4,"maximally harvested","no increase","original estimate; Carta recommendation available for this species in this region",2022,"specifically says to not increase fishing effort in the Gulf of California","original estimate; Carta recommendation available for this species in this region","catch should not exceed 2018-2022 mean",1
2022,"region_2","dosidicus gigas","species","dosidicus",922,15,9084.275,4,"maximally harvested","no increase","original estimate; Carta recommendation available for this species in this region",2022,"specifically says to not increase fishing effort in the Gulf of California","original estimate; Carta recommendation available for this species in this region","catch should not exceed 2018-2022 mean",1
2023,"region_2","dosidicus gigas","species","dosidicus",1209,27,9084.275,4,"maximally harvested","no increase","original estimate; Carta recommendation available for this species in this region",2022,"specifically says to not increase fishing effort in the Gulf of California","original estimate; Carta recommendation available for this species in this region","catch should not exceed 2018-2022 mean",1
2024,"region_2","dosidicus gigas","species","dosidicus",485,6,9084.275,4,"maximally harvested","no increase","original estimate; Carta recommendation available for this species in this region",2022,"specifically says to not increase fishing effort in the Gulf of California","original estimate; Carta recommendation available for this species in this region","catch should not exceed 2018-2022 mean",1
2018,"region_2","dosinia ponderosa","species","dosinia",28139,32,31932.6,5,"maximally harvested","no increase","gapfilled estimate; no Carta recommendation for this species in this specific region",2023,NA,"gapfilled estimate; no Carta recommendation for this species in this specific region","catch should not exceed 2018-2022 mean",1
2019,"region_2","dosinia ponderosa","species","dosinia",36131,27,31932.6,5,"maximally harvested","no increase","gapfilled estimate; no Carta recommendation for this species in this specific region",2023,NA,"gapfilled estimate; no Carta recommendation for this species in this specific region","catch should not exceed 2018-2022 mean",0.883800614430821
2020,"region_2","dosinia ponderosa","species","dosinia",32397,46,31932.6,5,"maximally harvested","no increase","gapfilled estimate; no Carta recommendation for this species in this specific region",2023,NA,"gapfilled estimate; no Carta recommendation for this species in this specific region","catch should not exceed 2018-2022 mean",1
2021,"region_2","dosinia ponderosa","species","dosinia",9731,19,31932.6,5,"maximally harvested","no increase","gapfilled estimate; no Carta recommendation for this species in this specific region",2023,NA,"gapfilled estimate; no Carta recommendation for this species in this specific region","catch should not exceed 2018-2022 mean",1
2022,"region_2","dosinia ponderosa","species","dosinia",53265,56,31932.6,5,"maximally harvested","no increase","gapfilled estimate; no Carta recommendation for this species in this specific region",2023,NA,"gapfilled estimate; no Carta recommendation for this species in this specific region","catch should not exceed 2018-2022 mean",0.599504364967615
2023,"region_2","dosinia ponderosa","species","dosinia",26313,35,31932.6,5,"maximally harvested","no increase","gapfilled estimate; no Carta recommendation for this species in this specific region",2023,NA,"gapfilled estimate; no Carta recommendation for this species in this specific region","catch should not exceed 2018-2022 mean",1
2024,"region_2","dosinia ponderosa","species","dosinia",49876,24,31932.6,5,"maximally harvested","no increase","gapfilled estimate; no Carta recommendation for this species in this specific region",2023,NA,"gapfilled estimate; no Carta recommendation for this species in this specific region","catch should not exceed 2018-2022 mean",0.640239794690833
2018,"region_2","galeorhinus galeus","species","galeorhinus",440,3,2162.3875,4,"maximally harvested","no increase","original estimate; Carta recommendation available for this species in this region",2023,NA,"original estimate; Carta recommendation available for this species in this region","catch should not exceed 2018-2022 mean",1
2020,"region_2","galeorhinus galeus","species","galeorhinus",2010,4,2162.3875,4,"maximally harvested","no increase","original estimate; Carta recommendation available for this species in this region",2023,NA,"original estimate; Carta recommendation available for this species in this region","catch should not exceed 2018-2022 mean",1
2021,"region_2","galeorhinus galeus","species","galeorhinus",1050,3,2162.3875,4,"maximally harvested","no increase","original estimate; Carta recommendation available for this species in this region",2023,NA,"original estimate; Carta recommendation available for this species in this region","catch should not exceed 2018-2022 mean",1
2022,"region_2","galeorhinus galeus","species","galeorhinus",5149.55,6,2162.3875,4,"maximally harvested","no increase","original estimate; Carta recommendation available for this species in this region",2023,NA,"original estimate; Carta recommendation available for this species in this region","catch should not exceed 2018-2022 mean",0.419917759804255
2023,"region_2","galeorhinus galeus","species","galeorhinus",250,1,2162.3875,4,"maximally harvested","no increase","original estimate; Carta recommendation available for this species in this region",2023,NA,"original estimate; Carta recommendation available for this species in this region","catch should not exceed 2018-2022 mean",1
2024,"region_2","galeorhinus galeus","species","galeorhinus",3749.9,9,2162.3875,4,"maximally harvested","no increase","original estimate; Carta recommendation available for this species in this region",2023,NA,"original estimate; Carta recommendation available for this species in this region","catch should not exceed 2018-2022 mean",0.576652044054508
2018,"region_2","gelidium robustum","species","gelidium",72900,2,233980,5,"maximally harvested","no increase","original estimate; Carta recommendation available for this species in this region",2012,"All 4 species are in Baja Cali/Baja Cali Sur, but from what I gathered from the text/map, they are on the west coast not actually the gulf of california.","original estimate; Carta recommendation available for this species in this region","catch should not exceed 2018-2022 mean",1
2019,"region_2","gelidium robustum","species","gelidium",825000,15,233980,5,"maximally harvested","no increase","original estimate; Carta recommendation available for this species in this region",2012,"All 4 species are in Baja Cali/Baja Cali Sur, but from what I gathered from the text/map, they are on the west coast not actually the gulf of california.","original estimate; Carta recommendation available for this species in this region","catch should not exceed 2018-2022 mean",0.283612121212121
2020,"region_2","gelidium robustum","species","gelidium",120600,4,233980,5,"maximally harvested","no increase","original estimate; Carta recommendation available for this species in this region",2012,"All 4 species are in Baja Cali/Baja Cali Sur, but from what I gathered from the text/map, they are on the west coast not actually the gulf of california.","original estimate; Carta recommendation available for this species in this region","catch should not exceed 2018-2022 mean",1
2021,"region_2","gelidium robustum","species","gelidium",150000,2,233980,5,"maximally harvested","no increase","original estimate; Carta recommendation available for this species in this region",2012,"All 4 species are in Baja Cali/Baja Cali Sur, but from what I gathered from the text/map, they are on the west coast not actually the gulf of california.","original estimate; Carta recommendation available for this species in this region","catch should not exceed 2018-2022 mean",1
2022,"region_2","gelidium robustum","species","gelidium",1400,1,233980,5,"maximally harvested","no increase","original estimate; Carta recommendation available for this species in this region",2012,"All 4 species are in Baja Cali/Baja Cali Sur, but from what I gathered from the text/map, they are on the west coast not actually the gulf of california.","original estimate; Carta recommendation available for this species in this region","catch should not exceed 2018-2022 mean",1
2018,"region_2","hoplopagrus guentherii","species","hoplopagrus",43,2,1030.68,5,"maximally harvested","no increase","original estimate; Carta recommendation available for this species in this region",2023,NA,"original estimate; Carta recommendation available for this species in this region","catch should not exceed 2018-2022 mean",1
2019,"region_2","hoplopagrus guentherii","species","hoplopagrus",415,1,1030.68,5,"maximally harvested","no increase","original estimate; Carta recommendation available for this species in this region",2023,NA,"original estimate; Carta recommendation available for this species in this region","catch should not exceed 2018-2022 mean",1
2020,"region_2","hoplopagrus guentherii","species","hoplopagrus",3044,9,1030.68,5,"maximally harvested","no increase","original estimate; Carta recommendation available for this species in this region",2023,NA,"original estimate; Carta recommendation available for this species in this region","catch should not exceed 2018-2022 mean",0.338593955321945
2021,"region_2","hoplopagrus guentherii","species","hoplopagrus",452.5,16,1030.68,5,"maximally harvested","no increase","original estimate; Carta recommendation available for this species in this region",2023,NA,"original estimate; Carta recommendation available for this species in this region","catch should not exceed 2018-2022 mean",1
2022,"region_2","hoplopagrus guentherii","species","hoplopagrus",1198.9,34,1030.68,5,"maximally harvested","no increase","original estimate; Carta recommendation available for this species in this region",2023,NA,"original estimate; Carta recommendation available for this species in this region","catch should not exceed 2018-2022 mean",0.859688047376762
2023,"region_2","hoplopagrus guentherii","species","hoplopagrus",2907,27,1030.68,5,"maximally harvested","no increase","original estimate; Carta recommendation available for this species in this region",2023,NA,"original estimate; Carta recommendation available for this species in this region","catch should not exceed 2018-2022 mean",0.354551083591331
2024,"region_2","hoplopagrus guentherii","species","hoplopagrus",13651.9,109,1030.68,5,"maximally harvested","no increase","original estimate; Carta recommendation available for this species in this region",2023,NA,"original estimate; Carta recommendation available for this species in this region","catch should not exceed 2018-2022 mean",0.0754971835422176
2018,"region_2","isurus oxyrinchus","species","isurus",765,8,6726.68,5,"maximally harvested","no increase","original estimate; Carta recommendation available for this species in this region",2023,NA,"original estimate; Carta recommendation available for this species in this region","catch should not exceed 2018-2022 mean",1
2019,"region_2","isurus oxyrinchus","species","isurus",12278,4,6726.68,5,"maximally harvested","no increase","original estimate; Carta recommendation available for this species in this region",2023,NA,"original estimate; Carta recommendation available for this species in this region","catch should not exceed 2018-2022 mean",0.547864473041212
2020,"region_2","isurus oxyrinchus","species","isurus",4455,5,6726.68,5,"maximally harvested","no increase","original estimate; Carta recommendation available for this species in this region",2023,NA,"original estimate; Carta recommendation available for this species in this region","catch should not exceed 2018-2022 mean",1
2021,"region_2","isurus oxyrinchus","species","isurus",8762.2,14,6726.68,5,"maximally harvested","no increase","original estimate; Carta recommendation available for this species in this region",2023,NA,"original estimate; Carta recommendation available for this species in this region","catch should not exceed 2018-2022 mean",0.767693045125653
2022,"region_2","isurus oxyrinchus","species","isurus",7373.2,19,6726.68,5,"maximally harvested","no increase","original estimate; Carta recommendation available for this species in this region",2023,NA,"original estimate; Carta recommendation available for this species in this region","catch should not exceed 2018-2022 mean",0.912314870069983
2023,"region_2","isurus oxyrinchus","species","isurus",3663,11,6726.68,5,"maximally harvested","no increase","original estimate; Carta recommendation available for this species in this region",2023,NA,"original estimate; Carta recommendation available for this species in this region","catch should not exceed 2018-2022 mean",1
2024,"region_2","isurus oxyrinchus","species","isurus",6581.5,17,6726.68,5,"maximally harvested","no increase","original estimate; Carta recommendation available for this species in this region",2023,NA,"original estimate; Carta recommendation available for this species in this region","catch should not exceed 2018-2022 mean",1
2018,"region_2","lutjanus adetii","species","lutjanus",9633.2,93,14843.31,5,"maximally harvested","no increase",NA,NA,NA,"genus fallback; genus aggregation; took the mode across all Carta recommendations supplied for this genus in this region (in the case of ties: chose the most conservative status and control)","catch should not exceed 2018-2022 mean",1
2019,"region_2","lutjanus adetii","species","lutjanus",10992.3,74,14843.31,5,"maximally harvested","no increase",NA,NA,NA,"genus fallback; genus aggregation; took the mode across all Carta recommendations supplied for this genus in this region (in the case of ties: chose the most conservative status and control)","catch should not exceed 2018-2022 mean",1
2020,"region_2","lutjanus adetii","species","lutjanus",19903.4,117,14843.31,5,"maximally harvested","no increase",NA,NA,NA,"genus fallback; genus aggregation; took the mode across all Carta recommendations supplied for this genus in this region (in the case of ties: chose the most conservative status and control)","catch should not exceed 2018-2022 mean",0.745767557301767
2021,"region_2","lutjanus adetii","species","lutjanus",20402.1,155,14843.31,5,"maximally harvested","no increase",NA,NA,NA,"genus fallback; genus aggregation; took the mode across all Carta recommendations supplied for this genus in this region (in the case of ties: chose the most conservative status and control)","catch should not exceed 2018-2022 mean",0.727538341641302
2022,"region_2","lutjanus adetii","species","lutjanus",13285.55,113,14843.31,5,"maximally harvested","no increase",NA,NA,NA,"genus fallback; genus aggregation; took the mode across all Carta recommendations supplied for this genus in this region (in the case of ties: chose the most conservative status and control)","catch should not exceed 2018-2022 mean",1
2023,"region_2","lutjanus adetii","species","lutjanus",31680,207,14843.31,5,"maximally harvested","no increase",NA,NA,NA,"genus fallback; genus aggregation; took the mode across all Carta recommendations supplied for this genus in this region (in the case of ties: chose the most conservative status and control)","catch should not exceed 2018-2022 mean",0.468538825757576
2024,"region_2","lutjanus adetii","species","lutjanus",19051.8,153,14843.31,5,"maximally harvested","no increase",NA,NA,NA,"genus fallback; genus aggregation; took the mode across all Carta recommendations supplied for this genus in this region (in the case of ties: chose the most conservative status and control)","catch should not exceed 2018-2022 mean",0.779102761943753
2018,"region_2","lutjanus argentiventris","species","lutjanus",165,1,185.9,5,"maximally harvested","no increase","original estimate; Carta recommendation available for this species in this region",2023,NA,"original estimate; Carta recommendation available for this species in this region","catch should not exceed 2018-2022 mean",1
2019,"region_2","lutjanus argentiventris","species","lutjanus",56.1,2,185.9,5,"maximally harvested","no increase","original estimate; Carta recommendation available for this species in this region",2023,NA,"original estimate; Carta recommendation available for this species in this region","catch should not exceed 2018-2022 mean",1
2020,"region_2","lutjanus argentiventris","species","lutjanus",345.4,3,185.9,5,"maximally harvested","no increase","original estimate; Carta recommendation available for this species in this region",2023,NA,"original estimate; Carta recommendation available for this species in this region","catch should not exceed 2018-2022 mean",0.538216560509554
2021,"region_2","lutjanus argentiventris","species","lutjanus",346.5,3,185.9,5,"maximally harvested","no increase","original estimate; Carta recommendation available for this species in this region",2023,NA,"original estimate; Carta recommendation available for this species in this region","catch should not exceed 2018-2022 mean",0.536507936507936
2022,"region_2","lutjanus argentiventris","species","lutjanus",16.5,1,185.9,5,"maximally harvested","no increase","original estimate; Carta recommendation available for this species in this region",2023,NA,"original estimate; Carta recommendation available for this species in this region","catch should not exceed 2018-2022 mean",1
2023,"region_2","lutjanus argentiventris","species","lutjanus",198,7,185.9,5,"maximally harvested","no increase","original estimate; Carta recommendation available for this species in this region",2023,NA,"original estimate; Carta recommendation available for this species in this region","catch should not exceed 2018-2022 mean",0.938888888888889
2024,"region_2","lutjanus argentiventris","species","lutjanus",2364.6,37,185.9,5,"maximally harvested","no increase","original estimate; Carta recommendation available for this species in this region",2023,NA,"original estimate; Carta recommendation available for this species in this region","catch should not exceed 2018-2022 mean",0.0786179480673264
2018,"region_2","lutjanus campechanus","species","lutjanus",637.23,10,1904.4575,4,"maximally harvested","no increase",NA,NA,NA,"genus fallback; genus aggregation; took the mode across all Carta recommendations supplied for this genus in this region (in the case of ties: chose the most conservative status and control)","catch should not exceed 2018-2022 mean",1
2019,"region_2","lutjanus campechanus","species","lutjanus",110,1,1904.4575,4,"maximally harvested","no increase",NA,NA,NA,"genus fallback; genus aggregation; took the mode across all Carta recommendations supplied for this genus in this region (in the case of ties: chose the most conservative status and control)","catch should not exceed 2018-2022 mean",1
2020,"region_2","lutjanus campechanus","species","lutjanus",154,1,1904.4575,4,"maximally harvested","no increase",NA,NA,NA,"genus fallback; genus aggregation; took the mode across all Carta recommendations supplied for this genus in this region (in the case of ties: chose the most conservative status and control)","catch should not exceed 2018-2022 mean",1
2022,"region_2","lutjanus campechanus","species","lutjanus",6716.6,3,1904.4575,4,"maximally harvested","no increase",NA,NA,NA,"genus fallback; genus aggregation; took the mode across all Carta recommendations supplied for this genus in this region (in the case of ties: chose the most conservative status and control)","catch should not exceed 2018-2022 mean",0.28354487389453
2023,"region_2","lutjanus campechanus","species","lutjanus",28,1,1904.4575,4,"maximally harvested","no increase",NA,NA,NA,"genus fallback; genus aggregation; took the mode across all Carta recommendations supplied for this genus in this region (in the case of ties: chose the most conservative status and control)","catch should not exceed 2018-2022 mean",1
2018,"region_2","lutjanus colorado","species","lutjanus",510,2,1592.9,5,"maximally harvested","no increase","original estimate; Carta recommendation available for this species in this region",2023,NA,"original estimate; Carta recommendation available for this species in this region","catch should not exceed 2018-2022 mean",1
2019,"region_2","lutjanus colorado","species","lutjanus",218.5,3,1592.9,5,"maximally harvested","no increase","original estimate; Carta recommendation available for this species in this region",2023,NA,"original estimate; Carta recommendation available for this species in this region","catch should not exceed 2018-2022 mean",1
2020,"region_2","lutjanus colorado","species","lutjanus",385,2,1592.9,5,"maximally harvested","no increase","original estimate; Carta recommendation available for this species in this region",2023,NA,"original estimate; Carta recommendation available for this species in this region","catch should not exceed 2018-2022 mean",1
2021,"region_2","lutjanus colorado","species","lutjanus",1351,4,1592.9,5,"maximally harvested","no increase","original estimate; Carta recommendation available for this species in this region",2023,NA,"original estimate; Carta recommendation available for this species in this region","catch should not exceed 2018-2022 mean",1
2022,"region_2","lutjanus colorado","species","lutjanus",5500,1,1592.9,5,"maximally harvested","no increase","original estimate; Carta recommendation available for this species in this region",2023,NA,"original estimate; Carta recommendation available for this species in this region","catch should not exceed 2018-2022 mean",0.289618181818182
2023,"region_2","lutjanus colorado","species","lutjanus",1002,2,1592.9,5,"maximally harvested","no increase","original estimate; Carta recommendation available for this species in this region",2023,NA,"original estimate; Carta recommendation available for this species in this region","catch should not exceed 2018-2022 mean",1
2024,"region_2","lutjanus colorado","species","lutjanus",250,2,1592.9,5,"maximally harvested","no increase","original estimate; Carta recommendation available for this species in this region",2023,NA,"original estimate; Carta recommendation available for this species in this region","catch should not exceed 2018-2022 mean",1
2018,"region_2","lutjanus guttatus","species","lutjanus",141.45,3,1165.4375,4,"maximally harvested","no increase","original estimate; Carta recommendation available for this species in this region",2023,NA,"original estimate; Carta recommendation available for this species in this region","catch should not exceed 2018-2022 mean",1
2020,"region_2","lutjanus guttatus","species","lutjanus",2020,10,1165.4375,4,"maximally harvested","no increase","original estimate; Carta recommendation available for this species in this region",2023,NA,"original estimate; Carta recommendation available for this species in this region","catch should not exceed 2018-2022 mean",0.576949257425743
2021,"region_2","lutjanus guttatus","species","lutjanus",732,6,1165.4375,4,"maximally harvested","no increase","original estimate; Carta recommendation available for this species in this region",2023,NA,"original estimate; Carta recommendation available for this species in this region","catch should not exceed 2018-2022 mean",1
2022,"region_2","lutjanus guttatus","species","lutjanus",1768.3,12,1165.4375,4,"maximally harvested","no increase","original estimate; Carta recommendation available for this species in this region",2023,NA,"original estimate; Carta recommendation available for this species in this region","catch should not exceed 2018-2022 mean",0.659072272804388
2023,"region_2","lutjanus guttatus","species","lutjanus",2271,19,1165.4375,4,"maximally harvested","no increase","original estimate; Carta recommendation available for this species in this region",2023,NA,"original estimate; Carta recommendation available for this species in this region","catch should not exceed 2018-2022 mean",0.513182518714223
2024,"region_2","lutjanus guttatus","species","lutjanus",8807.9,72,1165.4375,4,"maximally harvested","no increase","original estimate; Carta recommendation available for this species in this region",2023,NA,"original estimate; Carta recommendation available for this species in this region","catch should not exceed 2018-2022 mean",0.132317294701348
2018,"region_2","lutjanus novemfasciatus","species","lutjanus",48,3,399.95,5,"maximally harvested","no increase","original estimate; Carta recommendation available for this species in this region",2023,NA,"original estimate; Carta recommendation available for this species in this region","catch should not exceed 2018-2022 mean",1
2019,"region_2","lutjanus novemfasciatus","species","lutjanus",105,1,399.95,5,"maximally harvested","no increase","original estimate; Carta recommendation available for this species in this region",2023,NA,"original estimate; Carta recommendation available for this species in this region","catch should not exceed 2018-2022 mean",1
2020,"region_2","lutjanus novemfasciatus","species","lutjanus",593.75,7,399.95,5,"maximally harvested","no increase","original estimate; Carta recommendation available for this species in this region",2023,NA,"original estimate; Carta recommendation available for this species in this region","catch should not exceed 2018-2022 mean",0.6736
2021,"region_2","lutjanus novemfasciatus","species","lutjanus",1160,14,399.95,5,"maximally harvested","no increase","original estimate; Carta recommendation available for this species in this region",2023,NA,"original estimate; Carta recommendation available for this species in this region","catch should not exceed 2018-2022 mean",0.344784482758621
2022,"region_2","lutjanus novemfasciatus","species","lutjanus",93,6,399.95,5,"maximally harvested","no increase","original estimate; Carta recommendation available for this species in this region",2023,NA,"original estimate; Carta recommendation available for this species in this region","catch should not exceed 2018-2022 mean",1
2023,"region_2","lutjanus novemfasciatus","species","lutjanus",342,9,399.95,5,"maximally harvested","no increase","original estimate; Carta recommendation available for this species in this region",2023,NA,"original estimate; Carta recommendation available for this species in this region","catch should not exceed 2018-2022 mean",1
2024,"region_2","lutjanus novemfasciatus","species","lutjanus",720,8,399.95,5,"maximally harvested","no increase","original estimate; Carta recommendation available for this species in this region",2023,NA,"original estimate; Carta recommendation available for this species in this region","catch should not exceed 2018-2022 mean",0.555486111111111
2018,"region_2","lutjanus spp","species","lutjanus",7079.18,48,6098.836,5,"maximally harvested","no increase",NA,NA,NA,"genus fallback; genus aggregation; took the mode across all Carta recommendations supplied for this genus in this region (in the case of ties: chose the most conservative status and control)","catch should not exceed 2018-2022 mean",0.861517294375902
2019,"region_2","lutjanus spp","species","lutjanus",6988,49,6098.836,5,"maximally harvested","no increase",NA,NA,NA,"genus fallback; genus aggregation; took the mode across all Carta recommendations supplied for this genus in this region (in the case of ties: chose the most conservative status and control)","catch should not exceed 2018-2022 mean",0.87275844304522
2020,"region_2","lutjanus spp","species","lutjanus",7709,31,6098.836,5,"maximally harvested","no increase",NA,NA,NA,"genus fallback; genus aggregation; took the mode across all Carta recommendations supplied for this genus in this region (in the case of ties: chose the most conservative status and control)","catch should not exceed 2018-2022 mean",0.791131923725516
2021,"region_2","lutjanus spp","species","lutjanus",7618,32,6098.836,5,"maximally harvested","no increase",NA,NA,NA,"genus fallback; genus aggregation; took the mode across all Carta recommendations supplied for this genus in this region (in the case of ties: chose the most conservative status and control)","catch should not exceed 2018-2022 mean",0.800582305066947
2022,"region_2","lutjanus spp","species","lutjanus",1100,12,6098.836,5,"maximally harvested","no increase",NA,NA,NA,"genus fallback; genus aggregation; took the mode across all Carta recommendations supplied for this genus in this region (in the case of ties: chose the most conservative status and control)","catch should not exceed 2018-2022 mean",1
2018,"region_2","merluccius productus","species","merluccius",80,1,4954.2,5,"maximally harvested","no increase","original estimate; Carta recommendation available for this species in this region",2022,NA,"original estimate; Carta recommendation available for this species in this region","catch should not exceed 2018-2022 mean",1
2019,"region_2","merluccius productus","species","merluccius",930,3,4954.2,5,"maximally harvested","no increase","original estimate; Carta recommendation available for this species in this region",2022,NA,"original estimate; Carta recommendation available for this species in this region","catch should not exceed 2018-2022 mean",1
2020,"region_2","merluccius productus","species","merluccius",3887,5,4954.2,5,"maximally harvested","no increase","original estimate; Carta recommendation available for this species in this region",2022,NA,"original estimate; Carta recommendation available for this species in this region","catch should not exceed 2018-2022 mean",1
2021,"region_2","merluccius productus","species","merluccius",18756.1,28,4954.2,5,"maximally harvested","no increase","original estimate; Carta recommendation available for this species in this region",2022,NA,"original estimate; Carta recommendation available for this species in this region","catch should not exceed 2018-2022 mean",0.264138067082176
2022,"region_2","merluccius productus","species","merluccius",1117.9,13,4954.2,5,"maximally harvested","no increase","original estimate; Carta recommendation available for this species in this region",2022,NA,"original estimate; Carta recommendation available for this species in this region","catch should not exceed 2018-2022 mean",1
2023,"region_2","merluccius productus","species","merluccius",9356,20,4954.2,5,"maximally harvested","no increase","original estimate; Carta recommendation available for this species in this region",2022,NA,"original estimate; Carta recommendation available for this species in this region","catch should not exceed 2018-2022 mean",0.529521162890124
2024,"region_2","merluccius productus","species","merluccius",220.4,4,4954.2,5,"maximally harvested","no increase","original estimate; Carta recommendation available for this species in this region",2022,NA,"original estimate; Carta recommendation available for this species in this region","catch should not exceed 2018-2022 mean",1
2018,"region_2","mugil cephalus","species","mugil",50060.5,74,33752.7,5,"decreasing","decrease","original estimate; Carta recommendation available for this species in this region",2023,NA,"original estimate; Carta recommendation available for this species in this region","catch should be below 2018-2022 mean",0.337119085906054
2019,"region_2","mugil cephalus","species","mugil",36503,96,33752.7,5,"decreasing","decrease","original estimate; Carta recommendation available for this species in this region",2023,NA,"original estimate; Carta recommendation available for this species in this region","catch should be below 2018-2022 mean",0.462327753883242
2020,"region_2","mugil cephalus","species","mugil",33564,79,33752.7,5,"decreasing","decrease","original estimate; Carta recommendation available for this species in this region",2023,NA,"original estimate; Carta recommendation available for this species in this region","catch should be below 2018-2022 mean",0.5
2021,"region_2","mugil cephalus","species","mugil",23173,68,33752.7,5,"decreasing","decrease","original estimate; Carta recommendation available for this species in this region",2023,NA,"original estimate; Carta recommendation available for this species in this region","catch should be below 2018-2022 mean",0.656723758395625
2022,"region_2","mugil cephalus","species","mugil",25463,58,33752.7,5,"decreasing","decrease","original estimate; Carta recommendation available for this species in this region",2023,NA,"original estimate; Carta recommendation available for this species in this region","catch should be below 2018-2022 mean",0.622800546326664
2024,"region_2","mugil cephalus","species","mugil",3321,2,33752.7,5,"decreasing","decrease","original estimate; Carta recommendation available for this species in this region",2023,NA,"original estimate; Carta recommendation available for this species in this region","catch should be below 2018-2022 mean",0.950803935685145
2019,"region_2","mustelus lunulatus","species","mustelus",4212.5,6,18020.1875,4,"maximally harvested","no increase","original estimate; Carta recommendation available for this species in this region",2023,NA,"original estimate; Carta recommendation available for this species in this region","catch should not exceed 2018-2022 mean",1
2020,"region_2","mustelus lunulatus","species","mustelus",808.75,3,18020.1875,4,"maximally harvested","no increase","original estimate; Carta recommendation available for this species in this region",2023,NA,"original estimate; Carta recommendation available for this species in this region","catch should not exceed 2018-2022 mean",1
2021,"region_2","mustelus lunulatus","species","mustelus",1981.25,6,18020.1875,4,"maximally harvested","no increase","original estimate; Carta recommendation available for this species in this region",2023,NA,"original estimate; Carta recommendation available for this species in this region","catch should not exceed 2018-2022 mean",1
2022,"region_2","mustelus lunulatus","species","mustelus",65078.25,30,18020.1875,4,"maximally harvested","no increase","original estimate; Carta recommendation available for this species in this region",2023,NA,"original estimate; Carta recommendation available for this species in this region","catch should not exceed 2018-2022 mean",0.276900308474798
2018,"region_2","panopea generosa","species","panopea",309851.28,153,338923.856,5,"maximally harvested","no increase","original estimate; Carta recommendation available for this species in this region",2023,"Within region variation in status, took most conservative","original estimate; Carta recommendation available for this species in this region","catch should not exceed 2018-2022 mean",1
2019,"region_2","panopea generosa","species","panopea",309718,156,338923.856,5,"maximally harvested","no increase","original estimate; Carta recommendation available for this species in this region",2023,"Within region variation in status, took most conservative","original estimate; Carta recommendation available for this species in this region","catch should not exceed 2018-2022 mean",1
2020,"region_2","panopea generosa","species","panopea",372669,201,338923.856,5,"maximally harvested","no increase","original estimate; Carta recommendation available for this species in this region",2023,"Within region variation in status, took most conservative","original estimate; Carta recommendation available for this species in this region","catch should not exceed 2018-2022 mean",0.909450091099609
2021,"region_2","panopea generosa","species","panopea",397944,192,338923.856,5,"maximally harvested","no increase","original estimate; Carta recommendation available for this species in this region",2023,"Within region variation in status, took most conservative","original estimate; Carta recommendation available for this species in this region","catch should not exceed 2018-2022 mean",0.851687312787729
2022,"region_2","panopea generosa","species","panopea",304437,174,338923.856,5,"maximally harvested","no increase","original estimate; Carta recommendation available for this species in this region",2023,"Within region variation in status, took most conservative","original estimate; Carta recommendation available for this species in this region","catch should not exceed 2018-2022 mean",1
2023,"region_2","panopea generosa","species","panopea",457782,288,338923.856,5,"maximally harvested","no increase","original estimate; Carta recommendation available for this species in this region",2023,"Within region variation in status, took most conservative","original estimate; Carta recommendation available for this species in this region","catch should not exceed 2018-2022 mean",0.74036081803129
2024,"region_2","panopea generosa","species","panopea",339651,206,338923.856,5,"maximally harvested","no increase","original estimate; Carta recommendation available for this species in this region",2023,"Within region variation in status, took most conservative","original estimate; Carta recommendation available for this species in this region","catch should not exceed 2018-2022 mean",1
2018,"region_2","panulirus interruptus","species","panulirus",8360,24,8575,5,"maximally harvested","no increase","original estimate; Carta recommendation available for this species in this region",2017,NA,"original estimate; Carta recommendation available for this species in this region","catch should not exceed 2018-2022 mean",1
2019,"region_2","panulirus interruptus","species","panulirus",12650,35,8575,5,"maximally harvested","no increase","original estimate; Carta recommendation available for this species in this region",2017,NA,"original estimate; Carta recommendation available for this species in this region","catch should not exceed 2018-2022 mean",0.677865612648221
2020,"region_2","panulirus interruptus","species","panulirus",7462,26,8575,5,"maximally harvested","no increase","original estimate; Carta recommendation available for this species in this region",2017,NA,"original estimate; Carta recommendation available for this species in this region","catch should not exceed 2018-2022 mean",1
2021,"region_2","panulirus interruptus","species","panulirus",6335,27,8575,5,"maximally harvested","no increase","original estimate; Carta recommendation available for this species in this region",2017,NA,"original estimate; Carta recommendation available for this species in this region","catch should not exceed 2018-2022 mean",1
2022,"region_2","panulirus interruptus","species","panulirus",8068,30,8575,5,"maximally harvested","no increase","original estimate; Carta recommendation available for this species in this region",2017,NA,"original estimate; Carta recommendation available for this species in this region","catch should not exceed 2018-2022 mean",1
2023,"region_2","panulirus interruptus","species","panulirus",7094,32,8575,5,"maximally harvested","no increase","original estimate; Carta recommendation available for this species in this region",2017,NA,"original estimate; Carta recommendation available for this species in this region","catch should not exceed 2018-2022 mean",1
2024,"region_2","panulirus interruptus","species","panulirus",5442,19,8575,5,"maximally harvested","no increase","original estimate; Carta recommendation available for this species in this region",2017,NA,"original estimate; Carta recommendation available for this species in this region","catch should not exceed 2018-2022 mean",1
2018,"region_2","paralabrax auroguttatus","species","paralabrax",275785,262,342845.71,5,"maximally harvested","no increase",NA,NA,NA,"genus fallback; genus aggregation; took the mode across all Carta recommendations supplied for this genus in this region (in the case of ties: chose the most conservative status and control)","catch should not exceed 2018-2022 mean",1
2019,"region_2","paralabrax auroguttatus","species","paralabrax",365724.25,345,342845.71,5,"maximally harvested","no increase",NA,NA,NA,"genus fallback; genus aggregation; took the mode across all Carta recommendations supplied for this genus in this region (in the case of ties: chose the most conservative status and control)","catch should not exceed 2018-2022 mean",0.93744319661603
2020,"region_2","paralabrax auroguttatus","species","paralabrax",394879.8,370,342845.71,5,"maximally harvested","no increase",NA,NA,NA,"genus fallback; genus aggregation; took the mode across all Carta recommendations supplied for this genus in this region (in the case of ties: chose the most conservative status and control)","catch should not exceed 2018-2022 mean",0.86822802787076
2021,"region_2","paralabrax auroguttatus","species","paralabrax",347524.4,376,342845.71,5,"maximally harvested","no increase",NA,NA,NA,"genus fallback; genus aggregation; took the mode across all Carta recommendations supplied for this genus in this region (in the case of ties: chose the most conservative status and control)","catch should not exceed 2018-2022 mean",1
2022,"region_2","paralabrax auroguttatus","species","paralabrax",330315.1,480,342845.71,5,"maximally harvested","no increase",NA,NA,NA,"genus fallback; genus aggregation; took the mode across all Carta recommendations supplied for this genus in this region (in the case of ties: chose the most conservative status and control)","catch should not exceed 2018-2022 mean",1
2023,"region_2","paralabrax auroguttatus","species","paralabrax",427666,668,342845.71,5,"maximally harvested","no increase",NA,NA,NA,"genus fallback; genus aggregation; took the mode across all Carta recommendations supplied for this genus in this region (in the case of ties: chose the most conservative status and control)","catch should not exceed 2018-2022 mean",0.801666978436443
2024,"region_2","paralabrax auroguttatus","species","paralabrax",479768.7,693,342845.71,5,"maximally harvested","no increase",NA,NA,NA,"genus fallback; genus aggregation; took the mode across all Carta recommendations supplied for this genus in this region (in the case of ties: chose the most conservative status and control)","catch should not exceed 2018-2022 mean",0.714606246718471
2018,"region_2","paralabrax nebulifer","species","paralabrax",18801.1,27,50335.58,5,"maximally harvested","no increase","original estimate; Carta recommendation available for this species in this region",2023,NA,"original estimate; Carta recommendation available for this species in this region","catch should not exceed 2018-2022 mean",1
2019,"region_2","paralabrax nebulifer","species","paralabrax",39762.8,40,50335.58,5,"maximally harvested","no increase","original estimate; Carta recommendation available for this species in this region",2023,NA,"original estimate; Carta recommendation available for this species in this region","catch should not exceed 2018-2022 mean",1
2020,"region_2","paralabrax nebulifer","species","paralabrax",44945.1,56,50335.58,5,"maximally harvested","no increase","original estimate; Carta recommendation available for this species in this region",2023,NA,"original estimate; Carta recommendation available for this species in this region","catch should not exceed 2018-2022 mean",1
2021,"region_2","paralabrax nebulifer","species","paralabrax",75813.8,63,50335.58,5,"maximally harvested","no increase","original estimate; Carta recommendation available for this species in this region",2023,NA,"original estimate; Carta recommendation available for this species in this region","catch should not exceed 2018-2022 mean",0.663936908583925
2022,"region_2","paralabrax nebulifer","species","paralabrax",72355.1,64,50335.58,5,"maximally harvested","no increase","original estimate; Carta recommendation available for this species in this region",2023,NA,"original estimate; Carta recommendation available for this species in this region","catch should not exceed 2018-2022 mean",0.695674251020315
2023,"region_2","paralabrax nebulifer","species","paralabrax",25897,33,50335.58,5,"maximally harvested","no increase","original estimate; Carta recommendation available for this species in this region",2023,NA,"original estimate; Carta recommendation available for this species in this region","catch should not exceed 2018-2022 mean",1
2024,"region_2","paralabrax nebulifer","species","paralabrax",72570.6,58,50335.58,5,"maximally harvested","no increase","original estimate; Carta recommendation available for this species in this region",2023,NA,"original estimate; Carta recommendation available for this species in this region","catch should not exceed 2018-2022 mean",0.693608430962401
2018,"region_2","rhizoprionodon longurio","species","rhizoprionodon",44782.21,94,76542.962,5,"maximally harvested","no increase","original estimate; Carta recommendation available for this species in this region",2023,NA,"original estimate; Carta recommendation available for this species in this region","catch should not exceed 2018-2022 mean",1
2019,"region_2","rhizoprionodon longurio","species","rhizoprionodon",15778.35,56,76542.962,5,"maximally harvested","no increase","original estimate; Carta recommendation available for this species in this region",2023,NA,"original estimate; Carta recommendation available for this species in this region","catch should not exceed 2018-2022 mean",1
2020,"region_2","rhizoprionodon longurio","species","rhizoprionodon",94920.25,115,76542.962,5,"maximally harvested","no increase","original estimate; Carta recommendation available for this species in this region",2023,NA,"original estimate; Carta recommendation available for this species in this region","catch should not exceed 2018-2022 mean",0.806392334617745
2021,"region_2","rhizoprionodon longurio","species","rhizoprionodon",53479.45,112,76542.962,5,"maximally harvested","no increase","original estimate; Carta recommendation available for this species in this region",2023,NA,"original estimate; Carta recommendation available for this species in this region","catch should not exceed 2018-2022 mean",1
2022,"region_2","rhizoprionodon longurio","species","rhizoprionodon",173754.55,208,76542.962,5,"maximally harvested","no increase","original estimate; Carta recommendation available for this species in this region",2023,NA,"original estimate; Carta recommendation available for this species in this region","catch should not exceed 2018-2022 mean",0.440523497082522
2018,"region_2","sarda chiliensis","species","sarda",2150,6,271543.31,5,"development potential","no increase",NA,NA,NA,"genus fallback; genus gapfill; data missing in this region, took the mode across all Carta recommendations supplied for this genus regardless of region","development potential (score = 1)",1
2019,"region_2","sarda chiliensis","species","sarda",1281655,8,271543.31,5,"development potential","no increase",NA,NA,NA,"genus fallback; genus gapfill; data missing in this region, took the mode across all Carta recommendations supplied for this genus regardless of region","development potential (score = 1)",1
2020,"region_2","sarda chiliensis","species","sarda",4976,9,271543.31,5,"development potential","no increase",NA,NA,NA,"genus fallback; genus gapfill; data missing in this region, took the mode across all Carta recommendations supplied for this genus regardless of region","development potential (score = 1)",1
2021,"region_2","sarda chiliensis","species","sarda",67945.55,11,271543.31,5,"development potential","no increase",NA,NA,NA,"genus fallback; genus gapfill; data missing in this region, took the mode across all Carta recommendations supplied for this genus regardless of region","development potential (score = 1)",1
2022,"region_2","sarda chiliensis","species","sarda",990,10,271543.31,5,"development potential","no increase",NA,NA,NA,"genus fallback; genus gapfill; data missing in this region, took the mode across all Carta recommendations supplied for this genus regardless of region","development potential (score = 1)",1
2018,"region_2","scomberomorus sierra","species","scomberomorus",2943897,416,2317395.82,5,"maximally harvested","no increase","original estimate; Carta recommendation available for this species in this region",2023,NA,"original estimate; Carta recommendation available for this species in this region","catch should not exceed 2018-2022 mean",0.78718644708018
2019,"region_2","scomberomorus sierra","species","scomberomorus",3060744,488,2317395.82,5,"maximally harvested","no increase","original estimate; Carta recommendation available for this species in this region",2023,NA,"original estimate; Carta recommendation available for this species in this region","catch should not exceed 2018-2022 mean",0.75713480774609
2020,"region_2","scomberomorus sierra","species","scomberomorus",2280518.8,492,2317395.82,5,"maximally harvested","no increase","original estimate; Carta recommendation available for this species in this region",2023,NA,"original estimate; Carta recommendation available for this species in this region","catch should not exceed 2018-2022 mean",1
2021,"region_2","scomberomorus sierra","species","scomberomorus",1760539.3,348,2317395.82,5,"maximally harvested","no increase","original estimate; Carta recommendation available for this species in this region",2023,NA,"original estimate; Carta recommendation available for this species in this region","catch should not exceed 2018-2022 mean",1
2022,"region_2","scomberomorus sierra","species","scomberomorus",1541280,357,2317395.82,5,"maximally harvested","no increase","original estimate; Carta recommendation available for this species in this region",2023,NA,"original estimate; Carta recommendation available for this species in this region","catch should not exceed 2018-2022 mean",1
2023,"region_2","scomberomorus sierra","species","scomberomorus",1153887,400,2317395.82,5,"maximally harvested","no increase","original estimate; Carta recommendation available for this species in this region",2023,NA,"original estimate; Carta recommendation available for this species in this region","catch should not exceed 2018-2022 mean",1
2024,"region_2","scomberomorus sierra","species","scomberomorus",2564847,629,2317395.82,5,"maximally harvested","no increase","original estimate; Carta recommendation available for this species in this region",2023,NA,"original estimate; Carta recommendation available for this species in this region","catch should not exceed 2018-2022 mean",0.903522050243153
2018,"region_3","alopias pelagicus","species","alopias",71009,32,53082.6,5,"maximally harvested","no increase","original estimate; Carta recommendation available for this species in this region",2023,NA,"original estimate; Carta recommendation available for this species in this region","catch should not exceed 2018-2022 mean",0.747547493979636
2019,"region_3","alopias pelagicus","species","alopias",95070.1,36,53082.6,5,"maximally harvested","no increase","original estimate; Carta recommendation available for this species in this region",2023,NA,"original estimate; Carta recommendation available for this species in this region","catch should not exceed 2018-2022 mean",0.558352205372667
2020,"region_3","alopias pelagicus","species","alopias",31390.5,18,53082.6,5,"maximally harvested","no increase","original estimate; Carta recommendation available for this species in this region",2023,NA,"original estimate; Carta recommendation available for this species in this region","catch should not exceed 2018-2022 mean",1
2021,"region_3","alopias pelagicus","species","alopias",60675.4,35,53082.6,5,"maximally harvested","no increase","original estimate; Carta recommendation available for this species in this region",2023,NA,"original estimate; Carta recommendation available for this species in this region","catch should not exceed 2018-2022 mean",0.874861970419643
2022,"region_3","alopias pelagicus","species","alopias",7268,15,53082.6,5,"maximally harvested","no increase","original estimate; Carta recommendation available for this species in this region",2023,NA,"original estimate; Carta recommendation available for this species in this region","catch should not exceed 2018-2022 mean",1
2023,"region_3","alopias pelagicus","species","alopias",1907,11,53082.6,5,"maximally harvested","no increase","original estimate; Carta recommendation available for this species in this region",2023,NA,"original estimate; Carta recommendation available for this species in this region","catch should not exceed 2018-2022 mean",1
2024,"region_3","alopias pelagicus","species","alopias",81419.15,15,53082.6,5,"maximally harvested","no increase","original estimate; Carta recommendation available for this species in this region",2023,NA,"original estimate; Carta recommendation available for this species in this region","catch should not exceed 2018-2022 mean",0.651967012674537
2019,"region_3","carcharhinus falciformis","species","carcharhinus",9415,10,44475.625,4,"maximally harvested","no increase","original estimate; Carta recommendation available for this species in this region",2023,NA,"original estimate; Carta recommendation available for this species in this region","catch should not exceed 2018-2022 mean",1
2020,"region_3","carcharhinus falciformis","species","carcharhinus",7937.5,7,44475.625,4,"maximally harvested","no increase","original estimate; Carta recommendation available for this species in this region",2023,NA,"original estimate; Carta recommendation available for this species in this region","catch should not exceed 2018-2022 mean",1
2021,"region_3","carcharhinus falciformis","species","carcharhinus",7812.5,7,44475.625,4,"maximally harvested","no increase","original estimate; Carta recommendation available for this species in this region",2023,NA,"original estimate; Carta recommendation available for this species in this region","catch should not exceed 2018-2022 mean",1
2022,"region_3","carcharhinus falciformis","species","carcharhinus",152737.5,18,44475.625,4,"maximally harvested","no increase","original estimate; Carta recommendation available for this species in this region",2023,NA,"original estimate; Carta recommendation available for this species in this region","catch should not exceed 2018-2022 mean",0.291189950077748
2023,"region_3","carcharhinus falciformis","species","carcharhinus",910881,29,44475.625,4,"maximally harvested","no increase","original estimate; Carta recommendation available for this species in this region",2023,NA,"original estimate; Carta recommendation available for this species in this region","catch should not exceed 2018-2022 mean",0.0488270421712606
2024,"region_3","carcharhinus falciformis","species","carcharhinus",866008.65,50,44475.625,4,"maximally harvested","no increase","original estimate; Carta recommendation available for this species in this region",2023,NA,"original estimate; Carta recommendation available for this species in this region","catch should not exceed 2018-2022 mean",0.0513570216648529
2018,"region_3","centropomus armatus","species","centropomus",77,3,169.32,5,"maximally harvested","no increase","original estimate; Carta recommendation available for this species in this region",2023,NA,"original estimate; Carta recommendation available for this species in this region","catch should not exceed 2018-2022 mean",1
2019,"region_3","centropomus armatus","species","centropomus",180.4,3,169.32,5,"maximally harvested","no increase","original estimate; Carta recommendation available for this species in this region",2023,NA,"original estimate; Carta recommendation available for this species in this region","catch should not exceed 2018-2022 mean",0.938580931263858
2020,"region_3","centropomus armatus","species","centropomus",294.8,3,169.32,5,"maximally harvested","no increase","original estimate; Carta recommendation available for this species in this region",2023,NA,"original estimate; Carta recommendation available for this species in this region","catch should not exceed 2018-2022 mean",0.574355495251018
2021,"region_3","centropomus armatus","species","centropomus",222.9,7,169.32,5,"maximally harvested","no increase","original estimate; Carta recommendation available for this species in this region",2023,NA,"original estimate; Carta recommendation available for this species in this region","catch should not exceed 2018-2022 mean",0.759623149394347
2022,"region_3","centropomus armatus","species","centropomus",71.5,4,169.32,5,"maximally harvested","no increase","original estimate; Carta recommendation available for this species in this region",2023,NA,"original estimate; Carta recommendation available for this species in this region","catch should not exceed 2018-2022 mean",1
2023,"region_3","centropomus armatus","species","centropomus",5,1,169.32,5,"maximally harvested","no increase","original estimate; Carta recommendation available for this species in this region",2023,NA,"original estimate; Carta recommendation available for this species in this region","catch should not exceed 2018-2022 mean",1
2024,"region_3","centropomus armatus","species","centropomus",29.7,2,169.32,5,"maximally harvested","no increase","original estimate; Carta recommendation available for this species in this region",2023,NA,"original estimate; Carta recommendation available for this species in this region","catch should not exceed 2018-2022 mean",1
2018,"region_3","crassostrea gigas","species","crassostrea",1057150,104,1239376.6,5,"maximally harvested","no increase","original estimate; Carta recommendation available for this species in this region",2017,NA,"original estimate; Carta recommendation available for this species in this region","catch should not exceed 2018-2022 mean",1
2019,"region_3","crassostrea gigas","species","crassostrea",944925,97,1239376.6,5,"maximally harvested","no increase","original estimate; Carta recommendation available for this species in this region",2017,NA,"original estimate; Carta recommendation available for this species in this region","catch should not exceed 2018-2022 mean",1
2020,"region_3","crassostrea gigas","species","crassostrea",1261587,129,1239376.6,5,"maximally harvested","no increase","original estimate; Carta recommendation available for this species in this region",2017,NA,"original estimate; Carta recommendation available for this species in this region","catch should not exceed 2018-2022 mean",1
2021,"region_3","crassostrea gigas","species","crassostrea",1492916,133,1239376.6,5,"maximally harvested","no increase","original estimate; Carta recommendation available for this species in this region",2017,NA,"original estimate; Carta recommendation available for this species in this region","catch should not exceed 2018-2022 mean",0.830171690838601
2022,"region_3","crassostrea gigas","species","crassostrea",1440305,117,1239376.6,5,"maximally harvested","no increase","original estimate; Carta recommendation available for this species in this region",2017,NA,"original estimate; Carta recommendation available for this species in this region","catch should not exceed 2018-2022 mean",0.860495936624534
2023,"region_3","crassostrea gigas","species","crassostrea",1187540,139,1239376.6,5,"maximally harvested","no increase","original estimate; Carta recommendation available for this species in this region",2017,NA,"original estimate; Carta recommendation available for this species in this region","catch should not exceed 2018-2022 mean",1
2024,"region_3","crassostrea gigas","species","crassostrea",1663461,151,1239376.6,5,"maximally harvested","no increase","original estimate; Carta recommendation available for this species in this region",2017,NA,"original estimate; Carta recommendation available for this species in this region","catch should not exceed 2018-2022 mean",0.745059006493089
2018,"region_3","cynoscion acoupa","species","cynoscion",56681.8,120,59349.69,5,"maximally harvested","no increase",NA,NA,NA,"genus fallback; genus gapfill; data missing in this region, took the mode across all Carta recommendations supplied for this genus regardless of region","catch should not exceed 2018-2022 mean",1
2019,"region_3","cynoscion acoupa","species","cynoscion",36269.3,126,59349.69,5,"maximally harvested","no increase",NA,NA,NA,"genus fallback; genus gapfill; data missing in this region, took the mode across all Carta recommendations supplied for this genus regardless of region","catch should not exceed 2018-2022 mean",1
2020,"region_3","cynoscion acoupa","species","cynoscion",32909.3,92,59349.69,5,"maximally harvested","no increase",NA,NA,NA,"genus fallback; genus gapfill; data missing in this region, took the mode across all Carta recommendations supplied for this genus regardless of region","catch should not exceed 2018-2022 mean",1
2021,"region_3","cynoscion acoupa","species","cynoscion",60245.15,177,59349.69,5,"maximally harvested","no increase",NA,NA,NA,"genus fallback; genus gapfill; data missing in this region, took the mode across all Carta recommendations supplied for this genus regardless of region","catch should not exceed 2018-2022 mean",1
2022,"region_3","cynoscion acoupa","species","cynoscion",110642.9,272,59349.69,5,"maximally harvested","no increase",NA,NA,NA,"genus fallback; genus gapfill; data missing in this region, took the mode across all Carta recommendations supplied for this genus regardless of region","catch should not exceed 2018-2022 mean",0.536407577892481
2023,"region_3","cynoscion acoupa","species","cynoscion",145013,266,59349.69,5,"maximally harvested","no increase",NA,NA,NA,"genus fallback; genus gapfill; data missing in this region, took the mode across all Carta recommendations supplied for this genus regardless of region","catch should not exceed 2018-2022 mean",0.409271513588437
2024,"region_3","cynoscion acoupa","species","cynoscion",74014.75,192,59349.69,5,"maximally harvested","no increase",NA,NA,NA,"genus fallback; genus gapfill; data missing in this region, took the mode across all Carta recommendations supplied for this genus regardless of region","catch should not exceed 2018-2022 mean",0.80186300703576
2018,"region_3","dosidicus gigas","species","dosidicus",726,3,10708.02,5,"maximally harvested","no increase","original estimate; Carta recommendation available for this species in this region",2022,"specifically says to not increase fishing effort in the Gulf of California","original estimate; Carta recommendation available for this species in this region","catch should not exceed 2018-2022 mean",1
2019,"region_3","dosidicus gigas","species","dosidicus",15415,32,10708.02,5,"maximally harvested","no increase","original estimate; Carta recommendation available for this species in this region",2022,"specifically says to not increase fishing effort in the Gulf of California","original estimate; Carta recommendation available for this species in this region","catch should not exceed 2018-2022 mean",0.694649367499189
2020,"region_3","dosidicus gigas","species","dosidicus",17696,95,10708.02,5,"maximally harvested","no increase","original estimate; Carta recommendation available for this species in this region",2022,"specifically says to not increase fishing effort in the Gulf of California","original estimate; Carta recommendation available for this species in this region","catch should not exceed 2018-2022 mean",0.605109629294756
2021,"region_3","dosidicus gigas","species","dosidicus",15622.1,80,10708.02,5,"maximally harvested","no increase","original estimate; Carta recommendation available for this species in this region",2022,"specifically says to not increase fishing effort in the Gulf of California","original estimate; Carta recommendation available for this species in this region","catch should not exceed 2018-2022 mean",0.685440497756384
2022,"region_3","dosidicus gigas","species","dosidicus",4081,27,10708.02,5,"maximally harvested","no increase","original estimate; Carta recommendation available for this species in this region",2022,"specifically says to not increase fishing effort in the Gulf of California","original estimate; Carta recommendation available for this species in this region","catch should not exceed 2018-2022 mean",1
2023,"region_3","dosidicus gigas","species","dosidicus",10413,50,10708.02,5,"maximally harvested","no increase","original estimate; Carta recommendation available for this species in this region",2022,"specifically says to not increase fishing effort in the Gulf of California","original estimate; Carta recommendation available for this species in this region","catch should not exceed 2018-2022 mean",1
2024,"region_3","dosidicus gigas","species","dosidicus",3226,37,10708.02,5,"maximally harvested","no increase","original estimate; Carta recommendation available for this species in this region",2022,"specifically says to not increase fishing effort in the Gulf of California","original estimate; Carta recommendation available for this species in this region","catch should not exceed 2018-2022 mean",1
2018,"region_3","hoplopagrus guentherii","species","hoplopagrus",12399.2,76,13187.28,5,"maximally harvested","no increase","original estimate; Carta recommendation available for this species in this region",2023,NA,"original estimate; Carta recommendation available for this species in this region","catch should not exceed 2018-2022 mean",1
2019,"region_3","hoplopagrus guentherii","species","hoplopagrus",10054.8,41,13187.28,5,"maximally harvested","no increase","original estimate; Carta recommendation available for this species in this region",2023,NA,"original estimate; Carta recommendation available for this species in this region","catch should not exceed 2018-2022 mean",1
2020,"region_3","hoplopagrus guentherii","species","hoplopagrus",5956.9,40,13187.28,5,"maximally harvested","no increase","original estimate; Carta recommendation available for this species in this region",2023,NA,"original estimate; Carta recommendation available for this species in this region","catch should not exceed 2018-2022 mean",1
2021,"region_3","hoplopagrus guentherii","species","hoplopagrus",17891.9,71,13187.28,5,"maximally harvested","no increase","original estimate; Carta recommendation available for this species in this region",2023,NA,"original estimate; Carta recommendation available for this species in this region","catch should not exceed 2018-2022 mean",0.737053079885311
2022,"region_3","hoplopagrus guentherii","species","hoplopagrus",19633.6,124,13187.28,5,"maximally harvested","no increase","original estimate; Carta recommendation available for this species in this region",2023,NA,"original estimate; Carta recommendation available for this species in this region","catch should not exceed 2018-2022 mean",0.671668975633608
2023,"region_3","hoplopagrus guentherii","species","hoplopagrus",20657,199,13187.28,5,"maximally harvested","no increase","original estimate; Carta recommendation available for this species in this region",2023,NA,"original estimate; Carta recommendation available for this species in this region","catch should not exceed 2018-2022 mean",0.638392796630682
2024,"region_3","hoplopagrus guentherii","species","hoplopagrus",26461.5,165,13187.28,5,"maximally harvested","no increase","original estimate; Carta recommendation available for this species in this region",2023,NA,"original estimate; Carta recommendation available for this species in this region","catch should not exceed 2018-2022 mean",0.498357235984355
2018,"region_3","isurus oxyrinchus","species","isurus",7627,17,28664.99,5,"maximally harvested","no increase","original estimate; Carta recommendation available for this species in this region",2023,NA,"original estimate; Carta recommendation available for this species in this region","catch should not exceed 2018-2022 mean",1
2019,"region_3","isurus oxyrinchus","species","isurus",54464.45,25,28664.99,5,"maximally harvested","no increase","original estimate; Carta recommendation available for this species in this region",2023,NA,"original estimate; Carta recommendation available for this species in this region","catch should not exceed 2018-2022 mean",0.526306425567503
2020,"region_3","isurus oxyrinchus","species","isurus",32320.4,21,28664.99,5,"maximally harvested","no increase","original estimate; Carta recommendation available for this species in this region",2023,NA,"original estimate; Carta recommendation available for this species in this region","catch should not exceed 2018-2022 mean",0.886900842811351
2021,"region_3","isurus oxyrinchus","species","isurus",28353.65,52,28664.99,5,"maximally harvested","no increase","original estimate; Carta recommendation available for this species in this region",2023,NA,"original estimate; Carta recommendation available for this species in this region","catch should not exceed 2018-2022 mean",1
2022,"region_3","isurus oxyrinchus","species","isurus",20559.45,36,28664.99,5,"maximally harvested","no increase","original estimate; Carta recommendation available for this species in this region",2023,NA,"original estimate; Carta recommendation available for this species in this region","catch should not exceed 2018-2022 mean",1
2023,"region_3","isurus oxyrinchus","species","isurus",126042,34,28664.99,5,"maximally harvested","no increase","original estimate; Carta recommendation available for this species in this region",2023,NA,"original estimate; Carta recommendation available for this species in this region","catch should not exceed 2018-2022 mean",0.227424112597388
2024,"region_3","isurus oxyrinchus","species","isurus",73400.6,64,28664.99,5,"maximally harvested","no increase","original estimate; Carta recommendation available for this species in this region",2023,NA,"original estimate; Carta recommendation available for this species in this region","catch should not exceed 2018-2022 mean",0.390528006583052
2018,"region_3","lutjanus adetii","species","lutjanus",34123.1,165,41277.82,5,"maximally harvested","no increase",NA,NA,NA,"genus fallback; genus aggregation; took the mode across all Carta recommendations supplied for this genus in this region (in the case of ties: chose the most conservative status and control)","catch should not exceed 2018-2022 mean",1
2019,"region_3","lutjanus adetii","species","lutjanus",43337.65,158,41277.82,5,"maximally harvested","no increase",NA,NA,NA,"genus fallback; genus aggregation; took the mode across all Carta recommendations supplied for this genus in this region (in the case of ties: chose the most conservative status and control)","catch should not exceed 2018-2022 mean",1
2020,"region_3","lutjanus adetii","species","lutjanus",36403.95,142,41277.82,5,"maximally harvested","no increase",NA,NA,NA,"genus fallback; genus aggregation; took the mode across all Carta recommendations supplied for this genus in this region (in the case of ties: chose the most conservative status and control)","catch should not exceed 2018-2022 mean",1
2021,"region_3","lutjanus adetii","species","lutjanus",53674.1,172,41277.82,5,"maximally harvested","no increase",NA,NA,NA,"genus fallback; genus aggregation; took the mode across all Carta recommendations supplied for this genus in this region (in the case of ties: chose the most conservative status and control)","catch should not exceed 2018-2022 mean",0.769045405512156
2022,"region_3","lutjanus adetii","species","lutjanus",38850.3,148,41277.82,5,"maximally harvested","no increase",NA,NA,NA,"genus fallback; genus aggregation; took the mode across all Carta recommendations supplied for this genus in this region (in the case of ties: chose the most conservative status and control)","catch should not exceed 2018-2022 mean",1
2023,"region_3","lutjanus adetii","species","lutjanus",36126,121,41277.82,5,"maximally harvested","no increase",NA,NA,NA,"genus fallback; genus aggregation; took the mode across all Carta recommendations supplied for this genus in this region (in the case of ties: chose the most conservative status and control)","catch should not exceed 2018-2022 mean",1
2024,"region_3","lutjanus adetii","species","lutjanus",33976.32,123,41277.82,5,"maximally harvested","no increase",NA,NA,NA,"genus fallback; genus aggregation; took the mode across all Carta recommendations supplied for this genus in this region (in the case of ties: chose the most conservative status and control)","catch should not exceed 2018-2022 mean",1
2018,"region_3","lutjanus argentiventris","species","lutjanus",69320.55,227,89265.95,5,"maximally harvested","no increase","original estimate; Carta recommendation available for this species in this region",2023,NA,"original estimate; Carta recommendation available for this species in this region","catch should not exceed 2018-2022 mean",1
2019,"region_3","lutjanus argentiventris","species","lutjanus",72541.6,207,89265.95,5,"maximally harvested","no increase","original estimate; Carta recommendation available for this species in this region",2023,NA,"original estimate; Carta recommendation available for this species in this region","catch should not exceed 2018-2022 mean",1
2020,"region_3","lutjanus argentiventris","species","lutjanus",97682.7,280,89265.95,5,"maximally harvested","no increase","original estimate; Carta recommendation available for this species in this region",2023,NA,"original estimate; Carta recommendation available for this species in this region","catch should not exceed 2018-2022 mean",0.91383581739653
2021,"region_3","lutjanus argentiventris","species","lutjanus",99999.8,386,89265.95,5,"maximally harvested","no increase","original estimate; Carta recommendation available for this species in this region",2023,NA,"original estimate; Carta recommendation available for this species in this region","catch should not exceed 2018-2022 mean",0.892661285322571
2022,"region_3","lutjanus argentiventris","species","lutjanus",106785.1,426,89265.95,5,"maximally harvested","no increase","original estimate; Carta recommendation available for this species in this region",2023,NA,"original estimate; Carta recommendation available for this species in this region","catch should not exceed 2018-2022 mean",0.83594012647832
2023,"region_3","lutjanus argentiventris","species","lutjanus",115200,542,89265.95,5,"maximally harvested","no increase","original estimate; Carta recommendation available for this species in this region",2023,NA,"original estimate; Carta recommendation available for this species in this region","catch should not exceed 2018-2022 mean",0.774878038194444
2024,"region_3","lutjanus argentiventris","species","lutjanus",100273.77,417,89265.95,5,"maximally harvested","no increase","original estimate; Carta recommendation available for this species in this region",2023,NA,"original estimate; Carta recommendation available for this species in this region","catch should not exceed 2018-2022 mean",0.890222338304424
2018,"region_3","lutjanus campechanus","species","lutjanus",3630,4,26880.92,5,"maximally harvested","no increase",NA,NA,NA,"genus fallback; genus aggregation; took the mode across all Carta recommendations supplied for this genus in this region (in the case of ties: chose the most conservative status and control)","catch should not exceed 2018-2022 mean",1
2019,"region_3","lutjanus campechanus","species","lutjanus",5476.9,18,26880.92,5,"maximally harvested","no increase",NA,NA,NA,"genus fallback; genus aggregation; took the mode across all Carta recommendations supplied for this genus in this region (in the case of ties: chose the most conservative status and control)","catch should not exceed 2018-2022 mean",1
2020,"region_3","lutjanus campechanus","species","lutjanus",28847.5,65,26880.92,5,"maximally harvested","no increase",NA,NA,NA,"genus fallback; genus aggregation; took the mode across all Carta recommendations supplied for this genus in this region (in the case of ties: chose the most conservative status and control)","catch should not exceed 2018-2022 mean",0.931828408007626
2021,"region_3","lutjanus campechanus","species","lutjanus",59613.4,126,26880.92,5,"maximally harvested","no increase",NA,NA,NA,"genus fallback; genus aggregation; took the mode across all Carta recommendations supplied for this genus in this region (in the case of ties: chose the most conservative status and control)","catch should not exceed 2018-2022 mean",0.450920766136473
2022,"region_3","lutjanus campechanus","species","lutjanus",36836.8,186,26880.92,5,"maximally harvested","no increase",NA,NA,NA,"genus fallback; genus aggregation; took the mode across all Carta recommendations supplied for this genus in this region (in the case of ties: chose the most conservative status and control)","catch should not exceed 2018-2022 mean",0.72973005255614
2023,"region_3","lutjanus campechanus","species","lutjanus",55161,277,26880.92,5,"maximally harvested","no increase",NA,NA,NA,"genus fallback; genus aggregation; took the mode across all Carta recommendations supplied for this genus in this region (in the case of ties: chose the most conservative status and control)","catch should not exceed 2018-2022 mean",0.487317488805497
2024,"region_3","lutjanus campechanus","species","lutjanus",46715.9,161,26880.92,5,"maximally harvested","no increase",NA,NA,NA,"genus fallback; genus aggregation; took the mode across all Carta recommendations supplied for this genus in this region (in the case of ties: chose the most conservative status and control)","catch should not exceed 2018-2022 mean",0.575412653935812
2018,"region_3","lutjanus colorado","species","lutjanus",2169.2,16,1807.88,5,"maximally harvested","no increase","original estimate; Carta recommendation available for this species in this region",2023,NA,"original estimate; Carta recommendation available for this species in this region","catch should not exceed 2018-2022 mean",0.833431679881984
2019,"region_3","lutjanus colorado","species","lutjanus",588.5,1,1807.88,5,"maximally harvested","no increase","original estimate; Carta recommendation available for this species in this region",2023,NA,"original estimate; Carta recommendation available for this species in this region","catch should not exceed 2018-2022 mean",1
2020,"region_3","lutjanus colorado","species","lutjanus",324.4,7,1807.88,5,"maximally harvested","no increase","original estimate; Carta recommendation available for this species in this region",2023,NA,"original estimate; Carta recommendation available for this species in this region","catch should not exceed 2018-2022 mean",1
2021,"region_3","lutjanus colorado","species","lutjanus",5520.6,28,1807.88,5,"maximally harvested","no increase","original estimate; Carta recommendation available for this species in this region",2023,NA,"original estimate; Carta recommendation available for this species in this region","catch should not exceed 2018-2022 mean",0.327478897221317
2022,"region_3","lutjanus colorado","species","lutjanus",436.7,9,1807.88,5,"maximally harvested","no increase","original estimate; Carta recommendation available for this species in this region",2023,NA,"original estimate; Carta recommendation available for this species in this region","catch should not exceed 2018-2022 mean",1
2023,"region_3","lutjanus colorado","species","lutjanus",2465,14,1807.88,5,"maximally harvested","no increase","original estimate; Carta recommendation available for this species in this region",2023,NA,"original estimate; Carta recommendation available for this species in this region","catch should not exceed 2018-2022 mean",0.733419878296146
2024,"region_3","lutjanus colorado","species","lutjanus",1829.2,18,1807.88,5,"maximally harvested","no increase","original estimate; Carta recommendation available for this species in this region",2023,NA,"original estimate; Carta recommendation available for this species in this region","catch should not exceed 2018-2022 mean",1
2018,"region_3","lutjanus guttatus","species","lutjanus",19217.4,31,16123.58,5,"maximally harvested","no increase","original estimate; Carta recommendation available for this species in this region",2023,NA,"original estimate; Carta recommendation available for this species in this region","catch should not exceed 2018-2022 mean",0.839009439362245
2019,"region_3","lutjanus guttatus","species","lutjanus",4457.8,25,16123.58,5,"maximally harvested","no increase","original estimate; Carta recommendation available for this species in this region",2023,NA,"original estimate; Carta recommendation available for this species in this region","catch should not exceed 2018-2022 mean",1
2020,"region_3","lutjanus guttatus","species","lutjanus",5849.6,62,16123.58,5,"maximally harvested","no increase","original estimate; Carta recommendation available for this species in this region",2023,NA,"original estimate; Carta recommendation available for this species in this region","catch should not exceed 2018-2022 mean",1
2021,"region_3","lutjanus guttatus","species","lutjanus",22843.1,136,16123.58,5,"maximally harvested","no increase","original estimate; Carta recommendation available for this species in this region",2023,NA,"original estimate; Carta recommendation available for this species in this region","catch should not exceed 2018-2022 mean",0.705840275619334
2022,"region_3","lutjanus guttatus","species","lutjanus",28250,182,16123.58,5,"maximally harvested","no increase","original estimate; Carta recommendation available for this species in this region",2023,NA,"original estimate; Carta recommendation available for this species in this region","catch should not exceed 2018-2022 mean",0.570746194690265
2023,"region_3","lutjanus guttatus","species","lutjanus",34754,186,16123.58,5,"maximally harvested","no increase","original estimate; Carta recommendation available for this species in this region",2023,NA,"original estimate; Carta recommendation available for this species in this region","catch should not exceed 2018-2022 mean",0.463934511135409
2024,"region_3","lutjanus guttatus","species","lutjanus",45899.8,169,16123.58,5,"maximally harvested","no increase","original estimate; Carta recommendation available for this species in this region",2023,NA,"original estimate; Carta recommendation available for this species in this region","catch should not exceed 2018-2022 mean",0.351277783345461
2018,"region_3","lutjanus novemfasciatus","species","lutjanus",62202.7,154,81805.56,5,"maximally harvested","no increase","original estimate; Carta recommendation available for this species in this region",2023,NA,"original estimate; Carta recommendation available for this species in this region","catch should not exceed 2018-2022 mean",1
2019,"region_3","lutjanus novemfasciatus","species","lutjanus",64308.1,119,81805.56,5,"maximally harvested","no increase","original estimate; Carta recommendation available for this species in this region",2023,NA,"original estimate; Carta recommendation available for this species in this region","catch should not exceed 2018-2022 mean",1
2020,"region_3","lutjanus novemfasciatus","species","lutjanus",84008.5,185,81805.56,5,"maximally harvested","no increase","original estimate; Carta recommendation available for this species in this region",2023,NA,"original estimate; Carta recommendation available for this species in this region","catch should not exceed 2018-2022 mean",1
2021,"region_3","lutjanus novemfasciatus","species","lutjanus",97454.6,262,81805.56,5,"maximally harvested","no increase","original estimate; Carta recommendation available for this species in this region",2023,NA,"original estimate; Carta recommendation available for this species in this region","catch should not exceed 2018-2022 mean",0.839422254054708
2022,"region_3","lutjanus novemfasciatus","species","lutjanus",101053.9,276,81805.56,5,"maximally harvested","no increase","original estimate; Carta recommendation available for this species in this region",2023,NA,"original estimate; Carta recommendation available for this species in this region","catch should not exceed 2018-2022 mean",0.809524026286962
2023,"region_3","lutjanus novemfasciatus","species","lutjanus",95783,311,81805.56,5,"maximally harvested","no increase","original estimate; Carta recommendation available for this species in this region",2023,NA,"original estimate; Carta recommendation available for this species in this region","catch should not exceed 2018-2022 mean",0.854071808149672
2024,"region_3","lutjanus novemfasciatus","species","lutjanus",38404.57,190,81805.56,5,"maximally harvested","no increase","original estimate; Carta recommendation available for this species in this region",2023,NA,"original estimate; Carta recommendation available for this species in this region","catch should not exceed 2018-2022 mean",1
2018,"region_3","lutjanus spp","species","lutjanus",294365,407,178544,5,"maximally harvested","no increase",NA,NA,NA,"genus fallback; genus aggregation; took the mode across all Carta recommendations supplied for this genus in this region (in the case of ties: chose the most conservative status and control)","catch should not exceed 2018-2022 mean",0.606539500280264
2019,"region_3","lutjanus spp","species","lutjanus",218319,417,178544,5,"maximally harvested","no increase",NA,NA,NA,"genus fallback; genus aggregation; took the mode across all Carta recommendations supplied for this genus in this region (in the case of ties: chose the most conservative status and control)","catch should not exceed 2018-2022 mean",0.817812467077991
2020,"region_3","lutjanus spp","species","lutjanus",150247,381,178544,5,"maximally harvested","no increase",NA,NA,NA,"genus fallback; genus aggregation; took the mode across all Carta recommendations supplied for this genus in this region (in the case of ties: chose the most conservative status and control)","catch should not exceed 2018-2022 mean",1
2021,"region_3","lutjanus spp","species","lutjanus",116796,347,178544,5,"maximally harvested","no increase",NA,NA,NA,"genus fallback; genus aggregation; took the mode across all Carta recommendations supplied for this genus in this region (in the case of ties: chose the most conservative status and control)","catch should not exceed 2018-2022 mean",1
2022,"region_3","lutjanus spp","species","lutjanus",112993,238,178544,5,"maximally harvested","no increase",NA,NA,NA,"genus fallback; genus aggregation; took the mode across all Carta recommendations supplied for this genus in this region (in the case of ties: chose the most conservative status and control)","catch should not exceed 2018-2022 mean",1
2018,"region_3","mugil cephalus","species","mugil",26081,76,75196,5,"maximally harvested","no increase","original estimate; Carta recommendation available for this species in this region",2023,NA,"original estimate; Carta recommendation available for this species in this region","catch should not exceed 2018-2022 mean",1
2019,"region_3","mugil cephalus","species","mugil",48813,84,75196,5,"maximally harvested","no increase","original estimate; Carta recommendation available for this species in this region",2023,NA,"original estimate; Carta recommendation available for this species in this region","catch should not exceed 2018-2022 mean",1
2020,"region_3","mugil cephalus","species","mugil",77756,61,75196,5,"maximally harvested","no increase","original estimate; Carta recommendation available for this species in this region",2023,NA,"original estimate; Carta recommendation available for this species in this region","catch should not exceed 2018-2022 mean",1
2021,"region_3","mugil cephalus","species","mugil",100767,102,75196,5,"maximally harvested","no increase","original estimate; Carta recommendation available for this species in this region",2023,NA,"original estimate; Carta recommendation available for this species in this region","catch should not exceed 2018-2022 mean",0.746236367064614
2022,"region_3","mugil cephalus","species","mugil",122563,115,75196,5,"maximally harvested","no increase","original estimate; Carta recommendation available for this species in this region",2023,NA,"original estimate; Carta recommendation available for this species in this region","catch should not exceed 2018-2022 mean",0.613529368569634
2023,"region_3","mugil cephalus","species","mugil",49202,47,75196,5,"maximally harvested","no increase","original estimate; Carta recommendation available for this species in this region",2023,NA,"original estimate; Carta recommendation available for this species in this region","catch should not exceed 2018-2022 mean",1
2024,"region_3","mugil cephalus","species","mugil",13772,21,75196,5,"maximally harvested","no increase","original estimate; Carta recommendation available for this species in this region",2023,NA,"original estimate; Carta recommendation available for this species in this region","catch should not exceed 2018-2022 mean",1
2019,"region_3","mustelus albipinnis","species","mustelus",5282,11,9987.5625,4,"maximally harvested","no increase","original estimate; Carta recommendation available for this species in this region",2023,NA,"original estimate; Carta recommendation available for this species in this region","catch should not exceed 2018-2022 mean",1
2020,"region_3","mustelus albipinnis","species","mustelus",13773,25,9987.5625,4,"maximally harvested","no increase","original estimate; Carta recommendation available for this species in this region",2023,NA,"original estimate; Carta recommendation available for this species in this region","catch should not exceed 2018-2022 mean",0.725155194946635
2021,"region_3","mustelus albipinnis","species","mustelus",8576,23,9987.5625,4,"maximally harvested","no increase","original estimate; Carta recommendation available for this species in this region",2023,NA,"original estimate; Carta recommendation available for this species in this region","catch should not exceed 2018-2022 mean",1
2022,"region_3","mustelus albipinnis","species","mustelus",12319.25,38,9987.5625,4,"maximally harvested","no increase","original estimate; Carta recommendation available for this species in this region",2023,NA,"original estimate; Carta recommendation available for this species in this region","catch should not exceed 2018-2022 mean",0.810728128741604
2023,"region_3","mustelus albipinnis","species","mustelus",25366,60,9987.5625,4,"maximally harvested","no increase","original estimate; Carta recommendation available for this species in this region",2023,NA,"original estimate; Carta recommendation available for this species in this region","catch should not exceed 2018-2022 mean",0.393738173145155
2024,"region_3","mustelus albipinnis","species","mustelus",30964.2,45,9987.5625,4,"maximally harvested","no increase","original estimate; Carta recommendation available for this species in this region",2023,NA,"original estimate; Carta recommendation available for this species in this region","catch should not exceed 2018-2022 mean",0.322551930939601
2018,"region_3","panulirus inflatus","species","panulirus",2152.8,20,629.95,4,"development potential","increase","gapfilled estimate; no Carta recommendation for this species in this specific region",2023,NA,"gapfilled estimate; no Carta recommendation for this species in this specific region","development potential (score = 1)",1
2019,"region_3","panulirus inflatus","species","panulirus",142,2,629.95,4,"development potential","increase","gapfilled estimate; no Carta recommendation for this species in this specific region",2023,NA,"gapfilled estimate; no Carta recommendation for this species in this specific region","development potential (score = 1)",1
2021,"region_3","panulirus inflatus","species","panulirus",105,2,629.95,4,"development potential","increase","gapfilled estimate; no Carta recommendation for this species in this specific region",2023,NA,"gapfilled estimate; no Carta recommendation for this species in this specific region","development potential (score = 1)",1
2022,"region_3","panulirus inflatus","species","panulirus",120,2,629.95,4,"development potential","increase","gapfilled estimate; no Carta recommendation for this species in this specific region",2023,NA,"gapfilled estimate; no Carta recommendation for this species in this specific region","development potential (score = 1)",1
2023,"region_3","panulirus inflatus","species","panulirus",650,2,629.95,4,"development potential","increase","gapfilled estimate; no Carta recommendation for this species in this specific region",2023,NA,"gapfilled estimate; no Carta recommendation for this species in this specific region","development potential (score = 1)",1
2018,"region_3","panulirus interruptus","species","panulirus",10569.3,23,3016.075,4,"maximally harvested","no increase","original estimate; Carta recommendation available for this species in this region",2017,NA,"original estimate; Carta recommendation available for this species in this region","catch should not exceed 2018-2022 mean",0.285361849885991
2019,"region_3","panulirus interruptus","species","panulirus",912,2,3016.075,4,"maximally harvested","no increase","original estimate; Carta recommendation available for this species in this region",2017,NA,"original estimate; Carta recommendation available for this species in this region","catch should not exceed 2018-2022 mean",1
2021,"region_3","panulirus interruptus","species","panulirus",483,1,3016.075,4,"maximally harvested","no increase","original estimate; Carta recommendation available for this species in this region",2017,NA,"original estimate; Carta recommendation available for this species in this region","catch should not exceed 2018-2022 mean",1
2022,"region_3","panulirus interruptus","species","panulirus",100,1,3016.075,4,"maximally harvested","no increase","original estimate; Carta recommendation available for this species in this region",2017,NA,"original estimate; Carta recommendation available for this species in this region","catch should not exceed 2018-2022 mean",1
2023,"region_3","panulirus interruptus","species","panulirus",950,2,3016.075,4,"maximally harvested","no increase","original estimate; Carta recommendation available for this species in this region",2017,NA,"original estimate; Carta recommendation available for this species in this region","catch should not exceed 2018-2022 mean",1
2018,"region_3","paralabrax auroguttatus","species","paralabrax",167825,303,178012.52,5,"maximally harvested","no increase",NA,NA,NA,"genus fallback; genus aggregation; took the mode across all Carta recommendations supplied for this genus in this region (in the case of ties: chose the most conservative status and control)","catch should not exceed 2018-2022 mean",1
2019,"region_3","paralabrax auroguttatus","species","paralabrax",121761.6,266,178012.52,5,"maximally harvested","no increase",NA,NA,NA,"genus fallback; genus aggregation; took the mode across all Carta recommendations supplied for this genus in this region (in the case of ties: chose the most conservative status and control)","catch should not exceed 2018-2022 mean",1
2020,"region_3","paralabrax auroguttatus","species","paralabrax",155226.2,340,178012.52,5,"maximally harvested","no increase",NA,NA,NA,"genus fallback; genus aggregation; took the mode across all Carta recommendations supplied for this genus in this region (in the case of ties: chose the most conservative status and control)","catch should not exceed 2018-2022 mean",1
2021,"region_3","paralabrax auroguttatus","species","paralabrax",247616.6,489,178012.52,5,"maximally harvested","no increase",NA,NA,NA,"genus fallback; genus aggregation; took the mode across all Carta recommendations supplied for this genus in this region (in the case of ties: chose the most conservative status and control)","catch should not exceed 2018-2022 mean",0.718903821472389
2022,"region_3","paralabrax auroguttatus","species","paralabrax",197633.2,400,178012.52,5,"maximally harvested","no increase",NA,NA,NA,"genus fallback; genus aggregation; took the mode across all Carta recommendations supplied for this genus in this region (in the case of ties: chose the most conservative status and control)","catch should not exceed 2018-2022 mean",0.900721741083988
2023,"region_3","paralabrax auroguttatus","species","paralabrax",170867,408,178012.52,5,"maximally harvested","no increase",NA,NA,NA,"genus fallback; genus aggregation; took the mode across all Carta recommendations supplied for this genus in this region (in the case of ties: chose the most conservative status and control)","catch should not exceed 2018-2022 mean",1
2024,"region_3","paralabrax auroguttatus","species","paralabrax",128747.3,324,178012.52,5,"maximally harvested","no increase",NA,NA,NA,"genus fallback; genus aggregation; took the mode across all Carta recommendations supplied for this genus in this region (in the case of ties: chose the most conservative status and control)","catch should not exceed 2018-2022 mean",1
2018,"region_3","paralabrax nebulifer","species","paralabrax",17842,37,98527.74,5,"maximally harvested","no increase","original estimate; Carta recommendation available for this species in this region",2023,NA,"original estimate; Carta recommendation available for this species in this region","catch should not exceed 2018-2022 mean",1
2019,"region_3","paralabrax nebulifer","species","paralabrax",21188.1,28,98527.74,5,"maximally harvested","no increase","original estimate; Carta recommendation available for this species in this region",2023,NA,"original estimate; Carta recommendation available for this species in this region","catch should not exceed 2018-2022 mean",1
2020,"region_3","paralabrax nebulifer","species","paralabrax",87049.1,44,98527.74,5,"maximally harvested","no increase","original estimate; Carta recommendation available for this species in this region",2023,NA,"original estimate; Carta recommendation available for this species in this region","catch should not exceed 2018-2022 mean",1
2021,"region_3","paralabrax nebulifer","species","paralabrax",150812.4,93,98527.74,5,"maximally harvested","no increase","original estimate; Carta recommendation available for this species in this region",2023,NA,"original estimate; Carta recommendation available for this species in this region","catch should not exceed 2018-2022 mean",0.653313255408707
2022,"region_3","paralabrax nebulifer","species","paralabrax",215747.1,131,98527.74,5,"maximally harvested","no increase","original estimate; Carta recommendation available for this species in this region",2023,NA,"original estimate; Carta recommendation available for this species in this region","catch should not exceed 2018-2022 mean",0.456681642534245
2023,"region_3","paralabrax nebulifer","species","paralabrax",260325,123,98527.74,5,"maximally harvested","no increase","original estimate; Carta recommendation available for this species in this region",2023,NA,"original estimate; Carta recommendation available for this species in this region","catch should not exceed 2018-2022 mean",0.378479746470758
2024,"region_3","paralabrax nebulifer","species","paralabrax",311257.4,154,98527.74,5,"maximally harvested","no increase","original estimate; Carta recommendation available for this species in this region",2023,NA,"original estimate; Carta recommendation available for this species in this region","catch should not exceed 2018-2022 mean",0.316547462004116
2018,"region_3","prionace glauca","species","prionace",72.8,2,2394.76,5,"maximally harvested","no increase","original estimate; Carta recommendation available for this species in this region",2023,NA,"original estimate; Carta recommendation available for this species in this region","catch should not exceed 2018-2022 mean",1
2019,"region_3","prionace glauca","species","prionace",6620,3,2394.76,5,"maximally harvested","no increase","original estimate; Carta recommendation available for this species in this region",2023,NA,"original estimate; Carta recommendation available for this species in this region","catch should not exceed 2018-2022 mean",0.361746223564955
2020,"region_3","prionace glauca","species","prionace",1300.5,4,2394.76,5,"maximally harvested","no increase","original estimate; Carta recommendation available for this species in this region",2023,NA,"original estimate; Carta recommendation available for this species in this region","catch should not exceed 2018-2022 mean",1
2021,"region_3","prionace glauca","species","prionace",3539,11,2394.76,5,"maximally harvested","no increase","original estimate; Carta recommendation available for this species in this region",2023,NA,"original estimate; Carta recommendation available for this species in this region","catch should not exceed 2018-2022 mean",0.676677027408873
2022,"region_3","prionace glauca","species","prionace",441.5,5,2394.76,5,"maximally harvested","no increase","original estimate; Carta recommendation available for this species in this region",2023,NA,"original estimate; Carta recommendation available for this species in this region","catch should not exceed 2018-2022 mean",1
2023,"region_3","prionace glauca","species","prionace",171092,10,2394.76,5,"maximally harvested","no increase","original estimate; Carta recommendation available for this species in this region",2023,NA,"original estimate; Carta recommendation available for this species in this region","catch should not exceed 2018-2022 mean",0.0139969139410376
2024,"region_3","prionace glauca","species","prionace",204996.2,29,2394.76,5,"maximally harvested","no increase","original estimate; Carta recommendation available for this species in this region",2023,NA,"original estimate; Carta recommendation available for this species in this region","catch should not exceed 2018-2022 mean",0.0116819726414441
2018,"region_3","rhizoprionodon longurio","species","rhizoprionodon",88941,199,181907.44,5,"maximally harvested","no increase","original estimate; Carta recommendation available for this species in this region",2023,NA,"original estimate; Carta recommendation available for this species in this region","catch should not exceed 2018-2022 mean",1
2019,"region_3","rhizoprionodon longurio","species","rhizoprionodon",172644.05,201,181907.44,5,"maximally harvested","no increase","original estimate; Carta recommendation available for this species in this region",2023,NA,"original estimate; Carta recommendation available for this species in this region","catch should not exceed 2018-2022 mean",1
2020,"region_3","rhizoprionodon longurio","species","rhizoprionodon",229955.45,230,181907.44,5,"maximally harvested","no increase","original estimate; Carta recommendation available for this species in this region",2023,NA,"original estimate; Carta recommendation available for this species in this region","catch should not exceed 2018-2022 mean",0.791055136984142
2021,"region_3","rhizoprionodon longurio","species","rhizoprionodon",170485.5,253,181907.44,5,"maximally harvested","no increase","original estimate; Carta recommendation available for this species in this region",2023,NA,"original estimate; Carta recommendation available for this species in this region","catch should not exceed 2018-2022 mean",1
2022,"region_3","rhizoprionodon longurio","species","rhizoprionodon",247511.2,353,181907.44,5,"maximally harvested","no increase","original estimate; Carta recommendation available for this species in this region",2023,NA,"original estimate; Carta recommendation available for this species in this region","catch should not exceed 2018-2022 mean",0.734946297379674
2018,"region_3","sarda chiliensis","species","sarda",20675,25,8196.8,5,"development potential","no increase",NA,NA,NA,"genus fallback; genus gapfill; data missing in this region, took the mode across all Carta recommendations supplied for this genus regardless of region","development potential (score = 1)",1
2019,"region_3","sarda chiliensis","species","sarda",9371,22,8196.8,5,"development potential","no increase",NA,NA,NA,"genus fallback; genus gapfill; data missing in this region, took the mode across all Carta recommendations supplied for this genus regardless of region","development potential (score = 1)",1
2020,"region_3","sarda chiliensis","species","sarda",8483,3,8196.8,5,"development potential","no increase",NA,NA,NA,"genus fallback; genus gapfill; data missing in this region, took the mode across all Carta recommendations supplied for this genus regardless of region","development potential (score = 1)",1
2021,"region_3","sarda chiliensis","species","sarda",986,16,8196.8,5,"development potential","no increase",NA,NA,NA,"genus fallback; genus gapfill; data missing in this region, took the mode across all Carta recommendations supplied for this genus regardless of region","development potential (score = 1)",1
2022,"region_3","sarda chiliensis","species","sarda",1469,5,8196.8,5,"development potential","no increase",NA,NA,NA,"genus fallback; genus gapfill; data missing in this region, took the mode across all Carta recommendations supplied for this genus regardless of region","development potential (score = 1)",1
2018,"region_3","sardinops sagax","species","sardinops",1653000,9,426880,4,"maximally harvested","no increase","original estimate; Carta recommendation available for this species in this region",2022,NA,"original estimate; Carta recommendation available for this species in this region","catch should not exceed 2018-2022 mean",0.258245614035088
2020,"region_3","sardinops sagax","species","sardinops",8120,1,426880,4,"maximally harvested","no increase","original estimate; Carta recommendation available for this species in this region",2022,NA,"original estimate; Carta recommendation available for this species in this region","catch should not exceed 2018-2022 mean",1
2021,"region_3","sardinops sagax","species","sardinops",23200,2,426880,4,"maximally harvested","no increase","original estimate; Carta recommendation available for this species in this region",2022,NA,"original estimate; Carta recommendation available for this species in this region","catch should not exceed 2018-2022 mean",1
2022,"region_3","sardinops sagax","species","sardinops",23200,2,426880,4,"maximally harvested","no increase","original estimate; Carta recommendation available for this species in this region",2022,NA,"original estimate; Carta recommendation available for this species in this region","catch should not exceed 2018-2022 mean",1
2024,"region_3","sardinops sagax","species","sardinops",6960,1,426880,4,"maximally harvested","no increase","original estimate; Carta recommendation available for this species in this region",2022,NA,"original estimate; Carta recommendation available for this species in this region","catch should not exceed 2018-2022 mean",1
2018,"region_3","scomberomorus sierra","species","scomberomorus",84861,63,142697.72,5,"maximally harvested","no increase","original estimate; Carta recommendation available for this species in this region",2023,NA,"original estimate; Carta recommendation available for this species in this region","catch should not exceed 2018-2022 mean",1
2019,"region_3","scomberomorus sierra","species","scomberomorus",229247,96,142697.72,5,"maximally harvested","no increase","original estimate; Carta recommendation available for this species in this region",2023,NA,"original estimate; Carta recommendation available for this species in this region","catch should not exceed 2018-2022 mean",0.622462758509381
2020,"region_3","scomberomorus sierra","species","scomberomorus",152205.5,74,142697.72,5,"maximally harvested","no increase","original estimate; Carta recommendation available for this species in this region",2023,NA,"original estimate; Carta recommendation available for this species in this region","catch should not exceed 2018-2022 mean",0.9375332691657
2021,"region_3","scomberomorus sierra","species","scomberomorus",141102,91,142697.72,5,"maximally harvested","no increase","original estimate; Carta recommendation available for this species in this region",2023,NA,"original estimate; Carta recommendation available for this species in this region","catch should not exceed 2018-2022 mean",1
2022,"region_3","scomberomorus sierra","species","scomberomorus",106073.1,70,142697.72,5,"maximally harvested","no increase","original estimate; Carta recommendation available for this species in this region",2023,NA,"original estimate; Carta recommendation available for this species in this region","catch should not exceed 2018-2022 mean",1
2023,"region_3","scomberomorus sierra","species","scomberomorus",76777,46,142697.72,5,"maximally harvested","no increase","original estimate; Carta recommendation available for this species in this region",2023,NA,"original estimate; Carta recommendation available for this species in this region","catch should not exceed 2018-2022 mean",1
2024,"region_3","scomberomorus sierra","species","scomberomorus",166886.07,64,142697.72,5,"maximally harvested","no increase","original estimate; Carta recommendation available for this species in this region",2023,NA,"original estimate; Carta recommendation available for this species in this region","catch should not exceed 2018-2022 mean",0.855060700992
2018,"region_3","sphoeroides andersonianus","species","sphoeroides",5775,11,12492.7,5,"maximally harvested","no increase",NA,NA,NA,"genus fallback; genus aggregation; took the mode across all Carta recommendations supplied for this genus in this region (in the case of ties: chose the most conservative status and control)","catch should not exceed 2018-2022 mean",1
2019,"region_3","sphoeroides andersonianus","species","sphoeroides",1450,2,12492.7,5,"maximally harvested","no increase",NA,NA,NA,"genus fallback; genus aggregation; took the mode across all Carta recommendations supplied for this genus in this region (in the case of ties: chose the most conservative status and control)","catch should not exceed 2018-2022 mean",1
2020,"region_3","sphoeroides andersonianus","species","sphoeroides",12442.3,13,12492.7,5,"maximally harvested","no increase",NA,NA,NA,"genus fallback; genus aggregation; took the mode across all Carta recommendations supplied for this genus in this region (in the case of ties: chose the most conservative status and control)","catch should not exceed 2018-2022 mean",1
2021,"region_3","sphoeroides andersonianus","species","sphoeroides",18872.05,28,12492.7,5,"maximally harvested","no increase",NA,NA,NA,"genus fallback; genus aggregation; took the mode across all Carta recommendations supplied for this genus in this region (in the case of ties: chose the most conservative status and control)","catch should not exceed 2018-2022 mean",0.661968360617951
2022,"region_3","sphoeroides andersonianus","species","sphoeroides",23924.15,40,12492.7,5,"maximally harvested","no increase",NA,NA,NA,"genus fallback; genus aggregation; took the mode across all Carta recommendations supplied for this genus in this region (in the case of ties: chose the most conservative status and control)","catch should not exceed 2018-2022 mean",0.522179471370979
2023,"region_3","sphoeroides andersonianus","species","sphoeroides",39385,71,12492.7,5,"maximally harvested","no increase",NA,NA,NA,"genus fallback; genus aggregation; took the mode across all Carta recommendations supplied for this genus in this region (in the case of ties: chose the most conservative status and control)","catch should not exceed 2018-2022 mean",0.317194363336296
2024,"region_3","sphoeroides andersonianus","species","sphoeroides",19498.8,61,12492.7,5,"maximally harvested","no increase",NA,NA,NA,"genus fallback; genus aggregation; took the mode across all Carta recommendations supplied for this genus in this region (in the case of ties: chose the most conservative status and control)","catch should not exceed 2018-2022 mean",0.640690709171847
2018,"region_3","sphyrna mokarran","species","sphyrna",160,1,2140.0375,4,"maximally harvested","no increase","original estimate; Carta recommendation available for this species in this region",2023,NA,"original estimate; Carta recommendation available for this species in this region","catch should not exceed 2018-2022 mean",1
2019,"region_3","sphyrna mokarran","species","sphyrna",5424.75,11,2140.0375,4,"maximally harvested","no increase","original estimate; Carta recommendation available for this species in this region",2023,NA,"original estimate; Carta recommendation available for this species in this region","catch should not exceed 2018-2022 mean",0.394495138024794
2021,"region_3","sphyrna mokarran","species","sphyrna",630,1,2140.0375,4,"maximally harvested","no increase","original estimate; Carta recommendation available for this species in this region",2023,NA,"original estimate; Carta recommendation available for this species in this region","catch should not exceed 2018-2022 mean",1
2022,"region_3","sphyrna mokarran","species","sphyrna",2345.4,8,2140.0375,4,"maximally harvested","no increase","original estimate; Carta recommendation available for this species in this region",2023,NA,"original estimate; Carta recommendation available for this species in this region","catch should not exceed 2018-2022 mean",0.912440308689349
2023,"region_3","sphyrna mokarran","species","sphyrna",965,2,2140.0375,4,"maximally harvested","no increase","original estimate; Carta recommendation available for this species in this region",2023,NA,"original estimate; Carta recommendation available for this species in this region","catch should not exceed 2018-2022 mean",1
2024,"region_3","sphyrna mokarran","species","sphyrna",981,2,2140.0375,4,"maximally harvested","no increase","original estimate; Carta recommendation available for this species in this region",2023,NA,"original estimate; Carta recommendation available for this species in this region","catch should not exceed 2018-2022 mean",1
2018,"region_3","sphyrna zygaena","species","sphyrna",10432,19,10490.5,5,"maximally harvested","no increase","original estimate; Carta recommendation available for this species in this region",2023,NA,"original estimate; Carta recommendation available for this species in this region","catch should not exceed 2018-2022 mean",1
2019,"region_3","sphyrna zygaena","species","sphyrna",6848.2,17,10490.5,5,"maximally harvested","no increase","original estimate; Carta recommendation available for this species in this region",2023,NA,"original estimate; Carta recommendation available for this species in this region","catch should not exceed 2018-2022 mean",1
2020,"region_3","sphyrna zygaena","species","sphyrna",9818,6,10490.5,5,"maximally harvested","no increase","original estimate; Carta recommendation available for this species in this region",2023,NA,"original estimate; Carta recommendation available for this species in this region","catch should not exceed 2018-2022 mean",1
2021,"region_3","sphyrna zygaena","species","sphyrna",5668.9,15,10490.5,5,"maximally harvested","no increase","original estimate; Carta recommendation available for this species in this region",2023,NA,"original estimate; Carta recommendation available for this species in this region","catch should not exceed 2018-2022 mean",1
2022,"region_3","sphyrna zygaena","species","sphyrna",19685.4,32,10490.5,5,"maximally harvested","no increase","original estimate; Carta recommendation available for this species in this region",2023,NA,"original estimate; Carta recommendation available for this species in this region","catch should not exceed 2018-2022 mean",0.532907637132088
2023,"region_3","sphyrna zygaena","species","sphyrna",38286,60,10490.5,5,"maximally harvested","no increase","original estimate; Carta recommendation available for this species in this region",2023,NA,"original estimate; Carta recommendation available for this species in this region","catch should not exceed 2018-2022 mean",0.274003552212297
2024,"region_3","sphyrna zygaena","species","sphyrna",25042,63,10490.5,5,"maximally harvested","no increase","original estimate; Carta recommendation available for this species in this region",2023,NA,"original estimate; Carta recommendation available for this species in this region","catch should not exceed 2018-2022 mean",0.418916220749141
2018,"region_4","alopias pelagicus","species","alopias",3874.5,4,73408.48,5,"maximally harvested","no increase","original estimate; Carta recommendation available for this species in this region",2023,NA,"original estimate; Carta recommendation available for this species in this region","catch should not exceed 2018-2022 mean",1
2019,"region_4","alopias pelagicus","species","alopias",33410,7,73408.48,5,"maximally harvested","no increase","original estimate; Carta recommendation available for this species in this region",2023,NA,"original estimate; Carta recommendation available for this species in this region","catch should not exceed 2018-2022 mean",1
2020,"region_4","alopias pelagicus","species","alopias",66051.95,22,73408.48,5,"maximally harvested","no increase","original estimate; Carta recommendation available for this species in this region",2023,NA,"original estimate; Carta recommendation available for this species in this region","catch should not exceed 2018-2022 mean",1
2021,"region_4","alopias pelagicus","species","alopias",259691.45,53,73408.48,5,"maximally harvested","no increase","original estimate; Carta recommendation available for this species in this region",2023,NA,"original estimate; Carta recommendation available for this species in this region","catch should not exceed 2018-2022 mean",0.282675767723581
2022,"region_4","alopias pelagicus","species","alopias",4014.5,3,73408.48,5,"maximally harvested","no increase","original estimate; Carta recommendation available for this species in this region",2023,NA,"original estimate; Carta recommendation available for this species in this region","catch should not exceed 2018-2022 mean",1
2023,"region_4","alopias pelagicus","species","alopias",66664,13,73408.48,5,"maximally harvested","no increase","original estimate; Carta recommendation available for this species in this region",2023,NA,"original estimate; Carta recommendation available for this species in this region","catch should not exceed 2018-2022 mean",1
2024,"region_4","alopias pelagicus","species","alopias",900,2,73408.48,5,"maximally harvested","no increase","original estimate; Carta recommendation available for this species in this region",2023,NA,"original estimate; Carta recommendation available for this species in this region","catch should not exceed 2018-2022 mean",1
2018,"region_4","carcharhinus falciformis","species","carcharhinus",197370,101,367560.43,5,"maximally harvested","no increase","original estimate; Carta recommendation available for this species in this region",2023,NA,"original estimate; Carta recommendation available for this species in this region","catch should not exceed 2018-2022 mean",1
2019,"region_4","carcharhinus falciformis","species","carcharhinus",216818.75,61,367560.43,5,"maximally harvested","no increase","original estimate; Carta recommendation available for this species in this region",2023,NA,"original estimate; Carta recommendation available for this species in this region","catch should not exceed 2018-2022 mean",1
2020,"region_4","carcharhinus falciformis","species","carcharhinus",439941.25,62,367560.43,5,"maximally harvested","no increase","original estimate; Carta recommendation available for this species in this region",2023,NA,"original estimate; Carta recommendation available for this species in this region","catch should not exceed 2018-2022 mean",0.835476168692979
2021,"region_4","carcharhinus falciformis","species","carcharhinus",196434.15,61,367560.43,5,"maximally harvested","no increase","original estimate; Carta recommendation available for this species in this region",2023,NA,"original estimate; Carta recommendation available for this species in this region","catch should not exceed 2018-2022 mean",1
2022,"region_4","carcharhinus falciformis","species","carcharhinus",787238,129,367560.43,5,"maximally harvested","no increase","original estimate; Carta recommendation available for this species in this region",2023,NA,"original estimate; Carta recommendation available for this species in this region","catch should not exceed 2018-2022 mean",0.466898739644174
2023,"region_4","carcharhinus falciformis","species","carcharhinus",1002472,106,367560.43,5,"maximally harvested","no increase","original estimate; Carta recommendation available for this species in this region",2023,NA,"original estimate; Carta recommendation available for this species in this region","catch should not exceed 2018-2022 mean",0.36665406116081
2024,"region_4","carcharhinus falciformis","species","carcharhinus",1160040,133,367560.43,5,"maximally harvested","no increase","original estimate; Carta recommendation available for this species in this region",2023,NA,"original estimate; Carta recommendation available for this species in this region","catch should not exceed 2018-2022 mean",0.316851513740905
2018,"region_4","carcharhinus plumbeus","species","carcharhinus",2755,7,3451.8,4,"maximally harvested","no increase",NA,NA,NA,"genus fallback; genus aggregation; took the mode across all Carta recommendations supplied for this genus in this region (in the case of ties: chose the most conservative status and control)","catch should not exceed 2018-2022 mean",1
2019,"region_4","carcharhinus plumbeus","species","carcharhinus",1355.2,1,3451.8,4,"maximally harvested","no increase",NA,NA,NA,"genus fallback; genus aggregation; took the mode across all Carta recommendations supplied for this genus in this region (in the case of ties: chose the most conservative status and control)","catch should not exceed 2018-2022 mean",1
2021,"region_4","carcharhinus plumbeus","species","carcharhinus",2310,4,3451.8,4,"maximally harvested","no increase",NA,NA,NA,"genus fallback; genus aggregation; took the mode across all Carta recommendations supplied for this genus in this region (in the case of ties: chose the most conservative status and control)","catch should not exceed 2018-2022 mean",1
2022,"region_4","carcharhinus plumbeus","species","carcharhinus",7387,19,3451.8,4,"maximally harvested","no increase",NA,NA,NA,"genus fallback; genus aggregation; took the mode across all Carta recommendations supplied for this genus in this region (in the case of ties: chose the most conservative status and control)","catch should not exceed 2018-2022 mean",0.467280357384595
2023,"region_4","carcharhinus plumbeus","species","carcharhinus",4071,12,3451.8,4,"maximally harvested","no increase",NA,NA,NA,"genus fallback; genus aggregation; took the mode across all Carta recommendations supplied for this genus in this region (in the case of ties: chose the most conservative status and control)","catch should not exceed 2018-2022 mean",0.847899778924097
2024,"region_4","carcharhinus plumbeus","species","carcharhinus",5461,14,3451.8,4,"maximally harvested","no increase",NA,NA,NA,"genus fallback; genus aggregation; took the mode across all Carta recommendations supplied for this genus in this region (in the case of ties: chose the most conservative status and control)","catch should not exceed 2018-2022 mean",0.632082036257096
2018,"region_4","centropomus armatus","species","centropomus",5777.54,19,2477.308,5,"maximally harvested","no increase","original estimate; Carta recommendation available for this species in this region",2023,NA,"original estimate; Carta recommendation available for this species in this region","catch should not exceed 2018-2022 mean",0.428782492202564
2019,"region_4","centropomus armatus","species","centropomus",1421.2,7,2477.308,5,"maximally harvested","no increase","original estimate; Carta recommendation available for this species in this region",2023,NA,"original estimate; Carta recommendation available for this species in this region","catch should not exceed 2018-2022 mean",1
2020,"region_4","centropomus armatus","species","centropomus",510.7,5,2477.308,5,"maximally harvested","no increase","original estimate; Carta recommendation available for this species in this region",2023,NA,"original estimate; Carta recommendation available for this species in this region","catch should not exceed 2018-2022 mean",1
2021,"region_4","centropomus armatus","species","centropomus",2269.4,11,2477.308,5,"maximally harvested","no increase","original estimate; Carta recommendation available for this species in this region",2023,NA,"original estimate; Carta recommendation available for this species in this region","catch should not exceed 2018-2022 mean",1
2022,"region_4","centropomus armatus","species","centropomus",2407.7,10,2477.308,5,"maximally harvested","no increase","original estimate; Carta recommendation available for this species in this region",2023,NA,"original estimate; Carta recommendation available for this species in this region","catch should not exceed 2018-2022 mean",1
2023,"region_4","centropomus armatus","species","centropomus",1039,15,2477.308,5,"maximally harvested","no increase","original estimate; Carta recommendation available for this species in this region",2023,NA,"original estimate; Carta recommendation available for this species in this region","catch should not exceed 2018-2022 mean",1
2024,"region_4","centropomus armatus","species","centropomus",1357.5,20,2477.308,5,"maximally harvested","no increase","original estimate; Carta recommendation available for this species in this region",2023,NA,"original estimate; Carta recommendation available for this species in this region","catch should not exceed 2018-2022 mean",1
2018,"region_4","crassostrea gigas","species","crassostrea",13050,10,23139.2,5,"maximally harvested","no increase","original estimate; Carta recommendation available for this species in this region",2017,NA,"original estimate; Carta recommendation available for this species in this region","catch should not exceed 2018-2022 mean",1
2019,"region_4","crassostrea gigas","species","crassostrea",4340,8,23139.2,5,"maximally harvested","no increase","original estimate; Carta recommendation available for this species in this region",2017,NA,"original estimate; Carta recommendation available for this species in this region","catch should not exceed 2018-2022 mean",1
2020,"region_4","crassostrea gigas","species","crassostrea",32229,16,23139.2,5,"maximally harvested","no increase","original estimate; Carta recommendation available for this species in this region",2017,NA,"original estimate; Carta recommendation available for this species in this region","catch should not exceed 2018-2022 mean",0.717962083837538
2021,"region_4","crassostrea gigas","species","crassostrea",48954,64,23139.2,5,"maximally harvested","no increase","original estimate; Carta recommendation available for this species in this region",2017,NA,"original estimate; Carta recommendation available for this species in this region","catch should not exceed 2018-2022 mean",0.472672304612493
2022,"region_4","crassostrea gigas","species","crassostrea",17123,58,23139.2,5,"maximally harvested","no increase","original estimate; Carta recommendation available for this species in this region",2017,NA,"original estimate; Carta recommendation available for this species in this region","catch should not exceed 2018-2022 mean",1
2023,"region_4","crassostrea gigas","species","crassostrea",45025,49,23139.2,5,"maximally harvested","no increase","original estimate; Carta recommendation available for this species in this region",2017,NA,"original estimate; Carta recommendation available for this species in this region","catch should not exceed 2018-2022 mean",0.513918933925597
2024,"region_4","crassostrea gigas","species","crassostrea",86890,91,23139.2,5,"maximally harvested","no increase","original estimate; Carta recommendation available for this species in this region",2017,NA,"original estimate; Carta recommendation available for this species in this region","catch should not exceed 2018-2022 mean",0.266304522960064
2018,"region_4","cynoscion acoupa","species","cynoscion",56995.02,173,60064.954,5,"maximally harvested","no increase",NA,NA,NA,"genus fallback; genus gapfill; data missing in this region, took the mode across all Carta recommendations supplied for this genus regardless of region","catch should not exceed 2018-2022 mean",1
2019,"region_4","cynoscion acoupa","species","cynoscion",65407.9,156,60064.954,5,"maximally harvested","no increase",NA,NA,NA,"genus fallback; genus gapfill; data missing in this region, took the mode across all Carta recommendations supplied for this genus regardless of region","catch should not exceed 2018-2022 mean",0.918313445317767
2020,"region_4","cynoscion acoupa","species","cynoscion",62973.2,209,60064.954,5,"maximally harvested","no increase",NA,NA,NA,"genus fallback; genus gapfill; data missing in this region, took the mode across all Carta recommendations supplied for this genus regardless of region","catch should not exceed 2018-2022 mean",1
2021,"region_4","cynoscion acoupa","species","cynoscion",56250.15,218,60064.954,5,"maximally harvested","no increase",NA,NA,NA,"genus fallback; genus gapfill; data missing in this region, took the mode across all Carta recommendations supplied for this genus regardless of region","catch should not exceed 2018-2022 mean",1
2022,"region_4","cynoscion acoupa","species","cynoscion",58698.5,253,60064.954,5,"maximally harvested","no increase",NA,NA,NA,"genus fallback; genus gapfill; data missing in this region, took the mode across all Carta recommendations supplied for this genus regardless of region","catch should not exceed 2018-2022 mean",1
2023,"region_4","cynoscion acoupa","species","cynoscion",27647,182,60064.954,5,"maximally harvested","no increase",NA,NA,NA,"genus fallback; genus gapfill; data missing in this region, took the mode across all Carta recommendations supplied for this genus regardless of region","catch should not exceed 2018-2022 mean",1
2024,"region_4","cynoscion acoupa","species","cynoscion",36806.552,139,60064.954,5,"maximally harvested","no increase",NA,NA,NA,"genus fallback; genus gapfill; data missing in this region, took the mode across all Carta recommendations supplied for this genus regardless of region","catch should not exceed 2018-2022 mean",1
2018,"region_4","galeocerdo cuvier","species","galeocerdo",78,1,330.05,5,"maximally harvested","no increase","original estimate; Carta recommendation available for this species in this region",2023,NA,"original estimate; Carta recommendation available for this species in this region","catch should not exceed 2018-2022 mean",1
2019,"region_4","galeocerdo cuvier","species","galeocerdo",30,1,330.05,5,"maximally harvested","no increase","original estimate; Carta recommendation available for this species in this region",2023,NA,"original estimate; Carta recommendation available for this species in this region","catch should not exceed 2018-2022 mean",1
2020,"region_4","galeocerdo cuvier","species","galeocerdo",189.2,6,330.05,5,"maximally harvested","no increase","original estimate; Carta recommendation available for this species in this region",2023,NA,"original estimate; Carta recommendation available for this species in this region","catch should not exceed 2018-2022 mean",1
2021,"region_4","galeocerdo cuvier","species","galeocerdo",674.65,11,330.05,5,"maximally harvested","no increase","original estimate; Carta recommendation available for this species in this region",2023,NA,"original estimate; Carta recommendation available for this species in this region","catch should not exceed 2018-2022 mean",0.489216630845624
2022,"region_4","galeocerdo cuvier","species","galeocerdo",678.4,13,330.05,5,"maximally harvested","no increase","original estimate; Carta recommendation available for this species in this region",2023,NA,"original estimate; Carta recommendation available for this species in this region","catch should not exceed 2018-2022 mean",0.486512382075472
2023,"region_4","galeocerdo cuvier","species","galeocerdo",1200,17,330.05,5,"maximally harvested","no increase","original estimate; Carta recommendation available for this species in this region",2023,NA,"original estimate; Carta recommendation available for this species in this region","catch should not exceed 2018-2022 mean",0.275041666666667
2024,"region_4","galeocerdo cuvier","species","galeocerdo",383,4,330.05,5,"maximally harvested","no increase","original estimate; Carta recommendation available for this species in this region",2023,NA,"original estimate; Carta recommendation available for this species in this region","catch should not exceed 2018-2022 mean",0.861749347258486
2018,"region_4","galeorhinus galeus","species","galeorhinus",12878.35,17,9294.29,5,"maximally harvested","no increase","original estimate; Carta recommendation available for this species in this region",2023,NA,"original estimate; Carta recommendation available for this species in this region","catch should not exceed 2018-2022 mean",0.721698820112825
2019,"region_4","galeorhinus galeus","species","galeorhinus",10835,22,9294.29,5,"maximally harvested","no increase","original estimate; Carta recommendation available for this species in this region",2023,NA,"original estimate; Carta recommendation available for this species in this region","catch should not exceed 2018-2022 mean",0.857802491924319
2020,"region_4","galeorhinus galeus","species","galeorhinus",10403.8,23,9294.29,5,"maximally harvested","no increase","original estimate; Carta recommendation available for this species in this region",2023,NA,"original estimate; Carta recommendation available for this species in this region","catch should not exceed 2018-2022 mean",0.893355312481978
2021,"region_4","galeorhinus galeus","species","galeorhinus",10009.1,39,9294.29,5,"maximally harvested","no increase","original estimate; Carta recommendation available for this species in this region",2023,NA,"original estimate; Carta recommendation available for this species in this region","catch should not exceed 2018-2022 mean",0.928583988570401
2022,"region_4","galeorhinus galeus","species","galeorhinus",2345.2,26,9294.29,5,"maximally harvested","no increase","original estimate; Carta recommendation available for this species in this region",2023,NA,"original estimate; Carta recommendation available for this species in this region","catch should not exceed 2018-2022 mean",1
2023,"region_4","galeorhinus galeus","species","galeorhinus",12784,32,9294.29,5,"maximally harvested","no increase","original estimate; Carta recommendation available for this species in this region",2023,NA,"original estimate; Carta recommendation available for this species in this region","catch should not exceed 2018-2022 mean",0.727025187734668
2024,"region_4","galeorhinus galeus","species","galeorhinus",2609.45,5,9294.29,5,"maximally harvested","no increase","original estimate; Carta recommendation available for this species in this region",2023,NA,"original estimate; Carta recommendation available for this species in this region","catch should not exceed 2018-2022 mean",1
2018,"region_4","gelidium robustum","species","gelidium",118512,10,112379,5,"maximally harvested","no increase","original estimate; Carta recommendation available for this species in this region",2012,NA,"original estimate; Carta recommendation available for this species in this region","catch should not exceed 2018-2022 mean",0.948249966248144
2019,"region_4","gelidium robustum","species","gelidium",128034,10,112379,5,"maximally harvested","no increase","original estimate; Carta recommendation available for this species in this region",2012,NA,"original estimate; Carta recommendation available for this species in this region","catch should not exceed 2018-2022 mean",0.877727791055501
2020,"region_4","gelidium robustum","species","gelidium",222132,16,112379,5,"maximally harvested","no increase","original estimate; Carta recommendation available for this species in this region",2012,NA,"original estimate; Carta recommendation available for this species in this region","catch should not exceed 2018-2022 mean",0.505910899825329
2021,"region_4","gelidium robustum","species","gelidium",85195,8,112379,5,"maximally harvested","no increase","original estimate; Carta recommendation available for this species in this region",2012,NA,"original estimate; Carta recommendation available for this species in this region","catch should not exceed 2018-2022 mean",1
2022,"region_4","gelidium robustum","species","gelidium",8022,3,112379,5,"maximally harvested","no increase","original estimate; Carta recommendation available for this species in this region",2012,NA,"original estimate; Carta recommendation available for this species in this region","catch should not exceed 2018-2022 mean",1
2023,"region_4","gelidium robustum","species","gelidium",104232,6,112379,5,"maximally harvested","no increase","original estimate; Carta recommendation available for this species in this region",2012,NA,"original estimate; Carta recommendation available for this species in this region","catch should not exceed 2018-2022 mean",1
2018,"region_4","hoplopagrus guentherii","species","hoplopagrus",64013.6,276,65796,5,"maximally harvested","no increase","original estimate; Carta recommendation available for this species in this region",2023,NA,"original estimate; Carta recommendation available for this species in this region","catch should not exceed 2018-2022 mean",1
2019,"region_4","hoplopagrus guentherii","species","hoplopagrus",45441.1,166,65796,5,"maximally harvested","no increase","original estimate; Carta recommendation available for this species in this region",2023,NA,"original estimate; Carta recommendation available for this species in this region","catch should not exceed 2018-2022 mean",1
2020,"region_4","hoplopagrus guentherii","species","hoplopagrus",67074.8,227,65796,5,"maximally harvested","no increase","original estimate; Carta recommendation available for this species in this region",2023,NA,"original estimate; Carta recommendation available for this species in this region","catch should not exceed 2018-2022 mean",1
2021,"region_4","hoplopagrus guentherii","species","hoplopagrus",61088.3,236,65796,5,"maximally harvested","no increase","original estimate; Carta recommendation available for this species in this region",2023,NA,"original estimate; Carta recommendation available for this species in this region","catch should not exceed 2018-2022 mean",1
2022,"region_4","hoplopagrus guentherii","species","hoplopagrus",91362.2,213,65796,5,"maximally harvested","no increase","original estimate; Carta recommendation available for this species in this region",2023,NA,"original estimate; Carta recommendation available for this species in this region","catch should not exceed 2018-2022 mean",0.720166545901916
2023,"region_4","hoplopagrus guentherii","species","hoplopagrus",61726,245,65796,5,"maximally harvested","no increase","original estimate; Carta recommendation available for this species in this region",2023,NA,"original estimate; Carta recommendation available for this species in this region","catch should not exceed 2018-2022 mean",1
2024,"region_4","hoplopagrus guentherii","species","hoplopagrus",59212.03,255,65796,5,"maximally harvested","no increase","original estimate; Carta recommendation available for this species in this region",2023,NA,"original estimate; Carta recommendation available for this species in this region","catch should not exceed 2018-2022 mean",1
2018,"region_4","isurus oxyrinchus","species","isurus",95926.1,78,132485.11,5,"maximally harvested","no increase","original estimate; Carta recommendation available for this species in this region",2023,NA,"original estimate; Carta recommendation available for this species in this region","catch should not exceed 2018-2022 mean",1
2019,"region_4","isurus oxyrinchus","species","isurus",132488.2,66,132485.11,5,"maximally harvested","no increase","original estimate; Carta recommendation available for this species in this region",2023,NA,"original estimate; Carta recommendation available for this species in this region","catch should not exceed 2018-2022 mean",1
2020,"region_4","isurus oxyrinchus","species","isurus",124471.2,137,132485.11,5,"maximally harvested","no increase","original estimate; Carta recommendation available for this species in this region",2023,NA,"original estimate; Carta recommendation available for this species in this region","catch should not exceed 2018-2022 mean",1
2021,"region_4","isurus oxyrinchus","species","isurus",191349.15,149,132485.11,5,"maximally harvested","no increase","original estimate; Carta recommendation available for this species in this region",2023,NA,"original estimate; Carta recommendation available for this species in this region","catch should not exceed 2018-2022 mean",0.692373653083904
2022,"region_4","isurus oxyrinchus","species","isurus",118190.9,165,132485.11,5,"maximally harvested","no increase","original estimate; Carta recommendation available for this species in this region",2023,NA,"original estimate; Carta recommendation available for this species in this region","catch should not exceed 2018-2022 mean",1
2023,"region_4","isurus oxyrinchus","species","isurus",132818,96,132485.11,5,"maximally harvested","no increase","original estimate; Carta recommendation available for this species in this region",2023,NA,"original estimate; Carta recommendation available for this species in this region","catch should not exceed 2018-2022 mean",1
2024,"region_4","isurus oxyrinchus","species","isurus",299445.55,96,132485.11,5,"maximally harvested","no increase","original estimate; Carta recommendation available for this species in this region",2023,NA,"original estimate; Carta recommendation available for this species in this region","catch should not exceed 2018-2022 mean",0.442434726446928
2018,"region_4","litopenaeus vannamei","species","litopenaeus",2483998,85,2399318.8,5,"maximally harvested","no increase","original estimate; Carta recommendation available for this species in this region",2017,NA,"original estimate; Carta recommendation available for this species in this region","catch should not exceed 2018-2022 mean",1
2019,"region_4","litopenaeus vannamei","species","litopenaeus",1844617,60,2399318.8,5,"maximally harvested","no increase","original estimate; Carta recommendation available for this species in this region",2017,NA,"original estimate; Carta recommendation available for this species in this region","catch should not exceed 2018-2022 mean",1
2020,"region_4","litopenaeus vannamei","species","litopenaeus",2400308,32,2399318.8,5,"maximally harvested","no increase","original estimate; Carta recommendation available for this species in this region",2017,NA,"original estimate; Carta recommendation available for this species in this region","catch should not exceed 2018-2022 mean",1
2021,"region_4","litopenaeus vannamei","species","litopenaeus",3044923,168,2399318.8,5,"maximally harvested","no increase","original estimate; Carta recommendation available for this species in this region",2017,NA,"original estimate; Carta recommendation available for this species in this region","catch should not exceed 2018-2022 mean",0.787973554667885
2022,"region_4","litopenaeus vannamei","species","litopenaeus",2222748,145,2399318.8,5,"maximally harvested","no increase","original estimate; Carta recommendation available for this species in this region",2017,NA,"original estimate; Carta recommendation available for this species in this region","catch should not exceed 2018-2022 mean",1
2018,"region_4","lutjanus adetii","species","lutjanus",128717.3,550,60814.82,5,"maximally harvested","no increase",NA,NA,NA,"genus fallback; genus aggregation; took the mode across all Carta recommendations supplied for this genus in this region (in the case of ties: chose the most conservative status and control)","catch should not exceed 2018-2022 mean",0.472468114231731
2019,"region_4","lutjanus adetii","species","lutjanus",80827.05,291,60814.82,5,"maximally harvested","no increase",NA,NA,NA,"genus fallback; genus aggregation; took the mode across all Carta recommendations supplied for this genus in this region (in the case of ties: chose the most conservative status and control)","catch should not exceed 2018-2022 mean",0.752406774712179
2020,"region_4","lutjanus adetii","species","lutjanus",24307.4,155,60814.82,5,"maximally harvested","no increase",NA,NA,NA,"genus fallback; genus aggregation; took the mode across all Carta recommendations supplied for this genus in this region (in the case of ties: chose the most conservative status and control)","catch should not exceed 2018-2022 mean",1
2021,"region_4","lutjanus adetii","species","lutjanus",29308.25,169,60814.82,5,"maximally harvested","no increase",NA,NA,NA,"genus fallback; genus aggregation; took the mode across all Carta recommendations supplied for this genus in this region (in the case of ties: chose the most conservative status and control)","catch should not exceed 2018-2022 mean",1
2022,"region_4","lutjanus adetii","species","lutjanus",40914.1,193,60814.82,5,"maximally harvested","no increase",NA,NA,NA,"genus fallback; genus aggregation; took the mode across all Carta recommendations supplied for this genus in this region (in the case of ties: chose the most conservative status and control)","catch should not exceed 2018-2022 mean",1
2023,"region_4","lutjanus adetii","species","lutjanus",21883,157,60814.82,5,"maximally harvested","no increase",NA,NA,NA,"genus fallback; genus aggregation; took the mode across all Carta recommendations supplied for this genus in this region (in the case of ties: chose the most conservative status and control)","catch should not exceed 2018-2022 mean",1
2024,"region_4","lutjanus adetii","species","lutjanus",17919.4,143,60814.82,5,"maximally harvested","no increase",NA,NA,NA,"genus fallback; genus aggregation; took the mode across all Carta recommendations supplied for this genus in this region (in the case of ties: chose the most conservative status and control)","catch should not exceed 2018-2022 mean",1
2018,"region_4","lutjanus argentiventris","species","lutjanus",138062.8,536,152639.604,5,"maximally harvested","no increase","original estimate; Carta recommendation available for this species in this region",2023,NA,"original estimate; Carta recommendation available for this species in this region","catch should not exceed 2018-2022 mean",1
2019,"region_4","lutjanus argentiventris","species","lutjanus",136634.82,547,152639.604,5,"maximally harvested","no increase","original estimate; Carta recommendation available for this species in this region",2023,NA,"original estimate; Carta recommendation available for this species in this region","catch should not exceed 2018-2022 mean",1
2020,"region_4","lutjanus argentiventris","species","lutjanus",173099.6,822,152639.604,5,"maximally harvested","no increase","original estimate; Carta recommendation available for this species in this region",2023,NA,"original estimate; Carta recommendation available for this species in this region","catch should not exceed 2018-2022 mean",0.881802176319298
2021,"region_4","lutjanus argentiventris","species","lutjanus",144914.7,746,152639.604,5,"maximally harvested","no increase","original estimate; Carta recommendation available for this species in this region",2023,NA,"original estimate; Carta recommendation available for this species in this region","catch should not exceed 2018-2022 mean",1
2022,"region_4","lutjanus argentiventris","species","lutjanus",170486.1,778,152639.604,5,"maximally harvested","no increase","original estimate; Carta recommendation available for this species in this region",2023,NA,"original estimate; Carta recommendation available for this species in this region","catch should not exceed 2018-2022 mean",0.895319935173601
2023,"region_4","lutjanus argentiventris","species","lutjanus",134253,769,152639.604,5,"maximally harvested","no increase","original estimate; Carta recommendation available for this species in this region",2023,NA,"original estimate; Carta recommendation available for this species in this region","catch should not exceed 2018-2022 mean",1
2024,"region_4","lutjanus argentiventris","species","lutjanus",208641.8,937,152639.604,5,"maximally harvested","no increase","original estimate; Carta recommendation available for this species in this region",2023,NA,"original estimate; Carta recommendation available for this species in this region","catch should not exceed 2018-2022 mean",0.731586882398446
2018,"region_4","lutjanus campechanus","species","lutjanus",55687.5,137,59370.52,5,"maximally harvested","no increase",NA,NA,NA,"genus fallback; genus aggregation; took the mode across all Carta recommendations supplied for this genus in this region (in the case of ties: chose the most conservative status and control)","catch should not exceed 2018-2022 mean",1
2019,"region_4","lutjanus campechanus","species","lutjanus",50413,119,59370.52,5,"maximally harvested","no increase",NA,NA,NA,"genus fallback; genus aggregation; took the mode across all Carta recommendations supplied for this genus in this region (in the case of ties: chose the most conservative status and control)","catch should not exceed 2018-2022 mean",1
2020,"region_4","lutjanus campechanus","species","lutjanus",94722.1,253,59370.52,5,"maximally harvested","no increase",NA,NA,NA,"genus fallback; genus aggregation; took the mode across all Carta recommendations supplied for this genus in this region (in the case of ties: chose the most conservative status and control)","catch should not exceed 2018-2022 mean",0.626786357143687
2021,"region_4","lutjanus campechanus","species","lutjanus",33341,132,59370.52,5,"maximally harvested","no increase",NA,NA,NA,"genus fallback; genus aggregation; took the mode across all Carta recommendations supplied for this genus in this region (in the case of ties: chose the most conservative status and control)","catch should not exceed 2018-2022 mean",1
2022,"region_4","lutjanus campechanus","species","lutjanus",62689,162,59370.52,5,"maximally harvested","no increase",NA,NA,NA,"genus fallback; genus aggregation; took the mode across all Carta recommendations supplied for this genus in this region (in the case of ties: chose the most conservative status and control)","catch should not exceed 2018-2022 mean",0.947064397262678
2023,"region_4","lutjanus campechanus","species","lutjanus",62865,169,59370.52,5,"maximally harvested","no increase",NA,NA,NA,"genus fallback; genus aggregation; took the mode across all Carta recommendations supplied for this genus in this region (in the case of ties: chose the most conservative status and control)","catch should not exceed 2018-2022 mean",0.944412948381452
2024,"region_4","lutjanus campechanus","species","lutjanus",36074.28,112,59370.52,5,"maximally harvested","no increase",NA,NA,NA,"genus fallback; genus aggregation; took the mode across all Carta recommendations supplied for this genus in this region (in the case of ties: chose the most conservative status and control)","catch should not exceed 2018-2022 mean",1
2018,"region_4","lutjanus colorado","species","lutjanus",10171.17,34,10839.994,5,"maximally harvested","no increase","original estimate; Carta recommendation available for this species in this region",2023,NA,"original estimate; Carta recommendation available for this species in this region","catch should not exceed 2018-2022 mean",1
2019,"region_4","lutjanus colorado","species","lutjanus",2415,21,10839.994,5,"maximally harvested","no increase","original estimate; Carta recommendation available for this species in this region",2023,NA,"original estimate; Carta recommendation available for this species in this region","catch should not exceed 2018-2022 mean",1
2020,"region_4","lutjanus colorado","species","lutjanus",7711.9,54,10839.994,5,"maximally harvested","no increase","original estimate; Carta recommendation available for this species in this region",2023,NA,"original estimate; Carta recommendation available for this species in this region","catch should not exceed 2018-2022 mean",1
2021,"region_4","lutjanus colorado","species","lutjanus",15886.9,57,10839.994,5,"maximally harvested","no increase","original estimate; Carta recommendation available for this species in this region",2023,NA,"original estimate; Carta recommendation available for this species in this region","catch should not exceed 2018-2022 mean",0.682322794251868
2022,"region_4","lutjanus colorado","species","lutjanus",18015,50,10839.994,5,"maximally harvested","no increase","original estimate; Carta recommendation available for this species in this region",2023,NA,"original estimate; Carta recommendation available for this species in this region","catch should not exceed 2018-2022 mean",0.601720455176242
2023,"region_4","lutjanus colorado","species","lutjanus",5032,50,10839.994,5,"maximally harvested","no increase","original estimate; Carta recommendation available for this species in this region",2023,NA,"original estimate; Carta recommendation available for this species in this region","catch should not exceed 2018-2022 mean",1
2024,"region_4","lutjanus colorado","species","lutjanus",8203.6,59,10839.994,5,"maximally harvested","no increase","original estimate; Carta recommendation available for this species in this region",2023,NA,"original estimate; Carta recommendation available for this species in this region","catch should not exceed 2018-2022 mean",1
2018,"region_4","lutjanus guttatus","species","lutjanus",70890.5,353,82902.16,5,"maximally harvested","no increase","original estimate; Carta recommendation available for this species in this region",2023,NA,"original estimate; Carta recommendation available for this species in this region","catch should not exceed 2018-2022 mean",1
2019,"region_4","lutjanus guttatus","species","lutjanus",55763.6,255,82902.16,5,"maximally harvested","no increase","original estimate; Carta recommendation available for this species in this region",2023,NA,"original estimate; Carta recommendation available for this species in this region","catch should not exceed 2018-2022 mean",1
2020,"region_4","lutjanus guttatus","species","lutjanus",43165.7,340,82902.16,5,"maximally harvested","no increase","original estimate; Carta recommendation available for this species in this region",2023,NA,"original estimate; Carta recommendation available for this species in this region","catch should not exceed 2018-2022 mean",1
2021,"region_4","lutjanus guttatus","species","lutjanus",33121.9,288,82902.16,5,"maximally harvested","no increase","original estimate; Carta recommendation available for this species in this region",2023,NA,"original estimate; Carta recommendation available for this species in this region","catch should not exceed 2018-2022 mean",1
2022,"region_4","lutjanus guttatus","species","lutjanus",211569.1,369,82902.16,5,"maximally harvested","no increase","original estimate; Carta recommendation available for this species in this region",2023,NA,"original estimate; Carta recommendation available for this species in this region","catch should not exceed 2018-2022 mean",0.391844366686818
2023,"region_4","lutjanus guttatus","species","lutjanus",129963,339,82902.16,5,"maximally harvested","no increase","original estimate; Carta recommendation available for this species in this region",2023,NA,"original estimate; Carta recommendation available for this species in this region","catch should not exceed 2018-2022 mean",0.63789047652024
2024,"region_4","lutjanus guttatus","species","lutjanus",71851.1,423,82902.16,5,"maximally harvested","no increase","original estimate; Carta recommendation available for this species in this region",2023,NA,"original estimate; Carta recommendation available for this species in this region","catch should not exceed 2018-2022 mean",1
2018,"region_4","lutjanus jordani","species","lutjanus",100,1,1747.6,5,"maximally harvested","no increase",NA,NA,NA,"genus fallback; genus aggregation; took the mode across all Carta recommendations supplied for this genus in this region (in the case of ties: chose the most conservative status and control)","catch should not exceed 2018-2022 mean",1
2019,"region_4","lutjanus jordani","species","lutjanus",338,2,1747.6,5,"maximally harvested","no increase",NA,NA,NA,"genus fallback; genus aggregation; took the mode across all Carta recommendations supplied for this genus in this region (in the case of ties: chose the most conservative status and control)","catch should not exceed 2018-2022 mean",1
2020,"region_4","lutjanus jordani","species","lutjanus",1751,38,1747.6,5,"maximally harvested","no increase",NA,NA,NA,"genus fallback; genus aggregation; took the mode across all Carta recommendations supplied for this genus in this region (in the case of ties: chose the most conservative status and control)","catch should not exceed 2018-2022 mean",1
2021,"region_4","lutjanus jordani","species","lutjanus",3153,26,1747.6,5,"maximally harvested","no increase",NA,NA,NA,"genus fallback; genus aggregation; took the mode across all Carta recommendations supplied for this genus in this region (in the case of ties: chose the most conservative status and control)","catch should not exceed 2018-2022 mean",0.554265778623533
2022,"region_4","lutjanus jordani","species","lutjanus",3396,19,1747.6,5,"maximally harvested","no increase",NA,NA,NA,"genus fallback; genus aggregation; took the mode across all Carta recommendations supplied for this genus in this region (in the case of ties: chose the most conservative status and control)","catch should not exceed 2018-2022 mean",0.514605418138987
2023,"region_4","lutjanus jordani","species","lutjanus",881,10,1747.6,5,"maximally harvested","no increase",NA,NA,NA,"genus fallback; genus aggregation; took the mode across all Carta recommendations supplied for this genus in this region (in the case of ties: chose the most conservative status and control)","catch should not exceed 2018-2022 mean",1
2024,"region_4","lutjanus jordani","species","lutjanus",1478,12,1747.6,5,"maximally harvested","no increase",NA,NA,NA,"genus fallback; genus aggregation; took the mode across all Carta recommendations supplied for this genus in this region (in the case of ties: chose the most conservative status and control)","catch should not exceed 2018-2022 mean",1
2018,"region_4","lutjanus novemfasciatus","species","lutjanus",65796.55,322,54211.458,5,"maximally harvested","no increase","original estimate; Carta recommendation available for this species in this region",2023,NA,"original estimate; Carta recommendation available for this species in this region","catch should not exceed 2018-2022 mean",0.823925540168899
2019,"region_4","lutjanus novemfasciatus","species","lutjanus",41330.49,302,54211.458,5,"maximally harvested","no increase","original estimate; Carta recommendation available for this species in this region",2023,NA,"original estimate; Carta recommendation available for this species in this region","catch should not exceed 2018-2022 mean",1
2020,"region_4","lutjanus novemfasciatus","species","lutjanus",35306.05,372,54211.458,5,"maximally harvested","no increase","original estimate; Carta recommendation available for this species in this region",2023,NA,"original estimate; Carta recommendation available for this species in this region","catch should not exceed 2018-2022 mean",1
2021,"region_4","lutjanus novemfasciatus","species","lutjanus",65260.8,403,54211.458,5,"maximally harvested","no increase","original estimate; Carta recommendation available for this species in this region",2023,NA,"original estimate; Carta recommendation available for this species in this region","catch should not exceed 2018-2022 mean",0.830689449102677
2022,"region_4","lutjanus novemfasciatus","species","lutjanus",63363.4,432,54211.458,5,"maximally harvested","no increase","original estimate; Carta recommendation available for this species in this region",2023,NA,"original estimate; Carta recommendation available for this species in this region","catch should not exceed 2018-2022 mean",0.855564221616895
2023,"region_4","lutjanus novemfasciatus","species","lutjanus",50552,406,54211.458,5,"maximally harvested","no increase","original estimate; Carta recommendation available for this species in this region",2023,NA,"original estimate; Carta recommendation available for this species in this region","catch should not exceed 2018-2022 mean",1
2024,"region_4","lutjanus novemfasciatus","species","lutjanus",50873.8,455,54211.458,5,"maximally harvested","no increase","original estimate; Carta recommendation available for this species in this region",2023,NA,"original estimate; Carta recommendation available for this species in this region","catch should not exceed 2018-2022 mean",1
2018,"region_4","lutjanus peru","species","lutjanus",7412,35,213740.63,5,"maximally harvested","no increase","original estimate; Carta recommendation available for this species in this region",2023,NA,"original estimate; Carta recommendation available for this species in this region","catch should not exceed 2018-2022 mean",1
2019,"region_4","lutjanus peru","species","lutjanus",137220,93,213740.63,5,"maximally harvested","no increase","original estimate; Carta recommendation available for this species in this region",2023,NA,"original estimate; Carta recommendation available for this species in this region","catch should not exceed 2018-2022 mean",1
2020,"region_4","lutjanus peru","species","lutjanus",200024.9,148,213740.63,5,"maximally harvested","no increase","original estimate; Carta recommendation available for this species in this region",2023,NA,"original estimate; Carta recommendation available for this species in this region","catch should not exceed 2018-2022 mean",1
2021,"region_4","lutjanus peru","species","lutjanus",256700.15,92,213740.63,5,"maximally harvested","no increase","original estimate; Carta recommendation available for this species in this region",2023,NA,"original estimate; Carta recommendation available for this species in this region","catch should not exceed 2018-2022 mean",0.832647078702525
2022,"region_4","lutjanus peru","species","lutjanus",467346.1,99,213740.63,5,"maximally harvested","no increase","original estimate; Carta recommendation available for this species in this region",2023,NA,"original estimate; Carta recommendation available for this species in this region","catch should not exceed 2018-2022 mean",0.457349767121198
2023,"region_4","lutjanus peru","species","lutjanus",710470,1161,213740.63,5,"maximally harvested","no increase","original estimate; Carta recommendation available for this species in this region",2023,NA,"original estimate; Carta recommendation available for this species in this region","catch should not exceed 2018-2022 mean",0.300843990597773
2024,"region_4","lutjanus peru","species","lutjanus",473820.905,1069,213740.63,5,"maximally harvested","no increase","original estimate; Carta recommendation available for this species in this region",2023,NA,"original estimate; Carta recommendation available for this species in this region","catch should not exceed 2018-2022 mean",0.451100041691913
2018,"region_4","lutjanus spp","species","lutjanus",1219583,1528,818428.94,5,"maximally harvested","no increase",NA,NA,NA,"genus fallback; genus aggregation; took the mode across all Carta recommendations supplied for this genus in this region (in the case of ties: chose the most conservative status and control)","catch should not exceed 2018-2022 mean",0.671072768315072
2019,"region_4","lutjanus spp","species","lutjanus",1023748.7,1133,818428.94,5,"maximally harvested","no increase",NA,NA,NA,"genus fallback; genus aggregation; took the mode across all Carta recommendations supplied for this genus in this region (in the case of ties: chose the most conservative status and control)","catch should not exceed 2018-2022 mean",0.79944320320016
2020,"region_4","lutjanus spp","species","lutjanus",869806,1229,818428.94,5,"maximally harvested","no increase",NA,NA,NA,"genus fallback; genus aggregation; took the mode across all Carta recommendations supplied for this genus in this region (in the case of ties: chose the most conservative status and control)","catch should not exceed 2018-2022 mean",0.940932736725201
2021,"region_4","lutjanus spp","species","lutjanus",570452,1122,818428.94,5,"maximally harvested","no increase",NA,NA,NA,"genus fallback; genus aggregation; took the mode across all Carta recommendations supplied for this genus in this region (in the case of ties: chose the most conservative status and control)","catch should not exceed 2018-2022 mean",1
2022,"region_4","lutjanus spp","species","lutjanus",408555,1083,818428.94,5,"maximally harvested","no increase",NA,NA,NA,"genus fallback; genus aggregation; took the mode across all Carta recommendations supplied for this genus in this region (in the case of ties: chose the most conservative status and control)","catch should not exceed 2018-2022 mean",1
2018,"region_4","megapitaria aurantiaca","species","megapitaria",5000,1,1750,4,"maximally harvested","no increase","original estimate; Carta recommendation available for this species in this region",2023,"Within region variation in status, took most conservative","original estimate; Carta recommendation available for this species in this region","catch should not exceed 2018-2022 mean",0.35
2020,"region_4","megapitaria aurantiaca","species","megapitaria",100,1,1750,4,"maximally harvested","no increase","original estimate; Carta recommendation available for this species in this region",2023,"Within region variation in status, took most conservative","original estimate; Carta recommendation available for this species in this region","catch should not exceed 2018-2022 mean",1
2021,"region_4","megapitaria aurantiaca","species","megapitaria",1000,8,1750,4,"maximally harvested","no increase","original estimate; Carta recommendation available for this species in this region",2023,"Within region variation in status, took most conservative","original estimate; Carta recommendation available for this species in this region","catch should not exceed 2018-2022 mean",1
2022,"region_4","megapitaria aurantiaca","species","megapitaria",900,2,1750,4,"maximally harvested","no increase","original estimate; Carta recommendation available for this species in this region",2023,"Within region variation in status, took most conservative","original estimate; Carta recommendation available for this species in this region","catch should not exceed 2018-2022 mean",1
2023,"region_4","megapitaria aurantiaca","species","megapitaria",18430,73,1750,4,"maximally harvested","no increase","original estimate; Carta recommendation available for this species in this region",2023,"Within region variation in status, took most conservative","original estimate; Carta recommendation available for this species in this region","catch should not exceed 2018-2022 mean",0.0949538795442214
2024,"region_4","megapitaria aurantiaca","species","megapitaria",2975,5,1750,4,"maximally harvested","no increase","original estimate; Carta recommendation available for this species in this region",2023,"Within region variation in status, took most conservative","original estimate; Carta recommendation available for this species in this region","catch should not exceed 2018-2022 mean",0.588235294117647
2018,"region_4","megapitaria squalida","species","megapitaria",518269,591,384679,5,"maximally harvested","no increase","original estimate; Carta recommendation available for this species in this region",2023,"Within region variation in status, took most conservative","original estimate; Carta recommendation available for this species in this region","catch should not exceed 2018-2022 mean",0.742238104150547
2019,"region_4","megapitaria squalida","species","megapitaria",590586,629,384679,5,"maximally harvested","no increase","original estimate; Carta recommendation available for this species in this region",2023,"Within region variation in status, took most conservative","original estimate; Carta recommendation available for this species in this region","catch should not exceed 2018-2022 mean",0.651351369656578
2020,"region_4","megapitaria squalida","species","megapitaria",278523,495,384679,5,"maximally harvested","no increase","original estimate; Carta recommendation available for this species in this region",2023,"Within region variation in status, took most conservative","original estimate; Carta recommendation available for this species in this region","catch should not exceed 2018-2022 mean",1
2021,"region_4","megapitaria squalida","species","megapitaria",255885,425,384679,5,"maximally harvested","no increase","original estimate; Carta recommendation available for this species in this region",2023,"Within region variation in status, took most conservative","original estimate; Carta recommendation available for this species in this region","catch should not exceed 2018-2022 mean",1
2022,"region_4","megapitaria squalida","species","megapitaria",280132,479,384679,5,"maximally harvested","no increase","original estimate; Carta recommendation available for this species in this region",2023,"Within region variation in status, took most conservative","original estimate; Carta recommendation available for this species in this region","catch should not exceed 2018-2022 mean",1
2023,"region_4","megapitaria squalida","species","megapitaria",56691,109,384679,5,"maximally harvested","no increase","original estimate; Carta recommendation available for this species in this region",2023,"Within region variation in status, took most conservative","original estimate; Carta recommendation available for this species in this region","catch should not exceed 2018-2022 mean",1
2018,"region_4","megastraea undosa","species","megastraea",48971,9,42999.4,5,"maximally harvested","no increase","original estimate; Carta recommendation available for this species in this region",2023,NA,"original estimate; Carta recommendation available for this species in this region","catch should not exceed 2018-2022 mean",0.878058442751833
2019,"region_4","megastraea undosa","species","megastraea",37961,2,42999.4,5,"maximally harvested","no increase","original estimate; Carta recommendation available for this species in this region",2023,NA,"original estimate; Carta recommendation available for this species in this region","catch should not exceed 2018-2022 mean",1
2020,"region_4","megastraea undosa","species","megastraea",42490,2,42999.4,5,"maximally harvested","no increase","original estimate; Carta recommendation available for this species in this region",2023,NA,"original estimate; Carta recommendation available for this species in this region","catch should not exceed 2018-2022 mean",1
2021,"region_4","megastraea undosa","species","megastraea",39515,4,42999.4,5,"maximally harvested","no increase","original estimate; Carta recommendation available for this species in this region",2023,NA,"original estimate; Carta recommendation available for this species in this region","catch should not exceed 2018-2022 mean",1
2022,"region_4","megastraea undosa","species","megastraea",46060,4,42999.4,5,"maximally harvested","no increase","original estimate; Carta recommendation available for this species in this region",2023,NA,"original estimate; Carta recommendation available for this species in this region","catch should not exceed 2018-2022 mean",0.933551888840643
2024,"region_4","megastraea undosa","species","megastraea",55085,6,42999.4,5,"maximally harvested","no increase","original estimate; Carta recommendation available for this species in this region",2023,NA,"original estimate; Carta recommendation available for this species in this region","catch should not exceed 2018-2022 mean",0.780600889534356
2018,"region_4","mugil cephalus","species","mugil",76752,137,107290.4,5,"maximally harvested","no increase","original estimate; Carta recommendation available for this species in this region",2023,NA,"original estimate; Carta recommendation available for this species in this region","catch should not exceed 2018-2022 mean",1
2019,"region_4","mugil cephalus","species","mugil",141168,161,107290.4,5,"maximally harvested","no increase","original estimate; Carta recommendation available for this species in this region",2023,NA,"original estimate; Carta recommendation available for this species in this region","catch should not exceed 2018-2022 mean",0.760019267822736
2020,"region_4","mugil cephalus","species","mugil",113232,183,107290.4,5,"maximally harvested","no increase","original estimate; Carta recommendation available for this species in this region",2023,NA,"original estimate; Carta recommendation available for this species in this region","catch should not exceed 2018-2022 mean",0.947527200791296
2021,"region_4","mugil cephalus","species","mugil",101078,111,107290.4,5,"maximally harvested","no increase","original estimate; Carta recommendation available for this species in this region",2023,NA,"original estimate; Carta recommendation available for this species in this region","catch should not exceed 2018-2022 mean",1
2022,"region_4","mugil cephalus","species","mugil",104222,137,107290.4,5,"maximally harvested","no increase","original estimate; Carta recommendation available for this species in this region",2023,NA,"original estimate; Carta recommendation available for this species in this region","catch should not exceed 2018-2022 mean",1
2023,"region_4","mugil cephalus","species","mugil",4110,21,107290.4,5,"maximally harvested","no increase","original estimate; Carta recommendation available for this species in this region",2023,NA,"original estimate; Carta recommendation available for this species in this region","catch should not exceed 2018-2022 mean",1
2024,"region_4","mugil cephalus","species","mugil",2357,6,107290.4,5,"maximally harvested","no increase","original estimate; Carta recommendation available for this species in this region",2023,NA,"original estimate; Carta recommendation available for this species in this region","catch should not exceed 2018-2022 mean",1
2018,"region_4","mustelus albipinnis","species","mustelus",86600,66,53867.03,5,"maximally harvested","no increase","original estimate; Carta recommendation available for this species in this region",2023,NA,"original estimate; Carta recommendation available for this species in this region","catch should not exceed 2018-2022 mean",0.622021131639723
2019,"region_4","mustelus albipinnis","species","mustelus",59462.2,51,53867.03,5,"maximally harvested","no increase","original estimate; Carta recommendation available for this species in this region",2023,NA,"original estimate; Carta recommendation available for this species in this region","catch should not exceed 2018-2022 mean",0.90590375061804
2020,"region_4","mustelus albipinnis","species","mustelus",49973,46,53867.03,5,"maximally harvested","no increase","original estimate; Carta recommendation available for this species in this region",2023,NA,"original estimate; Carta recommendation available for this species in this region","catch should not exceed 2018-2022 mean",1
2021,"region_4","mustelus albipinnis","species","mustelus",39770.2,65,53867.03,5,"maximally harvested","no increase","original estimate; Carta recommendation available for this species in this region",2023,NA,"original estimate; Carta recommendation available for this species in this region","catch should not exceed 2018-2022 mean",1
2022,"region_4","mustelus albipinnis","species","mustelus",33529.75,71,53867.03,5,"maximally harvested","no increase","original estimate; Carta recommendation available for this species in this region",2023,NA,"original estimate; Carta recommendation available for this species in this region","catch should not exceed 2018-2022 mean",1
2023,"region_4","mustelus albipinnis","species","mustelus",34523,49,53867.03,5,"maximally harvested","no increase","original estimate; Carta recommendation available for this species in this region",2023,NA,"original estimate; Carta recommendation available for this species in this region","catch should not exceed 2018-2022 mean",1
2024,"region_4","mustelus albipinnis","species","mustelus",28540.8,75,53867.03,5,"maximally harvested","no increase","original estimate; Carta recommendation available for this species in this region",2023,NA,"original estimate; Carta recommendation available for this species in this region","catch should not exceed 2018-2022 mean",1
2018,"region_4","panulirus inflatus","species","panulirus",12675.8,20,19676.42,5,"development potential","increase","gapfilled estimate; no Carta recommendation for this species in this specific region",2023,NA,"gapfilled estimate; no Carta recommendation for this species in this specific region","development potential (score = 1)",1
2019,"region_4","panulirus inflatus","species","panulirus",21450.3,37,19676.42,5,"development potential","increase","gapfilled estimate; no Carta recommendation for this species in this specific region",2023,NA,"gapfilled estimate; no Carta recommendation for this species in this specific region","development potential (score = 1)",1
2020,"region_4","panulirus inflatus","species","panulirus",26197,53,19676.42,5,"development potential","increase","gapfilled estimate; no Carta recommendation for this species in this specific region",2023,NA,"gapfilled estimate; no Carta recommendation for this species in this specific region","development potential (score = 1)",1
2021,"region_4","panulirus inflatus","species","panulirus",20539,66,19676.42,5,"development potential","increase","gapfilled estimate; no Carta recommendation for this species in this specific region",2023,NA,"gapfilled estimate; no Carta recommendation for this species in this specific region","development potential (score = 1)",1
2022,"region_4","panulirus inflatus","species","panulirus",17520,54,19676.42,5,"development potential","increase","gapfilled estimate; no Carta recommendation for this species in this specific region",2023,NA,"gapfilled estimate; no Carta recommendation for this species in this specific region","development potential (score = 1)",1
2023,"region_4","panulirus inflatus","species","panulirus",19097,38,19676.42,5,"development potential","increase","gapfilled estimate; no Carta recommendation for this species in this specific region",2023,NA,"gapfilled estimate; no Carta recommendation for this species in this specific region","development potential (score = 1)",1
2024,"region_4","panulirus inflatus","species","panulirus",25461.3,38,19676.42,5,"development potential","increase","gapfilled estimate; no Carta recommendation for this species in this specific region",2023,NA,"gapfilled estimate; no Carta recommendation for this species in this specific region","development potential (score = 1)",1
2018,"region_4","panulirus interruptus","species","panulirus",28420.6,66,43055.756,5,"maximally harvested","no increase","original estimate; Carta recommendation available for this species in this region",2017,NA,"original estimate; Carta recommendation available for this species in this region","catch should not exceed 2018-2022 mean",1
2019,"region_4","panulirus interruptus","species","panulirus",37100.18,208,43055.756,5,"maximally harvested","no increase","original estimate; Carta recommendation available for this species in this region",2017,NA,"original estimate; Carta recommendation available for this species in this region","catch should not exceed 2018-2022 mean",1
2020,"region_4","panulirus interruptus","species","panulirus",36273,309,43055.756,5,"maximally harvested","no increase","original estimate; Carta recommendation available for this species in this region",2017,NA,"original estimate; Carta recommendation available for this species in this region","catch should not exceed 2018-2022 mean",1
2021,"region_4","panulirus interruptus","species","panulirus",57336,268,43055.756,5,"maximally harvested","no increase","original estimate; Carta recommendation available for this species in this region",2017,NA,"original estimate; Carta recommendation available for this species in this region","catch should not exceed 2018-2022 mean",0.750937561043672
2022,"region_4","panulirus interruptus","species","panulirus",56149,195,43055.756,5,"maximally harvested","no increase","original estimate; Carta recommendation available for this species in this region",2017,NA,"original estimate; Carta recommendation available for this species in this region","catch should not exceed 2018-2022 mean",0.766812516696646
2023,"region_4","panulirus interruptus","species","panulirus",16836,81,43055.756,5,"maximally harvested","no increase","original estimate; Carta recommendation available for this species in this region",2017,NA,"original estimate; Carta recommendation available for this species in this region","catch should not exceed 2018-2022 mean",1
2024,"region_4","panulirus interruptus","species","panulirus",24861.06,133,43055.756,5,"maximally harvested","no increase","original estimate; Carta recommendation available for this species in this region",2017,NA,"original estimate; Carta recommendation available for this species in this region","catch should not exceed 2018-2022 mean",1
2018,"region_4","paralabrax auroguttatus","species","paralabrax",57837.1,178,63342.8,5,"maximally harvested","no increase",NA,NA,NA,"genus fallback; genus aggregation; took the mode across all Carta recommendations supplied for this genus in this region (in the case of ties: chose the most conservative status and control)","catch should not exceed 2018-2022 mean",1
2019,"region_4","paralabrax auroguttatus","species","paralabrax",36846,126,63342.8,5,"maximally harvested","no increase",NA,NA,NA,"genus fallback; genus aggregation; took the mode across all Carta recommendations supplied for this genus in this region (in the case of ties: chose the most conservative status and control)","catch should not exceed 2018-2022 mean",1
2020,"region_4","paralabrax auroguttatus","species","paralabrax",56809,144,63342.8,5,"maximally harvested","no increase",NA,NA,NA,"genus fallback; genus aggregation; took the mode across all Carta recommendations supplied for this genus in this region (in the case of ties: chose the most conservative status and control)","catch should not exceed 2018-2022 mean",1
2021,"region_4","paralabrax auroguttatus","species","paralabrax",91088.2,227,63342.8,5,"maximally harvested","no increase",NA,NA,NA,"genus fallback; genus aggregation; took the mode across all Carta recommendations supplied for this genus in this region (in the case of ties: chose the most conservative status and control)","catch should not exceed 2018-2022 mean",0.695400721498504
2022,"region_4","paralabrax auroguttatus","species","paralabrax",74133.7,178,63342.8,5,"maximally harvested","no increase",NA,NA,NA,"genus fallback; genus aggregation; took the mode across all Carta recommendations supplied for this genus in this region (in the case of ties: chose the most conservative status and control)","catch should not exceed 2018-2022 mean",0.854440018507103
2023,"region_4","paralabrax auroguttatus","species","paralabrax",37189,229,63342.8,5,"maximally harvested","no increase",NA,NA,NA,"genus fallback; genus aggregation; took the mode across all Carta recommendations supplied for this genus in this region (in the case of ties: chose the most conservative status and control)","catch should not exceed 2018-2022 mean",1
2024,"region_4","paralabrax auroguttatus","species","paralabrax",34558.18,258,63342.8,5,"maximally harvested","no increase",NA,NA,NA,"genus fallback; genus aggregation; took the mode across all Carta recommendations supplied for this genus in this region (in the case of ties: chose the most conservative status and control)","catch should not exceed 2018-2022 mean",1
2018,"region_4","paralabrax loro","species","paralabrax",55.8,2,111.95,4,"maximally harvested","no increase",NA,NA,NA,"genus fallback; genus aggregation; took the mode across all Carta recommendations supplied for this genus in this region (in the case of ties: chose the most conservative status and control)","catch should not exceed 2018-2022 mean",1
2019,"region_4","paralabrax loro","species","paralabrax",255,1,111.95,4,"maximally harvested","no increase",NA,NA,NA,"genus fallback; genus aggregation; took the mode across all Carta recommendations supplied for this genus in this region (in the case of ties: chose the most conservative status and control)","catch should not exceed 2018-2022 mean",0.439019607843137
2020,"region_4","paralabrax loro","species","paralabrax",12,1,111.95,4,"maximally harvested","no increase",NA,NA,NA,"genus fallback; genus aggregation; took the mode across all Carta recommendations supplied for this genus in this region (in the case of ties: chose the most conservative status and control)","catch should not exceed 2018-2022 mean",1
2021,"region_4","paralabrax loro","species","paralabrax",125,4,111.95,4,"maximally harvested","no increase",NA,NA,NA,"genus fallback; genus aggregation; took the mode across all Carta recommendations supplied for this genus in this region (in the case of ties: chose the most conservative status and control)","catch should not exceed 2018-2022 mean",0.8956
2023,"region_4","paralabrax loro","species","paralabrax",106,1,111.95,4,"maximally harvested","no increase",NA,NA,NA,"genus fallback; genus aggregation; took the mode across all Carta recommendations supplied for this genus in this region (in the case of ties: chose the most conservative status and control)","catch should not exceed 2018-2022 mean",1
2018,"region_4","paralabrax nebulifer","species","paralabrax",196106.9,153,271681.4,5,"maximally harvested","no increase","original estimate; Carta recommendation available for this species in this region",2023,NA,"original estimate; Carta recommendation available for this species in this region","catch should not exceed 2018-2022 mean",1
2019,"region_4","paralabrax nebulifer","species","paralabrax",210940.3,127,271681.4,5,"maximally harvested","no increase","original estimate; Carta recommendation available for this species in this region",2023,NA,"original estimate; Carta recommendation available for this species in this region","catch should not exceed 2018-2022 mean",1
2020,"region_4","paralabrax nebulifer","species","paralabrax",300288.8,227,271681.4,5,"maximally harvested","no increase","original estimate; Carta recommendation available for this species in this region",2023,NA,"original estimate; Carta recommendation available for this species in this region","catch should not exceed 2018-2022 mean",0.904733709682146
2021,"region_4","paralabrax nebulifer","species","paralabrax",363082,262,271681.4,5,"maximally harvested","no increase","original estimate; Carta recommendation available for this species in this region",2023,NA,"original estimate; Carta recommendation available for this species in this region","catch should not exceed 2018-2022 mean",0.748264579351221
2022,"region_4","paralabrax nebulifer","species","paralabrax",287989,298,271681.4,5,"maximally harvested","no increase","original estimate; Carta recommendation available for this species in this region",2023,NA,"original estimate; Carta recommendation available for this species in this region","catch should not exceed 2018-2022 mean",0.943374226098914
2023,"region_4","paralabrax nebulifer","species","paralabrax",489931,334,271681.4,5,"maximally harvested","no increase","original estimate; Carta recommendation available for this species in this region",2023,NA,"original estimate; Carta recommendation available for this species in this region","catch should not exceed 2018-2022 mean",0.554529923601487
2024,"region_4","paralabrax nebulifer","species","paralabrax",535834.8,279,271681.4,5,"maximally harvested","no increase","original estimate; Carta recommendation available for this species in this region",2023,NA,"original estimate; Carta recommendation available for this species in this region","catch should not exceed 2018-2022 mean",0.50702455308987
2018,"region_4","prionace glauca","species","prionace",7885.9,20,102319.4,5,"maximally harvested","no increase","original estimate; Carta recommendation available for this species in this region",2023,NA,"original estimate; Carta recommendation available for this species in this region","catch should not exceed 2018-2022 mean",1
2019,"region_4","prionace glauca","species","prionace",208449.1,45,102319.4,5,"maximally harvested","no increase","original estimate; Carta recommendation available for this species in this region",2023,NA,"original estimate; Carta recommendation available for this species in this region","catch should not exceed 2018-2022 mean",0.490860358715869
2020,"region_4","prionace glauca","species","prionace",76767.45,42,102319.4,5,"maximally harvested","no increase","original estimate; Carta recommendation available for this species in this region",2023,NA,"original estimate; Carta recommendation available for this species in this region","catch should not exceed 2018-2022 mean",1
2021,"region_4","prionace glauca","species","prionace",108799.85,45,102319.4,5,"maximally harvested","no increase","original estimate; Carta recommendation available for this species in this region",2023,NA,"original estimate; Carta recommendation available for this species in this region","catch should not exceed 2018-2022 mean",0.940436958323012
2022,"region_4","prionace glauca","species","prionace",109694.7,37,102319.4,5,"maximally harvested","no increase","original estimate; Carta recommendation available for this species in this region",2023,NA,"original estimate; Carta recommendation available for this species in this region","catch should not exceed 2018-2022 mean",0.932765211081301
2023,"region_4","prionace glauca","species","prionace",222457,44,102319.4,5,"maximally harvested","no increase","original estimate; Carta recommendation available for this species in this region",2023,NA,"original estimate; Carta recommendation available for this species in this region","catch should not exceed 2018-2022 mean",0.459951361386695
2024,"region_4","prionace glauca","species","prionace",1587321.25,98,102319.4,5,"maximally harvested","no increase","original estimate; Carta recommendation available for this species in this region",2023,NA,"original estimate; Carta recommendation available for this species in this region","catch should not exceed 2018-2022 mean",0.0644604234965039
2018,"region_4","rhizoprionodon longurio","species","rhizoprionodon",228159.3,248,334681.15,5,"maximally harvested","no increase","original estimate; Carta recommendation available for this species in this region",2023,NA,"original estimate; Carta recommendation available for this species in this region","catch should not exceed 2018-2022 mean",1
2019,"region_4","rhizoprionodon longurio","species","rhizoprionodon",212874.65,201,334681.15,5,"maximally harvested","no increase","original estimate; Carta recommendation available for this species in this region",2023,NA,"original estimate; Carta recommendation available for this species in this region","catch should not exceed 2018-2022 mean",1
2020,"region_4","rhizoprionodon longurio","species","rhizoprionodon",229087.2,322,334681.15,5,"maximally harvested","no increase","original estimate; Carta recommendation available for this species in this region",2023,NA,"original estimate; Carta recommendation available for this species in this region","catch should not exceed 2018-2022 mean",1
2021,"region_4","rhizoprionodon longurio","species","rhizoprionodon",350293.9,375,334681.15,5,"maximally harvested","no increase","original estimate; Carta recommendation available for this species in this region",2023,NA,"original estimate; Carta recommendation available for this species in this region","catch should not exceed 2018-2022 mean",1
2022,"region_4","rhizoprionodon longurio","species","rhizoprionodon",652990.7,363,334681.15,5,"maximally harvested","no increase","original estimate; Carta recommendation available for this species in this region",2023,NA,"original estimate; Carta recommendation available for this species in this region","catch should not exceed 2018-2022 mean",0.512535860005357
2018,"region_4","sarda chiliensis","species","sarda",48,1,877.68,5,"development potential","no increase",NA,NA,NA,"genus fallback; genus aggregation; took the mode across all Carta recommendations supplied for this genus in this region (in the case of ties: chose the most conservative status and control)","development potential (score = 1)",1
2019,"region_4","sarda chiliensis","species","sarda",2351,9,877.68,5,"development potential","no increase",NA,NA,NA,"genus fallback; genus aggregation; took the mode across all Carta recommendations supplied for this genus in this region (in the case of ties: chose the most conservative status and control)","development potential (score = 1)",1
2020,"region_4","sarda chiliensis","species","sarda",880,8,877.68,5,"development potential","no increase",NA,NA,NA,"genus fallback; genus aggregation; took the mode across all Carta recommendations supplied for this genus in this region (in the case of ties: chose the most conservative status and control)","development potential (score = 1)",1
2021,"region_4","sarda chiliensis","species","sarda",390,6,877.68,5,"development potential","no increase",NA,NA,NA,"genus fallback; genus aggregation; took the mode across all Carta recommendations supplied for this genus in this region (in the case of ties: chose the most conservative status and control)","development potential (score = 1)",1
2022,"region_4","sarda chiliensis","species","sarda",719.4,7,877.68,5,"development potential","no increase",NA,NA,NA,"genus fallback; genus aggregation; took the mode across all Carta recommendations supplied for this genus in this region (in the case of ties: chose the most conservative status and control)","development potential (score = 1)",1
2018,"region_4","scomber japonicus","species","scomber",27241,131,11229,5,"maximally harvested","no increase","original estimate; Carta recommendation available for this species in this region",2022,NA,"original estimate; Carta recommendation available for this species in this region","catch should not exceed 2018-2022 mean",0.41220953709482
2019,"region_4","scomber japonicus","species","scomber",23750,100,11229,5,"maximally harvested","no increase","original estimate; Carta recommendation available for this species in this region",2022,NA,"original estimate; Carta recommendation available for this species in this region","catch should not exceed 2018-2022 mean",0.4728
2020,"region_4","scomber japonicus","species","scomber",2590,26,11229,5,"maximally harvested","no increase","original estimate; Carta recommendation available for this species in this region",2022,NA,"original estimate; Carta recommendation available for this species in this region","catch should not exceed 2018-2022 mean",1
2021,"region_4","scomber japonicus","species","scomber",1748,13,11229,5,"maximally harvested","no increase","original estimate; Carta recommendation available for this species in this region",2022,NA,"original estimate; Carta recommendation available for this species in this region","catch should not exceed 2018-2022 mean",1
2022,"region_4","scomber japonicus","species","scomber",816,11,11229,5,"maximally harvested","no increase","original estimate; Carta recommendation available for this species in this region",2022,NA,"original estimate; Carta recommendation available for this species in this region","catch should not exceed 2018-2022 mean",1
2023,"region_4","scomber japonicus","species","scomber",985,11,11229,5,"maximally harvested","no increase","original estimate; Carta recommendation available for this species in this region",2022,NA,"original estimate; Carta recommendation available for this species in this region","catch should not exceed 2018-2022 mean",1
2024,"region_4","scomber japonicus","species","scomber",320,7,11229,5,"maximally harvested","no increase","original estimate; Carta recommendation available for this species in this region",2022,NA,"original estimate; Carta recommendation available for this species in this region","catch should not exceed 2018-2022 mean",1
2018,"region_4","scomberomorus sierra","species","scomberomorus",114619,181,123528.83,5,"maximally harvested","no increase","original estimate; Carta recommendation available for this species in this region",2023,NA,"original estimate; Carta recommendation available for this species in this region","catch should not exceed 2018-2022 mean",1
2019,"region_4","scomberomorus sierra","species","scomberomorus",82883.9,130,123528.83,5,"maximally harvested","no increase","original estimate; Carta recommendation available for this species in this region",2023,NA,"original estimate; Carta recommendation available for this species in this region","catch should not exceed 2018-2022 mean",1
2020,"region_4","scomberomorus sierra","species","scomberomorus",200644.9,226,123528.83,5,"maximally harvested","no increase","original estimate; Carta recommendation available for this species in this region",2023,NA,"original estimate; Carta recommendation available for this species in this region","catch should not exceed 2018-2022 mean",0.615658957690926
2021,"region_4","scomberomorus sierra","species","scomberomorus",108859.72,226,123528.83,5,"maximally harvested","no increase","original estimate; Carta recommendation available for this species in this region",2023,NA,"original estimate; Carta recommendation available for this species in this region","catch should not exceed 2018-2022 mean",1
2022,"region_4","scomberomorus sierra","species","scomberomorus",110636.63,202,123528.83,5,"maximally harvested","no increase","original estimate; Carta recommendation available for this species in this region",2023,NA,"original estimate; Carta recommendation available for this species in this region","catch should not exceed 2018-2022 mean",1
2023,"region_4","scomberomorus sierra","species","scomberomorus",97265,182,123528.83,5,"maximally harvested","no increase","original estimate; Carta recommendation available for this species in this region",2023,NA,"original estimate; Carta recommendation available for this species in this region","catch should not exceed 2018-2022 mean",1
2024,"region_4","scomberomorus sierra","species","scomberomorus",126085.5,187,123528.83,5,"maximally harvested","no increase","original estimate; Carta recommendation available for this species in this region",2023,NA,"original estimate; Carta recommendation available for this species in this region","catch should not exceed 2018-2022 mean",1
2018,"region_4","sphoeroides andersonianus","species","sphoeroides",11404.25,48,15332.23,5,"maximally harvested","no increase",NA,NA,NA,"genus fallback; genus aggregation; took the mode across all Carta recommendations supplied for this genus in this region (in the case of ties: chose the most conservative status and control)","catch should not exceed 2018-2022 mean",1
2019,"region_4","sphoeroides andersonianus","species","sphoeroides",14120.75,32,15332.23,5,"maximally harvested","no increase",NA,NA,NA,"genus fallback; genus aggregation; took the mode across all Carta recommendations supplied for this genus in this region (in the case of ties: chose the most conservative status and control)","catch should not exceed 2018-2022 mean",1
2020,"region_4","sphoeroides andersonianus","species","sphoeroides",5227.9,49,15332.23,5,"maximally harvested","no increase",NA,NA,NA,"genus fallback; genus aggregation; took the mode across all Carta recommendations supplied for this genus in this region (in the case of ties: chose the most conservative status and control)","catch should not exceed 2018-2022 mean",1
2021,"region_4","sphoeroides andersonianus","species","sphoeroides",12156.2,47,15332.23,5,"maximally harvested","no increase",NA,NA,NA,"genus fallback; genus aggregation; took the mode across all Carta recommendations supplied for this genus in this region (in the case of ties: chose the most conservative status and control)","catch should not exceed 2018-2022 mean",1
2022,"region_4","sphoeroides andersonianus","species","sphoeroides",33752.05,74,15332.23,5,"maximally harvested","no increase",NA,NA,NA,"genus fallback; genus aggregation; took the mode across all Carta recommendations supplied for this genus in this region (in the case of ties: chose the most conservative status and control)","catch should not exceed 2018-2022 mean",0.454260704164636
2023,"region_4","sphoeroides andersonianus","species","sphoeroides",21951,50,15332.23,5,"maximally harvested","no increase",NA,NA,NA,"genus fallback; genus aggregation; took the mode across all Carta recommendations supplied for this genus in this region (in the case of ties: chose the most conservative status and control)","catch should not exceed 2018-2022 mean",0.698475240307959
2024,"region_4","sphoeroides andersonianus","species","sphoeroides",38798.8,80,15332.23,5,"maximally harvested","no increase",NA,NA,NA,"genus fallback; genus aggregation; took the mode across all Carta recommendations supplied for this genus in this region (in the case of ties: chose the most conservative status and control)","catch should not exceed 2018-2022 mean",0.39517278884914
2019,"region_4","sphyrna mokarran","species","sphyrna",27277,15,35473.3,4,"maximally harvested","no increase","original estimate; Carta recommendation available for this species in this region",2023,NA,"original estimate; Carta recommendation available for this species in this region","catch should not exceed 2018-2022 mean",1
2020,"region_4","sphyrna mokarran","species","sphyrna",94111.25,11,35473.3,4,"maximally harvested","no increase","original estimate; Carta recommendation available for this species in this region",2023,NA,"original estimate; Carta recommendation available for this species in this region","catch should not exceed 2018-2022 mean",0.376929431922326
2021,"region_4","sphyrna mokarran","species","sphyrna",11726.25,4,35473.3,4,"maximally harvested","no increase","original estimate; Carta recommendation available for this species in this region",2023,NA,"original estimate; Carta recommendation available for this species in this region","catch should not exceed 2018-2022 mean",1
2022,"region_4","sphyrna mokarran","species","sphyrna",8778.7,6,35473.3,4,"maximally harvested","no increase","original estimate; Carta recommendation available for this species in this region",2023,NA,"original estimate; Carta recommendation available for this species in this region","catch should not exceed 2018-2022 mean",1
2018,"region_4","sphyrna zygaena","species","sphyrna",101952.65,63,158513.39,5,"maximally harvested","no increase","original estimate; Carta recommendation available for this species in this region",2023,NA,"original estimate; Carta recommendation available for this species in this region","catch should not exceed 2018-2022 mean",1
2019,"region_4","sphyrna zygaena","species","sphyrna",167458.4,72,158513.39,5,"maximally harvested","no increase","original estimate; Carta recommendation available for this species in this region",2023,NA,"original estimate; Carta recommendation available for this species in this region","catch should not exceed 2018-2022 mean",0.946583688844513
2020,"region_4","sphyrna zygaena","species","sphyrna",169069.1,76,158513.39,5,"maximally harvested","no increase","original estimate; Carta recommendation available for this species in this region",2023,NA,"original estimate; Carta recommendation available for this species in this region","catch should not exceed 2018-2022 mean",0.937565705383184
2021,"region_4","sphyrna zygaena","species","sphyrna",252118.7,104,158513.39,5,"maximally harvested","no increase","original estimate; Carta recommendation available for this species in this region",2023,NA,"original estimate; Carta recommendation available for this species in this region","catch should not exceed 2018-2022 mean",0.628725239341628
2022,"region_4","sphyrna zygaena","species","sphyrna",101968.1,97,158513.39,5,"maximally harvested","no increase","original estimate; Carta recommendation available for this species in this region",2023,NA,"original estimate; Carta recommendation available for this species in this region","catch should not exceed 2018-2022 mean",1
2023,"region_4","sphyrna zygaena","species","sphyrna",44317,60,158513.39,5,"maximally harvested","no increase","original estimate; Carta recommendation available for this species in this region",2023,NA,"original estimate; Carta recommendation available for this species in this region","catch should not exceed 2018-2022 mean",1
2024,"region_4","sphyrna zygaena","species","sphyrna",44049.1,38,158513.39,5,"maximally harvested","no increase","original estimate; Carta recommendation available for this species in this region",2023,NA,"original estimate; Carta recommendation available for this species in this region","catch should not exceed 2018-2022 mean",1
2018,"region_4","thunnus alalunga","species","thunnus",25735,166,6769.6,5,"decreasing","decrease",NA,NA,NA,"genus fallback; genus aggregation; took the mode across all Carta recommendations supplied for this genus in this region (in the case of ties: chose the most conservative status and control)","catch should be below 2018-2022 mean",0.131525160287546
2019,"region_4","thunnus alalunga","species","thunnus",5481,28,6769.6,5,"decreasing","decrease",NA,NA,NA,"genus fallback; genus aggregation; took the mode across all Carta recommendations supplied for this genus in this region (in the case of ties: chose the most conservative status and control)","catch should be below 2018-2022 mean",0.595175490427795
2020,"region_4","thunnus alalunga","species","thunnus",1333,9,6769.6,5,"decreasing","decrease",NA,NA,NA,"genus fallback; genus aggregation; took the mode across all Carta recommendations supplied for this genus in this region (in the case of ties: chose the most conservative status and control)","catch should be below 2018-2022 mean",0.9015451429922
2021,"region_4","thunnus alalunga","species","thunnus",1134,10,6769.6,5,"decreasing","decrease",NA,NA,NA,"genus fallback; genus aggregation; took the mode across all Carta recommendations supplied for this genus in this region (in the case of ties: chose the most conservative status and control)","catch should be below 2018-2022 mean",0.916243204916096
2022,"region_4","thunnus alalunga","species","thunnus",165,1,6769.6,5,"decreasing","decrease",NA,NA,NA,"genus fallback; genus aggregation; took the mode across all Carta recommendations supplied for this genus in this region (in the case of ties: chose the most conservative status and control)","catch should be below 2018-2022 mean",0.987813164736469
2023,"region_4","thunnus alalunga","species","thunnus",672,11,6769.6,5,"decreasing","decrease",NA,NA,NA,"genus fallback; genus aggregation; took the mode across all Carta recommendations supplied for this genus in this region (in the case of ties: chose the most conservative status and control)","catch should be below 2018-2022 mean",0.950366343653983
2024,"region_4","thunnus alalunga","species","thunnus",2148.7,20,6769.6,5,"decreasing","decrease",NA,NA,NA,"genus fallback; genus aggregation; took the mode across all Carta recommendations supplied for this genus in this region (in the case of ties: chose the most conservative status and control)","catch should be below 2018-2022 mean",0.841297861025762
2018,"region_4","thunnus albacares","species","thunnus",1509,11,2546.76,5,"maximally harvested","no increase","original estimate; Carta recommendation available for this species in this region",2023,NA,"original estimate; Carta recommendation available for this species in this region","catch should not exceed 2018-2022 mean",1
2019,"region_4","thunnus albacares","species","thunnus",4193,15,2546.76,5,"maximally harvested","no increase","original estimate; Carta recommendation available for this species in this region",2023,NA,"original estimate; Carta recommendation available for this species in this region","catch should not exceed 2018-2022 mean",0.607383734796089
2020,"region_4","thunnus albacares","species","thunnus",3461.8,29,2546.76,5,"maximally harvested","no increase","original estimate; Carta recommendation available for this species in this region",2023,NA,"original estimate; Carta recommendation available for this species in this region","catch should not exceed 2018-2022 mean",0.735675082327113
2021,"region_4","thunnus albacares","species","thunnus",3245,7,2546.76,5,"maximally harvested","no increase","original estimate; Carta recommendation available for this species in this region",2023,NA,"original estimate; Carta recommendation available for this species in this region","catch should not exceed 2018-2022 mean",0.784825885978428
2022,"region_4","thunnus albacares","species","thunnus",325,5,2546.76,5,"maximally harvested","no increase","original estimate; Carta recommendation available for this species in this region",2023,NA,"original estimate; Carta recommendation available for this species in this region","catch should not exceed 2018-2022 mean",1
2023,"region_4","thunnus albacares","species","thunnus",2727,11,2546.76,5,"maximally harvested","no increase","original estimate; Carta recommendation available for this species in this region",2023,NA,"original estimate; Carta recommendation available for this species in this region","catch should not exceed 2018-2022 mean",0.933905390539054
2024,"region_4","thunnus albacares","species","thunnus",4371.6,42,2546.76,5,"maximally harvested","no increase","original estimate; Carta recommendation available for this species in this region",2023,NA,"original estimate; Carta recommendation available for this species in this region","catch should not exceed 2018-2022 mean",0.582569311007411
2018,"region_4","xiphias gladius","species","xiphias",312.5,1,15732.875,4,"development potential","increase","gapfilled estimate; no Carta recommendation for this species in this specific region",2012,NA,"gapfilled estimate; no Carta recommendation for this species in this specific region","development potential (score = 1)",1
2019,"region_4","xiphias gladius","species","xiphias",22250,2,15732.875,4,"development potential","increase","gapfilled estimate; no Carta recommendation for this species in this specific region",2012,NA,"gapfilled estimate; no Carta recommendation for this species in this specific region","development potential (score = 1)",1
2020,"region_4","xiphias gladius","species","xiphias",37125,3,15732.875,4,"development potential","increase","gapfilled estimate; no Carta recommendation for this species in this specific region",2012,NA,"gapfilled estimate; no Carta recommendation for this species in this specific region","development potential (score = 1)",1
2021,"region_4","xiphias gladius","species","xiphias",3244,1,15732.875,4,"development potential","increase","gapfilled estimate; no Carta recommendation for this species in this specific region",2012,NA,"gapfilled estimate; no Carta recommendation for this species in this specific region","development potential (score = 1)",1
2018,"region_5","argopecten ventricosus","species","argopecten",580050,57,1630495.6,5,"decreasing","decrease","gapfilled estimate; no Carta recommendation for this species in this specific region",2023,NA,"gapfilled estimate; no Carta recommendation for this species in this specific region","catch should be below 2018-2022 mean",0.822124634988282
2019,"region_5","argopecten ventricosus","species","argopecten",393248,39,1630495.6,5,"decreasing","decrease","gapfilled estimate; no Carta recommendation for this species in this specific region",2023,NA,"gapfilled estimate; no Carta recommendation for this species in this specific region","catch should be below 2018-2022 mean",0.879408444892461
2020,"region_5","argopecten ventricosus","species","argopecten",380225,97,1630495.6,5,"decreasing","decrease","gapfilled estimate; no Carta recommendation for this species in this specific region",2023,NA,"gapfilled estimate; no Carta recommendation for this species in this specific region","catch should be below 2018-2022 mean",0.883402015926937
2021,"region_5","argopecten ventricosus","species","argopecten",2522164,304,1630495.6,5,"decreasing","decrease","gapfilled estimate; no Carta recommendation for this species in this specific region",2023,NA,"gapfilled estimate; no Carta recommendation for this species in this specific region","catch should be below 2018-2022 mean",0.323233461424396
2022,"region_5","argopecten ventricosus","species","argopecten",4276791,408,1630495.6,5,"decreasing","decrease","gapfilled estimate; no Carta recommendation for this species in this specific region",2023,NA,"gapfilled estimate; no Carta recommendation for this species in this specific region","catch should be below 2018-2022 mean",0.1906213794408
2023,"region_5","argopecten ventricosus","species","argopecten",170441,71,1630495.6,5,"decreasing","decrease","gapfilled estimate; no Carta recommendation for this species in this specific region",2023,NA,"gapfilled estimate; no Carta recommendation for this species in this specific region","catch should be below 2018-2022 mean",0.94773337628142
2024,"region_5","argopecten ventricosus","species","argopecten",272242,70,1630495.6,5,"decreasing","decrease","gapfilled estimate; no Carta recommendation for this species in this specific region",2023,NA,"gapfilled estimate; no Carta recommendation for this species in this specific region","catch should be below 2018-2022 mean",0.916515567413981
2018,"region_5","chione fluctifraga","species","chione",41963,61,113820.25,4,"maximally harvested","no increase",NA,NA,NA,"genus fallback; genus aggregation; took the mode across all Carta recommendations supplied for this genus in this region (in the case of ties: chose the most conservative status and control)","catch should not exceed 2018-2022 mean",1
2019,"region_5","chione fluctifraga","species","chione",3749,5,113820.25,4,"maximally harvested","no increase",NA,NA,NA,"genus fallback; genus aggregation; took the mode across all Carta recommendations supplied for this genus in this region (in the case of ties: chose the most conservative status and control)","catch should not exceed 2018-2022 mean",1
2021,"region_5","chione fluctifraga","species","chione",24430,22,113820.25,4,"maximally harvested","no increase",NA,NA,NA,"genus fallback; genus aggregation; took the mode across all Carta recommendations supplied for this genus in this region (in the case of ties: chose the most conservative status and control)","catch should not exceed 2018-2022 mean",1
2022,"region_5","chione fluctifraga","species","chione",385139,103,113820.25,4,"maximally harvested","no increase",NA,NA,NA,"genus fallback; genus aggregation; took the mode across all Carta recommendations supplied for this genus in this region (in the case of ties: chose the most conservative status and control)","catch should not exceed 2018-2022 mean",0.295530315029119
2023,"region_5","chione fluctifraga","species","chione",53631,69,113820.25,4,"maximally harvested","no increase",NA,NA,NA,"genus fallback; genus aggregation; took the mode across all Carta recommendations supplied for this genus in this region (in the case of ties: chose the most conservative status and control)","catch should not exceed 2018-2022 mean",1
2018,"region_5","cynoscion acoupa","species","cynoscion",54405.2,95,105722.03,5,"maximally harvested","no increase",NA,NA,NA,"genus fallback; genus aggregation; took the mode across all Carta recommendations supplied for this genus in this region (in the case of ties: chose the most conservative status and control)","catch should not exceed 2018-2022 mean",1
2019,"region_5","cynoscion acoupa","species","cynoscion",52674.6,87,105722.03,5,"maximally harvested","no increase",NA,NA,NA,"genus fallback; genus aggregation; took the mode across all Carta recommendations supplied for this genus in this region (in the case of ties: chose the most conservative status and control)","catch should not exceed 2018-2022 mean",1
2020,"region_5","cynoscion acoupa","species","cynoscion",53871.3,65,105722.03,5,"maximally harvested","no increase",NA,NA,NA,"genus fallback; genus aggregation; took the mode across all Carta recommendations supplied for this genus in this region (in the case of ties: chose the most conservative status and control)","catch should not exceed 2018-2022 mean",1
2021,"region_5","cynoscion acoupa","species","cynoscion",240197.95,91,105722.03,5,"maximally harvested","no increase",NA,NA,NA,"genus fallback; genus aggregation; took the mode across all Carta recommendations supplied for this genus in this region (in the case of ties: chose the most conservative status and control)","catch should not exceed 2018-2022 mean",0.440145430050506
2022,"region_5","cynoscion acoupa","species","cynoscion",127461.1,131,105722.03,5,"maximally harvested","no increase",NA,NA,NA,"genus fallback; genus aggregation; took the mode across all Carta recommendations supplied for this genus in this region (in the case of ties: chose the most conservative status and control)","catch should not exceed 2018-2022 mean",0.829445454338618
2023,"region_5","cynoscion acoupa","species","cynoscion",188429,187,105722.03,5,"maximally harvested","no increase",NA,NA,NA,"genus fallback; genus aggregation; took the mode across all Carta recommendations supplied for this genus in this region (in the case of ties: chose the most conservative status and control)","catch should not exceed 2018-2022 mean",0.561070907344411
2024,"region_5","cynoscion acoupa","species","cynoscion",781020.9,273,105722.03,5,"maximally harvested","no increase",NA,NA,NA,"genus fallback; genus aggregation; took the mode across all Carta recommendations supplied for this genus in this region (in the case of ties: chose the most conservative status and control)","catch should not exceed 2018-2022 mean",0.135363893591068
2018,"region_5","cynoscion reticulatus","species","cynoscion",1215,1,821.75,4,"maximally harvested","no increase",NA,NA,NA,"genus fallback; genus aggregation; took the mode across all Carta recommendations supplied for this genus in this region (in the case of ties: chose the most conservative status and control)","catch should not exceed 2018-2022 mean",0.676337448559671
2019,"region_5","cynoscion reticulatus","species","cynoscion",916,1,821.75,4,"maximally harvested","no increase",NA,NA,NA,"genus fallback; genus aggregation; took the mode across all Carta recommendations supplied for this genus in this region (in the case of ties: chose the most conservative status and control)","catch should not exceed 2018-2022 mean",0.897106986899563
2021,"region_5","cynoscion reticulatus","species","cynoscion",550,2,821.75,4,"maximally harvested","no increase",NA,NA,NA,"genus fallback; genus aggregation; took the mode across all Carta recommendations supplied for this genus in this region (in the case of ties: chose the most conservative status and control)","catch should not exceed 2018-2022 mean",1
2022,"region_5","cynoscion reticulatus","species","cynoscion",606,8,821.75,4,"maximally harvested","no increase",NA,NA,NA,"genus fallback; genus aggregation; took the mode across all Carta recommendations supplied for this genus in this region (in the case of ties: chose the most conservative status and control)","catch should not exceed 2018-2022 mean",1
2023,"region_5","cynoscion reticulatus","species","cynoscion",32453,19,821.75,4,"maximally harvested","no increase",NA,NA,NA,"genus fallback; genus aggregation; took the mode across all Carta recommendations supplied for this genus in this region (in the case of ties: chose the most conservative status and control)","catch should not exceed 2018-2022 mean",0.0253212337842418
2024,"region_5","cynoscion reticulatus","species","cynoscion",332680,76,821.75,4,"maximally harvested","no increase",NA,NA,NA,"genus fallback; genus aggregation; took the mode across all Carta recommendations supplied for this genus in this region (in the case of ties: chose the most conservative status and control)","catch should not exceed 2018-2022 mean",0.00247009137910304
2018,"region_5","dosidicus gigas","species","dosidicus",1370,3,2905.8,5,"maximally harvested","no increase","original estimate; Carta recommendation available for this species in this region",2022,"specifically says to not increase fishing effort in the Gulf of California","original estimate; Carta recommendation available for this species in this region","catch should not exceed 2018-2022 mean",1
2019,"region_5","dosidicus gigas","species","dosidicus",1350,4,2905.8,5,"maximally harvested","no increase","original estimate; Carta recommendation available for this species in this region",2022,"specifically says to not increase fishing effort in the Gulf of California","original estimate; Carta recommendation available for this species in this region","catch should not exceed 2018-2022 mean",1
2020,"region_5","dosidicus gigas","species","dosidicus",2566,9,2905.8,5,"maximally harvested","no increase","original estimate; Carta recommendation available for this species in this region",2022,"specifically says to not increase fishing effort in the Gulf of California","original estimate; Carta recommendation available for this species in this region","catch should not exceed 2018-2022 mean",1
2021,"region_5","dosidicus gigas","species","dosidicus",4915,12,2905.8,5,"maximally harvested","no increase","original estimate; Carta recommendation available for this species in this region",2022,"specifically says to not increase fishing effort in the Gulf of California","original estimate; Carta recommendation available for this species in this region","catch should not exceed 2018-2022 mean",0.591210579857579
2022,"region_5","dosidicus gigas","species","dosidicus",4328,10,2905.8,5,"maximally harvested","no increase","original estimate; Carta recommendation available for this species in this region",2022,"specifically says to not increase fishing effort in the Gulf of California","original estimate; Carta recommendation available for this species in this region","catch should not exceed 2018-2022 mean",0.671395563770795
2023,"region_5","dosidicus gigas","species","dosidicus",6327,11,2905.8,5,"maximally harvested","no increase","original estimate; Carta recommendation available for this species in this region",2022,"specifically says to not increase fishing effort in the Gulf of California","original estimate; Carta recommendation available for this species in this region","catch should not exceed 2018-2022 mean",0.459269796111901
2024,"region_5","dosidicus gigas","species","dosidicus",4370,5,2905.8,5,"maximally harvested","no increase","original estimate; Carta recommendation available for this species in this region",2022,"specifically says to not increase fishing effort in the Gulf of California","original estimate; Carta recommendation available for this species in this region","catch should not exceed 2018-2022 mean",0.664942791762014
2018,"region_5","dosinia ponderosa","species","dosinia",679972,260,447746.8,5,"maximally harvested","no increase","original estimate; Carta recommendation available for this species in this region",2023,"highly variable catch","original estimate; Carta recommendation available for this species in this region","catch should not exceed 2018-2022 mean",0.658478290282541
2019,"region_5","dosinia ponderosa","species","dosinia",320555,147,447746.8,5,"maximally harvested","no increase","original estimate; Carta recommendation available for this species in this region",2023,"highly variable catch","original estimate; Carta recommendation available for this species in this region","catch should not exceed 2018-2022 mean",1
2020,"region_5","dosinia ponderosa","species","dosinia",189012,113,447746.8,5,"maximally harvested","no increase","original estimate; Carta recommendation available for this species in this region",2023,"highly variable catch","original estimate; Carta recommendation available for this species in this region","catch should not exceed 2018-2022 mean",1
2021,"region_5","dosinia ponderosa","species","dosinia",506946,250,447746.8,5,"maximally harvested","no increase","original estimate; Carta recommendation available for this species in this region",2023,"highly variable catch","original estimate; Carta recommendation available for this species in this region","catch should not exceed 2018-2022 mean",0.883223854217214
2022,"region_5","dosinia ponderosa","species","dosinia",542249,210,447746.8,5,"maximally harvested","no increase","original estimate; Carta recommendation available for this species in this region",2023,"highly variable catch","original estimate; Carta recommendation available for this species in this region","catch should not exceed 2018-2022 mean",0.825721762511319
2023,"region_5","dosinia ponderosa","species","dosinia",398445,196,447746.8,5,"maximally harvested","no increase","original estimate; Carta recommendation available for this species in this region",2023,"highly variable catch","original estimate; Carta recommendation available for this species in this region","catch should not exceed 2018-2022 mean",1
2024,"region_5","dosinia ponderosa","species","dosinia",137190,70,447746.8,5,"maximally harvested","no increase","original estimate; Carta recommendation available for this species in this region",2023,"highly variable catch","original estimate; Carta recommendation available for this species in this region","catch should not exceed 2018-2022 mean",1
2019,"region_5","litopenaeus stylirostris","species","litopenaeus",25590.4,9,28458,4,"maximally harvested","no increase","original estimate; Carta recommendation available for this species in this region",2017,NA,"original estimate; Carta recommendation available for this species in this region","catch should not exceed 2018-2022 mean",1
2020,"region_5","litopenaeus stylirostris","species","litopenaeus",35008,13,28458,4,"maximally harvested","no increase","original estimate; Carta recommendation available for this species in this region",2017,NA,"original estimate; Carta recommendation available for this species in this region","catch should not exceed 2018-2022 mean",0.812899908592322
2021,"region_5","litopenaeus stylirostris","species","litopenaeus",21124.8,8,28458,4,"maximally harvested","no increase","original estimate; Carta recommendation available for this species in this region",2017,NA,"original estimate; Carta recommendation available for this species in this region","catch should not exceed 2018-2022 mean",1
2022,"region_5","litopenaeus stylirostris","species","litopenaeus",32108.8,12,28458,4,"maximally harvested","no increase","original estimate; Carta recommendation available for this species in this region",2017,NA,"original estimate; Carta recommendation available for this species in this region","catch should not exceed 2018-2022 mean",0.886299083117401
2018,"region_5","litopenaeus vannamei","species","litopenaeus",4318.4,9,8922.7,4,"maximally harvested","no increase","original estimate; Carta recommendation available for this species in this region",2017,NA,"original estimate; Carta recommendation available for this species in this region","catch should not exceed 2018-2022 mean",1
2019,"region_5","litopenaeus vannamei","species","litopenaeus",16609.8,7,8922.7,4,"maximally harvested","no increase","original estimate; Carta recommendation available for this species in this region",2017,NA,"original estimate; Carta recommendation available for this species in this region","catch should not exceed 2018-2022 mean",0.537194909029609
2021,"region_5","litopenaeus vannamei","species","litopenaeus",14457.6,5,8922.7,4,"maximally harvested","no increase","original estimate; Carta recommendation available for this species in this region",2017,NA,"original estimate; Carta recommendation available for this species in this region","catch should not exceed 2018-2022 mean",0.617163291279327
2022,"region_5","litopenaeus vannamei","species","litopenaeus",305,1,8922.7,4,"maximally harvested","no increase","original estimate; Carta recommendation available for this species in this region",2017,NA,"original estimate; Carta recommendation available for this species in this region","catch should not exceed 2018-2022 mean",1
2018,"region_5","lutjanus adetii","species","lutjanus",16726.4,25,12401.23,5,"maximally harvested","no increase",NA,NA,NA,"genus fallback; genus aggregation; took the mode across all Carta recommendations supplied for this genus in this region (in the case of ties: chose the most conservative status and control)","catch should not exceed 2018-2022 mean",0.741416563038071
2019,"region_5","lutjanus adetii","species","lutjanus",13811.45,33,12401.23,5,"maximally harvested","no increase",NA,NA,NA,"genus fallback; genus aggregation; took the mode across all Carta recommendations supplied for this genus in this region (in the case of ties: chose the most conservative status and control)","catch should not exceed 2018-2022 mean",0.89789486259589
2020,"region_5","lutjanus adetii","species","lutjanus",4216.7,19,12401.23,5,"maximally harvested","no increase",NA,NA,NA,"genus fallback; genus aggregation; took the mode across all Carta recommendations supplied for this genus in this region (in the case of ties: chose the most conservative status and control)","catch should not exceed 2018-2022 mean",1
2021,"region_5","lutjanus adetii","species","lutjanus",11878.8,44,12401.23,5,"maximally harvested","no increase",NA,NA,NA,"genus fallback; genus aggregation; took the mode across all Carta recommendations supplied for this genus in this region (in the case of ties: chose the most conservative status and control)","catch should not exceed 2018-2022 mean",1
2022,"region_5","lutjanus adetii","species","lutjanus",15372.8,51,12401.23,5,"maximally harvested","no increase",NA,NA,NA,"genus fallback; genus aggregation; took the mode across all Carta recommendations supplied for this genus in this region (in the case of ties: chose the most conservative status and control)","catch should not exceed 2018-2022 mean",0.806699495212323
2023,"region_5","lutjanus adetii","species","lutjanus",22706,54,12401.23,5,"maximally harvested","no increase",NA,NA,NA,"genus fallback; genus aggregation; took the mode across all Carta recommendations supplied for this genus in this region (in the case of ties: chose the most conservative status and control)","catch should not exceed 2018-2022 mean",0.546165330749582
2024,"region_5","lutjanus adetii","species","lutjanus",14623.7,55,12401.23,5,"maximally harvested","no increase",NA,NA,NA,"genus fallback; genus aggregation; took the mode across all Carta recommendations supplied for this genus in this region (in the case of ties: chose the most conservative status and control)","catch should not exceed 2018-2022 mean",0.848022730225593
2018,"region_5","lutjanus colorado","species","lutjanus",2282.5,19,2375.92,5,"maximally harvested","no increase","original estimate; Carta recommendation available for this species in this region",2023,NA,"original estimate; Carta recommendation available for this species in this region","catch should not exceed 2018-2022 mean",1
2019,"region_5","lutjanus colorado","species","lutjanus",2565.2,10,2375.92,5,"maximally harvested","no increase","original estimate; Carta recommendation available for this species in this region",2023,NA,"original estimate; Carta recommendation available for this species in this region","catch should not exceed 2018-2022 mean",0.926212381100889
2020,"region_5","lutjanus colorado","species","lutjanus",456.5,3,2375.92,5,"maximally harvested","no increase","original estimate; Carta recommendation available for this species in this region",2023,NA,"original estimate; Carta recommendation available for this species in this region","catch should not exceed 2018-2022 mean",1
2021,"region_5","lutjanus colorado","species","lutjanus",2387,8,2375.92,5,"maximally harvested","no increase","original estimate; Carta recommendation available for this species in this region",2023,NA,"original estimate; Carta recommendation available for this species in this region","catch should not exceed 2018-2022 mean",1
2022,"region_5","lutjanus colorado","species","lutjanus",4188.4,13,2375.92,5,"maximally harvested","no increase","original estimate; Carta recommendation available for this species in this region",2023,NA,"original estimate; Carta recommendation available for this species in this region","catch should not exceed 2018-2022 mean",0.567261961608251
2023,"region_5","lutjanus colorado","species","lutjanus",9620,12,2375.92,5,"maximally harvested","no increase","original estimate; Carta recommendation available for this species in this region",2023,NA,"original estimate; Carta recommendation available for this species in this region","catch should not exceed 2018-2022 mean",0.246977130977131
2024,"region_5","lutjanus colorado","species","lutjanus",2358.4,3,2375.92,5,"maximally harvested","no increase","original estimate; Carta recommendation available for this species in this region",2023,NA,"original estimate; Carta recommendation available for this species in this region","catch should not exceed 2018-2022 mean",1
2018,"region_5","lutjanus guttatus","species","lutjanus",2310,7,9635.22,5,"maximally harvested","no increase","original estimate; Carta recommendation available for this species in this region",2023,NA,"original estimate; Carta recommendation available for this species in this region","catch should not exceed 2018-2022 mean",1
2019,"region_5","lutjanus guttatus","species","lutjanus",7029.8,18,9635.22,5,"maximally harvested","no increase","original estimate; Carta recommendation available for this species in this region",2023,NA,"original estimate; Carta recommendation available for this species in this region","catch should not exceed 2018-2022 mean",1
2020,"region_5","lutjanus guttatus","species","lutjanus",6680.4,17,9635.22,5,"maximally harvested","no increase","original estimate; Carta recommendation available for this species in this region",2023,NA,"original estimate; Carta recommendation available for this species in this region","catch should not exceed 2018-2022 mean",1
2021,"region_5","lutjanus guttatus","species","lutjanus",18877.1,21,9635.22,5,"maximally harvested","no increase","original estimate; Carta recommendation available for this species in this region",2023,NA,"original estimate; Carta recommendation available for this species in this region","catch should not exceed 2018-2022 mean",0.510418443510921
2022,"region_5","lutjanus guttatus","species","lutjanus",13278.8,29,9635.22,5,"maximally harvested","no increase","original estimate; Carta recommendation available for this species in this region",2023,NA,"original estimate; Carta recommendation available for this species in this region","catch should not exceed 2018-2022 mean",0.725609241798958
2023,"region_5","lutjanus guttatus","species","lutjanus",40330,81,9635.22,5,"maximally harvested","no increase","original estimate; Carta recommendation available for this species in this region",2023,NA,"original estimate; Carta recommendation available for this species in this region","catch should not exceed 2018-2022 mean",0.238909496652616
2024,"region_5","lutjanus guttatus","species","lutjanus",28977.5,76,9635.22,5,"maximally harvested","no increase","original estimate; Carta recommendation available for this species in this region",2023,NA,"original estimate; Carta recommendation available for this species in this region","catch should not exceed 2018-2022 mean",0.332506945043568
2018,"region_5","megapitaria squalida","species","megapitaria",4077,2,4185,5,"maximally harvested","no increase","gapfilled estimate; no Carta recommendation for this species in this specific region",2023,NA,"gapfilled estimate; no Carta recommendation for this species in this specific region","catch should not exceed 2018-2022 mean",1
2019,"region_5","megapitaria squalida","species","megapitaria",450,1,4185,5,"maximally harvested","no increase","gapfilled estimate; no Carta recommendation for this species in this specific region",2023,NA,"gapfilled estimate; no Carta recommendation for this species in this specific region","catch should not exceed 2018-2022 mean",1
2020,"region_5","megapitaria squalida","species","megapitaria",2024,4,4185,5,"maximally harvested","no increase","gapfilled estimate; no Carta recommendation for this species in this specific region",2023,NA,"gapfilled estimate; no Carta recommendation for this species in this specific region","catch should not exceed 2018-2022 mean",1
2021,"region_5","megapitaria squalida","species","megapitaria",2474,2,4185,5,"maximally harvested","no increase","gapfilled estimate; no Carta recommendation for this species in this specific region",2023,NA,"gapfilled estimate; no Carta recommendation for this species in this specific region","catch should not exceed 2018-2022 mean",1
2022,"region_5","megapitaria squalida","species","megapitaria",11900,2,4185,5,"maximally harvested","no increase","gapfilled estimate; no Carta recommendation for this species in this specific region",2023,NA,"gapfilled estimate; no Carta recommendation for this species in this specific region","catch should not exceed 2018-2022 mean",0.351680672268908
2023,"region_5","megapitaria squalida","species","megapitaria",300,1,4185,5,"maximally harvested","no increase","gapfilled estimate; no Carta recommendation for this species in this specific region",2023,NA,"gapfilled estimate; no Carta recommendation for this species in this specific region","catch should not exceed 2018-2022 mean",1
2018,"region_5","merluccius productus","species","merluccius",2237387.9,192,5893494.28,5,"maximally harvested","no increase","original estimate; Carta recommendation available for this species in this region",2022,NA,"original estimate; Carta recommendation available for this species in this region","catch should not exceed 2018-2022 mean",1
2019,"region_5","merluccius productus","species","merluccius",2261037.3,212,5893494.28,5,"maximally harvested","no increase","original estimate; Carta recommendation available for this species in this region",2022,NA,"original estimate; Carta recommendation available for this species in this region","catch should not exceed 2018-2022 mean",1
2020,"region_5","merluccius productus","species","merluccius",3956583.8,214,5893494.28,5,"maximally harvested","no increase","original estimate; Carta recommendation available for this species in this region",2022,NA,"original estimate; Carta recommendation available for this species in this region","catch should not exceed 2018-2022 mean",1
2021,"region_5","merluccius productus","species","merluccius",6282608.8,307,5893494.28,5,"maximally harvested","no increase","original estimate; Carta recommendation available for this species in this region",2022,NA,"original estimate; Carta recommendation available for this species in this region","catch should not exceed 2018-2022 mean",0.938064817914494
2022,"region_5","merluccius productus","species","merluccius",14729853.6,659,5893494.28,5,"maximally harvested","no increase","original estimate; Carta recommendation available for this species in this region",2022,NA,"original estimate; Carta recommendation available for this species in this region","catch should not exceed 2018-2022 mean",0.400105421278593
2023,"region_5","merluccius productus","species","merluccius",14983802,671,5893494.28,5,"maximally harvested","no increase","original estimate; Carta recommendation available for this species in this region",2022,NA,"original estimate; Carta recommendation available for this species in this region","catch should not exceed 2018-2022 mean",0.39332435652847
2024,"region_5","merluccius productus","species","merluccius",19494115.1,690,5893494.28,5,"maximally harvested","no increase","original estimate; Carta recommendation available for this species in this region",2022,NA,"original estimate; Carta recommendation available for this species in this region","catch should not exceed 2018-2022 mean",0.302321713489832
2018,"region_5","mugil cephalus","species","mugil",3455,8,4708,5,"decreasing","decrease","original estimate; Carta recommendation available for this species in this region",2023,NA,"original estimate; Carta recommendation available for this species in this region","catch should be below 2018-2022 mean",0.633071367884452
2019,"region_5","mugil cephalus","species","mugil",5685,8,4708,5,"decreasing","decrease","original estimate; Carta recommendation available for this species in this region",2023,NA,"original estimate; Carta recommendation available for this species in this region","catch should be below 2018-2022 mean",0.414072119613017
2020,"region_5","mugil cephalus","species","mugil",300,1,4708,5,"decreasing","decrease","original estimate; Carta recommendation available for this species in this region",2023,NA,"original estimate; Carta recommendation available for this species in this region","catch should be below 2018-2022 mean",0.968139337298216
2021,"region_5","mugil cephalus","species","mugil",5200,5,4708,5,"decreasing","decrease","original estimate; Carta recommendation available for this species in this region",2023,NA,"original estimate; Carta recommendation available for this species in this region","catch should be below 2018-2022 mean",0.452692307692308
2022,"region_5","mugil cephalus","species","mugil",8900,14,4708,5,"decreasing","decrease","original estimate; Carta recommendation available for this species in this region",2023,NA,"original estimate; Carta recommendation available for this species in this region","catch should be below 2018-2022 mean",0.264494382022472
2023,"region_5","mugil cephalus","species","mugil",2767,1,4708,5,"decreasing","decrease","original estimate; Carta recommendation available for this species in this region",2023,NA,"original estimate; Carta recommendation available for this species in this region","catch should be below 2018-2022 mean",0.706138487680544
2018,"region_5","mustelus albipinnis","species","mustelus",5650,6,11976.5625,4,"maximally harvested","no increase","original estimate; Carta recommendation available for this species in this region",2023,NA,"original estimate; Carta recommendation available for this species in this region","catch should not exceed 2018-2022 mean",1
2019,"region_5","mustelus albipinnis","species","mustelus",262.5,1,11976.5625,4,"maximally harvested","no increase","original estimate; Carta recommendation available for this species in this region",2023,NA,"original estimate; Carta recommendation available for this species in this region","catch should not exceed 2018-2022 mean",1
2020,"region_5","mustelus albipinnis","species","mustelus",4235,3,11976.5625,4,"maximally harvested","no increase","original estimate; Carta recommendation available for this species in this region",2023,NA,"original estimate; Carta recommendation available for this species in this region","catch should not exceed 2018-2022 mean",1
2022,"region_5","mustelus albipinnis","species","mustelus",37758.75,16,11976.5625,4,"maximally harvested","no increase","original estimate; Carta recommendation available for this species in this region",2023,NA,"original estimate; Carta recommendation available for this species in this region","catch should not exceed 2018-2022 mean",0.317186413745158
2023,"region_5","mustelus albipinnis","species","mustelus",31031,19,11976.5625,4,"maximally harvested","no increase","original estimate; Carta recommendation available for this species in this region",2023,NA,"original estimate; Carta recommendation available for this species in this region","catch should not exceed 2018-2022 mean",0.385954771035416
2024,"region_5","mustelus albipinnis","species","mustelus",183876.75,107,11976.5625,4,"maximally harvested","no increase","original estimate; Carta recommendation available for this species in this region",2023,NA,"original estimate; Carta recommendation available for this species in this region","catch should not exceed 2018-2022 mean",0.0651336425078211
2018,"region_5","panopea generosa","species","panopea",14659,4,29742.6,5,"maximally harvested","no increase","gapfilled estimate; no Carta recommendation for this species in this specific region",2023,NA,"gapfilled estimate; no Carta recommendation for this species in this specific region","catch should not exceed 2018-2022 mean",1
2019,"region_5","panopea generosa","species","panopea",82003,13,29742.6,5,"maximally harvested","no increase","gapfilled estimate; no Carta recommendation for this species in this specific region",2023,NA,"gapfilled estimate; no Carta recommendation for this species in this specific region","catch should not exceed 2018-2022 mean",0.362701364584223
2020,"region_5","panopea generosa","species","panopea",3120,1,29742.6,5,"maximally harvested","no increase","gapfilled estimate; no Carta recommendation for this species in this specific region",2023,NA,"gapfilled estimate; no Carta recommendation for this species in this specific region","catch should not exceed 2018-2022 mean",1
2021,"region_5","panopea generosa","species","panopea",44495,19,29742.6,5,"maximally harvested","no increase","gapfilled estimate; no Carta recommendation for this species in this specific region",2023,NA,"gapfilled estimate; no Carta recommendation for this species in this specific region","catch should not exceed 2018-2022 mean",0.668448140240476
2022,"region_5","panopea generosa","species","panopea",4436,9,29742.6,5,"maximally harvested","no increase","gapfilled estimate; no Carta recommendation for this species in this specific region",2023,NA,"gapfilled estimate; no Carta recommendation for this species in this specific region","catch should not exceed 2018-2022 mean",1
2023,"region_5","panopea generosa","species","panopea",30607,26,29742.6,5,"maximally harvested","no increase","gapfilled estimate; no Carta recommendation for this species in this specific region",2023,NA,"gapfilled estimate; no Carta recommendation for this species in this specific region","catch should not exceed 2018-2022 mean",1
2024,"region_5","panopea generosa","species","panopea",37673,27,29742.6,5,"maximally harvested","no increase","gapfilled estimate; no Carta recommendation for this species in this specific region",2023,NA,"gapfilled estimate; no Carta recommendation for this species in this specific region","catch should not exceed 2018-2022 mean",0.78949380192711
2018,"region_5","paralabrax auroguttatus","species","paralabrax",101216,234,95291.26,5,"maximally harvested","no increase",NA,NA,NA,"genus fallback; genus gapfill; data missing in this region, took the mode across all Carta recommendations supplied for this genus regardless of region","catch should not exceed 2018-2022 mean",0.941464392981347
2019,"region_5","paralabrax auroguttatus","species","paralabrax",101302,204,95291.26,5,"maximally harvested","no increase",NA,NA,NA,"genus fallback; genus gapfill; data missing in this region, took the mode across all Carta recommendations supplied for this genus regardless of region","catch should not exceed 2018-2022 mean",0.940665139878778
2020,"region_5","paralabrax auroguttatus","species","paralabrax",87538.6,149,95291.26,5,"maximally harvested","no increase",NA,NA,NA,"genus fallback; genus gapfill; data missing in this region, took the mode across all Carta recommendations supplied for this genus regardless of region","catch should not exceed 2018-2022 mean",1
2021,"region_5","paralabrax auroguttatus","species","paralabrax",101995.6,144,95291.26,5,"maximally harvested","no increase",NA,NA,NA,"genus fallback; genus gapfill; data missing in this region, took the mode across all Carta recommendations supplied for this genus regardless of region","catch should not exceed 2018-2022 mean",0.934268340987258
2022,"region_5","paralabrax auroguttatus","species","paralabrax",84404.1,133,95291.26,5,"maximally harvested","no increase",NA,NA,NA,"genus fallback; genus gapfill; data missing in this region, took the mode across all Carta recommendations supplied for this genus regardless of region","catch should not exceed 2018-2022 mean",1
2023,"region_5","paralabrax auroguttatus","species","paralabrax",148031,207,95291.26,5,"maximally harvested","no increase",NA,NA,NA,"genus fallback; genus gapfill; data missing in this region, took the mode across all Carta recommendations supplied for this genus regardless of region","catch should not exceed 2018-2022 mean",0.643725030567922
2024,"region_5","paralabrax auroguttatus","species","paralabrax",152601.5,219,95291.26,5,"maximally harvested","no increase",NA,NA,NA,"genus fallback; genus gapfill; data missing in this region, took the mode across all Carta recommendations supplied for this genus regardless of region","catch should not exceed 2018-2022 mean",0.624445107027126
2018,"region_5","rhizoprionodon longurio","species","rhizoprionodon",921553.25,289,664893.42,5,"maximally harvested","no increase","original estimate; Carta recommendation available for this species in this region",2023,NA,"original estimate; Carta recommendation available for this species in this region","catch should not exceed 2018-2022 mean",0.721492132983091
2019,"region_5","rhizoprionodon longurio","species","rhizoprionodon",870242.65,282,664893.42,5,"maximally harvested","no increase","original estimate; Carta recommendation available for this species in this region",2023,NA,"original estimate; Carta recommendation available for this species in this region","catch should not exceed 2018-2022 mean",0.764032215612508
2020,"region_5","rhizoprionodon longurio","species","rhizoprionodon",623114.2,198,664893.42,5,"maximally harvested","no increase","original estimate; Carta recommendation available for this species in this region",2023,NA,"original estimate; Carta recommendation available for this species in this region","catch should not exceed 2018-2022 mean",1
2021,"region_5","rhizoprionodon longurio","species","rhizoprionodon",464571.25,177,664893.42,5,"maximally harvested","no increase","original estimate; Carta recommendation available for this species in this region",2023,NA,"original estimate; Carta recommendation available for this species in this region","catch should not exceed 2018-2022 mean",1
2022,"region_5","rhizoprionodon longurio","species","rhizoprionodon",444985.75,217,664893.42,5,"maximally harvested","no increase","original estimate; Carta recommendation available for this species in this region",2023,NA,"original estimate; Carta recommendation available for this species in this region","catch should not exceed 2018-2022 mean",1
2023,"region_5","rhizoprionodon longurio","species","rhizoprionodon",5000,1,664893.42,5,"maximally harvested","no increase","original estimate; Carta recommendation available for this species in this region",2023,NA,"original estimate; Carta recommendation available for this species in this region","catch should not exceed 2018-2022 mean",1
2024,"region_5","rhizoprionodon longurio","species","rhizoprionodon",16500,5,664893.42,5,"maximally harvested","no increase","original estimate; Carta recommendation available for this species in this region",2023,NA,"original estimate; Carta recommendation available for this species in this region","catch should not exceed 2018-2022 mean",1
2018,"region_5","scomberomorus sierra","species","scomberomorus",156769,44,1059044.146,5,"maximally harvested","no increase","original estimate; Carta recommendation available for this species in this region",2023,NA,"original estimate; Carta recommendation available for this species in this region","catch should not exceed 2018-2022 mean",1
2019,"region_5","scomberomorus sierra","species","scomberomorus",134570.1,28,1059044.146,5,"maximally harvested","no increase","original estimate; Carta recommendation available for this species in this region",2023,NA,"original estimate; Carta recommendation available for this species in this region","catch should not exceed 2018-2022 mean",1
2020,"region_5","scomberomorus sierra","species","scomberomorus",39005,16,1059044.146,5,"maximally harvested","no increase","original estimate; Carta recommendation available for this species in this region",2023,NA,"original estimate; Carta recommendation available for this species in this region","catch should not exceed 2018-2022 mean",1
2021,"region_5","scomberomorus sierra","species","scomberomorus",1292722,167,1059044.146,5,"maximally harvested","no increase","original estimate; Carta recommendation available for this species in this region",2023,NA,"original estimate; Carta recommendation available for this species in this region","catch should not exceed 2018-2022 mean",0.819235803212137
2022,"region_5","scomberomorus sierra","species","scomberomorus",3672154.63,465,1059044.146,5,"maximally harvested","no increase","original estimate; Carta recommendation available for this species in this region",2023,NA,"original estimate; Carta recommendation available for this species in this region","catch should not exceed 2018-2022 mean",0.288398570514445
2023,"region_5","scomberomorus sierra","species","scomberomorus",4521639,532,1059044.146,5,"maximally harvested","no increase","original estimate; Carta recommendation available for this species in this region",2023,NA,"original estimate; Carta recommendation available for this species in this region","catch should not exceed 2018-2022 mean",0.234216872687094
2024,"region_5","scomberomorus sierra","species","scomberomorus",2452402.32,407,1059044.146,5,"maximally harvested","no increase","original estimate; Carta recommendation available for this species in this region",2023,NA,"original estimate; Carta recommendation available for this species in this region","catch should not exceed 2018-2022 mean",0.431839481378406
2018,"region_5","sphoeroides andersonianus","species","sphoeroides",8026.25,16,5222.9,5,"maximally harvested","no increase",NA,NA,NA,"genus fallback; genus aggregation; took the mode across all Carta recommendations supplied for this genus in this region (in the case of ties: chose the most conservative status and control)","catch should not exceed 2018-2022 mean",0.650727301043451
2019,"region_5","sphoeroides andersonianus","species","sphoeroides",12013.75,20,5222.9,5,"maximally harvested","no increase",NA,NA,NA,"genus fallback; genus aggregation; took the mode across all Carta recommendations supplied for this genus in this region (in the case of ties: chose the most conservative status and control)","catch should not exceed 2018-2022 mean",0.434743523046509
2020,"region_5","sphoeroides andersonianus","species","sphoeroides",1790.5,6,5222.9,5,"maximally harvested","no increase",NA,NA,NA,"genus fallback; genus aggregation; took the mode across all Carta recommendations supplied for this genus in this region (in the case of ties: chose the most conservative status and control)","catch should not exceed 2018-2022 mean",1
2021,"region_5","sphoeroides andersonianus","species","sphoeroides",4105.8,14,5222.9,5,"maximally harvested","no increase",NA,NA,NA,"genus fallback; genus aggregation; took the mode across all Carta recommendations supplied for this genus in this region (in the case of ties: chose the most conservative status and control)","catch should not exceed 2018-2022 mean",1
2022,"region_5","sphoeroides andersonianus","species","sphoeroides",178.2,2,5222.9,5,"maximally harvested","no increase",NA,NA,NA,"genus fallback; genus aggregation; took the mode across all Carta recommendations supplied for this genus in this region (in the case of ties: chose the most conservative status and control)","catch should not exceed 2018-2022 mean",1
2023,"region_5","sphoeroides andersonianus","species","sphoeroides",2581,4,5222.9,5,"maximally harvested","no increase",NA,NA,NA,"genus fallback; genus aggregation; took the mode across all Carta recommendations supplied for this genus in this region (in the case of ties: chose the most conservative status and control)","catch should not exceed 2018-2022 mean",1
2024,"region_5","sphoeroides andersonianus","species","sphoeroides",3995,6,5222.9,5,"maximally harvested","no increase",NA,NA,NA,"genus fallback; genus aggregation; took the mode across all Carta recommendations supplied for this genus in this region (in the case of ties: chose the most conservative status and control)","catch should not exceed 2018-2022 mean",1
2018,"region_5","stomolophus meleagris","species","stomolophus",62989180,944,47477651.8,5,"maximally harvested","no increase","original estimate; Carta recommendation available for this species in this region",2017,NA,"original estimate; Carta recommendation available for this species in this region","catch should not exceed 2018-2022 mean",0.75374297299949
2019,"region_5","stomolophus meleagris","species","stomolophus",45241758,593,47477651.8,5,"maximally harvested","no increase","original estimate; Carta recommendation available for this species in this region",2017,NA,"original estimate; Carta recommendation available for this species in this region","catch should not exceed 2018-2022 mean",1
2020,"region_5","stomolophus meleagris","species","stomolophus",7362403,136,47477651.8,5,"maximally harvested","no increase","original estimate; Carta recommendation available for this species in this region",2017,NA,"original estimate; Carta recommendation available for this species in this region","catch should not exceed 2018-2022 mean",1
2021,"region_5","stomolophus meleagris","species","stomolophus",71178401,3981,47477651.8,5,"maximally harvested","no increase","original estimate; Carta recommendation available for this species in this region",2017,NA,"original estimate; Carta recommendation available for this species in this region","catch should not exceed 2018-2022 mean",0.667023298261505
2022,"region_5","stomolophus meleagris","species","stomolophus",50616517,1998,47477651.8,5,"maximally harvested","no increase","original estimate; Carta recommendation available for this species in this region",2017,NA,"original estimate; Carta recommendation available for this species in this region","catch should not exceed 2018-2022 mean",0.937987333265147
2023,"region_5","stomolophus meleagris","species","stomolophus",682962,42,47477651.8,5,"maximally harvested","no increase","original estimate; Carta recommendation available for this species in this region",2017,NA,"original estimate; Carta recommendation available for this species in this region","catch should not exceed 2018-2022 mean",1
2024,"region_5","stomolophus meleagris","species","stomolophus",34755083.57,2219,47477651.8,5,"maximally harvested","no increase","original estimate; Carta recommendation available for this species in this region",2017,NA,"original estimate; Carta recommendation available for this species in this region","catch should not exceed 2018-2022 mean",1
2018,"region_6","argopecten ventricosus","species","argopecten",19500,2,130749.75,4,"decreasing","decrease","gapfilled estimate; no Carta recommendation for this species in this specific region",2023,NA,"gapfilled estimate; no Carta recommendation for this species in this specific region","catch should be below 2018-2022 mean",0.925430067743915
2020,"region_6","argopecten ventricosus","species","argopecten",12212,12,130749.75,4,"decreasing","decrease","gapfilled estimate; no Carta recommendation for this species in this specific region",2023,NA,"gapfilled estimate; no Carta recommendation for this species in this specific region","catch should be below 2018-2022 mean",0.953300101912241
2021,"region_6","argopecten ventricosus","species","argopecten",115609,60,130749.75,4,"decreasing","decrease","gapfilled estimate; no Carta recommendation for this species in this specific region",2023,NA,"gapfilled estimate; no Carta recommendation for this species in this specific region","catch should be below 2018-2022 mean",0.55789972829776
2022,"region_6","argopecten ventricosus","species","argopecten",375678,39,130749.75,4,"decreasing","decrease","gapfilled estimate; no Carta recommendation for this species in this specific region",2023,NA,"gapfilled estimate; no Carta recommendation for this species in this specific region","catch should be below 2018-2022 mean",0.174018374778401
2023,"region_6","argopecten ventricosus","species","argopecten",7000,11,130749.75,4,"decreasing","decrease","gapfilled estimate; no Carta recommendation for this species in this specific region",2023,NA,"gapfilled estimate; no Carta recommendation for this species in this specific region","catch should be below 2018-2022 mean",0.973231306369611
2024,"region_6","argopecten ventricosus","species","argopecten",20797,16,130749.75,4,"decreasing","decrease","gapfilled estimate; no Carta recommendation for this species in this specific region",2023,NA,"gapfilled estimate; no Carta recommendation for this species in this specific region","catch should be below 2018-2022 mean",0.920470211224113
2019,"region_6","callinectes bellicosus","species","callinectes",19400,7,13711.25,4,"maximally harvested","no increase","original estimate; Carta recommendation available for this species in this region",2023,NA,"original estimate; Carta recommendation available for this species in this region","catch should not exceed 2018-2022 mean",0.706765463917526
2020,"region_6","callinectes bellicosus","species","callinectes",33600,9,13711.25,4,"maximally harvested","no increase","original estimate; Carta recommendation available for this species in this region",2023,NA,"original estimate; Carta recommendation available for this species in this region","catch should not exceed 2018-2022 mean",0.408072916666667
2021,"region_6","callinectes bellicosus","species","callinectes",1780,2,13711.25,4,"maximally harvested","no increase","original estimate; Carta recommendation available for this species in this region",2023,NA,"original estimate; Carta recommendation available for this species in this region","catch should not exceed 2018-2022 mean",1
2022,"region_6","callinectes bellicosus","species","callinectes",65,1,13711.25,4,"maximally harvested","no increase","original estimate; Carta recommendation available for this species in this region",2023,NA,"original estimate; Carta recommendation available for this species in this region","catch should not exceed 2018-2022 mean",1
2023,"region_6","callinectes bellicosus","species","callinectes",300,1,13711.25,4,"maximally harvested","no increase","original estimate; Carta recommendation available for this species in this region",2023,NA,"original estimate; Carta recommendation available for this species in this region","catch should not exceed 2018-2022 mean",1
2018,"region_6","carcharhinus limbatus","species","carcharhinus",1959,1,23413.4,5,"maximally harvested","no increase","original estimate; Carta recommendation available for this species in this region",2023,NA,"original estimate; Carta recommendation available for this species in this region","catch should not exceed 2018-2022 mean",1
2019,"region_6","carcharhinus limbatus","species","carcharhinus",47332,10,23413.4,5,"maximally harvested","no increase","original estimate; Carta recommendation available for this species in this region",2023,NA,"original estimate; Carta recommendation available for this species in this region","catch should not exceed 2018-2022 mean",0.494663229950139
2020,"region_6","carcharhinus limbatus","species","carcharhinus",28037,13,23413.4,5,"maximally harvested","no increase","original estimate; Carta recommendation available for this species in this region",2023,NA,"original estimate; Carta recommendation available for this species in this region","catch should not exceed 2018-2022 mean",0.835089346221065
2021,"region_6","carcharhinus limbatus","species","carcharhinus",39159,12,23413.4,5,"maximally harvested","no increase","original estimate; Carta recommendation available for this species in this region",2023,NA,"original estimate; Carta recommendation available for this species in this region","catch should not exceed 2018-2022 mean",0.597905973084093
2022,"region_6","carcharhinus limbatus","species","carcharhinus",580,1,23413.4,5,"maximally harvested","no increase","original estimate; Carta recommendation available for this species in this region",2023,NA,"original estimate; Carta recommendation available for this species in this region","catch should not exceed 2018-2022 mean",1
2024,"region_6","carcharhinus limbatus","species","carcharhinus",510,1,23413.4,5,"maximally harvested","no increase","original estimate; Carta recommendation available for this species in this region",2023,NA,"original estimate; Carta recommendation available for this species in this region","catch should not exceed 2018-2022 mean",1
2018,"region_6","chione fluctifraga","species","chione",6202,3,7832.5,4,"maximally harvested","no increase",NA,NA,NA,"genus fallback; genus aggregation; took the mode across all Carta recommendations supplied for this genus in this region (in the case of ties: chose the most conservative status and control)","catch should not exceed 2018-2022 mean",1
2019,"region_6","chione fluctifraga","species","chione",6940,3,7832.5,4,"maximally harvested","no increase",NA,NA,NA,"genus fallback; genus aggregation; took the mode across all Carta recommendations supplied for this genus in this region (in the case of ties: chose the most conservative status and control)","catch should not exceed 2018-2022 mean",1
2021,"region_6","chione fluctifraga","species","chione",11768,29,7832.5,4,"maximally harvested","no increase",NA,NA,NA,"genus fallback; genus aggregation; took the mode across all Carta recommendations supplied for this genus in this region (in the case of ties: chose the most conservative status and control)","catch should not exceed 2018-2022 mean",0.665576138681169
2022,"region_6","chione fluctifraga","species","chione",6420,18,7832.5,4,"maximally harvested","no increase",NA,NA,NA,"genus fallback; genus aggregation; took the mode across all Carta recommendations supplied for this genus in this region (in the case of ties: chose the most conservative status and control)","catch should not exceed 2018-2022 mean",1
2018,"region_6","crassostrea gigas","species","crassostrea",84084,38,146413.6,5,"maximally harvested","no increase","original estimate; Carta recommendation available for this species in this region",2017,NA,"original estimate; Carta recommendation available for this species in this region","catch should not exceed 2018-2022 mean",1
2019,"region_6","crassostrea gigas","species","crassostrea",74830,50,146413.6,5,"maximally harvested","no increase","original estimate; Carta recommendation available for this species in this region",2017,NA,"original estimate; Carta recommendation available for this species in this region","catch should not exceed 2018-2022 mean",1
2020,"region_6","crassostrea gigas","species","crassostrea",65116,31,146413.6,5,"maximally harvested","no increase","original estimate; Carta recommendation available for this species in this region",2017,NA,"original estimate; Carta recommendation available for this species in this region","catch should not exceed 2018-2022 mean",1
2021,"region_6","crassostrea gigas","species","crassostrea",103583,72,146413.6,5,"maximally harvested","no increase","original estimate; Carta recommendation available for this species in this region",2017,NA,"original estimate; Carta recommendation available for this species in this region","catch should not exceed 2018-2022 mean",1
2022,"region_6","crassostrea gigas","species","crassostrea",404455,178,146413.6,5,"maximally harvested","no increase","original estimate; Carta recommendation available for this species in this region",2017,NA,"original estimate; Carta recommendation available for this species in this region","catch should not exceed 2018-2022 mean",0.36200220049202
2023,"region_6","crassostrea gigas","species","crassostrea",252658,165,146413.6,5,"maximally harvested","no increase","original estimate; Carta recommendation available for this species in this region",2017,NA,"original estimate; Carta recommendation available for this species in this region","catch should not exceed 2018-2022 mean",0.579493227999905
2024,"region_6","crassostrea gigas","species","crassostrea",80444,95,146413.6,5,"maximally harvested","no increase","original estimate; Carta recommendation available for this species in this region",2017,NA,"original estimate; Carta recommendation available for this species in this region","catch should not exceed 2018-2022 mean",1
2018,"region_6","cynoscion acoupa","species","cynoscion",141520.7,136,245074.28,5,"maximally harvested","no increase",NA,NA,NA,"genus fallback; genus aggregation; took the mode across all Carta recommendations supplied for this genus in this region (in the case of ties: chose the most conservative status and control)","catch should not exceed 2018-2022 mean",1
2019,"region_6","cynoscion acoupa","species","cynoscion",209280.2,178,245074.28,5,"maximally harvested","no increase",NA,NA,NA,"genus fallback; genus aggregation; took the mode across all Carta recommendations supplied for this genus in this region (in the case of ties: chose the most conservative status and control)","catch should not exceed 2018-2022 mean",1
2020,"region_6","cynoscion acoupa","species","cynoscion",271655.6,290,245074.28,5,"maximally harvested","no increase",NA,NA,NA,"genus fallback; genus aggregation; took the mode across all Carta recommendations supplied for this genus in this region (in the case of ties: chose the most conservative status and control)","catch should not exceed 2018-2022 mean",0.902150664297
2021,"region_6","cynoscion acoupa","species","cynoscion",354141.2,278,245074.28,5,"maximally harvested","no increase",NA,NA,NA,"genus fallback; genus aggregation; took the mode across all Carta recommendations supplied for this genus in this region (in the case of ties: chose the most conservative status and control)","catch should not exceed 2018-2022 mean",0.692024198257644
2022,"region_6","cynoscion acoupa","species","cynoscion",248773.7,266,245074.28,5,"maximally harvested","no increase",NA,NA,NA,"genus fallback; genus aggregation; took the mode across all Carta recommendations supplied for this genus in this region (in the case of ties: chose the most conservative status and control)","catch should not exceed 2018-2022 mean",1
2023,"region_6","cynoscion acoupa","species","cynoscion",382510,300,245074.28,5,"maximally harvested","no increase",NA,NA,NA,"genus fallback; genus aggregation; took the mode across all Carta recommendations supplied for this genus in this region (in the case of ties: chose the most conservative status and control)","catch should not exceed 2018-2022 mean",0.640700321560221
2024,"region_6","cynoscion acoupa","species","cynoscion",420369.8,301,245074.28,5,"maximally harvested","no increase",NA,NA,NA,"genus fallback; genus aggregation; took the mode across all Carta recommendations supplied for this genus in this region (in the case of ties: chose the most conservative status and control)","catch should not exceed 2018-2022 mean",0.582996875608096
2018,"region_6","dosinia ponderosa","species","dosinia",26362,59,71097.8,5,"maximally harvested","no increase","original estimate; Carta recommendation available for this species in this region",2023,"highly variable catch","original estimate; Carta recommendation available for this species in this region","catch should not exceed 2018-2022 mean",1
2019,"region_6","dosinia ponderosa","species","dosinia",35862,74,71097.8,5,"maximally harvested","no increase","original estimate; Carta recommendation available for this species in this region",2023,"highly variable catch","original estimate; Carta recommendation available for this species in this region","catch should not exceed 2018-2022 mean",1
2020,"region_6","dosinia ponderosa","species","dosinia",19289,56,71097.8,5,"maximally harvested","no increase","original estimate; Carta recommendation available for this species in this region",2023,"highly variable catch","original estimate; Carta recommendation available for this species in this region","catch should not exceed 2018-2022 mean",1
2021,"region_6","dosinia ponderosa","species","dosinia",101374,135,71097.8,5,"maximally harvested","no increase","original estimate; Carta recommendation available for this species in this region",2023,"highly variable catch","original estimate; Carta recommendation available for this species in this region","catch should not exceed 2018-2022 mean",0.70134156687119
2022,"region_6","dosinia ponderosa","species","dosinia",172602,168,71097.8,5,"maximally harvested","no increase","original estimate; Carta recommendation available for this species in this region",2023,"highly variable catch","original estimate; Carta recommendation available for this species in this region","catch should not exceed 2018-2022 mean",0.411917590757929
2023,"region_6","dosinia ponderosa","species","dosinia",78126,47,71097.8,5,"maximally harvested","no increase","original estimate; Carta recommendation available for this species in this region",2023,"highly variable catch","original estimate; Carta recommendation available for this species in this region","catch should not exceed 2018-2022 mean",0.910040191485549
2024,"region_6","dosinia ponderosa","species","dosinia",9672,38,71097.8,5,"maximally harvested","no increase","original estimate; Carta recommendation available for this species in this region",2023,"highly variable catch","original estimate; Carta recommendation available for this species in this region","catch should not exceed 2018-2022 mean",1
2018,"region_6","litopenaeus vannamei","species","litopenaeus",30904683.6,617,39453060.12,5,"maximally harvested","no increase","original estimate; Carta recommendation available for this species in this region",2017,NA,"original estimate; Carta recommendation available for this species in this region","catch should not exceed 2018-2022 mean",1
2019,"region_6","litopenaeus vannamei","species","litopenaeus",37259082,735,39453060.12,5,"maximally harvested","no increase","original estimate; Carta recommendation available for this species in this region",2017,NA,"original estimate; Carta recommendation available for this species in this region","catch should not exceed 2018-2022 mean",1
2020,"region_6","litopenaeus vannamei","species","litopenaeus",40969863,688,39453060.12,5,"maximally harvested","no increase","original estimate; Carta recommendation available for this species in this region",2017,NA,"original estimate; Carta recommendation available for this species in this region","catch should not exceed 2018-2022 mean",1
2021,"region_6","litopenaeus vannamei","species","litopenaeus",42603570,719,39453060.12,5,"maximally harvested","no increase","original estimate; Carta recommendation available for this species in this region",2017,NA,"original estimate; Carta recommendation available for this species in this region","catch should not exceed 2018-2022 mean",0.926050566184946
2022,"region_6","litopenaeus vannamei","species","litopenaeus",45528102,771,39453060.12,5,"maximally harvested","no increase","original estimate; Carta recommendation available for this species in this region",2017,NA,"original estimate; Carta recommendation available for this species in this region","catch should not exceed 2018-2022 mean",0.866565009013554
2018,"region_6","lutjanus adetii","species","lutjanus",32714.1,51,51771.05,5,"maximally harvested","no increase",NA,NA,NA,"genus fallback; genus aggregation; took the mode across all Carta recommendations supplied for this genus in this region (in the case of ties: chose the most conservative status and control)","catch should not exceed 2018-2022 mean",1
2019,"region_6","lutjanus adetii","species","lutjanus",34860.3,93,51771.05,5,"maximally harvested","no increase",NA,NA,NA,"genus fallback; genus aggregation; took the mode across all Carta recommendations supplied for this genus in this region (in the case of ties: chose the most conservative status and control)","catch should not exceed 2018-2022 mean",1
2020,"region_6","lutjanus adetii","species","lutjanus",77359.1,167,51771.05,5,"maximally harvested","no increase",NA,NA,NA,"genus fallback; genus aggregation; took the mode across all Carta recommendations supplied for this genus in this region (in the case of ties: chose the most conservative status and control)","catch should not exceed 2018-2022 mean",0.669230252161672
2021,"region_6","lutjanus adetii","species","lutjanus",72239.3,158,51771.05,5,"maximally harvested","no increase",NA,NA,NA,"genus fallback; genus aggregation; took the mode across all Carta recommendations supplied for this genus in this region (in the case of ties: chose the most conservative status and control)","catch should not exceed 2018-2022 mean",0.716660460441892
2022,"region_6","lutjanus adetii","species","lutjanus",41682.45,163,51771.05,5,"maximally harvested","no increase",NA,NA,NA,"genus fallback; genus aggregation; took the mode across all Carta recommendations supplied for this genus in this region (in the case of ties: chose the most conservative status and control)","catch should not exceed 2018-2022 mean",1
2023,"region_6","lutjanus adetii","species","lutjanus",56592,215,51771.05,5,"maximally harvested","no increase",NA,NA,NA,"genus fallback; genus aggregation; took the mode across all Carta recommendations supplied for this genus in this region (in the case of ties: chose the most conservative status and control)","catch should not exceed 2018-2022 mean",0.9148121642635
2024,"region_6","lutjanus adetii","species","lutjanus",42624.1,172,51771.05,5,"maximally harvested","no increase",NA,NA,NA,"genus fallback; genus aggregation; took the mode across all Carta recommendations supplied for this genus in this region (in the case of ties: chose the most conservative status and control)","catch should not exceed 2018-2022 mean",1
2018,"region_6","lutjanus campechanus","species","lutjanus",819.5,7,11893.86,5,"maximally harvested","no increase",NA,NA,NA,"genus fallback; genus aggregation; took the mode across all Carta recommendations supplied for this genus in this region (in the case of ties: chose the most conservative status and control)","catch should not exceed 2018-2022 mean",1
2019,"region_6","lutjanus campechanus","species","lutjanus",12128.6,40,11893.86,5,"maximally harvested","no increase",NA,NA,NA,"genus fallback; genus aggregation; took the mode across all Carta recommendations supplied for this genus in this region (in the case of ties: chose the most conservative status and control)","catch should not exceed 2018-2022 mean",1
2020,"region_6","lutjanus campechanus","species","lutjanus",16335,72,11893.86,5,"maximally harvested","no increase",NA,NA,NA,"genus fallback; genus aggregation; took the mode across all Carta recommendations supplied for this genus in this region (in the case of ties: chose the most conservative status and control)","catch should not exceed 2018-2022 mean",0.728121212121212
2021,"region_6","lutjanus campechanus","species","lutjanus",14803.8,64,11893.86,5,"maximally harvested","no increase",NA,NA,NA,"genus fallback; genus aggregation; took the mode across all Carta recommendations supplied for this genus in this region (in the case of ties: chose the most conservative status and control)","catch should not exceed 2018-2022 mean",0.803432902362907
2022,"region_6","lutjanus campechanus","species","lutjanus",15382.4,59,11893.86,5,"maximally harvested","no increase",NA,NA,NA,"genus fallback; genus aggregation; took the mode across all Carta recommendations supplied for this genus in this region (in the case of ties: chose the most conservative status and control)","catch should not exceed 2018-2022 mean",0.773212242562929
2023,"region_6","lutjanus campechanus","species","lutjanus",15687,37,11893.86,5,"maximally harvested","no increase",NA,NA,NA,"genus fallback; genus aggregation; took the mode across all Carta recommendations supplied for this genus in this region (in the case of ties: chose the most conservative status and control)","catch should not exceed 2018-2022 mean",0.75819850831899
2024,"region_6","lutjanus campechanus","species","lutjanus",5058.251,21,11893.86,5,"maximally harvested","no increase",NA,NA,NA,"genus fallback; genus aggregation; took the mode across all Carta recommendations supplied for this genus in this region (in the case of ties: chose the most conservative status and control)","catch should not exceed 2018-2022 mean",1
2019,"region_6","lutjanus colorado","species","lutjanus",4950,3,2648.25,4,"maximally harvested","no increase","original estimate; Carta recommendation available for this species in this region",2023,NA,"original estimate; Carta recommendation available for this species in this region","catch should not exceed 2018-2022 mean",0.535
2020,"region_6","lutjanus colorado","species","lutjanus",3883,6,2648.25,4,"maximally harvested","no increase","original estimate; Carta recommendation available for this species in this region",2023,NA,"original estimate; Carta recommendation available for this species in this region","catch should not exceed 2018-2022 mean",0.682011331444759
2021,"region_6","lutjanus colorado","species","lutjanus",510,2,2648.25,4,"maximally harvested","no increase","original estimate; Carta recommendation available for this species in this region",2023,NA,"original estimate; Carta recommendation available for this species in this region","catch should not exceed 2018-2022 mean",1
2022,"region_6","lutjanus colorado","species","lutjanus",1250,2,2648.25,4,"maximally harvested","no increase","original estimate; Carta recommendation available for this species in this region",2023,NA,"original estimate; Carta recommendation available for this species in this region","catch should not exceed 2018-2022 mean",1
2023,"region_6","lutjanus colorado","species","lutjanus",433,3,2648.25,4,"maximally harvested","no increase","original estimate; Carta recommendation available for this species in this region",2023,NA,"original estimate; Carta recommendation available for this species in this region","catch should not exceed 2018-2022 mean",1
2024,"region_6","lutjanus colorado","species","lutjanus",3326,8,2648.25,4,"maximally harvested","no increase","original estimate; Carta recommendation available for this species in this region",2023,NA,"original estimate; Carta recommendation available for this species in this region","catch should not exceed 2018-2022 mean",0.796226698737222
2018,"region_6","lutjanus guttatus","species","lutjanus",13450.1,43,63827.06,5,"maximally harvested","no increase","original estimate; Carta recommendation available for this species in this region",2023,NA,"original estimate; Carta recommendation available for this species in this region","catch should not exceed 2018-2022 mean",1
2019,"region_6","lutjanus guttatus","species","lutjanus",18338,16,63827.06,5,"maximally harvested","no increase","original estimate; Carta recommendation available for this species in this region",2023,NA,"original estimate; Carta recommendation available for this species in this region","catch should not exceed 2018-2022 mean",1
2020,"region_6","lutjanus guttatus","species","lutjanus",97285.1,89,63827.06,5,"maximally harvested","no increase","original estimate; Carta recommendation available for this species in this region",2023,NA,"original estimate; Carta recommendation available for this species in this region","catch should not exceed 2018-2022 mean",0.656082586130867
2021,"region_6","lutjanus guttatus","species","lutjanus",115859.5,118,63827.06,5,"maximally harvested","no increase","original estimate; Carta recommendation available for this species in this region",2023,NA,"original estimate; Carta recommendation available for this species in this region","catch should not exceed 2018-2022 mean",0.550900530383784
2022,"region_6","lutjanus guttatus","species","lutjanus",74202.6,98,63827.06,5,"maximally harvested","no increase","original estimate; Carta recommendation available for this species in this region",2023,NA,"original estimate; Carta recommendation available for this species in this region","catch should not exceed 2018-2022 mean",0.860172824132847
2023,"region_6","lutjanus guttatus","species","lutjanus",34921,58,63827.06,5,"maximally harvested","no increase","original estimate; Carta recommendation available for this species in this region",2023,NA,"original estimate; Carta recommendation available for this species in this region","catch should not exceed 2018-2022 mean",1
2024,"region_6","lutjanus guttatus","species","lutjanus",32115.2,54,63827.06,5,"maximally harvested","no increase","original estimate; Carta recommendation available for this species in this region",2023,NA,"original estimate; Carta recommendation available for this species in this region","catch should not exceed 2018-2022 mean",1
2018,"region_6","lutjanus spp","species","lutjanus",1992,8,1545,5,"maximally harvested","no increase",NA,NA,NA,"genus fallback; genus aggregation; took the mode across all Carta recommendations supplied for this genus in this region (in the case of ties: chose the most conservative status and control)","catch should not exceed 2018-2022 mean",0.775602409638554
2019,"region_6","lutjanus spp","species","lutjanus",1166,5,1545,5,"maximally harvested","no increase",NA,NA,NA,"genus fallback; genus aggregation; took the mode across all Carta recommendations supplied for this genus in this region (in the case of ties: chose the most conservative status and control)","catch should not exceed 2018-2022 mean",1
2020,"region_6","lutjanus spp","species","lutjanus",611,7,1545,5,"maximally harvested","no increase",NA,NA,NA,"genus fallback; genus aggregation; took the mode across all Carta recommendations supplied for this genus in this region (in the case of ties: chose the most conservative status and control)","catch should not exceed 2018-2022 mean",1
2021,"region_6","lutjanus spp","species","lutjanus",2287,6,1545,5,"maximally harvested","no increase",NA,NA,NA,"genus fallback; genus aggregation; took the mode across all Carta recommendations supplied for this genus in this region (in the case of ties: chose the most conservative status and control)","catch should not exceed 2018-2022 mean",0.675557498906865
2022,"region_6","lutjanus spp","species","lutjanus",1669,12,1545,5,"maximally harvested","no increase",NA,NA,NA,"genus fallback; genus aggregation; took the mode across all Carta recommendations supplied for this genus in this region (in the case of ties: chose the most conservative status and control)","catch should not exceed 2018-2022 mean",0.925704014379868
2018,"region_6","megapitaria aurantiaca","species","megapitaria",13576,43,14971.4,5,"maximally harvested","no increase","gapfilled estimate; no Carta recommendation for this species in this specific region",2023,NA,"gapfilled estimate; no Carta recommendation for this species in this specific region","catch should not exceed 2018-2022 mean",1
2019,"region_6","megapitaria aurantiaca","species","megapitaria",13022,95,14971.4,5,"maximally harvested","no increase","gapfilled estimate; no Carta recommendation for this species in this specific region",2023,NA,"gapfilled estimate; no Carta recommendation for this species in this specific region","catch should not exceed 2018-2022 mean",1
2020,"region_6","megapitaria aurantiaca","species","megapitaria",9843,67,14971.4,5,"maximally harvested","no increase","gapfilled estimate; no Carta recommendation for this species in this specific region",2023,NA,"gapfilled estimate; no Carta recommendation for this species in this specific region","catch should not exceed 2018-2022 mean",1
2021,"region_6","megapitaria aurantiaca","species","megapitaria",19540,106,14971.4,5,"maximally harvested","no increase","gapfilled estimate; no Carta recommendation for this species in this specific region",2023,NA,"gapfilled estimate; no Carta recommendation for this species in this specific region","catch should not exceed 2018-2022 mean",0.766192425793245
2022,"region_6","megapitaria aurantiaca","species","megapitaria",18876,102,14971.4,5,"maximally harvested","no increase","gapfilled estimate; no Carta recommendation for this species in this specific region",2023,NA,"gapfilled estimate; no Carta recommendation for this species in this specific region","catch should not exceed 2018-2022 mean",0.793144734053825
2023,"region_6","megapitaria aurantiaca","species","megapitaria",18937,102,14971.4,5,"maximally harvested","no increase","gapfilled estimate; no Carta recommendation for this species in this specific region",2023,NA,"gapfilled estimate; no Carta recommendation for this species in this specific region","catch should not exceed 2018-2022 mean",0.79058985055711
2024,"region_6","megapitaria aurantiaca","species","megapitaria",10372,85,14971.4,5,"maximally harvested","no increase","gapfilled estimate; no Carta recommendation for this species in this specific region",2023,NA,"gapfilled estimate; no Carta recommendation for this species in this specific region","catch should not exceed 2018-2022 mean",1
2018,"region_6","megapitaria squalida","species","megapitaria",2894,42,15997.2,5,"maximally harvested","no increase","gapfilled estimate; no Carta recommendation for this species in this specific region",2023,NA,"gapfilled estimate; no Carta recommendation for this species in this specific region","catch should not exceed 2018-2022 mean",1
2019,"region_6","megapitaria squalida","species","megapitaria",2204,67,15997.2,5,"maximally harvested","no increase","gapfilled estimate; no Carta recommendation for this species in this specific region",2023,NA,"gapfilled estimate; no Carta recommendation for this species in this specific region","catch should not exceed 2018-2022 mean",1
2020,"region_6","megapitaria squalida","species","megapitaria",6505,45,15997.2,5,"maximally harvested","no increase","gapfilled estimate; no Carta recommendation for this species in this specific region",2023,NA,"gapfilled estimate; no Carta recommendation for this species in this specific region","catch should not exceed 2018-2022 mean",1
2021,"region_6","megapitaria squalida","species","megapitaria",27478,119,15997.2,5,"maximally harvested","no increase","gapfilled estimate; no Carta recommendation for this species in this specific region",2023,NA,"gapfilled estimate; no Carta recommendation for this species in this specific region","catch should not exceed 2018-2022 mean",0.582182109323823
2022,"region_6","megapitaria squalida","species","megapitaria",40905,76,15997.2,5,"maximally harvested","no increase","gapfilled estimate; no Carta recommendation for this species in this specific region",2023,NA,"gapfilled estimate; no Carta recommendation for this species in this specific region","catch should not exceed 2018-2022 mean",0.391081774844151
2023,"region_6","megapitaria squalida","species","megapitaria",9702,103,15997.2,5,"maximally harvested","no increase","gapfilled estimate; no Carta recommendation for this species in this specific region",2023,NA,"gapfilled estimate; no Carta recommendation for this species in this specific region","catch should not exceed 2018-2022 mean",1
2018,"region_6","merluccius productus","species","merluccius",7269,9,15260.32,5,"maximally harvested","no increase","original estimate; Carta recommendation available for this species in this region",2022,NA,"original estimate; Carta recommendation available for this species in this region","catch should not exceed 2018-2022 mean",1
2019,"region_6","merluccius productus","species","merluccius",18600,14,15260.32,5,"maximally harvested","no increase","original estimate; Carta recommendation available for this species in this region",2022,NA,"original estimate; Carta recommendation available for this species in this region","catch should not exceed 2018-2022 mean",0.820447311827957
2020,"region_6","merluccius productus","species","merluccius",10667.4,17,15260.32,5,"maximally harvested","no increase","original estimate; Carta recommendation available for this species in this region",2022,NA,"original estimate; Carta recommendation available for this species in this region","catch should not exceed 2018-2022 mean",1
2021,"region_6","merluccius productus","species","merluccius",34269.6,37,15260.32,5,"maximally harvested","no increase","original estimate; Carta recommendation available for this species in this region",2022,NA,"original estimate; Carta recommendation available for this species in this region","catch should not exceed 2018-2022 mean",0.445301958587203
2022,"region_6","merluccius productus","species","merluccius",5495.6,15,15260.32,5,"maximally harvested","no increase","original estimate; Carta recommendation available for this species in this region",2022,NA,"original estimate; Carta recommendation available for this species in this region","catch should not exceed 2018-2022 mean",1
2023,"region_6","merluccius productus","species","merluccius",37498,16,15260.32,5,"maximally harvested","no increase","original estimate; Carta recommendation available for this species in this region",2022,NA,"original estimate; Carta recommendation available for this species in this region","catch should not exceed 2018-2022 mean",0.406963571390474
2024,"region_6","merluccius productus","species","merluccius",55235,5,15260.32,5,"maximally harvested","no increase","original estimate; Carta recommendation available for this species in this region",2022,NA,"original estimate; Carta recommendation available for this species in this region","catch should not exceed 2018-2022 mean",0.276279894994116
2018,"region_6","mugil cephalus","species","mugil",48506,47,52474.4,5,"decreasing","decrease","original estimate; Carta recommendation available for this species in this region",2023,NA,"original estimate; Carta recommendation available for this species in this region","catch should be below 2018-2022 mean",0.537812723918711
2019,"region_6","mugil cephalus","species","mugil",62194,67,52474.4,5,"decreasing","decrease","original estimate; Carta recommendation available for this species in this region",2023,NA,"original estimate; Carta recommendation available for this species in this region","catch should be below 2018-2022 mean",0.421860629642731
2020,"region_6","mugil cephalus","species","mugil",50410,48,52474.4,5,"decreasing","decrease","original estimate; Carta recommendation available for this species in this region",2023,NA,"original estimate; Carta recommendation available for this species in this region","catch should be below 2018-2022 mean",0.5
2021,"region_6","mugil cephalus","species","mugil",46651,56,52474.4,5,"decreasing","decrease","original estimate; Carta recommendation available for this species in this region",2023,NA,"original estimate; Carta recommendation available for this species in this region","catch should be below 2018-2022 mean",0.555488009391246
2022,"region_6","mugil cephalus","species","mugil",54611,64,52474.4,5,"decreasing","decrease","original estimate; Carta recommendation available for this species in this region",2023,NA,"original estimate; Carta recommendation available for this species in this region","catch should be below 2018-2022 mean",0.5
2023,"region_6","mugil cephalus","species","mugil",3675,6,52474.4,5,"decreasing","decrease","original estimate; Carta recommendation available for this species in this region",2023,NA,"original estimate; Carta recommendation available for this species in this region","catch should be below 2018-2022 mean",0.964982925007242
2018,"region_6","mustelus albipinnis","species","mustelus",373750,113,321527.88,5,"maximally harvested","no increase","original estimate; Carta recommendation available for this species in this region",2023,NA,"original estimate; Carta recommendation available for this species in this region","catch should not exceed 2018-2022 mean",0.860275264214047
2019,"region_6","mustelus albipinnis","species","mustelus",274241.15,101,321527.88,5,"maximally harvested","no increase","original estimate; Carta recommendation available for this species in this region",2023,NA,"original estimate; Carta recommendation available for this species in this region","catch should not exceed 2018-2022 mean",1
2020,"region_6","mustelus albipinnis","species","mustelus",283207.5,152,321527.88,5,"maximally harvested","no increase","original estimate; Carta recommendation available for this species in this region",2023,NA,"original estimate; Carta recommendation available for this species in this region","catch should not exceed 2018-2022 mean",1
2021,"region_6","mustelus albipinnis","species","mustelus",326166.25,170,321527.88,5,"maximally harvested","no increase","original estimate; Carta recommendation available for this species in this region",2023,NA,"original estimate; Carta recommendation available for this species in this region","catch should not exceed 2018-2022 mean",1
2022,"region_6","mustelus albipinnis","species","mustelus",350274.5,180,321527.88,5,"maximally harvested","no increase","original estimate; Carta recommendation available for this species in this region",2023,NA,"original estimate; Carta recommendation available for this species in this region","catch should not exceed 2018-2022 mean",0.917931165414553
2023,"region_6","mustelus albipinnis","species","mustelus",265614,157,321527.88,5,"maximally harvested","no increase","original estimate; Carta recommendation available for this species in this region",2023,NA,"original estimate; Carta recommendation available for this species in this region","catch should not exceed 2018-2022 mean",1
2024,"region_6","mustelus albipinnis","species","mustelus",367840.5,171,321527.88,5,"maximally harvested","no increase","original estimate; Carta recommendation available for this species in this region",2023,NA,"original estimate; Carta recommendation available for this species in this region","catch should not exceed 2018-2022 mean",0.874095919291106
2018,"region_6","panopea generosa","species","panopea",170840.2,110,189715.04,5,"maximally harvested","no increase","gapfilled estimate; no Carta recommendation for this species in this specific region",2023,NA,"gapfilled estimate; no Carta recommendation for this species in this specific region","catch should not exceed 2018-2022 mean",1
2019,"region_6","panopea generosa","species","panopea",294832,113,189715.04,5,"maximally harvested","no increase","gapfilled estimate; no Carta recommendation for this species in this specific region",2023,NA,"gapfilled estimate; no Carta recommendation for this species in this specific region","catch should not exceed 2018-2022 mean",0.643468280240951
2020,"region_6","panopea generosa","species","panopea",104709,66,189715.04,5,"maximally harvested","no increase","gapfilled estimate; no Carta recommendation for this species in this specific region",2023,NA,"gapfilled estimate; no Carta recommendation for this species in this specific region","catch should not exceed 2018-2022 mean",1
2021,"region_6","panopea generosa","species","panopea",182824,93,189715.04,5,"maximally harvested","no increase","gapfilled estimate; no Carta recommendation for this species in this specific region",2023,NA,"gapfilled estimate; no Carta recommendation for this species in this specific region","catch should not exceed 2018-2022 mean",1
2022,"region_6","panopea generosa","species","panopea",195370,114,189715.04,5,"maximally harvested","no increase","gapfilled estimate; no Carta recommendation for this species in this specific region",2023,NA,"gapfilled estimate; no Carta recommendation for this species in this specific region","catch should not exceed 2018-2022 mean",1
2023,"region_6","panopea generosa","species","panopea",96618,79,189715.04,5,"maximally harvested","no increase","gapfilled estimate; no Carta recommendation for this species in this specific region",2023,NA,"gapfilled estimate; no Carta recommendation for this species in this specific region","catch should not exceed 2018-2022 mean",1
2024,"region_6","panopea generosa","species","panopea",20024,13,189715.04,5,"maximally harvested","no increase","gapfilled estimate; no Carta recommendation for this species in this specific region",2023,NA,"gapfilled estimate; no Carta recommendation for this species in this specific region","catch should not exceed 2018-2022 mean",1
2018,"region_6","panulirus argus","species","panulirus",21283,17,12034.6,5,"maximally harvested","increase",NA,NA,NA,"genus fallback; genus aggregation; took the mode across all Carta recommendations supplied for this genus in this region (in the case of ties: chose the most conservative status and control)","catch may be at or above 2018-2022 mean",1
2019,"region_6","panulirus argus","species","panulirus",18010,22,12034.6,5,"maximally harvested","increase",NA,NA,NA,"genus fallback; genus aggregation; took the mode across all Carta recommendations supplied for this genus in this region (in the case of ties: chose the most conservative status and control)","catch may be at or above 2018-2022 mean",1
2020,"region_6","panulirus argus","species","panulirus",11310,13,12034.6,5,"maximally harvested","increase",NA,NA,NA,"genus fallback; genus aggregation; took the mode across all Carta recommendations supplied for this genus in this region (in the case of ties: chose the most conservative status and control)","catch may be at or above 2018-2022 mean",0.939790271384176
2021,"region_6","panulirus argus","species","panulirus",7420,14,12034.6,5,"maximally harvested","increase",NA,NA,NA,"genus fallback; genus aggregation; took the mode across all Carta recommendations supplied for this genus in this region (in the case of ties: chose the most conservative status and control)","catch may be at or above 2018-2022 mean",0.616555598025693
2022,"region_6","panulirus argus","species","panulirus",2150,5,12034.6,5,"maximally harvested","increase",NA,NA,NA,"genus fallback; genus aggregation; took the mode across all Carta recommendations supplied for this genus in this region (in the case of ties: chose the most conservative status and control)","catch may be at or above 2018-2022 mean",0.178651554683994
2023,"region_6","panulirus argus","species","panulirus",17100,8,12034.6,5,"maximally harvested","increase",NA,NA,NA,"genus fallback; genus aggregation; took the mode across all Carta recommendations supplied for this genus in this region (in the case of ties: chose the most conservative status and control)","catch may be at or above 2018-2022 mean",1
2018,"region_6","paralabrax auroguttatus","species","paralabrax",133996.3,224,534836.48,5,"maximally harvested","no increase",NA,NA,NA,"genus fallback; genus gapfill; data missing in this region, took the mode across all Carta recommendations supplied for this genus regardless of region","catch should not exceed 2018-2022 mean",1
2019,"region_6","paralabrax auroguttatus","species","paralabrax",441095.5,313,534836.48,5,"maximally harvested","no increase",NA,NA,NA,"genus fallback; genus gapfill; data missing in this region, took the mode across all Carta recommendations supplied for this genus regardless of region","catch should not exceed 2018-2022 mean",1
2020,"region_6","paralabrax auroguttatus","species","paralabrax",657717.9,506,534836.48,5,"maximally harvested","no increase",NA,NA,NA,"genus fallback; genus gapfill; data missing in this region, took the mode across all Carta recommendations supplied for this genus regardless of region","catch should not exceed 2018-2022 mean",0.813170023196875
2021,"region_6","paralabrax auroguttatus","species","paralabrax",749840,587,534836.48,5,"maximally harvested","no increase",NA,NA,NA,"genus fallback; genus gapfill; data missing in this region, took the mode across all Carta recommendations supplied for this genus regardless of region","catch should not exceed 2018-2022 mean",0.713267470393684
2022,"region_6","paralabrax auroguttatus","species","paralabrax",691532.7,591,534836.48,5,"maximally harvested","no increase",NA,NA,NA,"genus fallback; genus gapfill; data missing in this region, took the mode across all Carta recommendations supplied for this genus regardless of region","catch should not exceed 2018-2022 mean",0.773407360201477
2023,"region_6","paralabrax auroguttatus","species","paralabrax",655355,602,534836.48,5,"maximally harvested","no increase",NA,NA,NA,"genus fallback; genus gapfill; data missing in this region, took the mode across all Carta recommendations supplied for this genus regardless of region","catch should not exceed 2018-2022 mean",0.816101929488598
2024,"region_6","paralabrax auroguttatus","species","paralabrax",679577.1,552,534836.48,5,"maximally harvested","no increase",NA,NA,NA,"genus fallback; genus gapfill; data missing in this region, took the mode across all Carta recommendations supplied for this genus regardless of region","catch should not exceed 2018-2022 mean",0.787013688365897
2018,"region_6","rhizoprionodon longurio","species","rhizoprionodon",110050.75,89,279097.63,5,"maximally harvested","no increase","original estimate; Carta recommendation available for this species in this region",2023,NA,"original estimate; Carta recommendation available for this species in this region","catch should not exceed 2018-2022 mean",1
2019,"region_6","rhizoprionodon longurio","species","rhizoprionodon",227074.15,163,279097.63,5,"maximally harvested","no increase","original estimate; Carta recommendation available for this species in this region",2023,NA,"original estimate; Carta recommendation available for this species in this region","catch should not exceed 2018-2022 mean",1
2020,"region_6","rhizoprionodon longurio","species","rhizoprionodon",291806.4,236,279097.63,5,"maximally harvested","no increase","original estimate; Carta recommendation available for this species in this region",2023,NA,"original estimate; Carta recommendation available for this species in this region","catch should not exceed 2018-2022 mean",1
2021,"region_6","rhizoprionodon longurio","species","rhizoprionodon",432196.1,250,279097.63,5,"maximally harvested","no increase","original estimate; Carta recommendation available for this species in this region",2023,NA,"original estimate; Carta recommendation available for this species in this region","catch should not exceed 2018-2022 mean",0.645766192707431
2022,"region_6","rhizoprionodon longurio","species","rhizoprionodon",334360.75,205,279097.63,5,"maximally harvested","no increase","original estimate; Carta recommendation available for this species in this region",2023,NA,"original estimate; Carta recommendation available for this species in this region","catch should not exceed 2018-2022 mean",0.834720074051754
2018,"region_6","scomberomorus sierra","species","scomberomorus",410711,148,653039.92,5,"maximally harvested","no increase","original estimate; Carta recommendation available for this species in this region",2023,NA,"original estimate; Carta recommendation available for this species in this region","catch should not exceed 2018-2022 mean",1
2019,"region_6","scomberomorus sierra","species","scomberomorus",736886,224,653039.92,5,"maximally harvested","no increase","original estimate; Carta recommendation available for this species in this region",2023,NA,"original estimate; Carta recommendation available for this species in this region","catch should not exceed 2018-2022 mean",0.886215669723675
2020,"region_6","scomberomorus sierra","species","scomberomorus",915756.6,300,653039.92,5,"maximally harvested","no increase","original estimate; Carta recommendation available for this species in this region",2023,NA,"original estimate; Carta recommendation available for this species in this region","catch should not exceed 2018-2022 mean",0.71311516619154
2021,"region_6","scomberomorus sierra","species","scomberomorus",684147,295,653039.92,5,"maximally harvested","no increase","original estimate; Carta recommendation available for this species in this region",2023,NA,"original estimate; Carta recommendation available for this species in this region","catch should not exceed 2018-2022 mean",1
2022,"region_6","scomberomorus sierra","species","scomberomorus",517699,238,653039.92,5,"maximally harvested","no increase","original estimate; Carta recommendation available for this species in this region",2023,NA,"original estimate; Carta recommendation available for this species in this region","catch should not exceed 2018-2022 mean",1
2023,"region_6","scomberomorus sierra","species","scomberomorus",550337,234,653039.92,5,"maximally harvested","no increase","original estimate; Carta recommendation available for this species in this region",2023,NA,"original estimate; Carta recommendation available for this species in this region","catch should not exceed 2018-2022 mean",1
2024,"region_6","scomberomorus sierra","species","scomberomorus",536075,220,653039.92,5,"maximally harvested","no increase","original estimate; Carta recommendation available for this species in this region",2023,NA,"original estimate; Carta recommendation available for this species in this region","catch should not exceed 2018-2022 mean",1
2018,"region_6","sphoeroides andersonianus","species","sphoeroides",16329.5,30,20405.55,5,"maximally harvested","no increase",NA,NA,NA,"genus fallback; genus aggregation; took the mode across all Carta recommendations supplied for this genus in this region (in the case of ties: chose the most conservative status and control)","catch should not exceed 2018-2022 mean",1
2019,"region_6","sphoeroides andersonianus","species","sphoeroides",17073.5,18,20405.55,5,"maximally harvested","no increase",NA,NA,NA,"genus fallback; genus aggregation; took the mode across all Carta recommendations supplied for this genus in this region (in the case of ties: chose the most conservative status and control)","catch should not exceed 2018-2022 mean",1
2020,"region_6","sphoeroides andersonianus","species","sphoeroides",31156.05,52,20405.55,5,"maximally harvested","no increase",NA,NA,NA,"genus fallback; genus aggregation; took the mode across all Carta recommendations supplied for this genus in this region (in the case of ties: chose the most conservative status and control)","catch should not exceed 2018-2022 mean",0.654946631553101
2021,"region_6","sphoeroides andersonianus","species","sphoeroides",25178.7,56,20405.55,5,"maximally harvested","no increase",NA,NA,NA,"genus fallback; genus aggregation; took the mode across all Carta recommendations supplied for this genus in this region (in the case of ties: chose the most conservative status and control)","catch should not exceed 2018-2022 mean",0.810429053128239
2022,"region_6","sphoeroides andersonianus","species","sphoeroides",12290,26,20405.55,5,"maximally harvested","no increase",NA,NA,NA,"genus fallback; genus aggregation; took the mode across all Carta recommendations supplied for this genus in this region (in the case of ties: chose the most conservative status and control)","catch should not exceed 2018-2022 mean",1
2023,"region_6","sphoeroides andersonianus","species","sphoeroides",13352,38,20405.55,5,"maximally harvested","no increase",NA,NA,NA,"genus fallback; genus aggregation; took the mode across all Carta recommendations supplied for this genus in this region (in the case of ties: chose the most conservative status and control)","catch should not exceed 2018-2022 mean",1
2024,"region_6","sphoeroides andersonianus","species","sphoeroides",5871,17,20405.55,5,"maximally harvested","no increase",NA,NA,NA,"genus fallback; genus aggregation; took the mode across all Carta recommendations supplied for this genus in this region (in the case of ties: chose the most conservative status and control)","catch should not exceed 2018-2022 mean",1
2019,"region_7","alopias pelagicus","species","alopias",42125,6,68003.5,4,"maximally harvested","no increase","original estimate; Carta recommendation available for this species in this region",2023,NA,"original estimate; Carta recommendation available for this species in this region","catch should not exceed 2018-2022 mean",1
2020,"region_7","alopias pelagicus","species","alopias",56625,4,68003.5,4,"maximally harvested","no increase","original estimate; Carta recommendation available for this species in this region",2023,NA,"original estimate; Carta recommendation available for this species in this region","catch should not exceed 2018-2022 mean",1
2021,"region_7","alopias pelagicus","species","alopias",40625,5,68003.5,4,"maximally harvested","no increase","original estimate; Carta recommendation available for this species in this region",2023,NA,"original estimate; Carta recommendation available for this species in this region","catch should not exceed 2018-2022 mean",1
2022,"region_7","alopias pelagicus","species","alopias",132639,18,68003.5,4,"maximally harvested","no increase","original estimate; Carta recommendation available for this species in this region",2023,NA,"original estimate; Carta recommendation available for this species in this region","catch should not exceed 2018-2022 mean",0.512696115018961
2023,"region_7","alopias pelagicus","species","alopias",278008,37,68003.5,4,"maximally harvested","no increase","original estimate; Carta recommendation available for this species in this region",2023,NA,"original estimate; Carta recommendation available for this species in this region","catch should not exceed 2018-2022 mean",0.244609867341947
2024,"region_7","alopias pelagicus","species","alopias",251375,38,68003.5,4,"maximally harvested","no increase","original estimate; Carta recommendation available for this species in this region",2023,NA,"original estimate; Carta recommendation available for this species in this region","catch should not exceed 2018-2022 mean",0.270526106414719
2018,"region_7","argopecten ventricosus","species","argopecten",823568,28,729401.4,5,"decreasing","decrease","gapfilled estimate; no Carta recommendation for this species in this specific region",2023,NA,"gapfilled estimate; no Carta recommendation for this species in this specific region","catch should be below 2018-2022 mean",0.442830100246731
2019,"region_7","argopecten ventricosus","species","argopecten",525018,52,729401.4,5,"decreasing","decrease","gapfilled estimate; no Carta recommendation for this species in this specific region",2023,NA,"gapfilled estimate; no Carta recommendation for this species in this specific region","catch should be below 2018-2022 mean",0.640103515019302
2020,"region_7","argopecten ventricosus","species","argopecten",322593,30,729401.4,5,"decreasing","decrease","gapfilled estimate; no Carta recommendation for this species in this specific region",2023,NA,"gapfilled estimate; no Carta recommendation for this species in this specific region","catch should be below 2018-2022 mean",0.778864559349626
2021,"region_7","argopecten ventricosus","species","argopecten",433021,83,729401.4,5,"decreasing","decrease","gapfilled estimate; no Carta recommendation for this species in this specific region",2023,NA,"gapfilled estimate; no Carta recommendation for this species in this specific region","catch should be below 2018-2022 mean",0.703166870806664
2022,"region_7","argopecten ventricosus","species","argopecten",1542807,144,729401.4,5,"decreasing","decrease","gapfilled estimate; no Carta recommendation for this species in this specific region",2023,NA,"gapfilled estimate; no Carta recommendation for this species in this specific region","catch should be below 2018-2022 mean",0.236387765935726
2023,"region_7","argopecten ventricosus","species","argopecten",131274,48,729401.4,5,"decreasing","decrease","gapfilled estimate; no Carta recommendation for this species in this specific region",2023,NA,"gapfilled estimate; no Carta recommendation for this species in this specific region","catch should be below 2018-2022 mean",0.910012511629399
2024,"region_7","argopecten ventricosus","species","argopecten",50581,30,729401.4,5,"decreasing","decrease","gapfilled estimate; no Carta recommendation for this species in this specific region",2023,NA,"gapfilled estimate; no Carta recommendation for this species in this specific region","catch should be below 2018-2022 mean",0.965327047631112
2018,"region_7","callinectes bellicosus","species","callinectes",450,1,17322.25,4,"maximally harvested","no increase","original estimate; Carta recommendation available for this species in this region",2023,NA,"original estimate; Carta recommendation available for this species in this region","catch should not exceed 2018-2022 mean",1
2019,"region_7","callinectes bellicosus","species","callinectes",65747,30,17322.25,4,"maximally harvested","no increase","original estimate; Carta recommendation available for this species in this region",2023,NA,"original estimate; Carta recommendation available for this species in this region","catch should not exceed 2018-2022 mean",0.263468295131337
2021,"region_7","callinectes bellicosus","species","callinectes",692,2,17322.25,4,"maximally harvested","no increase","original estimate; Carta recommendation available for this species in this region",2023,NA,"original estimate; Carta recommendation available for this species in this region","catch should not exceed 2018-2022 mean",1
2022,"region_7","callinectes bellicosus","species","callinectes",2400,1,17322.25,4,"maximally harvested","no increase","original estimate; Carta recommendation available for this species in this region",2023,NA,"original estimate; Carta recommendation available for this species in this region","catch should not exceed 2018-2022 mean",1
2023,"region_7","callinectes bellicosus","species","callinectes",15200,4,17322.25,4,"maximally harvested","no increase","original estimate; Carta recommendation available for this species in this region",2023,NA,"original estimate; Carta recommendation available for this species in this region","catch should not exceed 2018-2022 mean",1
2019,"region_7","carcharhinus falciformis","species","carcharhinus",34505,10,88230,4,"maximally harvested","no increase","original estimate; Carta recommendation available for this species in this region",2023,NA,"original estimate; Carta recommendation available for this species in this region","catch should not exceed 2018-2022 mean",1
2020,"region_7","carcharhinus falciformis","species","carcharhinus",158260,18,88230,4,"maximally harvested","no increase","original estimate; Carta recommendation available for this species in this region",2023,NA,"original estimate; Carta recommendation available for this species in this region","catch should not exceed 2018-2022 mean",0.557500315935802
2021,"region_7","carcharhinus falciformis","species","carcharhinus",42880,10,88230,4,"maximally harvested","no increase","original estimate; Carta recommendation available for this species in this region",2023,NA,"original estimate; Carta recommendation available for this species in this region","catch should not exceed 2018-2022 mean",1
2022,"region_7","carcharhinus falciformis","species","carcharhinus",117275,21,88230,4,"maximally harvested","no increase","original estimate; Carta recommendation available for this species in this region",2023,NA,"original estimate; Carta recommendation available for this species in this region","catch should not exceed 2018-2022 mean",0.752334257088041
2023,"region_7","carcharhinus falciformis","species","carcharhinus",106900,14,88230,4,"maximally harvested","no increase","original estimate; Carta recommendation available for this species in this region",2023,NA,"original estimate; Carta recommendation available for this species in this region","catch should not exceed 2018-2022 mean",0.825350795135641
2024,"region_7","carcharhinus falciformis","species","carcharhinus",96500,10,88230,4,"maximally harvested","no increase","original estimate; Carta recommendation available for this species in this region",2023,NA,"original estimate; Carta recommendation available for this species in this region","catch should not exceed 2018-2022 mean",0.914300518134715
2018,"region_7","carcharhinus limbatus","species","carcharhinus",19750,5,30775.25,4,"maximally harvested","no increase","original estimate; Carta recommendation available for this species in this region",2023,NA,"original estimate; Carta recommendation available for this species in this region","catch should not exceed 2018-2022 mean",1
2019,"region_7","carcharhinus limbatus","species","carcharhinus",20333,10,30775.25,4,"maximally harvested","no increase","original estimate; Carta recommendation available for this species in this region",2023,NA,"original estimate; Carta recommendation available for this species in this region","catch should not exceed 2018-2022 mean",1
2020,"region_7","carcharhinus limbatus","species","carcharhinus",51908,23,30775.25,4,"maximally harvested","no increase","original estimate; Carta recommendation available for this species in this region",2023,NA,"original estimate; Carta recommendation available for this species in this region","catch should not exceed 2018-2022 mean",0.592880673499268
2021,"region_7","carcharhinus limbatus","species","carcharhinus",31110,17,30775.25,4,"maximally harvested","no increase","original estimate; Carta recommendation available for this species in this region",2023,NA,"original estimate; Carta recommendation available for this species in this region","catch should not exceed 2018-2022 mean",1
2023,"region_7","carcharhinus limbatus","species","carcharhinus",1113,4,30775.25,4,"maximally harvested","no increase","original estimate; Carta recommendation available for this species in this region",2023,NA,"original estimate; Carta recommendation available for this species in this region","catch should not exceed 2018-2022 mean",1
2018,"region_7","centropomus armatus","species","centropomus",6449,21,12006.68,5,"maximally harvested","no increase","original estimate; Carta recommendation available for this species in this region",2023,NA,"original estimate; Carta recommendation available for this species in this region","catch should not exceed 2018-2022 mean",1
2019,"region_7","centropomus armatus","species","centropomus",9657,20,12006.68,5,"maximally harvested","no increase","original estimate; Carta recommendation available for this species in this region",2023,NA,"original estimate; Carta recommendation available for this species in this region","catch should not exceed 2018-2022 mean",1
2020,"region_7","centropomus armatus","species","centropomus",11281.9,31,12006.68,5,"maximally harvested","no increase","original estimate; Carta recommendation available for this species in this region",2023,NA,"original estimate; Carta recommendation available for this species in this region","catch should not exceed 2018-2022 mean",1
2021,"region_7","centropomus armatus","species","centropomus",8523,44,12006.68,5,"maximally harvested","no increase","original estimate; Carta recommendation available for this species in this region",2023,NA,"original estimate; Carta recommendation available for this species in this region","catch should not exceed 2018-2022 mean",1
2022,"region_7","centropomus armatus","species","centropomus",24122.5,143,12006.68,5,"maximally harvested","no increase","original estimate; Carta recommendation available for this species in this region",2023,NA,"original estimate; Carta recommendation available for this species in this region","catch should not exceed 2018-2022 mean",0.497737796662867
2023,"region_7","centropomus armatus","species","centropomus",10354,45,12006.68,5,"maximally harvested","no increase","original estimate; Carta recommendation available for this species in this region",2023,NA,"original estimate; Carta recommendation available for this species in this region","catch should not exceed 2018-2022 mean",1
2024,"region_7","centropomus armatus","species","centropomus",9108.7,25,12006.68,5,"maximally harvested","no increase","original estimate; Carta recommendation available for this species in this region",2023,NA,"original estimate; Carta recommendation available for this species in this region","catch should not exceed 2018-2022 mean",1
2018,"region_7","cetengraulis mysticetus","species","cetengraulis",33742113.64,179,47346198.544,5,"maximally harvested","no increase","original estimate; Carta recommendation available for this species in this region",2022,NA,"original estimate; Carta recommendation available for this species in this region","catch should not exceed 2018-2022 mean",1
2019,"region_7","cetengraulis mysticetus","species","cetengraulis",17911105.28,130,47346198.544,5,"maximally harvested","no increase","original estimate; Carta recommendation available for this species in this region",2022,NA,"original estimate; Carta recommendation available for this species in this region","catch should not exceed 2018-2022 mean",1
2020,"region_7","cetengraulis mysticetus","species","cetengraulis",12299607.6,119,47346198.544,5,"maximally harvested","no increase","original estimate; Carta recommendation available for this species in this region",2022,NA,"original estimate; Carta recommendation available for this species in this region","catch should not exceed 2018-2022 mean",1
2021,"region_7","cetengraulis mysticetus","species","cetengraulis",115815808.24,590,47346198.544,5,"maximally harvested","no increase","original estimate; Carta recommendation available for this species in this region",2022,NA,"original estimate; Carta recommendation available for this species in this region","catch should not exceed 2018-2022 mean",0.408806010712169
2022,"region_7","cetengraulis mysticetus","species","cetengraulis",56962357.96,347,47346198.544,5,"maximally harvested","no increase","original estimate; Carta recommendation available for this species in this region",2022,NA,"original estimate; Carta recommendation available for this species in this region","catch should not exceed 2018-2022 mean",0.831183964983461
2023,"region_7","cetengraulis mysticetus","species","cetengraulis",175578330,881,47346198.544,5,"maximally harvested","no increase","original estimate; Carta recommendation available for this species in this region",2022,NA,"original estimate; Carta recommendation available for this species in this region","catch should not exceed 2018-2022 mean",0.269658553786222
2024,"region_7","cetengraulis mysticetus","species","cetengraulis",56916184.02,380,47346198.544,5,"maximally harvested","no increase","original estimate; Carta recommendation available for this species in this region",2022,NA,"original estimate; Carta recommendation available for this species in this region","catch should not exceed 2018-2022 mean",0.831858272988977
2018,"region_7","chione fluctifraga","species","chione",32034,31,33412.25,4,"maximally harvested","no increase",NA,NA,NA,"genus fallback; genus aggregation; took the mode across all Carta recommendations supplied for this genus in this region (in the case of ties: chose the most conservative status and control)","catch should not exceed 2018-2022 mean",1
2019,"region_7","chione fluctifraga","species","chione",53830,28,33412.25,4,"maximally harvested","no increase",NA,NA,NA,"genus fallback; genus aggregation; took the mode across all Carta recommendations supplied for this genus in this region (in the case of ties: chose the most conservative status and control)","catch should not exceed 2018-2022 mean",0.620699424112948
2020,"region_7","chione fluctifraga","species","chione",27085,7,33412.25,4,"maximally harvested","no increase",NA,NA,NA,"genus fallback; genus aggregation; took the mode across all Carta recommendations supplied for this genus in this region (in the case of ties: chose the most conservative status and control)","catch should not exceed 2018-2022 mean",1
2022,"region_7","chione fluctifraga","species","chione",20700,2,33412.25,4,"maximally harvested","no increase",NA,NA,NA,"genus fallback; genus aggregation; took the mode across all Carta recommendations supplied for this genus in this region (in the case of ties: chose the most conservative status and control)","catch should not exceed 2018-2022 mean",1
2023,"region_7","chione fluctifraga","species","chione",243,3,33412.25,4,"maximally harvested","no increase",NA,NA,NA,"genus fallback; genus aggregation; took the mode across all Carta recommendations supplied for this genus in this region (in the case of ties: chose the most conservative status and control)","catch should not exceed 2018-2022 mean",1
2018,"region_7","crassostrea gigas","species","crassostrea",59107,19,52069.4,5,"maximally harvested","no increase","original estimate; Carta recommendation available for this species in this region",2017,NA,"original estimate; Carta recommendation available for this species in this region","catch should not exceed 2018-2022 mean",0.880934576276922
2019,"region_7","crassostrea gigas","species","crassostrea",33300,15,52069.4,5,"maximally harvested","no increase","original estimate; Carta recommendation available for this species in this region",2017,NA,"original estimate; Carta recommendation available for this species in this region","catch should not exceed 2018-2022 mean",1
2020,"region_7","crassostrea gigas","species","crassostrea",34180,17,52069.4,5,"maximally harvested","no increase","original estimate; Carta recommendation available for this species in this region",2017,NA,"original estimate; Carta recommendation available for this species in this region","catch should not exceed 2018-2022 mean",1
2021,"region_7","crassostrea gigas","species","crassostrea",42500,13,52069.4,5,"maximally harvested","no increase","original estimate; Carta recommendation available for this species in this region",2017,NA,"original estimate; Carta recommendation available for this species in this region","catch should not exceed 2018-2022 mean",1
2022,"region_7","crassostrea gigas","species","crassostrea",91260,27,52069.4,5,"maximally harvested","no increase","original estimate; Carta recommendation available for this species in this region",2017,NA,"original estimate; Carta recommendation available for this species in this region","catch should not exceed 2018-2022 mean",0.570561034407188
2023,"region_7","crassostrea gigas","species","crassostrea",53500,38,52069.4,5,"maximally harvested","no increase","original estimate; Carta recommendation available for this species in this region",2017,NA,"original estimate; Carta recommendation available for this species in this region","catch should not exceed 2018-2022 mean",1
2024,"region_7","crassostrea gigas","species","crassostrea",57650,32,52069.4,5,"maximally harvested","no increase","original estimate; Carta recommendation available for this species in this region",2017,NA,"original estimate; Carta recommendation available for this species in this region","catch should not exceed 2018-2022 mean",0.903198612315698
2018,"region_7","cynoscion acoupa","species","cynoscion",252100.8,277,321134.96,5,"maximally harvested","no increase",NA,NA,NA,"genus fallback; genus aggregation; took the mode across all Carta recommendations supplied for this genus in this region (in the case of ties: chose the most conservative status and control)","catch should not exceed 2018-2022 mean",1
2019,"region_7","cynoscion acoupa","species","cynoscion",153830.2,264,321134.96,5,"maximally harvested","no increase",NA,NA,NA,"genus fallback; genus aggregation; took the mode across all Carta recommendations supplied for this genus in this region (in the case of ties: chose the most conservative status and control)","catch should not exceed 2018-2022 mean",1
2020,"region_7","cynoscion acoupa","species","cynoscion",391979.6,232,321134.96,5,"maximally harvested","no increase",NA,NA,NA,"genus fallback; genus aggregation; took the mode across all Carta recommendations supplied for this genus in this region (in the case of ties: chose the most conservative status and control)","catch should not exceed 2018-2022 mean",0.8192644719266
2021,"region_7","cynoscion acoupa","species","cynoscion",532022.4,299,321134.96,5,"maximally harvested","no increase",NA,NA,NA,"genus fallback; genus aggregation; took the mode across all Carta recommendations supplied for this genus in this region (in the case of ties: chose the most conservative status and control)","catch should not exceed 2018-2022 mean",0.603611727626506
2022,"region_7","cynoscion acoupa","species","cynoscion",275741.8,289,321134.96,5,"maximally harvested","no increase",NA,NA,NA,"genus fallback; genus aggregation; took the mode across all Carta recommendations supplied for this genus in this region (in the case of ties: chose the most conservative status and control)","catch should not exceed 2018-2022 mean",1
2023,"region_7","cynoscion acoupa","species","cynoscion",370929,242,321134.96,5,"maximally harvested","no increase",NA,NA,NA,"genus fallback; genus aggregation; took the mode across all Carta recommendations supplied for this genus in this region (in the case of ties: chose the most conservative status and control)","catch should not exceed 2018-2022 mean",0.865758568351356
2024,"region_7","cynoscion acoupa","species","cynoscion",264557.8,216,321134.96,5,"maximally harvested","no increase",NA,NA,NA,"genus fallback; genus aggregation; took the mode across all Carta recommendations supplied for this genus in this region (in the case of ties: chose the most conservative status and control)","catch should not exceed 2018-2022 mean",1
2018,"region_7","cynoscion parvipinnis","species","cynoscion",660,3,365,4,"maximally harvested","no increase",NA,NA,NA,"genus fallback; genus aggregation; took the mode across all Carta recommendations supplied for this genus in this region (in the case of ties: chose the most conservative status and control)","catch should not exceed 2018-2022 mean",0.553030303030303
2019,"region_7","cynoscion parvipinnis","species","cynoscion",400,2,365,4,"maximally harvested","no increase",NA,NA,NA,"genus fallback; genus aggregation; took the mode across all Carta recommendations supplied for this genus in this region (in the case of ties: chose the most conservative status and control)","catch should not exceed 2018-2022 mean",0.9125
2020,"region_7","cynoscion parvipinnis","species","cynoscion",350,1,365,4,"maximally harvested","no increase",NA,NA,NA,"genus fallback; genus aggregation; took the mode across all Carta recommendations supplied for this genus in this region (in the case of ties: chose the most conservative status and control)","catch should not exceed 2018-2022 mean",1
2022,"region_7","cynoscion parvipinnis","species","cynoscion",50,1,365,4,"maximally harvested","no increase",NA,NA,NA,"genus fallback; genus aggregation; took the mode across all Carta recommendations supplied for this genus in this region (in the case of ties: chose the most conservative status and control)","catch should not exceed 2018-2022 mean",1
2018,"region_7","cynoscion reticulatus","species","cynoscion",1255,1,3822.8,5,"maximally harvested","no increase",NA,NA,NA,"genus fallback; genus aggregation; took the mode across all Carta recommendations supplied for this genus in this region (in the case of ties: chose the most conservative status and control)","catch should not exceed 2018-2022 mean",1
2019,"region_7","cynoscion reticulatus","species","cynoscion",420,2,3822.8,5,"maximally harvested","no increase",NA,NA,NA,"genus fallback; genus aggregation; took the mode across all Carta recommendations supplied for this genus in this region (in the case of ties: chose the most conservative status and control)","catch should not exceed 2018-2022 mean",1
2020,"region_7","cynoscion reticulatus","species","cynoscion",2750,4,3822.8,5,"maximally harvested","no increase",NA,NA,NA,"genus fallback; genus aggregation; took the mode across all Carta recommendations supplied for this genus in this region (in the case of ties: chose the most conservative status and control)","catch should not exceed 2018-2022 mean",1
2021,"region_7","cynoscion reticulatus","species","cynoscion",5345,7,3822.8,5,"maximally harvested","no increase",NA,NA,NA,"genus fallback; genus aggregation; took the mode across all Carta recommendations supplied for this genus in this region (in the case of ties: chose the most conservative status and control)","catch should not exceed 2018-2022 mean",0.715210477081385
2022,"region_7","cynoscion reticulatus","species","cynoscion",9344,8,3822.8,5,"maximally harvested","no increase",NA,NA,NA,"genus fallback; genus aggregation; took the mode across all Carta recommendations supplied for this genus in this region (in the case of ties: chose the most conservative status and control)","catch should not exceed 2018-2022 mean",0.409118150684932
2023,"region_7","cynoscion reticulatus","species","cynoscion",24640,8,3822.8,5,"maximally harvested","no increase",NA,NA,NA,"genus fallback; genus aggregation; took the mode across all Carta recommendations supplied for this genus in this region (in the case of ties: chose the most conservative status and control)","catch should not exceed 2018-2022 mean",0.155146103896104
2024,"region_7","cynoscion reticulatus","species","cynoscion",35839,15,3822.8,5,"maximally harvested","no increase",NA,NA,NA,"genus fallback; genus aggregation; took the mode across all Carta recommendations supplied for this genus in this region (in the case of ties: chose the most conservative status and control)","catch should not exceed 2018-2022 mean",0.106665922598287
2018,"region_7","cynoscion xanthulus","species","cynoscion",2280,7,6744.2,5,"maximally harvested","no increase",NA,NA,NA,"genus fallback; genus aggregation; took the mode across all Carta recommendations supplied for this genus in this region (in the case of ties: chose the most conservative status and control)","catch should not exceed 2018-2022 mean",1
2019,"region_7","cynoscion xanthulus","species","cynoscion",1960,8,6744.2,5,"maximally harvested","no increase",NA,NA,NA,"genus fallback; genus aggregation; took the mode across all Carta recommendations supplied for this genus in this region (in the case of ties: chose the most conservative status and control)","catch should not exceed 2018-2022 mean",1
2020,"region_7","cynoscion xanthulus","species","cynoscion",20189,11,6744.2,5,"maximally harvested","no increase",NA,NA,NA,"genus fallback; genus aggregation; took the mode across all Carta recommendations supplied for this genus in this region (in the case of ties: chose the most conservative status and control)","catch should not exceed 2018-2022 mean",0.334053197285651
2021,"region_7","cynoscion xanthulus","species","cynoscion",5160,12,6744.2,5,"maximally harvested","no increase",NA,NA,NA,"genus fallback; genus aggregation; took the mode across all Carta recommendations supplied for this genus in this region (in the case of ties: chose the most conservative status and control)","catch should not exceed 2018-2022 mean",1
2022,"region_7","cynoscion xanthulus","species","cynoscion",4132,10,6744.2,5,"maximally harvested","no increase",NA,NA,NA,"genus fallback; genus aggregation; took the mode across all Carta recommendations supplied for this genus in this region (in the case of ties: chose the most conservative status and control)","catch should not exceed 2018-2022 mean",1
2023,"region_7","cynoscion xanthulus","species","cynoscion",11115,31,6744.2,5,"maximally harvested","no increase",NA,NA,NA,"genus fallback; genus aggregation; took the mode across all Carta recommendations supplied for this genus in this region (in the case of ties: chose the most conservative status and control)","catch should not exceed 2018-2022 mean",0.60676563202879
2024,"region_7","cynoscion xanthulus","species","cynoscion",147415.5,113,6744.2,5,"maximally harvested","no increase",NA,NA,NA,"genus fallback; genus aggregation; took the mode across all Carta recommendations supplied for this genus in this region (in the case of ties: chose the most conservative status and control)","catch should not exceed 2018-2022 mean",0.0457495989227727
2018,"region_7","dosidicus gigas","species","dosidicus",75962.5,83,127417.32,5,"maximally harvested","no increase","original estimate; Carta recommendation available for this species in this region",2022,"specifically says to not increase fishing effort in the Gulf of California","original estimate; Carta recommendation available for this species in this region","catch should not exceed 2018-2022 mean",1
2019,"region_7","dosidicus gigas","species","dosidicus",99326,90,127417.32,5,"maximally harvested","no increase","original estimate; Carta recommendation available for this species in this region",2022,"specifically says to not increase fishing effort in the Gulf of California","original estimate; Carta recommendation available for this species in this region","catch should not exceed 2018-2022 mean",1
2020,"region_7","dosidicus gigas","species","dosidicus",62386.5,73,127417.32,5,"maximally harvested","no increase","original estimate; Carta recommendation available for this species in this region",2022,"specifically says to not increase fishing effort in the Gulf of California","original estimate; Carta recommendation available for this species in this region","catch should not exceed 2018-2022 mean",1
2021,"region_7","dosidicus gigas","species","dosidicus",231727,141,127417.32,5,"maximally harvested","no increase","original estimate; Carta recommendation available for this species in this region",2022,"specifically says to not increase fishing effort in the Gulf of California","original estimate; Carta recommendation available for this species in this region","catch should not exceed 2018-2022 mean",0.549859619293393
2022,"region_7","dosidicus gigas","species","dosidicus",167684.6,153,127417.32,5,"maximally harvested","no increase","original estimate; Carta recommendation available for this species in this region",2022,"specifically says to not increase fishing effort in the Gulf of California","original estimate; Carta recommendation available for this species in this region","catch should not exceed 2018-2022 mean",0.759862980858111
2023,"region_7","dosidicus gigas","species","dosidicus",36676,162,127417.32,5,"maximally harvested","no increase","original estimate; Carta recommendation available for this species in this region",2022,"specifically says to not increase fishing effort in the Gulf of California","original estimate; Carta recommendation available for this species in this region","catch should not exceed 2018-2022 mean",1
2024,"region_7","dosidicus gigas","species","dosidicus",83318,128,127417.32,5,"maximally harvested","no increase","original estimate; Carta recommendation available for this species in this region",2022,"specifically says to not increase fishing effort in the Gulf of California","original estimate; Carta recommendation available for this species in this region","catch should not exceed 2018-2022 mean",1
2018,"region_7","dosinia ponderosa","species","dosinia",188629,62,133564.4,5,"maximally harvested","no increase","original estimate; Carta recommendation available for this species in this region",2023,"highly variable catch","original estimate; Carta recommendation available for this species in this region","catch should not exceed 2018-2022 mean",0.708079881672489
2019,"region_7","dosinia ponderosa","species","dosinia",63537,45,133564.4,5,"maximally harvested","no increase","original estimate; Carta recommendation available for this species in this region",2023,"highly variable catch","original estimate; Carta recommendation available for this species in this region","catch should not exceed 2018-2022 mean",1
2020,"region_7","dosinia ponderosa","species","dosinia",39234,65,133564.4,5,"maximally harvested","no increase","original estimate; Carta recommendation available for this species in this region",2023,"highly variable catch","original estimate; Carta recommendation available for this species in this region","catch should not exceed 2018-2022 mean",1
2021,"region_7","dosinia ponderosa","species","dosinia",111811,97,133564.4,5,"maximally harvested","no increase","original estimate; Carta recommendation available for this species in this region",2023,"highly variable catch","original estimate; Carta recommendation available for this species in this region","catch should not exceed 2018-2022 mean",1
2022,"region_7","dosinia ponderosa","species","dosinia",264611,118,133564.4,5,"maximally harvested","no increase","original estimate; Carta recommendation available for this species in this region",2023,"highly variable catch","original estimate; Carta recommendation available for this species in this region","catch should not exceed 2018-2022 mean",0.504757549761726
2023,"region_7","dosinia ponderosa","species","dosinia",348261,95,133564.4,5,"maximally harvested","no increase","original estimate; Carta recommendation available for this species in this region",2023,"highly variable catch","original estimate; Carta recommendation available for this species in this region","catch should not exceed 2018-2022 mean",0.383518108545028
2024,"region_7","dosinia ponderosa","species","dosinia",297409,87,133564.4,5,"maximally harvested","no increase","original estimate; Carta recommendation available for this species in this region",2023,"highly variable catch","original estimate; Carta recommendation available for this species in this region","catch should not exceed 2018-2022 mean",0.449093336112895
2018,"region_7","engraulis mordax","species","engraulis",103389121.48,614,186468297.352,5,"maximally harvested","no increase","original estimate; Carta recommendation available for this species in this region",2022,NA,"original estimate; Carta recommendation available for this species in this region","catch should not exceed 2018-2022 mean",1
2019,"region_7","engraulis mordax","species","engraulis",131492989,907,186468297.352,5,"maximally harvested","no increase","original estimate; Carta recommendation available for this species in this region",2022,NA,"original estimate; Carta recommendation available for this species in this region","catch should not exceed 2018-2022 mean",1
2020,"region_7","engraulis mordax","species","engraulis",155647105.24,1096,186468297.352,5,"maximally harvested","no increase","original estimate; Carta recommendation available for this species in this region",2022,NA,"original estimate; Carta recommendation available for this species in this region","catch should not exceed 2018-2022 mean",1
2021,"region_7","engraulis mordax","species","engraulis",252225657.92,1503,186468297.352,5,"maximally harvested","no increase","original estimate; Carta recommendation available for this species in this region",2022,NA,"original estimate; Carta recommendation available for this species in this region","catch should not exceed 2018-2022 mean",0.739291549042736
2022,"region_7","engraulis mordax","species","engraulis",289586613.12,1757,186468297.352,5,"maximally harvested","no increase","original estimate; Carta recommendation available for this species in this region",2022,NA,"original estimate; Carta recommendation available for this species in this region","catch should not exceed 2018-2022 mean",0.643912007336923
2018,"region_7","etrumeus acuminatus","species","etrumeus",14961989.14,212,8375249.996,5,"maximally harvested","no increase",NA,NA,NA,"genus fallback; genus aggregation; took the mode across all Carta recommendations supplied for this genus in this region (in the case of ties: chose the most conservative status and control)","catch should not exceed 2018-2022 mean",0.559768485168143
2019,"region_7","etrumeus acuminatus","species","etrumeus",12545467.28,183,8375249.996,5,"maximally harvested","no increase",NA,NA,NA,"genus fallback; genus aggregation; took the mode across all Carta recommendations supplied for this genus in this region (in the case of ties: chose the most conservative status and control)","catch should not exceed 2018-2022 mean",0.667591713331542
2020,"region_7","etrumeus acuminatus","species","etrumeus",6914008.32,121,8375249.996,5,"maximally harvested","no increase",NA,NA,NA,"genus fallback; genus aggregation; took the mode across all Carta recommendations supplied for this genus in this region (in the case of ties: chose the most conservative status and control)","catch should not exceed 2018-2022 mean",1
2021,"region_7","etrumeus acuminatus","species","etrumeus",3438739.96,48,8375249.996,5,"maximally harvested","no increase",NA,NA,NA,"genus fallback; genus aggregation; took the mode across all Carta recommendations supplied for this genus in this region (in the case of ties: chose the most conservative status and control)","catch should not exceed 2018-2022 mean",1
2022,"region_7","etrumeus acuminatus","species","etrumeus",4016045.28,68,8375249.996,5,"maximally harvested","no increase",NA,NA,NA,"genus fallback; genus aggregation; took the mode across all Carta recommendations supplied for this genus in this region (in the case of ties: chose the most conservative status and control)","catch should not exceed 2018-2022 mean",1
2018,"region_7","hoplopagrus guentherii","species","hoplopagrus",558,3,1787.64,5,"maximally harvested","no increase","original estimate; Carta recommendation available for this species in this region",2023,NA,"original estimate; Carta recommendation available for this species in this region","catch should not exceed 2018-2022 mean",1
2019,"region_7","hoplopagrus guentherii","species","hoplopagrus",490,3,1787.64,5,"maximally harvested","no increase","original estimate; Carta recommendation available for this species in this region",2023,NA,"original estimate; Carta recommendation available for this species in this region","catch should not exceed 2018-2022 mean",1
2020,"region_7","hoplopagrus guentherii","species","hoplopagrus",1893.8,8,1787.64,5,"maximally harvested","no increase","original estimate; Carta recommendation available for this species in this region",2023,NA,"original estimate; Carta recommendation available for this species in this region","catch should not exceed 2018-2022 mean",0.943943394233816
2021,"region_7","hoplopagrus guentherii","species","hoplopagrus",1848,15,1787.64,5,"maximally harvested","no increase","original estimate; Carta recommendation available for this species in this region",2023,NA,"original estimate; Carta recommendation available for this species in this region","catch should not exceed 2018-2022 mean",1
2022,"region_7","hoplopagrus guentherii","species","hoplopagrus",4148.4,21,1787.64,5,"maximally harvested","no increase","original estimate; Carta recommendation available for this species in this region",2023,NA,"original estimate; Carta recommendation available for this species in this region","catch should not exceed 2018-2022 mean",0.430922765403529
2023,"region_7","hoplopagrus guentherii","species","hoplopagrus",3079,15,1787.64,5,"maximally harvested","no increase","original estimate; Carta recommendation available for this species in this region",2023,NA,"original estimate; Carta recommendation available for this species in this region","catch should not exceed 2018-2022 mean",0.58059110100682
2024,"region_7","hoplopagrus guentherii","species","hoplopagrus",3344,23,1787.64,5,"maximally harvested","no increase","original estimate; Carta recommendation available for this species in this region",2023,NA,"original estimate; Carta recommendation available for this species in this region","catch should not exceed 2018-2022 mean",0.534581339712919
2019,"region_7","litopenaeus stylirostris","species","litopenaeus",19467.2,11,21479.2,4,"maximally harvested","no increase","original estimate; Carta recommendation available for this species in this region",2017,NA,"original estimate; Carta recommendation available for this species in this region","catch should not exceed 2018-2022 mean",1
2020,"region_7","litopenaeus stylirostris","species","litopenaeus",30633.6,21,21479.2,4,"maximally harvested","no increase","original estimate; Carta recommendation available for this species in this region",2017,NA,"original estimate; Carta recommendation available for this species in this region","catch should not exceed 2018-2022 mean",0.701164734148125
2021,"region_7","litopenaeus stylirostris","species","litopenaeus",22540.8,22,21479.2,4,"maximally harvested","no increase","original estimate; Carta recommendation available for this species in this region",2017,NA,"original estimate; Carta recommendation available for this species in this region","catch should not exceed 2018-2022 mean",1
2022,"region_7","litopenaeus stylirostris","species","litopenaeus",13275.2,11,21479.2,4,"maximally harvested","no increase","original estimate; Carta recommendation available for this species in this region",2017,NA,"original estimate; Carta recommendation available for this species in this region","catch should not exceed 2018-2022 mean",1
2018,"region_7","litopenaeus vannamei","species","litopenaeus",27492817,745,34148195.24,5,"maximally harvested","no increase","original estimate; Carta recommendation available for this species in this region",2017,NA,"original estimate; Carta recommendation available for this species in this region","catch should not exceed 2018-2022 mean",1
2019,"region_7","litopenaeus vannamei","species","litopenaeus",37985524.8,901,34148195.24,5,"maximally harvested","no increase","original estimate; Carta recommendation available for this species in this region",2017,NA,"original estimate; Carta recommendation available for this species in this region","catch should not exceed 2018-2022 mean",0.898979161662129
2020,"region_7","litopenaeus vannamei","species","litopenaeus",32744123.6,1113,34148195.24,5,"maximally harvested","no increase","original estimate; Carta recommendation available for this species in this region",2017,NA,"original estimate; Carta recommendation available for this species in this region","catch should not exceed 2018-2022 mean",1
2021,"region_7","litopenaeus vannamei","species","litopenaeus",35414321,880,34148195.24,5,"maximally harvested","no increase","original estimate; Carta recommendation available for this species in this region",2017,NA,"original estimate; Carta recommendation available for this species in this region","catch should not exceed 2018-2022 mean",1
2022,"region_7","litopenaeus vannamei","species","litopenaeus",37104189.8,1197,34148195.24,5,"maximally harvested","no increase","original estimate; Carta recommendation available for this species in this region",2017,NA,"original estimate; Carta recommendation available for this species in this region","catch should not exceed 2018-2022 mean",0.920332593813974
2018,"region_7","lutjanus adetii","species","lutjanus",149398.6,294,168550.74,5,"maximally harvested","no increase",NA,NA,NA,"genus fallback; genus aggregation; took the mode across all Carta recommendations supplied for this genus in this region (in the case of ties: chose the most conservative status and control)","catch should not exceed 2018-2022 mean",1
2019,"region_7","lutjanus adetii","species","lutjanus",146080.2,328,168550.74,5,"maximally harvested","no increase",NA,NA,NA,"genus fallback; genus aggregation; took the mode across all Carta recommendations supplied for this genus in this region (in the case of ties: chose the most conservative status and control)","catch should not exceed 2018-2022 mean",1
2020,"region_7","lutjanus adetii","species","lutjanus",174781.55,391,168550.74,5,"maximally harvested","no increase",NA,NA,NA,"genus fallback; genus aggregation; took the mode across all Carta recommendations supplied for this genus in this region (in the case of ties: chose the most conservative status and control)","catch should not exceed 2018-2022 mean",1
2021,"region_7","lutjanus adetii","species","lutjanus",196896.75,434,168550.74,5,"maximally harvested","no increase",NA,NA,NA,"genus fallback; genus aggregation; took the mode across all Carta recommendations supplied for this genus in this region (in the case of ties: chose the most conservative status and control)","catch should not exceed 2018-2022 mean",0.856036171242034
2022,"region_7","lutjanus adetii","species","lutjanus",175596.6,517,168550.74,5,"maximally harvested","no increase",NA,NA,NA,"genus fallback; genus aggregation; took the mode across all Carta recommendations supplied for this genus in this region (in the case of ties: chose the most conservative status and control)","catch should not exceed 2018-2022 mean",1
2023,"region_7","lutjanus adetii","species","lutjanus",161151,400,168550.74,5,"maximally harvested","no increase",NA,NA,NA,"genus fallback; genus aggregation; took the mode across all Carta recommendations supplied for this genus in this region (in the case of ties: chose the most conservative status and control)","catch should not exceed 2018-2022 mean",1
2024,"region_7","lutjanus adetii","species","lutjanus",88560,215,168550.74,5,"maximally harvested","no increase",NA,NA,NA,"genus fallback; genus aggregation; took the mode across all Carta recommendations supplied for this genus in this region (in the case of ties: chose the most conservative status and control)","catch should not exceed 2018-2022 mean",1
2018,"region_7","lutjanus argentiventris","species","lutjanus",2474,9,3233.92,5,"maximally harvested","no increase","original estimate; Carta recommendation available for this species in this region",2023,NA,"original estimate; Carta recommendation available for this species in this region","catch should not exceed 2018-2022 mean",1
2019,"region_7","lutjanus argentiventris","species","lutjanus",2205.5,11,3233.92,5,"maximally harvested","no increase","original estimate; Carta recommendation available for this species in this region",2023,NA,"original estimate; Carta recommendation available for this species in this region","catch should not exceed 2018-2022 mean",1
2020,"region_7","lutjanus argentiventris","species","lutjanus",765.7,7,3233.92,5,"maximally harvested","no increase","original estimate; Carta recommendation available for this species in this region",2023,NA,"original estimate; Carta recommendation available for this species in this region","catch should not exceed 2018-2022 mean",1
2021,"region_7","lutjanus argentiventris","species","lutjanus",4975.8,16,3233.92,5,"maximally harvested","no increase","original estimate; Carta recommendation available for this species in this region",2023,NA,"original estimate; Carta recommendation available for this species in this region","catch should not exceed 2018-2022 mean",0.649929659552233
2022,"region_7","lutjanus argentiventris","species","lutjanus",5748.6,10,3233.92,5,"maximally harvested","no increase","original estimate; Carta recommendation available for this species in this region",2023,NA,"original estimate; Carta recommendation available for this species in this region","catch should not exceed 2018-2022 mean",0.56255784016978
2023,"region_7","lutjanus argentiventris","species","lutjanus",5734,15,3233.92,5,"maximally harvested","no increase","original estimate; Carta recommendation available for this species in this region",2023,NA,"original estimate; Carta recommendation available for this species in this region","catch should not exceed 2018-2022 mean",0.563990233693757
2024,"region_7","lutjanus argentiventris","species","lutjanus",26779.3,42,3233.92,5,"maximally harvested","no increase","original estimate; Carta recommendation available for this species in this region",2023,NA,"original estimate; Carta recommendation available for this species in this region","catch should not exceed 2018-2022 mean",0.120761931790599
2018,"region_7","lutjanus campechanus","species","lutjanus",6017,6,27635.74,5,"maximally harvested","no increase",NA,NA,NA,"genus fallback; genus aggregation; took the mode across all Carta recommendations supplied for this genus in this region (in the case of ties: chose the most conservative status and control)","catch should not exceed 2018-2022 mean",1
2019,"region_7","lutjanus campechanus","species","lutjanus",67753.4,73,27635.74,5,"maximally harvested","no increase",NA,NA,NA,"genus fallback; genus aggregation; took the mode across all Carta recommendations supplied for this genus in this region (in the case of ties: chose the most conservative status and control)","catch should not exceed 2018-2022 mean",0.407887131863493
2020,"region_7","lutjanus campechanus","species","lutjanus",36593.7,38,27635.74,5,"maximally harvested","no increase",NA,NA,NA,"genus fallback; genus aggregation; took the mode across all Carta recommendations supplied for this genus in this region (in the case of ties: chose the most conservative status and control)","catch should not exceed 2018-2022 mean",0.755204857666757
2021,"region_7","lutjanus campechanus","species","lutjanus",13384.8,23,27635.74,5,"maximally harvested","no increase",NA,NA,NA,"genus fallback; genus aggregation; took the mode across all Carta recommendations supplied for this genus in this region (in the case of ties: chose the most conservative status and control)","catch should not exceed 2018-2022 mean",1
2022,"region_7","lutjanus campechanus","species","lutjanus",14429.8,35,27635.74,5,"maximally harvested","no increase",NA,NA,NA,"genus fallback; genus aggregation; took the mode across all Carta recommendations supplied for this genus in this region (in the case of ties: chose the most conservative status and control)","catch should not exceed 2018-2022 mean",1
2023,"region_7","lutjanus campechanus","species","lutjanus",10850,31,27635.74,5,"maximally harvested","no increase",NA,NA,NA,"genus fallback; genus aggregation; took the mode across all Carta recommendations supplied for this genus in this region (in the case of ties: chose the most conservative status and control)","catch should not exceed 2018-2022 mean",1
2024,"region_7","lutjanus campechanus","species","lutjanus",21067.2,35,27635.74,5,"maximally harvested","no increase",NA,NA,NA,"genus fallback; genus aggregation; took the mode across all Carta recommendations supplied for this genus in this region (in the case of ties: chose the most conservative status and control)","catch should not exceed 2018-2022 mean",1
2018,"region_7","lutjanus colorado","species","lutjanus",473,2,9924.02,5,"maximally harvested","no increase","original estimate; Carta recommendation available for this species in this region",2023,NA,"original estimate; Carta recommendation available for this species in this region","catch should not exceed 2018-2022 mean",1
2019,"region_7","lutjanus colorado","species","lutjanus",8016.6,19,9924.02,5,"maximally harvested","no increase","original estimate; Carta recommendation available for this species in this region",2023,NA,"original estimate; Carta recommendation available for this species in this region","catch should not exceed 2018-2022 mean",1
2020,"region_7","lutjanus colorado","species","lutjanus",5411.5,7,9924.02,5,"maximally harvested","no increase","original estimate; Carta recommendation available for this species in this region",2023,NA,"original estimate; Carta recommendation available for this species in this region","catch should not exceed 2018-2022 mean",1
2021,"region_7","lutjanus colorado","species","lutjanus",32470,18,9924.02,5,"maximally harvested","no increase","original estimate; Carta recommendation available for this species in this region",2023,NA,"original estimate; Carta recommendation available for this species in this region","catch should not exceed 2018-2022 mean",0.305636587619341
2022,"region_7","lutjanus colorado","species","lutjanus",3249,12,9924.02,5,"maximally harvested","no increase","original estimate; Carta recommendation available for this species in this region",2023,NA,"original estimate; Carta recommendation available for this species in this region","catch should not exceed 2018-2022 mean",1
2023,"region_7","lutjanus colorado","species","lutjanus",13469,19,9924.02,5,"maximally harvested","no increase","original estimate; Carta recommendation available for this species in this region",2023,NA,"original estimate; Carta recommendation available for this species in this region","catch should not exceed 2018-2022 mean",0.736804514069344
2024,"region_7","lutjanus colorado","species","lutjanus",20471.3,43,9924.02,5,"maximally harvested","no increase","original estimate; Carta recommendation available for this species in this region",2023,NA,"original estimate; Carta recommendation available for this species in this region","catch should not exceed 2018-2022 mean",0.484777224699946
2018,"region_7","lutjanus guttatus","species","lutjanus",5482.8,24,13440.54,5,"maximally harvested","no increase","original estimate; Carta recommendation available for this species in this region",2023,NA,"original estimate; Carta recommendation available for this species in this region","catch should not exceed 2018-2022 mean",1
2019,"region_7","lutjanus guttatus","species","lutjanus",7876,17,13440.54,5,"maximally harvested","no increase","original estimate; Carta recommendation available for this species in this region",2023,NA,"original estimate; Carta recommendation available for this species in this region","catch should not exceed 2018-2022 mean",1
2020,"region_7","lutjanus guttatus","species","lutjanus",40759,22,13440.54,5,"maximally harvested","no increase","original estimate; Carta recommendation available for this species in this region",2023,NA,"original estimate; Carta recommendation available for this species in this region","catch should not exceed 2018-2022 mean",0.329756372825634
2021,"region_7","lutjanus guttatus","species","lutjanus",6811.5,26,13440.54,5,"maximally harvested","no increase","original estimate; Carta recommendation available for this species in this region",2023,NA,"original estimate; Carta recommendation available for this species in this region","catch should not exceed 2018-2022 mean",1
2022,"region_7","lutjanus guttatus","species","lutjanus",6273.4,21,13440.54,5,"maximally harvested","no increase","original estimate; Carta recommendation available for this species in this region",2023,NA,"original estimate; Carta recommendation available for this species in this region","catch should not exceed 2018-2022 mean",1
2023,"region_7","lutjanus guttatus","species","lutjanus",17969,22,13440.54,5,"maximally harvested","no increase","original estimate; Carta recommendation available for this species in this region",2023,NA,"original estimate; Carta recommendation available for this species in this region","catch should not exceed 2018-2022 mean",0.7479848628193
2024,"region_7","lutjanus guttatus","species","lutjanus",17404,17,13440.54,5,"maximally harvested","no increase","original estimate; Carta recommendation available for this species in this region",2023,NA,"original estimate; Carta recommendation available for this species in this region","catch should not exceed 2018-2022 mean",0.772267294874741
2019,"region_7","lutjanus novemfasciatus","species","lutjanus",205.7,1,2373.7375,4,"maximally harvested","no increase","original estimate; Carta recommendation available for this species in this region",2023,NA,"original estimate; Carta recommendation available for this species in this region","catch should not exceed 2018-2022 mean",1
2020,"region_7","lutjanus novemfasciatus","species","lutjanus",218.5,4,2373.7375,4,"maximally harvested","no increase","original estimate; Carta recommendation available for this species in this region",2023,NA,"original estimate; Carta recommendation available for this species in this region","catch should not exceed 2018-2022 mean",1
2021,"region_7","lutjanus novemfasciatus","species","lutjanus",6413.75,14,2373.7375,4,"maximally harvested","no increase","original estimate; Carta recommendation available for this species in this region",2023,NA,"original estimate; Carta recommendation available for this species in this region","catch should not exceed 2018-2022 mean",0.370101344767102
2022,"region_7","lutjanus novemfasciatus","species","lutjanus",2657,7,2373.7375,4,"maximally harvested","no increase","original estimate; Carta recommendation available for this species in this region",2023,NA,"original estimate; Carta recommendation available for this species in this region","catch should not exceed 2018-2022 mean",0.893390101618367
2024,"region_7","lutjanus novemfasciatus","species","lutjanus",2102,4,2373.7375,4,"maximally harvested","no increase","original estimate; Carta recommendation available for this species in this region",2023,NA,"original estimate; Carta recommendation available for this species in this region","catch should not exceed 2018-2022 mean",1
2018,"region_7","lutjanus peru","species","lutjanus",2037.5,3,2585.5,5,"maximally harvested","no increase","original estimate; Carta recommendation available for this species in this region",2023,NA,"original estimate; Carta recommendation available for this species in this region","catch should not exceed 2018-2022 mean",1
2019,"region_7","lutjanus peru","species","lutjanus",3613.75,6,2585.5,5,"maximally harvested","no increase","original estimate; Carta recommendation available for this species in this region",2023,NA,"original estimate; Carta recommendation available for this species in this region","catch should not exceed 2018-2022 mean",0.715461777931512
2020,"region_7","lutjanus peru","species","lutjanus",4875,5,2585.5,5,"maximally harvested","no increase","original estimate; Carta recommendation available for this species in this region",2023,NA,"original estimate; Carta recommendation available for this species in this region","catch should not exceed 2018-2022 mean",0.530358974358974
2021,"region_7","lutjanus peru","species","lutjanus",1795,3,2585.5,5,"maximally harvested","no increase","original estimate; Carta recommendation available for this species in this region",2023,NA,"original estimate; Carta recommendation available for this species in this region","catch should not exceed 2018-2022 mean",1
2022,"region_7","lutjanus peru","species","lutjanus",606.25,3,2585.5,5,"maximally harvested","no increase","original estimate; Carta recommendation available for this species in this region",2023,NA,"original estimate; Carta recommendation available for this species in this region","catch should not exceed 2018-2022 mean",1
2023,"region_7","lutjanus peru","species","lutjanus",87391,110,2585.5,5,"maximally harvested","no increase","original estimate; Carta recommendation available for this species in this region",2023,NA,"original estimate; Carta recommendation available for this species in this region","catch should not exceed 2018-2022 mean",0.0295854264169079
2024,"region_7","lutjanus peru","species","lutjanus",59218.75,91,2585.5,5,"maximally harvested","no increase","original estimate; Carta recommendation available for this species in this region",2023,NA,"original estimate; Carta recommendation available for this species in this region","catch should not exceed 2018-2022 mean",0.0436601583113456
2018,"region_7","lutjanus spp","species","lutjanus",334731,275,226110.6,5,"maximally harvested","no increase",NA,NA,NA,"genus fallback; genus aggregation; took the mode across all Carta recommendations supplied for this genus in this region (in the case of ties: chose the most conservative status and control)","catch should not exceed 2018-2022 mean",0.675499430886294
2019,"region_7","lutjanus spp","species","lutjanus",280588,288,226110.6,5,"maximally harvested","no increase",NA,NA,NA,"genus fallback; genus aggregation; took the mode across all Carta recommendations supplied for this genus in this region (in the case of ties: chose the most conservative status and control)","catch should not exceed 2018-2022 mean",0.805845581421871
2020,"region_7","lutjanus spp","species","lutjanus",288828,214,226110.6,5,"maximally harvested","no increase",NA,NA,NA,"genus fallback; genus aggregation; took the mode across all Carta recommendations supplied for this genus in this region (in the case of ties: chose the most conservative status and control)","catch should not exceed 2018-2022 mean",0.782855540321575
2021,"region_7","lutjanus spp","species","lutjanus",144565,193,226110.6,5,"maximally harvested","no increase",NA,NA,NA,"genus fallback; genus aggregation; took the mode across all Carta recommendations supplied for this genus in this region (in the case of ties: chose the most conservative status and control)","catch should not exceed 2018-2022 mean",1
2022,"region_7","lutjanus spp","species","lutjanus",81841,134,226110.6,5,"maximally harvested","no increase",NA,NA,NA,"genus fallback; genus aggregation; took the mode across all Carta recommendations supplied for this genus in this region (in the case of ties: chose the most conservative status and control)","catch should not exceed 2018-2022 mean",1
2018,"region_7","megapitaria squalida","species","megapitaria",48733,90,106016.2,5,"maximally harvested","no increase","gapfilled estimate; no Carta recommendation for this species in this specific region",2023,NA,"gapfilled estimate; no Carta recommendation for this species in this specific region","catch should not exceed 2018-2022 mean",1
2019,"region_7","megapitaria squalida","species","megapitaria",96851,229,106016.2,5,"maximally harvested","no increase","gapfilled estimate; no Carta recommendation for this species in this specific region",2023,NA,"gapfilled estimate; no Carta recommendation for this species in this specific region","catch should not exceed 2018-2022 mean",1
2020,"region_7","megapitaria squalida","species","megapitaria",129832,235,106016.2,5,"maximally harvested","no increase","gapfilled estimate; no Carta recommendation for this species in this specific region",2023,NA,"gapfilled estimate; no Carta recommendation for this species in this specific region","catch should not exceed 2018-2022 mean",0.816564483332306
2021,"region_7","megapitaria squalida","species","megapitaria",138919,253,106016.2,5,"maximally harvested","no increase","gapfilled estimate; no Carta recommendation for this species in this specific region",2023,NA,"gapfilled estimate; no Carta recommendation for this species in this specific region","catch should not exceed 2018-2022 mean",0.763151188822263
2022,"region_7","megapitaria squalida","species","megapitaria",115746,178,106016.2,5,"maximally harvested","no increase","gapfilled estimate; no Carta recommendation for this species in this specific region",2023,NA,"gapfilled estimate; no Carta recommendation for this species in this specific region","catch should not exceed 2018-2022 mean",0.915938347761478
2023,"region_7","megapitaria squalida","species","megapitaria",94353,187,106016.2,5,"maximally harvested","no increase","gapfilled estimate; no Carta recommendation for this species in this specific region",2023,NA,"gapfilled estimate; no Carta recommendation for this species in this specific region","catch should not exceed 2018-2022 mean",1
2018,"region_7","merluccius productus","species","merluccius",190790,14,152155.4,5,"maximally harvested","no increase","original estimate; Carta recommendation available for this species in this region",2022,NA,"original estimate; Carta recommendation available for this species in this region","catch should not exceed 2018-2022 mean",0.797501965511819
2019,"region_7","merluccius productus","species","merluccius",234452,22,152155.4,5,"maximally harvested","no increase","original estimate; Carta recommendation available for this species in this region",2022,NA,"original estimate; Carta recommendation available for this species in this region","catch should not exceed 2018-2022 mean",0.648983160732261
2020,"region_7","merluccius productus","species","merluccius",74600,13,152155.4,5,"maximally harvested","no increase","original estimate; Carta recommendation available for this species in this region",2022,NA,"original estimate; Carta recommendation available for this species in this region","catch should not exceed 2018-2022 mean",1
2021,"region_7","merluccius productus","species","merluccius",17760,8,152155.4,5,"maximally harvested","no increase","original estimate; Carta recommendation available for this species in this region",2022,NA,"original estimate; Carta recommendation available for this species in this region","catch should not exceed 2018-2022 mean",1
2022,"region_7","merluccius productus","species","merluccius",243175,20,152155.4,5,"maximally harvested","no increase","original estimate; Carta recommendation available for this species in this region",2022,NA,"original estimate; Carta recommendation available for this species in this region","catch should not exceed 2018-2022 mean",0.625703300092526
2023,"region_7","merluccius productus","species","merluccius",162635,10,152155.4,5,"maximally harvested","no increase","original estimate; Carta recommendation available for this species in this region",2022,NA,"original estimate; Carta recommendation available for this species in this region","catch should not exceed 2018-2022 mean",0.93556368555354
2024,"region_7","merluccius productus","species","merluccius",1127350,74,152155.4,5,"maximally harvested","no increase","original estimate; Carta recommendation available for this species in this region",2022,NA,"original estimate; Carta recommendation available for this species in this region","catch should not exceed 2018-2022 mean",0.134967312724531
2018,"region_7","mugil cephalus","species","mugil",79568,72,59159.4,5,"decreasing","decrease","original estimate; Carta recommendation available for this species in this region",2023,NA,"original estimate; Carta recommendation available for this species in this region","catch should be below 2018-2022 mean",0.371753720088478
2019,"region_7","mugil cephalus","species","mugil",67608,130,59159.4,5,"decreasing","decrease","original estimate; Carta recommendation available for this species in this region",2023,NA,"original estimate; Carta recommendation available for this species in this region","catch should be below 2018-2022 mean",0.437517749378772
2020,"region_7","mugil cephalus","species","mugil",56845,187,59159.4,5,"decreasing","decrease","original estimate; Carta recommendation available for this species in this region",2023,NA,"original estimate; Carta recommendation available for this species in this region","catch should be below 2018-2022 mean",0.5
2021,"region_7","mugil cephalus","species","mugil",59566,96,59159.4,5,"decreasing","decrease","original estimate; Carta recommendation available for this species in this region",2023,NA,"original estimate; Carta recommendation available for this species in this region","catch should be below 2018-2022 mean",0.5
2022,"region_7","mugil cephalus","species","mugil",32210,94,59159.4,5,"decreasing","decrease","original estimate; Carta recommendation available for this species in this region",2023,NA,"original estimate; Carta recommendation available for this species in this region","catch should be below 2018-2022 mean",0.727769382380484
2024,"region_7","mugil cephalus","species","mugil",1300,2,59159.4,5,"decreasing","decrease","original estimate; Carta recommendation available for this species in this region",2023,NA,"original estimate; Carta recommendation available for this species in this region","catch should be below 2018-2022 mean",0.98901273508521
2018,"region_7","mustelus albipinnis","species","mustelus",3842.2,4,22167.54,5,"maximally harvested","no increase","original estimate; Carta recommendation available for this species in this region",2023,NA,"original estimate; Carta recommendation available for this species in this region","catch should not exceed 2018-2022 mean",1
2019,"region_7","mustelus albipinnis","species","mustelus",117.5,2,22167.54,5,"maximally harvested","no increase","original estimate; Carta recommendation available for this species in this region",2023,NA,"original estimate; Carta recommendation available for this species in this region","catch should not exceed 2018-2022 mean",1
2020,"region_7","mustelus albipinnis","species","mustelus",3679.25,9,22167.54,5,"maximally harvested","no increase","original estimate; Carta recommendation available for this species in this region",2023,NA,"original estimate; Carta recommendation available for this species in this region","catch should not exceed 2018-2022 mean",1
2021,"region_7","mustelus albipinnis","species","mustelus",50301.25,27,22167.54,5,"maximally harvested","no increase","original estimate; Carta recommendation available for this species in this region",2023,NA,"original estimate; Carta recommendation available for this species in this region","catch should not exceed 2018-2022 mean",0.44069560895604
2022,"region_7","mustelus albipinnis","species","mustelus",52897.5,31,22167.54,5,"maximally harvested","no increase","original estimate; Carta recommendation available for this species in this region",2023,NA,"original estimate; Carta recommendation available for this species in this region","catch should not exceed 2018-2022 mean",0.419065929391748
2023,"region_7","mustelus albipinnis","species","mustelus",69000,31,22167.54,5,"maximally harvested","no increase","original estimate; Carta recommendation available for this species in this region",2023,NA,"original estimate; Carta recommendation available for this species in this region","catch should not exceed 2018-2022 mean",0.321268695652174
2024,"region_7","mustelus albipinnis","species","mustelus",173488.4,76,22167.54,5,"maximally harvested","no increase","original estimate; Carta recommendation available for this species in this region",2023,NA,"original estimate; Carta recommendation available for this species in this region","catch should not exceed 2018-2022 mean",0.127775344057585
2018,"region_7","oligoplites altus","species","oligoplites",743851.16,18,763861.808,5,"maximally harvested","no increase",NA,NA,NA,"genus fallback; genus aggregation; took the mode across all Carta recommendations supplied for this genus in this region (in the case of ties: chose the most conservative status and control)","catch should not exceed 2018-2022 mean",1
2019,"region_7","oligoplites altus","species","oligoplites",961382.92,17,763861.808,5,"maximally harvested","no increase",NA,NA,NA,"genus fallback; genus aggregation; took the mode across all Carta recommendations supplied for this genus in this region (in the case of ties: chose the most conservative status and control)","catch should not exceed 2018-2022 mean",0.794544808430755
2020,"region_7","oligoplites altus","species","oligoplites",835336.52,12,763861.808,5,"maximally harvested","no increase",NA,NA,NA,"genus fallback; genus aggregation; took the mode across all Carta recommendations supplied for this genus in this region (in the case of ties: chose the most conservative status and control)","catch should not exceed 2018-2022 mean",0.914436026333435
2021,"region_7","oligoplites altus","species","oligoplites",385459.56,11,763861.808,5,"maximally harvested","no increase",NA,NA,NA,"genus fallback; genus aggregation; took the mode across all Carta recommendations supplied for this genus in this region (in the case of ties: chose the most conservative status and control)","catch should not exceed 2018-2022 mean",1
2022,"region_7","oligoplites altus","species","oligoplites",893278.88,14,763861.808,5,"maximally harvested","no increase",NA,NA,NA,"genus fallback; genus aggregation; took the mode across all Carta recommendations supplied for this genus in this region (in the case of ties: chose the most conservative status and control)","catch should not exceed 2018-2022 mean",0.85512131217073
2018,"region_7","opisthonema libertate","species","opisthonema",59707713.14,412,96959152.972,5,"maximally harvested","no increase","original estimate; Carta recommendation available for this species in this region",2022,NA,"original estimate; Carta recommendation available for this species in this region","catch should not exceed 2018-2022 mean",1
2019,"region_7","opisthonema libertate","species","opisthonema",119014538.4,931,96959152.972,5,"maximally harvested","no increase","original estimate; Carta recommendation available for this species in this region",2022,NA,"original estimate; Carta recommendation available for this species in this region","catch should not exceed 2018-2022 mean",0.814683267065463
2020,"region_7","opisthonema libertate","species","opisthonema",93297990.32,855,96959152.972,5,"maximally harvested","no increase","original estimate; Carta recommendation available for this species in this region",2022,NA,"original estimate; Carta recommendation available for this species in this region","catch should not exceed 2018-2022 mean",1
2021,"region_7","opisthonema libertate","species","opisthonema",89000110.28,861,96959152.972,5,"maximally harvested","no increase","original estimate; Carta recommendation available for this species in this region",2022,NA,"original estimate; Carta recommendation available for this species in this region","catch should not exceed 2018-2022 mean",1
2022,"region_7","opisthonema libertate","species","opisthonema",123775412.72,1029,96959152.972,5,"maximally harvested","no increase","original estimate; Carta recommendation available for this species in this region",2022,NA,"original estimate; Carta recommendation available for this species in this region","catch should not exceed 2018-2022 mean",0.783347442285143
2018,"region_7","panopea generosa","species","panopea",58349,18,119691.8,5,"maximally harvested","no increase","gapfilled estimate; no Carta recommendation for this species in this specific region",2023,NA,"gapfilled estimate; no Carta recommendation for this species in this specific region","catch should not exceed 2018-2022 mean",1
2019,"region_7","panopea generosa","species","panopea",22734,15,119691.8,5,"maximally harvested","no increase","gapfilled estimate; no Carta recommendation for this species in this specific region",2023,NA,"gapfilled estimate; no Carta recommendation for this species in this specific region","catch should not exceed 2018-2022 mean",1
2020,"region_7","panopea generosa","species","panopea",363887,54,119691.8,5,"maximally harvested","no increase","gapfilled estimate; no Carta recommendation for this species in this specific region",2023,NA,"gapfilled estimate; no Carta recommendation for this species in this specific region","catch should not exceed 2018-2022 mean",0.328925737935128
2021,"region_7","panopea generosa","species","panopea",52684,30,119691.8,5,"maximally harvested","no increase","gapfilled estimate; no Carta recommendation for this species in this specific region",2023,NA,"gapfilled estimate; no Carta recommendation for this species in this specific region","catch should not exceed 2018-2022 mean",1
2022,"region_7","panopea generosa","species","panopea",100805,69,119691.8,5,"maximally harvested","no increase","gapfilled estimate; no Carta recommendation for this species in this specific region",2023,NA,"gapfilled estimate; no Carta recommendation for this species in this specific region","catch should not exceed 2018-2022 mean",1
2023,"region_7","panopea generosa","species","panopea",34648,34,119691.8,5,"maximally harvested","no increase","gapfilled estimate; no Carta recommendation for this species in this specific region",2023,NA,"gapfilled estimate; no Carta recommendation for this species in this specific region","catch should not exceed 2018-2022 mean",1
2024,"region_7","panopea generosa","species","panopea",260147.15,75,119691.8,5,"maximally harvested","no increase","gapfilled estimate; no Carta recommendation for this species in this specific region",2023,NA,"gapfilled estimate; no Carta recommendation for this species in this specific region","catch should not exceed 2018-2022 mean",0.460092682160846
2018,"region_7","panulirus argus","species","panulirus",15180,39,4497.8,5,"maximally harvested","increase",NA,NA,NA,"genus fallback; genus aggregation; took the mode across all Carta recommendations supplied for this genus in this region (in the case of ties: chose the most conservative status and control)","catch may be at or above 2018-2022 mean",1
2019,"region_7","panulirus argus","species","panulirus",4094,12,4497.8,5,"maximally harvested","increase",NA,NA,NA,"genus fallback; genus aggregation; took the mode across all Carta recommendations supplied for this genus in this region (in the case of ties: chose the most conservative status and control)","catch may be at or above 2018-2022 mean",0.910222775579172
2020,"region_7","panulirus argus","species","panulirus",1080,8,4497.8,5,"maximally harvested","increase",NA,NA,NA,"genus fallback; genus aggregation; took the mode across all Carta recommendations supplied for this genus in this region (in the case of ties: chose the most conservative status and control)","catch may be at or above 2018-2022 mean",0.240117390724354
2021,"region_7","panulirus argus","species","panulirus",1145,6,4497.8,5,"maximally harvested","increase",NA,NA,NA,"genus fallback; genus aggregation; took the mode across all Carta recommendations supplied for this genus in this region (in the case of ties: chose the most conservative status and control)","catch may be at or above 2018-2022 mean",0.254568900351283
2022,"region_7","panulirus argus","species","panulirus",990,8,4497.8,5,"maximally harvested","increase",NA,NA,NA,"genus fallback; genus aggregation; took the mode across all Carta recommendations supplied for this genus in this region (in the case of ties: chose the most conservative status and control)","catch may be at or above 2018-2022 mean",0.220107608163991
2023,"region_7","panulirus argus","species","panulirus",225,2,4497.8,5,"maximally harvested","increase",NA,NA,NA,"genus fallback; genus aggregation; took the mode across all Carta recommendations supplied for this genus in this region (in the case of ties: chose the most conservative status and control)","catch may be at or above 2018-2022 mean",0.0500244564009071
2018,"region_7","panulirus inflatus","species","panulirus",600,4,1875,4,"development potential","increase","original estimate; Carta recommendation available for this species in this region",2023,NA,"original estimate; Carta recommendation available for this species in this region","development potential (score = 1)",1
2020,"region_7","panulirus inflatus","species","panulirus",1220,4,1875,4,"development potential","increase","original estimate; Carta recommendation available for this species in this region",2023,NA,"original estimate; Carta recommendation available for this species in this region","development potential (score = 1)",1
2021,"region_7","panulirus inflatus","species","panulirus",2596,12,1875,4,"development potential","increase","original estimate; Carta recommendation available for this species in this region",2023,NA,"original estimate; Carta recommendation available for this species in this region","development potential (score = 1)",1
2022,"region_7","panulirus inflatus","species","panulirus",3084,24,1875,4,"development potential","increase","original estimate; Carta recommendation available for this species in this region",2023,NA,"original estimate; Carta recommendation available for this species in this region","development potential (score = 1)",1
2023,"region_7","panulirus inflatus","species","panulirus",3227,18,1875,4,"development potential","increase","original estimate; Carta recommendation available for this species in this region",2023,NA,"original estimate; Carta recommendation available for this species in this region","development potential (score = 1)",1
2024,"region_7","panulirus inflatus","species","panulirus",5470,29,1875,4,"development potential","increase","original estimate; Carta recommendation available for this species in this region",2023,NA,"original estimate; Carta recommendation available for this species in this region","development potential (score = 1)",1
2018,"region_7","paralabrax auroguttatus","species","paralabrax",55587.4,160,66866.7,5,"maximally harvested","no increase",NA,NA,NA,"genus fallback; genus gapfill; data missing in this region, took the mode across all Carta recommendations supplied for this genus regardless of region","catch should not exceed 2018-2022 mean",1
2019,"region_7","paralabrax auroguttatus","species","paralabrax",55853.4,147,66866.7,5,"maximally harvested","no increase",NA,NA,NA,"genus fallback; genus gapfill; data missing in this region, took the mode across all Carta recommendations supplied for this genus regardless of region","catch should not exceed 2018-2022 mean",1
2020,"region_7","paralabrax auroguttatus","species","paralabrax",68050.2,141,66866.7,5,"maximally harvested","no increase",NA,NA,NA,"genus fallback; genus gapfill; data missing in this region, took the mode across all Carta recommendations supplied for this genus regardless of region","catch should not exceed 2018-2022 mean",1
2021,"region_7","paralabrax auroguttatus","species","paralabrax",80846.9,210,66866.7,5,"maximally harvested","no increase",NA,NA,NA,"genus fallback; genus gapfill; data missing in this region, took the mode across all Carta recommendations supplied for this genus regardless of region","catch should not exceed 2018-2022 mean",0.827078094521868
2022,"region_7","paralabrax auroguttatus","species","paralabrax",73995.6,207,66866.7,5,"maximally harvested","no increase",NA,NA,NA,"genus fallback; genus gapfill; data missing in this region, took the mode across all Carta recommendations supplied for this genus regardless of region","catch should not exceed 2018-2022 mean",0.90365778505749
2023,"region_7","paralabrax auroguttatus","species","paralabrax",44291,106,66866.7,5,"maximally harvested","no increase",NA,NA,NA,"genus fallback; genus gapfill; data missing in this region, took the mode across all Carta recommendations supplied for this genus regardless of region","catch should not exceed 2018-2022 mean",1
2024,"region_7","paralabrax auroguttatus","species","paralabrax",71528.8,158,66866.7,5,"maximally harvested","no increase",NA,NA,NA,"genus fallback; genus gapfill; data missing in this region, took the mode across all Carta recommendations supplied for this genus regardless of region","catch should not exceed 2018-2022 mean",0.934822057688651
2018,"region_7","rhizoprionodon longurio","species","rhizoprionodon",55093.35,120,126893.45,5,"maximally harvested","no increase","original estimate; Carta recommendation available for this species in this region",2023,NA,"original estimate; Carta recommendation available for this species in this region","catch should not exceed 2018-2022 mean",1
2019,"region_7","rhizoprionodon longurio","species","rhizoprionodon",99961.5,112,126893.45,5,"maximally harvested","no increase","original estimate; Carta recommendation available for this species in this region",2023,NA,"original estimate; Carta recommendation available for this species in this region","catch should not exceed 2018-2022 mean",1
2020,"region_7","rhizoprionodon longurio","species","rhizoprionodon",195726.4,185,126893.45,5,"maximally harvested","no increase","original estimate; Carta recommendation available for this species in this region",2023,NA,"original estimate; Carta recommendation available for this species in this region","catch should not exceed 2018-2022 mean",0.648320563807437
2021,"region_7","rhizoprionodon longurio","species","rhizoprionodon",155896,151,126893.45,5,"maximally harvested","no increase","original estimate; Carta recommendation available for this species in this region",2023,NA,"original estimate; Carta recommendation available for this species in this region","catch should not exceed 2018-2022 mean",0.81396219274388
2022,"region_7","rhizoprionodon longurio","species","rhizoprionodon",127790,100,126893.45,5,"maximally harvested","no increase","original estimate; Carta recommendation available for this species in this region",2023,NA,"original estimate; Carta recommendation available for this species in this region","catch should not exceed 2018-2022 mean",1
2018,"region_7","sardinops sagax","species","sardinops",210958824.96,1427,183429169.388,5,"maximally harvested","no increase","original estimate; Carta recommendation available for this species in this region",2022,NA,"original estimate; Carta recommendation available for this species in this region","catch should not exceed 2018-2022 mean",0.869502233067425
2019,"region_7","sardinops sagax","species","sardinops",146395762.46,1118,183429169.388,5,"maximally harvested","no increase","original estimate; Carta recommendation available for this species in this region",2022,NA,"original estimate; Carta recommendation available for this species in this region","catch should not exceed 2018-2022 mean",1
2020,"region_7","sardinops sagax","species","sardinops",240620052.8,1633,183429169.388,5,"maximally harvested","no increase","original estimate; Carta recommendation available for this species in this region",2022,NA,"original estimate; Carta recommendation available for this species in this region","catch should not exceed 2018-2022 mean",0.762318714726838
2021,"region_7","sardinops sagax","species","sardinops",245803654.32,1767,183429169.388,5,"maximally harvested","no increase","original estimate; Carta recommendation available for this species in this region",2022,NA,"original estimate; Carta recommendation available for this species in this region","catch should not exceed 2018-2022 mean",0.746242645966534
2022,"region_7","sardinops sagax","species","sardinops",73367552.4,601,183429169.388,5,"maximally harvested","no increase","original estimate; Carta recommendation available for this species in this region",2022,NA,"original estimate; Carta recommendation available for this species in this region","catch should not exceed 2018-2022 mean",1
2023,"region_7","sardinops sagax","species","sardinops",96546190,826,183429169.388,5,"maximally harvested","no increase","original estimate; Carta recommendation available for this species in this region",2022,NA,"original estimate; Carta recommendation available for this species in this region","catch should not exceed 2018-2022 mean",1
2024,"region_7","sardinops sagax","species","sardinops",29386306.4712,344,183429169.388,5,"maximally harvested","no increase","original estimate; Carta recommendation available for this species in this region",2022,NA,"original estimate; Carta recommendation available for this species in this region","catch should not exceed 2018-2022 mean",1
2018,"region_7","scomber japonicus","species","scomber",94934205.54,653,54311940.732,5,"maximally harvested","no increase","original estimate; Carta recommendation available for this species in this region",2022,NA,"original estimate; Carta recommendation available for this species in this region","catch should not exceed 2018-2022 mean",0.5721008610444
2019,"region_7","scomber japonicus","species","scomber",85934141.12,703,54311940.732,5,"maximally harvested","no increase","original estimate; Carta recommendation available for this species in this region",2022,NA,"original estimate; Carta recommendation available for this species in this region","catch should not exceed 2018-2022 mean",0.632018194679549
2020,"region_7","scomber japonicus","species","scomber",40311946.96,472,54311940.732,5,"maximally harvested","no increase","original estimate; Carta recommendation available for this species in this region",2022,NA,"original estimate; Carta recommendation available for this species in this region","catch should not exceed 2018-2022 mean",1
2021,"region_7","scomber japonicus","species","scomber",20450312.84,227,54311940.732,5,"maximally harvested","no increase","original estimate; Carta recommendation available for this species in this region",2022,NA,"original estimate; Carta recommendation available for this species in this region","catch should not exceed 2018-2022 mean",1
2022,"region_7","scomber japonicus","species","scomber",29929097.2,313,54311940.732,5,"maximally harvested","no increase","original estimate; Carta recommendation available for this species in this region",2022,NA,"original estimate; Carta recommendation available for this species in this region","catch should not exceed 2018-2022 mean",1
2023,"region_7","scomber japonicus","species","scomber",50353533,494,54311940.732,5,"maximally harvested","no increase","original estimate; Carta recommendation available for this species in this region",2022,NA,"original estimate; Carta recommendation available for this species in this region","catch should not exceed 2018-2022 mean",1
2024,"region_7","scomber japonicus","species","scomber",33862945.7864,434,54311940.732,5,"maximally harvested","no increase","original estimate; Carta recommendation available for this species in this region",2022,NA,"original estimate; Carta recommendation available for this species in this region","catch should not exceed 2018-2022 mean",1
2018,"region_7","scomberomorus sierra","species","scomberomorus",939651,373,887115.758,5,"maximally harvested","no increase","original estimate; Carta recommendation available for this species in this region",2023,NA,"original estimate; Carta recommendation available for this species in this region","catch should not exceed 2018-2022 mean",0.944090686861399
2019,"region_7","scomberomorus sierra","species","scomberomorus",858219.9,329,887115.758,5,"maximally harvested","no increase","original estimate; Carta recommendation available for this species in this region",2023,NA,"original estimate; Carta recommendation available for this species in this region","catch should not exceed 2018-2022 mean",1
2020,"region_7","scomberomorus sierra","species","scomberomorus",757243.3,311,887115.758,5,"maximally harvested","no increase","original estimate; Carta recommendation available for this species in this region",2023,NA,"original estimate; Carta recommendation available for this species in this region","catch should not exceed 2018-2022 mean",1
2021,"region_7","scomberomorus sierra","species","scomberomorus",1109756.09,472,887115.758,5,"maximally harvested","no increase","original estimate; Carta recommendation available for this species in this region",2023,NA,"original estimate; Carta recommendation available for this species in this region","catch should not exceed 2018-2022 mean",0.799379040127637
2022,"region_7","scomberomorus sierra","species","scomberomorus",770708.5,368,887115.758,5,"maximally harvested","no increase","original estimate; Carta recommendation available for this species in this region",2023,NA,"original estimate; Carta recommendation available for this species in this region","catch should not exceed 2018-2022 mean",1
2023,"region_7","scomberomorus sierra","species","scomberomorus",631927,392,887115.758,5,"maximally harvested","no increase","original estimate; Carta recommendation available for this species in this region",2023,NA,"original estimate; Carta recommendation available for this species in this region","catch should not exceed 2018-2022 mean",1
2024,"region_7","scomberomorus sierra","species","scomberomorus",657536,336,887115.758,5,"maximally harvested","no increase","original estimate; Carta recommendation available for this species in this region",2023,NA,"original estimate; Carta recommendation available for this species in this region","catch should not exceed 2018-2022 mean",1
2018,"region_7","sphoeroides andersonianus","species","sphoeroides",34895.5,52,49897.54,5,"maximally harvested","no increase",NA,NA,NA,"genus fallback; genus aggregation; took the mode across all Carta recommendations supplied for this genus in this region (in the case of ties: chose the most conservative status and control)","catch should not exceed 2018-2022 mean",1
2019,"region_7","sphoeroides andersonianus","species","sphoeroides",75964.5,68,49897.54,5,"maximally harvested","no increase",NA,NA,NA,"genus fallback; genus aggregation; took the mode across all Carta recommendations supplied for this genus in this region (in the case of ties: chose the most conservative status and control)","catch should not exceed 2018-2022 mean",0.65685339862699
2020,"region_7","sphoeroides andersonianus","species","sphoeroides",65050.75,117,49897.54,5,"maximally harvested","no increase",NA,NA,NA,"genus fallback; genus aggregation; took the mode across all Carta recommendations supplied for this genus in this region (in the case of ties: chose the most conservative status and control)","catch should not exceed 2018-2022 mean",0.767055568152558
2021,"region_7","sphoeroides andersonianus","species","sphoeroides",29246.85,78,49897.54,5,"maximally harvested","no increase",NA,NA,NA,"genus fallback; genus aggregation; took the mode across all Carta recommendations supplied for this genus in this region (in the case of ties: chose the most conservative status and control)","catch should not exceed 2018-2022 mean",1
2022,"region_7","sphoeroides andersonianus","species","sphoeroides",44330.1,89,49897.54,5,"maximally harvested","no increase",NA,NA,NA,"genus fallback; genus aggregation; took the mode across all Carta recommendations supplied for this genus in this region (in the case of ties: chose the most conservative status and control)","catch should not exceed 2018-2022 mean",1
2023,"region_7","sphoeroides andersonianus","species","sphoeroides",22208,75,49897.54,5,"maximally harvested","no increase",NA,NA,NA,"genus fallback; genus aggregation; took the mode across all Carta recommendations supplied for this genus in this region (in the case of ties: chose the most conservative status and control)","catch should not exceed 2018-2022 mean",1
2024,"region_7","sphoeroides andersonianus","species","sphoeroides",16493,45,49897.54,5,"maximally harvested","no increase",NA,NA,NA,"genus fallback; genus aggregation; took the mode across all Carta recommendations supplied for this genus in this region (in the case of ties: chose the most conservative status and control)","catch should not exceed 2018-2022 mean",1
2018,"region_7","stomolophus meleagris","species","stomolophus",169500,3,3419593.8,5,"maximally harvested","no increase","original estimate; Carta recommendation available for this species in this region",2017,NA,"original estimate; Carta recommendation available for this species in this region","catch should not exceed 2018-2022 mean",1
2019,"region_7","stomolophus meleagris","species","stomolophus",175483,10,3419593.8,5,"maximally harvested","no increase","original estimate; Carta recommendation available for this species in this region",2017,NA,"original estimate; Carta recommendation available for this species in this region","catch should not exceed 2018-2022 mean",1
2020,"region_7","stomolophus meleagris","species","stomolophus",4960618,134,3419593.8,5,"maximally harvested","no increase","original estimate; Carta recommendation available for this species in this region",2017,NA,"original estimate; Carta recommendation available for this species in this region","catch should not exceed 2018-2022 mean",0.689348343291098
2021,"region_7","stomolophus meleagris","species","stomolophus",7128188,368,3419593.8,5,"maximally harvested","no increase","original estimate; Carta recommendation available for this species in this region",2017,NA,"original estimate; Carta recommendation available for this species in this region","catch should not exceed 2018-2022 mean",0.479728340498315
2022,"region_7","stomolophus meleagris","species","stomolophus",4664180,389,3419593.8,5,"maximally harvested","no increase","original estimate; Carta recommendation available for this species in this region",2017,NA,"original estimate; Carta recommendation available for this species in this region","catch should not exceed 2018-2022 mean",0.733160769953132
2023,"region_7","stomolophus meleagris","species","stomolophus",1193097,46,3419593.8,5,"maximally harvested","no increase","original estimate; Carta recommendation available for this species in this region",2017,NA,"original estimate; Carta recommendation available for this species in this region","catch should not exceed 2018-2022 mean",1
2024,"region_7","stomolophus meleagris","species","stomolophus",22298807.5,671,3419593.8,5,"maximally harvested","no increase","original estimate; Carta recommendation available for this species in this region",2017,NA,"original estimate; Carta recommendation available for this species in this region","catch should not exceed 2018-2022 mean",0.153353214067613
2018,"region_8","alopias pelagicus","species","alopias",275358.2,127,463792.11,5,"maximally harvested","no increase","original estimate; Carta recommendation available for this species in this region",2023,NA,"original estimate; Carta recommendation available for this species in this region","catch should not exceed 2018-2022 mean",1
2019,"region_8","alopias pelagicus","species","alopias",442999.45,283,463792.11,5,"maximally harvested","no increase","original estimate; Carta recommendation available for this species in this region",2023,NA,"original estimate; Carta recommendation available for this species in this region","catch should not exceed 2018-2022 mean",1
2020,"region_8","alopias pelagicus","species","alopias",751260.2,427,463792.11,5,"maximally harvested","no increase","original estimate; Carta recommendation available for this species in this region",2023,NA,"original estimate; Carta recommendation available for this species in this region","catch should not exceed 2018-2022 mean",0.617352163737677
2021,"region_8","alopias pelagicus","species","alopias",595610.25,284,463792.11,5,"maximally harvested","no increase","original estimate; Carta recommendation available for this species in this region",2023,NA,"original estimate; Carta recommendation available for this species in this region","catch should not exceed 2018-2022 mean",0.778683896054509
2022,"region_8","alopias pelagicus","species","alopias",253732.45,223,463792.11,5,"maximally harvested","no increase","original estimate; Carta recommendation available for this species in this region",2023,NA,"original estimate; Carta recommendation available for this species in this region","catch should not exceed 2018-2022 mean",1
2023,"region_8","alopias pelagicus","species","alopias",586436,219,463792.11,5,"maximally harvested","no increase","original estimate; Carta recommendation available for this species in this region",2023,NA,"original estimate; Carta recommendation available for this species in this region","catch should not exceed 2018-2022 mean",0.790865686963283
2024,"region_8","alopias pelagicus","species","alopias",448048.8,172,463792.11,5,"maximally harvested","no increase","original estimate; Carta recommendation available for this species in this region",2023,NA,"original estimate; Carta recommendation available for this species in this region","catch should not exceed 2018-2022 mean",1
2018,"region_8","alopias vulpinus","species","alopias",284374.5,92,219218.4,5,"maximally harvested","no increase","original estimate; Carta recommendation available for this species in this region",2023,NA,"original estimate; Carta recommendation available for this species in this region","catch should not exceed 2018-2022 mean",0.77087924550197
2019,"region_8","alopias vulpinus","species","alopias",172848.4,70,219218.4,5,"maximally harvested","no increase","original estimate; Carta recommendation available for this species in this region",2023,NA,"original estimate; Carta recommendation available for this species in this region","catch should not exceed 2018-2022 mean",1
2020,"region_8","alopias vulpinus","species","alopias",67933,21,219218.4,5,"maximally harvested","no increase","original estimate; Carta recommendation available for this species in this region",2023,NA,"original estimate; Carta recommendation available for this species in this region","catch should not exceed 2018-2022 mean",1
2021,"region_8","alopias vulpinus","species","alopias",23534,11,219218.4,5,"maximally harvested","no increase","original estimate; Carta recommendation available for this species in this region",2023,NA,"original estimate; Carta recommendation available for this species in this region","catch should not exceed 2018-2022 mean",1
2022,"region_8","alopias vulpinus","species","alopias",547402.1,166,219218.4,5,"maximally harvested","no increase","original estimate; Carta recommendation available for this species in this region",2023,NA,"original estimate; Carta recommendation available for this species in this region","catch should not exceed 2018-2022 mean",0.400470513357548
2023,"region_8","alopias vulpinus","species","alopias",532841,150,219218.4,5,"maximally harvested","no increase","original estimate; Carta recommendation available for this species in this region",2023,NA,"original estimate; Carta recommendation available for this species in this region","catch should not exceed 2018-2022 mean",0.411414286813515
2018,"region_8","callinectes bellicosus","species","callinectes",1070047,979,1710693.8,5,"maximally harvested","no increase","original estimate; Carta recommendation available for this species in this region",2023,NA,"original estimate; Carta recommendation available for this species in this region","catch should not exceed 2018-2022 mean",1
2019,"region_8","callinectes bellicosus","species","callinectes",1317623,1112,1710693.8,5,"maximally harvested","no increase","original estimate; Carta recommendation available for this species in this region",2023,NA,"original estimate; Carta recommendation available for this species in this region","catch should not exceed 2018-2022 mean",1
2020,"region_8","callinectes bellicosus","species","callinectes",1575350,1476,1710693.8,5,"maximally harvested","no increase","original estimate; Carta recommendation available for this species in this region",2023,NA,"original estimate; Carta recommendation available for this species in this region","catch should not exceed 2018-2022 mean",1
2021,"region_8","callinectes bellicosus","species","callinectes",2258524,1633,1710693.8,5,"maximally harvested","no increase","original estimate; Carta recommendation available for this species in this region",2023,NA,"original estimate; Carta recommendation available for this species in this region","catch should not exceed 2018-2022 mean",0.757438840587924
2022,"region_8","callinectes bellicosus","species","callinectes",2331925,2008,1710693.8,5,"maximally harvested","no increase","original estimate; Carta recommendation available for this species in this region",2023,NA,"original estimate; Carta recommendation available for this species in this region","catch should not exceed 2018-2022 mean",0.733597264062952
2023,"region_8","callinectes bellicosus","species","callinectes",3662968,3236,1710693.8,5,"maximally harvested","no increase","original estimate; Carta recommendation available for this species in this region",2023,NA,"original estimate; Carta recommendation available for this species in this region","catch should not exceed 2018-2022 mean",0.46702395434522
2018,"region_8","carcharhinus falciformis","species","carcharhinus",141642,31,1109378.12,5,"maximally harvested","no increase","original estimate; Carta recommendation available for this species in this region",2023,NA,"original estimate; Carta recommendation available for this species in this region","catch should not exceed 2018-2022 mean",1
2019,"region_8","carcharhinus falciformis","species","carcharhinus",305457.85,178,1109378.12,5,"maximally harvested","no increase","original estimate; Carta recommendation available for this species in this region",2023,NA,"original estimate; Carta recommendation available for this species in this region","catch should not exceed 2018-2022 mean",1
2020,"region_8","carcharhinus falciformis","species","carcharhinus",1961795.35,356,1109378.12,5,"maximally harvested","no increase","original estimate; Carta recommendation available for this species in this region",2023,NA,"original estimate; Carta recommendation available for this species in this region","catch should not exceed 2018-2022 mean",0.565491257790982
2021,"region_8","carcharhinus falciformis","species","carcharhinus",2175362.65,301,1109378.12,5,"maximally harvested","no increase","original estimate; Carta recommendation available for this species in this region",2023,NA,"original estimate; Carta recommendation available for this species in this region","catch should not exceed 2018-2022 mean",0.509973874930693
2022,"region_8","carcharhinus falciformis","species","carcharhinus",962632.75,284,1109378.12,5,"maximally harvested","no increase","original estimate; Carta recommendation available for this species in this region",2023,NA,"original estimate; Carta recommendation available for this species in this region","catch should not exceed 2018-2022 mean",1
2023,"region_8","carcharhinus falciformis","species","carcharhinus",1975191,324,1109378.12,5,"maximally harvested","no increase","original estimate; Carta recommendation available for this species in this region",2023,NA,"original estimate; Carta recommendation available for this species in this region","catch should not exceed 2018-2022 mean",0.561656123382498
2024,"region_8","carcharhinus falciformis","species","carcharhinus",6312736.75,635,1109378.12,5,"maximally harvested","no increase","original estimate; Carta recommendation available for this species in this region",2023,NA,"original estimate; Carta recommendation available for this species in this region","catch should not exceed 2018-2022 mean",0.175736477526962
2018,"region_8","carcharhinus leucas","species","carcharhinus",198716.9,506,263531.34,5,"maximally harvested","no increase","original estimate; Carta recommendation available for this species in this region",2023,NA,"original estimate; Carta recommendation available for this species in this region","catch should not exceed 2018-2022 mean",1
2019,"region_8","carcharhinus leucas","species","carcharhinus",262901.7,730,263531.34,5,"maximally harvested","no increase","original estimate; Carta recommendation available for this species in this region",2023,NA,"original estimate; Carta recommendation available for this species in this region","catch should not exceed 2018-2022 mean",1
2020,"region_8","carcharhinus leucas","species","carcharhinus",254347.2,566,263531.34,5,"maximally harvested","no increase","original estimate; Carta recommendation available for this species in this region",2023,NA,"original estimate; Carta recommendation available for this species in this region","catch should not exceed 2018-2022 mean",1
2021,"region_8","carcharhinus leucas","species","carcharhinus",303151,483,263531.34,5,"maximally harvested","no increase","original estimate; Carta recommendation available for this species in this region",2023,NA,"original estimate; Carta recommendation available for this species in this region","catch should not exceed 2018-2022 mean",0.86930717695142
2022,"region_8","carcharhinus leucas","species","carcharhinus",298539.9,471,263531.34,5,"maximally harvested","no increase","original estimate; Carta recommendation available for this species in this region",2023,NA,"original estimate; Carta recommendation available for this species in this region","catch should not exceed 2018-2022 mean",0.882734066702642
2023,"region_8","carcharhinus leucas","species","carcharhinus",132007,450,263531.34,5,"maximally harvested","no increase","original estimate; Carta recommendation available for this species in this region",2023,NA,"original estimate; Carta recommendation available for this species in this region","catch should not exceed 2018-2022 mean",1
2024,"region_8","carcharhinus leucas","species","carcharhinus",75837.15,159,263531.34,5,"maximally harvested","no increase","original estimate; Carta recommendation available for this species in this region",2023,NA,"original estimate; Carta recommendation available for this species in this region","catch should not exceed 2018-2022 mean",1
2018,"region_8","carcharhinus limbatus","species","carcharhinus",8465,3,27148.2,5,"maximally harvested","no increase","original estimate; Carta recommendation available for this species in this region",2023,NA,"original estimate; Carta recommendation available for this species in this region","catch should not exceed 2018-2022 mean",1
2019,"region_8","carcharhinus limbatus","species","carcharhinus",26900,8,27148.2,5,"maximally harvested","no increase","original estimate; Carta recommendation available for this species in this region",2023,NA,"original estimate; Carta recommendation available for this species in this region","catch should not exceed 2018-2022 mean",1
2020,"region_8","carcharhinus limbatus","species","carcharhinus",69401,26,27148.2,5,"maximally harvested","no increase","original estimate; Carta recommendation available for this species in this region",2023,NA,"original estimate; Carta recommendation available for this species in this region","catch should not exceed 2018-2022 mean",0.391178801458192
2021,"region_8","carcharhinus limbatus","species","carcharhinus",29160,19,27148.2,5,"maximally harvested","no increase","original estimate; Carta recommendation available for this species in this region",2023,NA,"original estimate; Carta recommendation available for this species in this region","catch should not exceed 2018-2022 mean",0.931008230452675
2022,"region_8","carcharhinus limbatus","species","carcharhinus",1815,1,27148.2,5,"maximally harvested","no increase","original estimate; Carta recommendation available for this species in this region",2023,NA,"original estimate; Carta recommendation available for this species in this region","catch should not exceed 2018-2022 mean",1
2023,"region_8","carcharhinus limbatus","species","carcharhinus",58945,49,27148.2,5,"maximally harvested","no increase","original estimate; Carta recommendation available for this species in this region",2023,NA,"original estimate; Carta recommendation available for this species in this region","catch should not exceed 2018-2022 mean",0.460568326405972
2024,"region_8","carcharhinus limbatus","species","carcharhinus",21663.75,17,27148.2,5,"maximally harvested","no increase","original estimate; Carta recommendation available for this species in this region",2023,NA,"original estimate; Carta recommendation available for this species in this region","catch should not exceed 2018-2022 mean",1
2019,"region_8","carcharhinus longimanus","species","carcharhinus",4125,1,11510.9375,4,"maximally harvested","no increase","original estimate; Carta recommendation available for this species in this region",2023,NA,"original estimate; Carta recommendation available for this species in this region","catch should not exceed 2018-2022 mean",1
2020,"region_8","carcharhinus longimanus","species","carcharhinus",6700,5,11510.9375,4,"maximally harvested","no increase","original estimate; Carta recommendation available for this species in this region",2023,NA,"original estimate; Carta recommendation available for this species in this region","catch should not exceed 2018-2022 mean",1
2021,"region_8","carcharhinus longimanus","species","carcharhinus",15643.75,9,11510.9375,4,"maximally harvested","no increase","original estimate; Carta recommendation available for this species in this region",2023,NA,"original estimate; Carta recommendation available for this species in this region","catch should not exceed 2018-2022 mean",0.735817019576508
2022,"region_8","carcharhinus longimanus","species","carcharhinus",19575,14,11510.9375,4,"maximally harvested","no increase","original estimate; Carta recommendation available for this species in this region",2023,NA,"original estimate; Carta recommendation available for this species in this region","catch should not exceed 2018-2022 mean",0.588042784163474
2023,"region_8","carcharhinus longimanus","species","carcharhinus",6933,6,11510.9375,4,"maximally harvested","no increase","original estimate; Carta recommendation available for this species in this region",2023,NA,"original estimate; Carta recommendation available for this species in this region","catch should not exceed 2018-2022 mean",1
2024,"region_8","carcharhinus longimanus","species","carcharhinus",34638.75,27,11510.9375,4,"maximally harvested","no increase","original estimate; Carta recommendation available for this species in this region",2023,NA,"original estimate; Carta recommendation available for this species in this region","catch should not exceed 2018-2022 mean",0.332313882573707
2018,"region_8","centropomus armatus","species","centropomus",456118.448,1368,624833.7978,5,"maximally harvested","no increase","original estimate; Carta recommendation available for this species in this region",2023,NA,"original estimate; Carta recommendation available for this species in this region","catch should not exceed 2018-2022 mean",1
2019,"region_8","centropomus armatus","species","centropomus",736981.971,1617,624833.7978,5,"maximally harvested","no increase","original estimate; Carta recommendation available for this species in this region",2023,NA,"original estimate; Carta recommendation available for this species in this region","catch should not exceed 2018-2022 mean",0.84782779279142
2020,"region_8","centropomus armatus","species","centropomus",563007.1,1357,624833.7978,5,"maximally harvested","no increase","original estimate; Carta recommendation available for this species in this region",2023,NA,"original estimate; Carta recommendation available for this species in this region","catch should not exceed 2018-2022 mean",1
2021,"region_8","centropomus armatus","species","centropomus",754572.68,1335,624833.7978,5,"maximally harvested","no increase","original estimate; Carta recommendation available for this species in this region",2023,NA,"original estimate; Carta recommendation available for this species in this region","catch should not exceed 2018-2022 mean",0.828063106922981
2022,"region_8","centropomus armatus","species","centropomus",613488.79,1407,624833.7978,5,"maximally harvested","no increase","original estimate; Carta recommendation available for this species in this region",2023,NA,"original estimate; Carta recommendation available for this species in this region","catch should not exceed 2018-2022 mean",1
2023,"region_8","centropomus armatus","species","centropomus",583866,1548,624833.7978,5,"maximally harvested","no increase","original estimate; Carta recommendation available for this species in this region",2023,NA,"original estimate; Carta recommendation available for this species in this region","catch should not exceed 2018-2022 mean",1
2024,"region_8","centropomus armatus","species","centropomus",849650.963,1745,624833.7978,5,"maximally harvested","no increase","original estimate; Carta recommendation available for this species in this region",2023,NA,"original estimate; Carta recommendation available for this species in this region","catch should not exceed 2018-2022 mean",0.735400564478616
2018,"region_8","centropomus medius","species","centropomus",2683.7,46,4943.26,5,"maximally harvested","no increase","original estimate; Carta recommendation available for this species in this region",2023,NA,"original estimate; Carta recommendation available for this species in this region","catch should not exceed 2018-2022 mean",1
2019,"region_8","centropomus medius","species","centropomus",8368.8,126,4943.26,5,"maximally harvested","no increase","original estimate; Carta recommendation available for this species in this region",2023,NA,"original estimate; Carta recommendation available for this species in this region","catch should not exceed 2018-2022 mean",0.590677277506931
2020,"region_8","centropomus medius","species","centropomus",6956,87,4943.26,5,"maximally harvested","no increase","original estimate; Carta recommendation available for this species in this region",2023,NA,"original estimate; Carta recommendation available for this species in this region","catch should not exceed 2018-2022 mean",0.710646923519264
2021,"region_8","centropomus medius","species","centropomus",3963.8,47,4943.26,5,"maximally harvested","no increase","original estimate; Carta recommendation available for this species in this region",2023,NA,"original estimate; Carta recommendation available for this species in this region","catch should not exceed 2018-2022 mean",1
2022,"region_8","centropomus medius","species","centropomus",2744,31,4943.26,5,"maximally harvested","no increase","original estimate; Carta recommendation available for this species in this region",2023,NA,"original estimate; Carta recommendation available for this species in this region","catch should not exceed 2018-2022 mean",1
2023,"region_8","centropomus medius","species","centropomus",1470,14,4943.26,5,"maximally harvested","no increase","original estimate; Carta recommendation available for this species in this region",2023,NA,"original estimate; Carta recommendation available for this species in this region","catch should not exceed 2018-2022 mean",1
2024,"region_8","centropomus medius","species","centropomus",914.5,9,4943.26,5,"maximally harvested","no increase","original estimate; Carta recommendation available for this species in this region",2023,NA,"original estimate; Carta recommendation available for this species in this region","catch should not exceed 2018-2022 mean",1
2018,"region_8","centropomus nigrescens","species","centropomus",3,1,4454.25,4,"maximally harvested","no increase","original estimate; Carta recommendation available for this species in this region",2023,NA,"original estimate; Carta recommendation available for this species in this region","catch should not exceed 2018-2022 mean",1
2020,"region_8","centropomus nigrescens","species","centropomus",7400,12,4454.25,4,"maximally harvested","no increase","original estimate; Carta recommendation available for this species in this region",2023,NA,"original estimate; Carta recommendation available for this species in this region","catch should not exceed 2018-2022 mean",0.601925675675676
2021,"region_8","centropomus nigrescens","species","centropomus",7899,10,4454.25,4,"maximally harvested","no increase","original estimate; Carta recommendation available for this species in this region",2023,NA,"original estimate; Carta recommendation available for this species in this region","catch should not exceed 2018-2022 mean",0.563900493733384
2022,"region_8","centropomus nigrescens","species","centropomus",2515,7,4454.25,4,"maximally harvested","no increase","original estimate; Carta recommendation available for this species in this region",2023,NA,"original estimate; Carta recommendation available for this species in this region","catch should not exceed 2018-2022 mean",1
2023,"region_8","centropomus nigrescens","species","centropomus",60,1,4454.25,4,"maximally harvested","no increase","original estimate; Carta recommendation available for this species in this region",2023,NA,"original estimate; Carta recommendation available for this species in this region","catch should not exceed 2018-2022 mean",1
2024,"region_8","centropomus nigrescens","species","centropomus",705,3,4454.25,4,"maximally harvested","no increase","original estimate; Carta recommendation available for this species in this region",2023,NA,"original estimate; Carta recommendation available for this species in this region","catch should not exceed 2018-2022 mean",1
2018,"region_8","crassostrea gigas","species","crassostrea",222676,86,463599,5,"maximally harvested","no increase","original estimate; Carta recommendation available for this species in this region",2017,NA,"original estimate; Carta recommendation available for this species in this region","catch should not exceed 2018-2022 mean",1
2019,"region_8","crassostrea gigas","species","crassostrea",242187,82,463599,5,"maximally harvested","no increase","original estimate; Carta recommendation available for this species in this region",2017,NA,"original estimate; Carta recommendation available for this species in this region","catch should not exceed 2018-2022 mean",1
2020,"region_8","crassostrea gigas","species","crassostrea",191867,119,463599,5,"maximally harvested","no increase","original estimate; Carta recommendation available for this species in this region",2017,NA,"original estimate; Carta recommendation available for this species in this region","catch should not exceed 2018-2022 mean",1
2021,"region_8","crassostrea gigas","species","crassostrea",598950,360,463599,5,"maximally harvested","no increase","original estimate; Carta recommendation available for this species in this region",2017,NA,"original estimate; Carta recommendation available for this species in this region","catch should not exceed 2018-2022 mean",0.774019534184823
2022,"region_8","crassostrea gigas","species","crassostrea",1062315,852,463599,5,"maximally harvested","no increase","original estimate; Carta recommendation available for this species in this region",2017,NA,"original estimate; Carta recommendation available for this species in this region","catch should not exceed 2018-2022 mean",0.436404456305333
2023,"region_8","crassostrea gigas","species","crassostrea",1096559,722,463599,5,"maximally harvested","no increase","original estimate; Carta recommendation available for this species in this region",2017,NA,"original estimate; Carta recommendation available for this species in this region","catch should not exceed 2018-2022 mean",0.422776157051285
2024,"region_8","crassostrea gigas","species","crassostrea",1739373.99,923,463599,5,"maximally harvested","no increase","original estimate; Carta recommendation available for this species in this region",2017,NA,"original estimate; Carta recommendation available for this species in this region","catch should not exceed 2018-2022 mean",0.266532098712135
2018,"region_8","cynoscion acoupa","species","cynoscion",1091637.305,3028,1560063.5632,5,"maximally harvested","no increase",NA,NA,NA,"genus fallback; genus gapfill; data missing in this region, took the mode across all Carta recommendations supplied for this genus regardless of region","catch should not exceed 2018-2022 mean",1
2019,"region_8","cynoscion acoupa","species","cynoscion",1559063.27,4007,1560063.5632,5,"maximally harvested","no increase",NA,NA,NA,"genus fallback; genus gapfill; data missing in this region, took the mode across all Carta recommendations supplied for this genus regardless of region","catch should not exceed 2018-2022 mean",1
2020,"region_8","cynoscion acoupa","species","cynoscion",1317306.791,2836,1560063.5632,5,"maximally harvested","no increase",NA,NA,NA,"genus fallback; genus gapfill; data missing in this region, took the mode across all Carta recommendations supplied for this genus regardless of region","catch should not exceed 2018-2022 mean",1
2021,"region_8","cynoscion acoupa","species","cynoscion",2194015.7,2897,1560063.5632,5,"maximally harvested","no increase",NA,NA,NA,"genus fallback; genus gapfill; data missing in this region, took the mode across all Carta recommendations supplied for this genus regardless of region","catch should not exceed 2018-2022 mean",0.711053965201799
2022,"region_8","cynoscion acoupa","species","cynoscion",1638294.75,3008,1560063.5632,5,"maximally harvested","no increase",NA,NA,NA,"genus fallback; genus gapfill; data missing in this region, took the mode across all Carta recommendations supplied for this genus regardless of region","catch should not exceed 2018-2022 mean",0.952248405361734
2023,"region_8","cynoscion acoupa","species","cynoscion",2133545,3284,1560063.5632,5,"maximally harvested","no increase",NA,NA,NA,"genus fallback; genus gapfill; data missing in this region, took the mode across all Carta recommendations supplied for this genus regardless of region","catch should not exceed 2018-2022 mean",0.731207245781083
2024,"region_8","cynoscion acoupa","species","cynoscion",2729190.732,3016,1560063.5632,5,"maximally harvested","no increase",NA,NA,NA,"genus fallback; genus gapfill; data missing in this region, took the mode across all Carta recommendations supplied for this genus regardless of region","catch should not exceed 2018-2022 mean",0.571621303307284
2018,"region_8","cynoscion reticulatus","species","cynoscion",230465,660,127857.4,5,"maximally harvested","no increase",NA,NA,NA,"genus fallback; genus gapfill; data missing in this region, took the mode across all Carta recommendations supplied for this genus regardless of region","catch should not exceed 2018-2022 mean",0.554780118456165
2019,"region_8","cynoscion reticulatus","species","cynoscion",85555,863,127857.4,5,"maximally harvested","no increase",NA,NA,NA,"genus fallback; genus gapfill; data missing in this region, took the mode across all Carta recommendations supplied for this genus regardless of region","catch should not exceed 2018-2022 mean",1
2020,"region_8","cynoscion reticulatus","species","cynoscion",176575,423,127857.4,5,"maximally harvested","no increase",NA,NA,NA,"genus fallback; genus gapfill; data missing in this region, took the mode across all Carta recommendations supplied for this genus regardless of region","catch should not exceed 2018-2022 mean",0.724096842701402
2021,"region_8","cynoscion reticulatus","species","cynoscion",31478,213,127857.4,5,"maximally harvested","no increase",NA,NA,NA,"genus fallback; genus gapfill; data missing in this region, took the mode across all Carta recommendations supplied for this genus regardless of region","catch should not exceed 2018-2022 mean",1
2022,"region_8","cynoscion reticulatus","species","cynoscion",115214,343,127857.4,5,"maximally harvested","no increase",NA,NA,NA,"genus fallback; genus gapfill; data missing in this region, took the mode across all Carta recommendations supplied for this genus regardless of region","catch should not exceed 2018-2022 mean",1
2023,"region_8","cynoscion reticulatus","species","cynoscion",230659,646,127857.4,5,"maximally harvested","no increase",NA,NA,NA,"genus fallback; genus gapfill; data missing in this region, took the mode across all Carta recommendations supplied for this genus regardless of region","catch should not exceed 2018-2022 mean",0.554313510420144
2024,"region_8","cynoscion reticulatus","species","cynoscion",409630.72,882,127857.4,5,"maximally harvested","no increase",NA,NA,NA,"genus fallback; genus gapfill; data missing in this region, took the mode across all Carta recommendations supplied for this genus regardless of region","catch should not exceed 2018-2022 mean",0.312128445835312
2018,"region_8","cynoscion xanthulus","species","cynoscion",2703.5,41,18941.1,5,"maximally harvested","no increase",NA,NA,NA,"genus fallback; genus gapfill; data missing in this region, took the mode across all Carta recommendations supplied for this genus regardless of region","catch should not exceed 2018-2022 mean",1
2019,"region_8","cynoscion xanthulus","species","cynoscion",2097,36,18941.1,5,"maximally harvested","no increase",NA,NA,NA,"genus fallback; genus gapfill; data missing in this region, took the mode across all Carta recommendations supplied for this genus regardless of region","catch should not exceed 2018-2022 mean",1
2020,"region_8","cynoscion xanthulus","species","cynoscion",18897,45,18941.1,5,"maximally harvested","no increase",NA,NA,NA,"genus fallback; genus gapfill; data missing in this region, took the mode across all Carta recommendations supplied for this genus regardless of region","catch should not exceed 2018-2022 mean",1
2021,"region_8","cynoscion xanthulus","species","cynoscion",45286,25,18941.1,5,"maximally harvested","no increase",NA,NA,NA,"genus fallback; genus gapfill; data missing in this region, took the mode across all Carta recommendations supplied for this genus regardless of region","catch should not exceed 2018-2022 mean",0.41825508987325
2022,"region_8","cynoscion xanthulus","species","cynoscion",25722,14,18941.1,5,"maximally harvested","no increase",NA,NA,NA,"genus fallback; genus gapfill; data missing in this region, took the mode across all Carta recommendations supplied for this genus regardless of region","catch should not exceed 2018-2022 mean",0.736377420107301
2023,"region_8","cynoscion xanthulus","species","cynoscion",7340,40,18941.1,5,"maximally harvested","no increase",NA,NA,NA,"genus fallback; genus gapfill; data missing in this region, took the mode across all Carta recommendations supplied for this genus regardless of region","catch should not exceed 2018-2022 mean",1
2024,"region_8","cynoscion xanthulus","species","cynoscion",29859,76,18941.1,5,"maximally harvested","no increase",NA,NA,NA,"genus fallback; genus gapfill; data missing in this region, took the mode across all Carta recommendations supplied for this genus regardless of region","catch should not exceed 2018-2022 mean",0.634351451823571
2018,"region_8","dosidicus gigas","species","dosidicus",349487.1,473,403232.42,5,"maximally harvested","no increase","original estimate; Carta recommendation available for this species in this region",2022,"specifically says to not increase fishing effort in the Gulf of California","original estimate; Carta recommendation available for this species in this region","catch should not exceed 2018-2022 mean",1
2019,"region_8","dosidicus gigas","species","dosidicus",339109.7,573,403232.42,5,"maximally harvested","no increase","original estimate; Carta recommendation available for this species in this region",2022,"specifically says to not increase fishing effort in the Gulf of California","original estimate; Carta recommendation available for this species in this region","catch should not exceed 2018-2022 mean",1
2020,"region_8","dosidicus gigas","species","dosidicus",218795.9,401,403232.42,5,"maximally harvested","no increase","original estimate; Carta recommendation available for this species in this region",2022,"specifically says to not increase fishing effort in the Gulf of California","original estimate; Carta recommendation available for this species in this region","catch should not exceed 2018-2022 mean",1
2021,"region_8","dosidicus gigas","species","dosidicus",437614.65,633,403232.42,5,"maximally harvested","no increase","original estimate; Carta recommendation available for this species in this region",2022,"specifically says to not increase fishing effort in the Gulf of California","original estimate; Carta recommendation available for this species in this region","catch should not exceed 2018-2022 mean",0.921432634853518
2022,"region_8","dosidicus gigas","species","dosidicus",671154.75,850,403232.42,5,"maximally harvested","no increase","original estimate; Carta recommendation available for this species in this region",2022,"specifically says to not increase fishing effort in the Gulf of California","original estimate; Carta recommendation available for this species in this region","catch should not exceed 2018-2022 mean",0.600803942756868
2023,"region_8","dosidicus gigas","species","dosidicus",1061010,937,403232.42,5,"maximally harvested","no increase","original estimate; Carta recommendation available for this species in this region",2022,"specifically says to not increase fishing effort in the Gulf of California","original estimate; Carta recommendation available for this species in this region","catch should not exceed 2018-2022 mean",0.380045824261788
2024,"region_8","dosidicus gigas","species","dosidicus",1090254.02,994,403232.42,5,"maximally harvested","no increase","original estimate; Carta recommendation available for this species in this region",2022,"specifically says to not increase fishing effort in the Gulf of California","original estimate; Carta recommendation available for this species in this region","catch should not exceed 2018-2022 mean",0.369851807563158
2018,"region_8","dosinia ponderosa","species","dosinia",388699,57,614733.8,5,"maximally harvested","no increase","gapfilled estimate; no Carta recommendation for this species in this specific region",2023,NA,"gapfilled estimate; no Carta recommendation for this species in this specific region","catch should not exceed 2018-2022 mean",1
2019,"region_8","dosinia ponderosa","species","dosinia",548193,82,614733.8,5,"maximally harvested","no increase","gapfilled estimate; no Carta recommendation for this species in this specific region",2023,NA,"gapfilled estimate; no Carta recommendation for this species in this specific region","catch should not exceed 2018-2022 mean",1
2020,"region_8","dosinia ponderosa","species","dosinia",922199,164,614733.8,5,"maximally harvested","no increase","gapfilled estimate; no Carta recommendation for this species in this specific region",2023,NA,"gapfilled estimate; no Carta recommendation for this species in this specific region","catch should not exceed 2018-2022 mean",0.66659560463631
2021,"region_8","dosinia ponderosa","species","dosinia",597650,106,614733.8,5,"maximally harvested","no increase","gapfilled estimate; no Carta recommendation for this species in this specific region",2023,NA,"gapfilled estimate; no Carta recommendation for this species in this specific region","catch should not exceed 2018-2022 mean",1
2022,"region_8","dosinia ponderosa","species","dosinia",616928,90,614733.8,5,"maximally harvested","no increase","gapfilled estimate; no Carta recommendation for this species in this specific region",2023,NA,"gapfilled estimate; no Carta recommendation for this species in this specific region","catch should not exceed 2018-2022 mean",1
2023,"region_8","dosinia ponderosa","species","dosinia",568760,80,614733.8,5,"maximally harvested","no increase","gapfilled estimate; no Carta recommendation for this species in this specific region",2023,NA,"gapfilled estimate; no Carta recommendation for this species in this specific region","catch should not exceed 2018-2022 mean",1
2024,"region_8","dosinia ponderosa","species","dosinia",967135,127,614733.8,5,"maximally harvested","no increase","gapfilled estimate; no Carta recommendation for this species in this specific region",2023,NA,"gapfilled estimate; no Carta recommendation for this species in this specific region","catch should not exceed 2018-2022 mean",0.635623568581429
2018,"region_8","farfantepenaeus brevirostris","species","farfantepenaeus",309577.4,91,245639.84,5,"maximally harvested","no increase","original estimate; Carta recommendation available for this species in this region",2017,NA,"original estimate; Carta recommendation available for this species in this region","catch should not exceed 2018-2022 mean",0.793468257049772
2019,"region_8","farfantepenaeus brevirostris","species","farfantepenaeus",198801.4,56,245639.84,5,"maximally harvested","no increase","original estimate; Carta recommendation available for this species in this region",2017,NA,"original estimate; Carta recommendation available for this species in this region","catch should not exceed 2018-2022 mean",1
2020,"region_8","farfantepenaeus brevirostris","species","farfantepenaeus",115164,42,245639.84,5,"maximally harvested","no increase","original estimate; Carta recommendation available for this species in this region",2017,NA,"original estimate; Carta recommendation available for this species in this region","catch should not exceed 2018-2022 mean",1
2021,"region_8","farfantepenaeus brevirostris","species","farfantepenaeus",325545,98,245639.84,5,"maximally harvested","no increase","original estimate; Carta recommendation available for this species in this region",2017,NA,"original estimate; Carta recommendation available for this species in this region","catch should not exceed 2018-2022 mean",0.75454957071987
2022,"region_8","farfantepenaeus brevirostris","species","farfantepenaeus",279111.4,77,245639.84,5,"maximally harvested","no increase","original estimate; Carta recommendation available for this species in this region",2017,NA,"original estimate; Carta recommendation available for this species in this region","catch should not exceed 2018-2022 mean",0.880078133677091
2023,"region_8","farfantepenaeus brevirostris","species","farfantepenaeus",38472,20,245639.84,5,"maximally harvested","no increase","original estimate; Carta recommendation available for this species in this region",2017,NA,"original estimate; Carta recommendation available for this species in this region","catch should not exceed 2018-2022 mean",1
2024,"region_8","farfantepenaeus brevirostris","species","farfantepenaeus",9241.6,4,245639.84,5,"maximally harvested","no increase","original estimate; Carta recommendation available for this species in this region",2017,NA,"original estimate; Carta recommendation available for this species in this region","catch should not exceed 2018-2022 mean",1
2018,"region_8","hoplopagrus guentherii","species","hoplopagrus",13597.5,94,18845.66,5,"maximally harvested","no increase","original estimate; Carta recommendation available for this species in this region",2023,NA,"original estimate; Carta recommendation available for this species in this region","catch should not exceed 2018-2022 mean",1
2019,"region_8","hoplopagrus guentherii","species","hoplopagrus",17390.6,107,18845.66,5,"maximally harvested","no increase","original estimate; Carta recommendation available for this species in this region",2023,NA,"original estimate; Carta recommendation available for this species in this region","catch should not exceed 2018-2022 mean",1
2020,"region_8","hoplopagrus guentherii","species","hoplopagrus",19230.3,66,18845.66,5,"maximally harvested","no increase","original estimate; Carta recommendation available for this species in this region",2023,NA,"original estimate; Carta recommendation available for this species in this region","catch should not exceed 2018-2022 mean",1
2021,"region_8","hoplopagrus guentherii","species","hoplopagrus",18684.4,105,18845.66,5,"maximally harvested","no increase","original estimate; Carta recommendation available for this species in this region",2023,NA,"original estimate; Carta recommendation available for this species in this region","catch should not exceed 2018-2022 mean",1
2022,"region_8","hoplopagrus guentherii","species","hoplopagrus",25325.5,99,18845.66,5,"maximally harvested","no increase","original estimate; Carta recommendation available for this species in this region",2023,NA,"original estimate; Carta recommendation available for this species in this region","catch should not exceed 2018-2022 mean",0.744137726797102
2023,"region_8","hoplopagrus guentherii","species","hoplopagrus",20961,79,18845.66,5,"maximally harvested","no increase","original estimate; Carta recommendation available for this species in this region",2023,NA,"original estimate; Carta recommendation available for this species in this region","catch should not exceed 2018-2022 mean",0.899082104861409
2024,"region_8","hoplopagrus guentherii","species","hoplopagrus",28856.75,116,18845.66,5,"maximally harvested","no increase","original estimate; Carta recommendation available for this species in this region",2023,NA,"original estimate; Carta recommendation available for this species in this region","catch should not exceed 2018-2022 mean",0.653076316633023
2018,"region_8","isurus oxyrinchus","species","isurus",205363.35,178,453060.08,5,"maximally harvested","no increase","original estimate; Carta recommendation available for this species in this region",2023,NA,"original estimate; Carta recommendation available for this species in this region","catch should not exceed 2018-2022 mean",1
2019,"region_8","isurus oxyrinchus","species","isurus",502345.6,331,453060.08,5,"maximally harvested","no increase","original estimate; Carta recommendation available for this species in this region",2023,NA,"original estimate; Carta recommendation available for this species in this region","catch should not exceed 2018-2022 mean",0.901889217303784
2020,"region_8","isurus oxyrinchus","species","isurus",521777.15,316,453060.08,5,"maximally harvested","no increase","original estimate; Carta recommendation available for this species in this region",2023,NA,"original estimate; Carta recommendation available for this species in this region","catch should not exceed 2018-2022 mean",0.868301879451793
2021,"region_8","isurus oxyrinchus","species","isurus",589426.95,252,453060.08,5,"maximally harvested","no increase","original estimate; Carta recommendation available for this species in this region",2023,NA,"original estimate; Carta recommendation available for this species in this region","catch should not exceed 2018-2022 mean",0.768645003422392
2022,"region_8","isurus oxyrinchus","species","isurus",446387.35,306,453060.08,5,"maximally harvested","no increase","original estimate; Carta recommendation available for this species in this region",2023,NA,"original estimate; Carta recommendation available for this species in this region","catch should not exceed 2018-2022 mean",1
2023,"region_8","isurus oxyrinchus","species","isurus",719786,470,453060.08,5,"maximally harvested","no increase","original estimate; Carta recommendation available for this species in this region",2023,NA,"original estimate; Carta recommendation available for this species in this region","catch should not exceed 2018-2022 mean",0.629437193832611
2024,"region_8","isurus oxyrinchus","species","isurus",747663.125,282,453060.08,5,"maximally harvested","no increase","original estimate; Carta recommendation available for this species in this region",2023,NA,"original estimate; Carta recommendation available for this species in this region","catch should not exceed 2018-2022 mean",0.605968202591241
2019,"region_8","litopenaeus stylirostris","species","litopenaeus",3027.2,3,17282.4,4,"maximally harvested","no increase","original estimate; Carta recommendation available for this species in this region",2017,NA,"original estimate; Carta recommendation available for this species in this region","catch should not exceed 2018-2022 mean",1
2020,"region_8","litopenaeus stylirostris","species","litopenaeus",18192,13,17282.4,4,"maximally harvested","no increase","original estimate; Carta recommendation available for this species in this region",2017,NA,"original estimate; Carta recommendation available for this species in this region","catch should not exceed 2018-2022 mean",0.95
2021,"region_8","litopenaeus stylirostris","species","litopenaeus",14126.4,11,17282.4,4,"maximally harvested","no increase","original estimate; Carta recommendation available for this species in this region",2017,NA,"original estimate; Carta recommendation available for this species in this region","catch should not exceed 2018-2022 mean",1
2022,"region_8","litopenaeus stylirostris","species","litopenaeus",33784,30,17282.4,4,"maximally harvested","no increase","original estimate; Carta recommendation available for this species in this region",2017,NA,"original estimate; Carta recommendation available for this species in this region","catch should not exceed 2018-2022 mean",0.511555766043097
2018,"region_8","litopenaeus vannamei","species","litopenaeus",64352247.668,4887,74101423.0096,5,"maximally harvested","no increase","original estimate; Carta recommendation available for this species in this region",2017,NA,"original estimate; Carta recommendation available for this species in this region","catch should not exceed 2018-2022 mean",1
2019,"region_8","litopenaeus vannamei","species","litopenaeus",73950064.08,5279,74101423.0096,5,"maximally harvested","no increase","original estimate; Carta recommendation available for this species in this region",2017,NA,"original estimate; Carta recommendation available for this species in this region","catch should not exceed 2018-2022 mean",1
2020,"region_8","litopenaeus vannamei","species","litopenaeus",69964736.5,5332,74101423.0096,5,"maximally harvested","no increase","original estimate; Carta recommendation available for this species in this region",2017,NA,"original estimate; Carta recommendation available for this species in this region","catch should not exceed 2018-2022 mean",1
2021,"region_8","litopenaeus vannamei","species","litopenaeus",74409247.6,7734,74101423.0096,5,"maximally harvested","no increase","original estimate; Carta recommendation available for this species in this region",2017,NA,"original estimate; Carta recommendation available for this species in this region","catch should not exceed 2018-2022 mean",1
2022,"region_8","litopenaeus vannamei","species","litopenaeus",87830819.2,10144,74101423.0096,5,"maximally harvested","no increase","original estimate; Carta recommendation available for this species in this region",2017,NA,"original estimate; Carta recommendation available for this species in this region","catch should not exceed 2018-2022 mean",0.843683614527872
2018,"region_8","lutjanus adetii","species","lutjanus",1230227.92,4278,1135017.3176,5,"maximally harvested","no increase",NA,NA,NA,"genus fallback; genus aggregation; took the mode across all Carta recommendations supplied for this genus in this region (in the case of ties: chose the most conservative status and control)","catch should not exceed 2018-2022 mean",0.922607347100365
2019,"region_8","lutjanus adetii","species","lutjanus",1567590.248,4876,1135017.3176,5,"maximally harvested","no increase",NA,NA,NA,"genus fallback; genus aggregation; took the mode across all Carta recommendations supplied for this genus in this region (in the case of ties: chose the most conservative status and control)","catch should not exceed 2018-2022 mean",0.724052295584324
2020,"region_8","lutjanus adetii","species","lutjanus",942099.72,2926,1135017.3176,5,"maximally harvested","no increase",NA,NA,NA,"genus fallback; genus aggregation; took the mode across all Carta recommendations supplied for this genus in this region (in the case of ties: chose the most conservative status and control)","catch should not exceed 2018-2022 mean",1
2021,"region_8","lutjanus adetii","species","lutjanus",937501.1,3069,1135017.3176,5,"maximally harvested","no increase",NA,NA,NA,"genus fallback; genus aggregation; took the mode across all Carta recommendations supplied for this genus in this region (in the case of ties: chose the most conservative status and control)","catch should not exceed 2018-2022 mean",1
2022,"region_8","lutjanus adetii","species","lutjanus",997667.6,3117,1135017.3176,5,"maximally harvested","no increase",NA,NA,NA,"genus fallback; genus aggregation; took the mode across all Carta recommendations supplied for this genus in this region (in the case of ties: chose the most conservative status and control)","catch should not exceed 2018-2022 mean",1
2023,"region_8","lutjanus adetii","species","lutjanus",1334846,3296,1135017.3176,5,"maximally harvested","no increase",NA,NA,NA,"genus fallback; genus aggregation; took the mode across all Carta recommendations supplied for this genus in this region (in the case of ties: chose the most conservative status and control)","catch should not exceed 2018-2022 mean",0.85029832475057
2024,"region_8","lutjanus adetii","species","lutjanus",1147039.51,2487,1135017.3176,5,"maximally harvested","no increase",NA,NA,NA,"genus fallback; genus aggregation; took the mode across all Carta recommendations supplied for this genus in this region (in the case of ties: chose the most conservative status and control)","catch should not exceed 2018-2022 mean",1
2018,"region_8","lutjanus argentiventris","species","lutjanus",5782.9,62,9833.66,5,"maximally harvested","no increase","original estimate; Carta recommendation available for this species in this region",2023,NA,"original estimate; Carta recommendation available for this species in this region","catch should not exceed 2018-2022 mean",1
2019,"region_8","lutjanus argentiventris","species","lutjanus",5439,48,9833.66,5,"maximally harvested","no increase","original estimate; Carta recommendation available for this species in this region",2023,NA,"original estimate; Carta recommendation available for this species in this region","catch should not exceed 2018-2022 mean",1
2020,"region_8","lutjanus argentiventris","species","lutjanus",11846.4,52,9833.66,5,"maximally harvested","no increase","original estimate; Carta recommendation available for this species in this region",2023,NA,"original estimate; Carta recommendation available for this species in this region","catch should not exceed 2018-2022 mean",0.830096907077256
2021,"region_8","lutjanus argentiventris","species","lutjanus",8194,67,9833.66,5,"maximally harvested","no increase","original estimate; Carta recommendation available for this species in this region",2023,NA,"original estimate; Carta recommendation available for this species in this region","catch should not exceed 2018-2022 mean",1
2022,"region_8","lutjanus argentiventris","species","lutjanus",17906,59,9833.66,5,"maximally harvested","no increase","original estimate; Carta recommendation available for this species in this region",2023,NA,"original estimate; Carta recommendation available for this species in this region","catch should not exceed 2018-2022 mean",0.549182396961912
2023,"region_8","lutjanus argentiventris","species","lutjanus",16698,78,9833.66,5,"maximally harvested","no increase","original estimate; Carta recommendation available for this species in this region",2023,NA,"original estimate; Carta recommendation available for this species in this region","catch should not exceed 2018-2022 mean",0.588912444604144
2024,"region_8","lutjanus argentiventris","species","lutjanus",25421,160,9833.66,5,"maximally harvested","no increase","original estimate; Carta recommendation available for this species in this region",2023,NA,"original estimate; Carta recommendation available for this species in this region","catch should not exceed 2018-2022 mean",0.386832146650407
2018,"region_8","lutjanus campechanus","species","lutjanus",616738.1,442,384958.761,5,"maximally harvested","no increase",NA,NA,NA,"genus fallback; genus aggregation; took the mode across all Carta recommendations supplied for this genus in this region (in the case of ties: chose the most conservative status and control)","catch should not exceed 2018-2022 mean",0.624185146012546
2019,"region_8","lutjanus campechanus","species","lutjanus",650257.905,528,384958.761,5,"maximally harvested","no increase",NA,NA,NA,"genus fallback; genus aggregation; took the mode across all Carta recommendations supplied for this genus in this region (in the case of ties: chose the most conservative status and control)","catch should not exceed 2018-2022 mean",0.592009352043171
2020,"region_8","lutjanus campechanus","species","lutjanus",283382,304,384958.761,5,"maximally harvested","no increase",NA,NA,NA,"genus fallback; genus aggregation; took the mode across all Carta recommendations supplied for this genus in this region (in the case of ties: chose the most conservative status and control)","catch should not exceed 2018-2022 mean",1
2021,"region_8","lutjanus campechanus","species","lutjanus",214783.8,306,384958.761,5,"maximally harvested","no increase",NA,NA,NA,"genus fallback; genus aggregation; took the mode across all Carta recommendations supplied for this genus in this region (in the case of ties: chose the most conservative status and control)","catch should not exceed 2018-2022 mean",1
2022,"region_8","lutjanus campechanus","species","lutjanus",159632,281,384958.761,5,"maximally harvested","no increase",NA,NA,NA,"genus fallback; genus aggregation; took the mode across all Carta recommendations supplied for this genus in this region (in the case of ties: chose the most conservative status and control)","catch should not exceed 2018-2022 mean",1
2023,"region_8","lutjanus campechanus","species","lutjanus",95614,204,384958.761,5,"maximally harvested","no increase",NA,NA,NA,"genus fallback; genus aggregation; took the mode across all Carta recommendations supplied for this genus in this region (in the case of ties: chose the most conservative status and control)","catch should not exceed 2018-2022 mean",1
2024,"region_8","lutjanus campechanus","species","lutjanus",134123.066,267,384958.761,5,"maximally harvested","no increase",NA,NA,NA,"genus fallback; genus aggregation; took the mode across all Carta recommendations supplied for this genus in this region (in the case of ties: chose the most conservative status and control)","catch should not exceed 2018-2022 mean",1
2018,"region_8","lutjanus colorado","species","lutjanus",11551.5,161,31844.12,5,"maximally harvested","no increase","original estimate; Carta recommendation available for this species in this region",2023,NA,"original estimate; Carta recommendation available for this species in this region","catch should not exceed 2018-2022 mean",1
2019,"region_8","lutjanus colorado","species","lutjanus",27800,330,31844.12,5,"maximally harvested","no increase","original estimate; Carta recommendation available for this species in this region",2023,NA,"original estimate; Carta recommendation available for this species in this region","catch should not exceed 2018-2022 mean",1
2020,"region_8","lutjanus colorado","species","lutjanus",36656,221,31844.12,5,"maximally harvested","no increase","original estimate; Carta recommendation available for this species in this region",2023,NA,"original estimate; Carta recommendation available for this species in this region","catch should not exceed 2018-2022 mean",0.868728721082497
2021,"region_8","lutjanus colorado","species","lutjanus",46819.4,145,31844.12,5,"maximally harvested","no increase","original estimate; Carta recommendation available for this species in this region",2023,NA,"original estimate; Carta recommendation available for this species in this region","catch should not exceed 2018-2022 mean",0.680147972848862
2022,"region_8","lutjanus colorado","species","lutjanus",36393.7,139,31844.12,5,"maximally harvested","no increase","original estimate; Carta recommendation available for this species in this region",2023,NA,"original estimate; Carta recommendation available for this species in this region","catch should not exceed 2018-2022 mean",0.87498990209844
2023,"region_8","lutjanus colorado","species","lutjanus",29964,156,31844.12,5,"maximally harvested","no increase","original estimate; Carta recommendation available for this species in this region",2023,NA,"original estimate; Carta recommendation available for this species in this region","catch should not exceed 2018-2022 mean",1
2024,"region_8","lutjanus colorado","species","lutjanus",427939.5,950,31844.12,5,"maximally harvested","no increase","original estimate; Carta recommendation available for this species in this region",2023,NA,"original estimate; Carta recommendation available for this species in this region","catch should not exceed 2018-2022 mean",0.0744126681458477
2018,"region_8","lutjanus guttatus","species","lutjanus",14296.7,103,43178.28,5,"maximally harvested","no increase","original estimate; Carta recommendation available for this species in this region",2023,NA,"original estimate; Carta recommendation available for this species in this region","catch should not exceed 2018-2022 mean",1
2019,"region_8","lutjanus guttatus","species","lutjanus",17469.6,68,43178.28,5,"maximally harvested","no increase","original estimate; Carta recommendation available for this species in this region",2023,NA,"original estimate; Carta recommendation available for this species in this region","catch should not exceed 2018-2022 mean",1
2020,"region_8","lutjanus guttatus","species","lutjanus",36747.6,175,43178.28,5,"maximally harvested","no increase","original estimate; Carta recommendation available for this species in this region",2023,NA,"original estimate; Carta recommendation available for this species in this region","catch should not exceed 2018-2022 mean",1
2021,"region_8","lutjanus guttatus","species","lutjanus",54397.7,188,43178.28,5,"maximally harvested","no increase","original estimate; Carta recommendation available for this species in this region",2023,NA,"original estimate; Carta recommendation available for this species in this region","catch should not exceed 2018-2022 mean",0.793751941718124
2022,"region_8","lutjanus guttatus","species","lutjanus",92979.8,264,43178.28,5,"maximally harvested","no increase","original estimate; Carta recommendation available for this species in this region",2023,NA,"original estimate; Carta recommendation available for this species in this region","catch should not exceed 2018-2022 mean",0.464383446727139
2023,"region_8","lutjanus guttatus","species","lutjanus",109841,276,43178.28,5,"maximally harvested","no increase","original estimate; Carta recommendation available for this species in this region",2023,NA,"original estimate; Carta recommendation available for this species in this region","catch should not exceed 2018-2022 mean",0.393098023506705
2024,"region_8","lutjanus guttatus","species","lutjanus",104313.6,317,43178.28,5,"maximally harvested","no increase","original estimate; Carta recommendation available for this species in this region",2023,NA,"original estimate; Carta recommendation available for this species in this region","catch should not exceed 2018-2022 mean",0.413927618258789
2018,"region_8","lutjanus jordani","species","lutjanus",289.6,5,2119.92,5,"maximally harvested","no increase",NA,NA,NA,"genus fallback; genus aggregation; took the mode across all Carta recommendations supplied for this genus in this region (in the case of ties: chose the most conservative status and control)","catch should not exceed 2018-2022 mean",1
2019,"region_8","lutjanus jordani","species","lutjanus",3310,9,2119.92,5,"maximally harvested","no increase",NA,NA,NA,"genus fallback; genus aggregation; took the mode across all Carta recommendations supplied for this genus in this region (in the case of ties: chose the most conservative status and control)","catch should not exceed 2018-2022 mean",0.640459214501511
2020,"region_8","lutjanus jordani","species","lutjanus",2659,22,2119.92,5,"maximally harvested","no increase",NA,NA,NA,"genus fallback; genus aggregation; took the mode across all Carta recommendations supplied for this genus in this region (in the case of ties: chose the most conservative status and control)","catch should not exceed 2018-2022 mean",0.797262128619782
2021,"region_8","lutjanus jordani","species","lutjanus",1050,10,2119.92,5,"maximally harvested","no increase",NA,NA,NA,"genus fallback; genus aggregation; took the mode across all Carta recommendations supplied for this genus in this region (in the case of ties: chose the most conservative status and control)","catch should not exceed 2018-2022 mean",1
2022,"region_8","lutjanus jordani","species","lutjanus",3291,14,2119.92,5,"maximally harvested","no increase",NA,NA,NA,"genus fallback; genus aggregation; took the mode across all Carta recommendations supplied for this genus in this region (in the case of ties: chose the most conservative status and control)","catch should not exceed 2018-2022 mean",0.644156791248861
2023,"region_8","lutjanus jordani","species","lutjanus",1190,19,2119.92,5,"maximally harvested","no increase",NA,NA,NA,"genus fallback; genus aggregation; took the mode across all Carta recommendations supplied for this genus in this region (in the case of ties: chose the most conservative status and control)","catch should not exceed 2018-2022 mean",1
2024,"region_8","lutjanus jordani","species","lutjanus",1509,21,2119.92,5,"maximally harvested","no increase",NA,NA,NA,"genus fallback; genus aggregation; took the mode across all Carta recommendations supplied for this genus in this region (in the case of ties: chose the most conservative status and control)","catch should not exceed 2018-2022 mean",1
2018,"region_8","lutjanus novemfasciatus","species","lutjanus",219,2,216.75,4,"maximally harvested","no increase","original estimate; Carta recommendation available for this species in this region",2023,NA,"original estimate; Carta recommendation available for this species in this region","catch should not exceed 2018-2022 mean",1
2020,"region_8","lutjanus novemfasciatus","species","lutjanus",444,4,216.75,4,"maximally harvested","no increase","original estimate; Carta recommendation available for this species in this region",2023,NA,"original estimate; Carta recommendation available for this species in this region","catch should not exceed 2018-2022 mean",0.488175675675676
2021,"region_8","lutjanus novemfasciatus","species","lutjanus",30,1,216.75,4,"maximally harvested","no increase","original estimate; Carta recommendation available for this species in this region",2023,NA,"original estimate; Carta recommendation available for this species in this region","catch should not exceed 2018-2022 mean",1
2022,"region_8","lutjanus novemfasciatus","species","lutjanus",174,3,216.75,4,"maximally harvested","no increase","original estimate; Carta recommendation available for this species in this region",2023,NA,"original estimate; Carta recommendation available for this species in this region","catch should not exceed 2018-2022 mean",1
2023,"region_8","lutjanus novemfasciatus","species","lutjanus",313,2,216.75,4,"maximally harvested","no increase","original estimate; Carta recommendation available for this species in this region",2023,NA,"original estimate; Carta recommendation available for this species in this region","catch should not exceed 2018-2022 mean",0.692492012779553
2024,"region_8","lutjanus novemfasciatus","species","lutjanus",270,2,216.75,4,"maximally harvested","no increase","original estimate; Carta recommendation available for this species in this region",2023,NA,"original estimate; Carta recommendation available for this species in this region","catch should not exceed 2018-2022 mean",0.802777777777778
2018,"region_8","lutjanus peru","species","lutjanus",33007.9,312,30990.42,5,"maximally harvested","no increase","original estimate; Carta recommendation available for this species in this region",2023,NA,"original estimate; Carta recommendation available for this species in this region","catch should not exceed 2018-2022 mean",0.938878874451268
2019,"region_8","lutjanus peru","species","lutjanus",44364.25,337,30990.42,5,"maximally harvested","no increase","original estimate; Carta recommendation available for this species in this region",2023,NA,"original estimate; Carta recommendation available for this species in this region","catch should not exceed 2018-2022 mean",0.698544886930355
2020,"region_8","lutjanus peru","species","lutjanus",32106.5,77,30990.42,5,"maximally harvested","no increase","original estimate; Carta recommendation available for this species in this region",2023,NA,"original estimate; Carta recommendation available for this species in this region","catch should not exceed 2018-2022 mean",1
2021,"region_8","lutjanus peru","species","lutjanus",31768.25,80,30990.42,5,"maximally harvested","no increase","original estimate; Carta recommendation available for this species in this region",2023,NA,"original estimate; Carta recommendation available for this species in this region","catch should not exceed 2018-2022 mean",1
2022,"region_8","lutjanus peru","species","lutjanus",13705.2,37,30990.42,5,"maximally harvested","no increase","original estimate; Carta recommendation available for this species in this region",2023,NA,"original estimate; Carta recommendation available for this species in this region","catch should not exceed 2018-2022 mean",1
2023,"region_8","lutjanus peru","species","lutjanus",344564,574,30990.42,5,"maximally harvested","no increase","original estimate; Carta recommendation available for this species in this region",2023,NA,"original estimate; Carta recommendation available for this species in this region","catch should not exceed 2018-2022 mean",0.0899409688766093
2024,"region_8","lutjanus peru","species","lutjanus",529867.5375,653,30990.42,5,"maximally harvested","no increase","original estimate; Carta recommendation available for this species in this region",2023,NA,"original estimate; Carta recommendation available for this species in this region","catch should not exceed 2018-2022 mean",0.0584871082048502
2018,"region_8","lutjanus spp","species","lutjanus",503435,525,504023.4,5,"maximally harvested","no increase",NA,NA,NA,"genus fallback; genus aggregation; took the mode across all Carta recommendations supplied for this genus in this region (in the case of ties: chose the most conservative status and control)","catch should not exceed 2018-2022 mean",1
2019,"region_8","lutjanus spp","species","lutjanus",333993,457,504023.4,5,"maximally harvested","no increase",NA,NA,NA,"genus fallback; genus aggregation; took the mode across all Carta recommendations supplied for this genus in this region (in the case of ties: chose the most conservative status and control)","catch should not exceed 2018-2022 mean",1
2020,"region_8","lutjanus spp","species","lutjanus",727863,582,504023.4,5,"maximally harvested","no increase",NA,NA,NA,"genus fallback; genus aggregation; took the mode across all Carta recommendations supplied for this genus in this region (in the case of ties: chose the most conservative status and control)","catch should not exceed 2018-2022 mean",0.692470148915387
2021,"region_8","lutjanus spp","species","lutjanus",623747,699,504023.4,5,"maximally harvested","no increase",NA,NA,NA,"genus fallback; genus aggregation; took the mode across all Carta recommendations supplied for this genus in this region (in the case of ties: chose the most conservative status and control)","catch should not exceed 2018-2022 mean",0.808057433542767
2022,"region_8","lutjanus spp","species","lutjanus",331079,537,504023.4,5,"maximally harvested","no increase",NA,NA,NA,"genus fallback; genus aggregation; took the mode across all Carta recommendations supplied for this genus in this region (in the case of ties: chose the most conservative status and control)","catch should not exceed 2018-2022 mean",1
2019,"region_8","megapitaria squalida","species","megapitaria",5040,17,177491.75,4,"maximally harvested","no increase","original estimate; Carta recommendation available for this species in this region",2023,"Within region variation in status, took most conservative","original estimate; Carta recommendation available for this species in this region","catch should not exceed 2018-2022 mean",1
2020,"region_8","megapitaria squalida","species","megapitaria",32610,48,177491.75,4,"maximally harvested","no increase","original estimate; Carta recommendation available for this species in this region",2023,"Within region variation in status, took most conservative","original estimate; Carta recommendation available for this species in this region","catch should not exceed 2018-2022 mean",1
2021,"region_8","megapitaria squalida","species","megapitaria",136507,169,177491.75,4,"maximally harvested","no increase","original estimate; Carta recommendation available for this species in this region",2023,"Within region variation in status, took most conservative","original estimate; Carta recommendation available for this species in this region","catch should not exceed 2018-2022 mean",1
2022,"region_8","megapitaria squalida","species","megapitaria",535810,289,177491.75,4,"maximally harvested","no increase","original estimate; Carta recommendation available for this species in this region",2023,"Within region variation in status, took most conservative","original estimate; Carta recommendation available for this species in this region","catch should not exceed 2018-2022 mean",0.331258748436946
2023,"region_8","megapitaria squalida","species","megapitaria",331608,247,177491.75,4,"maximally harvested","no increase","original estimate; Carta recommendation available for this species in this region",2023,"Within region variation in status, took most conservative","original estimate; Carta recommendation available for this species in this region","catch should not exceed 2018-2022 mean",0.535245681648211
2018,"region_8","merluccius productus","species","merluccius",7210,2,55483.28,5,"maximally harvested","no increase","gapfilled estimate; no Carta recommendation for this species in this specific region",2022,NA,"gapfilled estimate; no Carta recommendation for this species in this specific region","catch should not exceed 2018-2022 mean",1
2019,"region_8","merluccius productus","species","merluccius",68255,7,55483.28,5,"maximally harvested","no increase","gapfilled estimate; no Carta recommendation for this species in this specific region",2022,NA,"gapfilled estimate; no Carta recommendation for this species in this specific region","catch should not exceed 2018-2022 mean",0.81288227968647
2020,"region_8","merluccius productus","species","merluccius",176499.6,10,55483.28,5,"maximally harvested","no increase","gapfilled estimate; no Carta recommendation for this species in this specific region",2022,NA,"gapfilled estimate; no Carta recommendation for this species in this specific region","catch should not exceed 2018-2022 mean",0.314353573605832
2021,"region_8","merluccius productus","species","merluccius",2351.8,1,55483.28,5,"maximally harvested","no increase","gapfilled estimate; no Carta recommendation for this species in this specific region",2022,NA,"gapfilled estimate; no Carta recommendation for this species in this specific region","catch should not exceed 2018-2022 mean",1
2022,"region_8","merluccius productus","species","merluccius",23100,1,55483.28,5,"maximally harvested","no increase","gapfilled estimate; no Carta recommendation for this species in this specific region",2022,NA,"gapfilled estimate; no Carta recommendation for this species in this specific region","catch should not exceed 2018-2022 mean",1
2023,"region_8","merluccius productus","species","merluccius",42185,1,55483.28,5,"maximally harvested","no increase","gapfilled estimate; no Carta recommendation for this species in this specific region",2022,NA,"gapfilled estimate; no Carta recommendation for this species in this specific region","catch should not exceed 2018-2022 mean",1
2024,"region_8","merluccius productus","species","merluccius",775915,26,55483.28,5,"maximally harvested","no increase","gapfilled estimate; no Carta recommendation for this species in this specific region",2022,NA,"gapfilled estimate; no Carta recommendation for this species in this specific region","catch should not exceed 2018-2022 mean",0.0715069047511648
2018,"region_8","mugil cephalus","species","mugil",2694018,4139,1994232.966,5,"maximally harvested","no increase","original estimate; Carta recommendation available for this species in this region",2023,NA,"original estimate; Carta recommendation available for this species in this region","catch should not exceed 2018-2022 mean",0.740244855825017
2019,"region_8","mugil cephalus","species","mugil",2840260.83,4567,1994232.966,5,"maximally harvested","no increase","original estimate; Carta recommendation available for this species in this region",2023,NA,"original estimate; Carta recommendation available for this species in this region","catch should not exceed 2018-2022 mean",0.702130221610668
2020,"region_8","mugil cephalus","species","mugil",1754299,2208,1994232.966,5,"maximally harvested","no increase","original estimate; Carta recommendation available for this species in this region",2023,NA,"original estimate; Carta recommendation available for this species in this region","catch should not exceed 2018-2022 mean",1
2021,"region_8","mugil cephalus","species","mugil",1056236,1609,1994232.966,5,"maximally harvested","no increase","original estimate; Carta recommendation available for this species in this region",2023,NA,"original estimate; Carta recommendation available for this species in this region","catch should not exceed 2018-2022 mean",1
2022,"region_8","mugil cephalus","species","mugil",1626351,2191,1994232.966,5,"maximally harvested","no increase","original estimate; Carta recommendation available for this species in this region",2023,NA,"original estimate; Carta recommendation available for this species in this region","catch should not exceed 2018-2022 mean",1
2023,"region_8","mugil cephalus","species","mugil",74470,300,1994232.966,5,"maximally harvested","no increase","original estimate; Carta recommendation available for this species in this region",2023,NA,"original estimate; Carta recommendation available for this species in this region","catch should not exceed 2018-2022 mean",1
2024,"region_8","mugil cephalus","species","mugil",136938,392,1994232.966,5,"maximally harvested","no increase","original estimate; Carta recommendation available for this species in this region",2023,NA,"original estimate; Carta recommendation available for this species in this region","catch should not exceed 2018-2022 mean",1
2018,"region_8","mugil curema","species","mugil",337892.3,1050,309806.52,5,"maximally harvested","no increase",NA,NA,NA,"genus fallback; genus aggregation; took the mode across all Carta recommendations supplied for this genus in this region (in the case of ties: chose the most conservative status and control)","catch should not exceed 2018-2022 mean",0.916879490891032
2019,"region_8","mugil curema","species","mugil",394916,1145,309806.52,5,"maximally harvested","no increase",NA,NA,NA,"genus fallback; genus aggregation; took the mode across all Carta recommendations supplied for this genus in this region (in the case of ties: chose the most conservative status and control)","catch should not exceed 2018-2022 mean",0.78448713144061
2020,"region_8","mugil curema","species","mugil",313095,681,309806.52,5,"maximally harvested","no increase",NA,NA,NA,"genus fallback; genus aggregation; took the mode across all Carta recommendations supplied for this genus in this region (in the case of ties: chose the most conservative status and control)","catch should not exceed 2018-2022 mean",1
2021,"region_8","mugil curema","species","mugil",231815,665,309806.52,5,"maximally harvested","no increase",NA,NA,NA,"genus fallback; genus aggregation; took the mode across all Carta recommendations supplied for this genus in this region (in the case of ties: chose the most conservative status and control)","catch should not exceed 2018-2022 mean",1
2022,"region_8","mugil curema","species","mugil",271314.3,856,309806.52,5,"maximally harvested","no increase",NA,NA,NA,"genus fallback; genus aggregation; took the mode across all Carta recommendations supplied for this genus in this region (in the case of ties: chose the most conservative status and control)","catch should not exceed 2018-2022 mean",1
2023,"region_8","mugil curema","species","mugil",202687,594,309806.52,5,"maximally harvested","no increase",NA,NA,NA,"genus fallback; genus aggregation; took the mode across all Carta recommendations supplied for this genus in this region (in the case of ties: chose the most conservative status and control)","catch should not exceed 2018-2022 mean",1
2024,"region_8","mugil curema","species","mugil",128466.5,279,309806.52,5,"maximally harvested","no increase",NA,NA,NA,"genus fallback; genus aggregation; took the mode across all Carta recommendations supplied for this genus in this region (in the case of ties: chose the most conservative status and control)","catch should not exceed 2018-2022 mean",1
2018,"region_8","mustelus albipinnis","species","mustelus",200,1,2468,4,"maximally harvested","no increase","original estimate; Carta recommendation available for this species in this region",2023,NA,"original estimate; Carta recommendation available for this species in this region","catch should not exceed 2018-2022 mean",1
2020,"region_8","mustelus albipinnis","species","mustelus",7042,2,2468,4,"maximally harvested","no increase","original estimate; Carta recommendation available for this species in this region",2023,NA,"original estimate; Carta recommendation available for this species in this region","catch should not exceed 2018-2022 mean",0.350468616870207
2021,"region_8","mustelus albipinnis","species","mustelus",2330,11,2468,4,"maximally harvested","no increase","original estimate; Carta recommendation available for this species in this region",2023,NA,"original estimate; Carta recommendation available for this species in this region","catch should not exceed 2018-2022 mean",1
2022,"region_8","mustelus albipinnis","species","mustelus",300,2,2468,4,"maximally harvested","no increase","original estimate; Carta recommendation available for this species in this region",2023,NA,"original estimate; Carta recommendation available for this species in this region","catch should not exceed 2018-2022 mean",1
2023,"region_8","mustelus albipinnis","species","mustelus",7408,7,2468,4,"maximally harvested","no increase","original estimate; Carta recommendation available for this species in this region",2023,NA,"original estimate; Carta recommendation available for this species in this region","catch should not exceed 2018-2022 mean",0.333153347732181
2024,"region_8","mustelus albipinnis","species","mustelus",12000,6,2468,4,"maximally harvested","no increase","original estimate; Carta recommendation available for this species in this region",2023,NA,"original estimate; Carta recommendation available for this species in this region","catch should not exceed 2018-2022 mean",0.205666666666667
2018,"region_8","negaprion brevirostris","species","negaprion",5766.25,11,8609.75,5,"maximally harvested","no increase","original estimate; Carta recommendation available for this species in this region",2023,NA,"original estimate; Carta recommendation available for this species in this region","catch should not exceed 2018-2022 mean",1
2019,"region_8","negaprion brevirostris","species","negaprion",8250,29,8609.75,5,"maximally harvested","no increase","original estimate; Carta recommendation available for this species in this region",2023,NA,"original estimate; Carta recommendation available for this species in this region","catch should not exceed 2018-2022 mean",1
2020,"region_8","negaprion brevirostris","species","negaprion",9028.75,20,8609.75,5,"maximally harvested","no increase","original estimate; Carta recommendation available for this species in this region",2023,NA,"original estimate; Carta recommendation available for this species in this region","catch should not exceed 2018-2022 mean",1
2021,"region_8","negaprion brevirostris","species","negaprion",9493.75,18,8609.75,5,"maximally harvested","no increase","original estimate; Carta recommendation available for this species in this region",2023,NA,"original estimate; Carta recommendation available for this species in this region","catch should not exceed 2018-2022 mean",0.906886109282423
2022,"region_8","negaprion brevirostris","species","negaprion",10510,14,8609.75,5,"maximally harvested","no increase","original estimate; Carta recommendation available for this species in this region",2023,NA,"original estimate; Carta recommendation available for this species in this region","catch should not exceed 2018-2022 mean",0.819196003805899
2023,"region_8","negaprion brevirostris","species","negaprion",5920,5,8609.75,5,"maximally harvested","no increase","original estimate; Carta recommendation available for this species in this region",2023,NA,"original estimate; Carta recommendation available for this species in this region","catch should not exceed 2018-2022 mean",1
2024,"region_8","negaprion brevirostris","species","negaprion",69906.6,36,8609.75,5,"maximally harvested","no increase","original estimate; Carta recommendation available for this species in this region",2023,NA,"original estimate; Carta recommendation available for this species in this region","catch should not exceed 2018-2022 mean",0.123160760214343
2018,"region_8","oligoplites altus","species","oligoplites",1045,6,124369.2,5,"maximally harvested","no increase",NA,NA,NA,"genus fallback; genus aggregation; took the mode across all Carta recommendations supplied for this genus in this region (in the case of ties: chose the most conservative status and control)","catch should not exceed 2018-2022 mean",1
2019,"region_8","oligoplites altus","species","oligoplites",6017,18,124369.2,5,"maximally harvested","no increase",NA,NA,NA,"genus fallback; genus aggregation; took the mode across all Carta recommendations supplied for this genus in this region (in the case of ties: chose the most conservative status and control)","catch should not exceed 2018-2022 mean",1
2020,"region_8","oligoplites altus","species","oligoplites",10823,27,124369.2,5,"maximally harvested","no increase",NA,NA,NA,"genus fallback; genus aggregation; took the mode across all Carta recommendations supplied for this genus in this region (in the case of ties: chose the most conservative status and control)","catch should not exceed 2018-2022 mean",1
2021,"region_8","oligoplites altus","species","oligoplites",520482.4,22,124369.2,5,"maximally harvested","no increase",NA,NA,NA,"genus fallback; genus aggregation; took the mode across all Carta recommendations supplied for this genus in this region (in the case of ties: chose the most conservative status and control)","catch should not exceed 2018-2022 mean",0.238949866508454
2022,"region_8","oligoplites altus","species","oligoplites",83478.6,163,124369.2,5,"maximally harvested","no increase",NA,NA,NA,"genus fallback; genus aggregation; took the mode across all Carta recommendations supplied for this genus in this region (in the case of ties: chose the most conservative status and control)","catch should not exceed 2018-2022 mean",1
2023,"region_8","oligoplites altus","species","oligoplites",905,27,124369.2,5,"maximally harvested","no increase",NA,NA,NA,"genus fallback; genus aggregation; took the mode across all Carta recommendations supplied for this genus in this region (in the case of ties: chose the most conservative status and control)","catch should not exceed 2018-2022 mean",1
2024,"region_8","oligoplites altus","species","oligoplites",1290,37,124369.2,5,"maximally harvested","no increase",NA,NA,NA,"genus fallback; genus aggregation; took the mode across all Carta recommendations supplied for this genus in this region (in the case of ties: chose the most conservative status and control)","catch should not exceed 2018-2022 mean",1
2018,"region_8","opisthonema libertate","species","opisthonema",82376126.32,537,82110535.968,5,"maximally harvested","no increase","original estimate; Carta recommendation available for this species in this region",2022,NA,"original estimate; Carta recommendation available for this species in this region","catch should not exceed 2018-2022 mean",1
2019,"region_8","opisthonema libertate","species","opisthonema",82767618.2,588,82110535.968,5,"maximally harvested","no increase","original estimate; Carta recommendation available for this species in this region",2022,NA,"original estimate; Carta recommendation available for this species in this region","catch should not exceed 2018-2022 mean",1
2020,"region_8","opisthonema libertate","species","opisthonema",75080136.96,496,82110535.968,5,"maximally harvested","no increase","original estimate; Carta recommendation available for this species in this region",2022,NA,"original estimate; Carta recommendation available for this species in this region","catch should not exceed 2018-2022 mean",1
2021,"region_8","opisthonema libertate","species","opisthonema",82705385.36,533,82110535.968,5,"maximally harvested","no increase","original estimate; Carta recommendation available for this species in this region",2022,NA,"original estimate; Carta recommendation available for this species in this region","catch should not exceed 2018-2022 mean",1
2022,"region_8","opisthonema libertate","species","opisthonema",87623413,776,82110535.968,5,"maximally harvested","no increase","original estimate; Carta recommendation available for this species in this region",2022,NA,"original estimate; Carta recommendation available for this species in this region","catch should not exceed 2018-2022 mean",0.93708442934082
2018,"region_8","panulirus argus","species","panulirus",17220,90,19770.84,5,"maximally harvested","no increase",NA,NA,NA,"genus fallback; genus aggregation; took the mode across all Carta recommendations supplied for this genus in this region (in the case of ties: chose the most conservative status and control)","catch should not exceed 2018-2022 mean",1
2019,"region_8","panulirus argus","species","panulirus",27059.9,97,19770.84,5,"maximally harvested","no increase",NA,NA,NA,"genus fallback; genus aggregation; took the mode across all Carta recommendations supplied for this genus in this region (in the case of ties: chose the most conservative status and control)","catch should not exceed 2018-2022 mean",0.730632411797531
2020,"region_8","panulirus argus","species","panulirus",15682.3,57,19770.84,5,"maximally harvested","no increase",NA,NA,NA,"genus fallback; genus aggregation; took the mode across all Carta recommendations supplied for this genus in this region (in the case of ties: chose the most conservative status and control)","catch should not exceed 2018-2022 mean",1
2021,"region_8","panulirus argus","species","panulirus",13770,52,19770.84,5,"maximally harvested","no increase",NA,NA,NA,"genus fallback; genus aggregation; took the mode across all Carta recommendations supplied for this genus in this region (in the case of ties: chose the most conservative status and control)","catch should not exceed 2018-2022 mean",1
2022,"region_8","panulirus argus","species","panulirus",25122,55,19770.84,5,"maximally harvested","no increase",NA,NA,NA,"genus fallback; genus aggregation; took the mode across all Carta recommendations supplied for this genus in this region (in the case of ties: chose the most conservative status and control)","catch should not exceed 2018-2022 mean",0.786993073799857
2023,"region_8","panulirus argus","species","panulirus",10390,21,19770.84,5,"maximally harvested","no increase",NA,NA,NA,"genus fallback; genus aggregation; took the mode across all Carta recommendations supplied for this genus in this region (in the case of ties: chose the most conservative status and control)","catch should not exceed 2018-2022 mean",1
2018,"region_8","panulirus inflatus","species","panulirus",240,2,1827.4,5,"maximally harvested","no increase","original estimate; Carta recommendation available for this species in this region",2023,NA,"original estimate; Carta recommendation available for this species in this region","catch should not exceed 2018-2022 mean",1
2019,"region_8","panulirus inflatus","species","panulirus",65,1,1827.4,5,"maximally harvested","no increase","original estimate; Carta recommendation available for this species in this region",2023,NA,"original estimate; Carta recommendation available for this species in this region","catch should not exceed 2018-2022 mean",1
2020,"region_8","panulirus inflatus","species","panulirus",3332,30,1827.4,5,"maximally harvested","no increase","original estimate; Carta recommendation available for this species in this region",2023,NA,"original estimate; Carta recommendation available for this species in this region","catch should not exceed 2018-2022 mean",0.5484393757503
2021,"region_8","panulirus inflatus","species","panulirus",1777,17,1827.4,5,"maximally harvested","no increase","original estimate; Carta recommendation available for this species in this region",2023,NA,"original estimate; Carta recommendation available for this species in this region","catch should not exceed 2018-2022 mean",1
2022,"region_8","panulirus inflatus","species","panulirus",3723,22,1827.4,5,"maximally harvested","no increase","original estimate; Carta recommendation available for this species in this region",2023,NA,"original estimate; Carta recommendation available for this species in this region","catch should not exceed 2018-2022 mean",0.490840719849584
2023,"region_8","panulirus inflatus","species","panulirus",6881,13,1827.4,5,"maximally harvested","no increase","original estimate; Carta recommendation available for this species in this region",2023,NA,"original estimate; Carta recommendation available for this species in this region","catch should not exceed 2018-2022 mean",0.265571864554571
2024,"region_8","panulirus inflatus","species","panulirus",18109.3,45,1827.4,5,"maximally harvested","no increase","original estimate; Carta recommendation available for this species in this region",2023,NA,"original estimate; Carta recommendation available for this species in this region","catch should not exceed 2018-2022 mean",0.100909477450813
2018,"region_8","paralabrax auroguttatus","species","paralabrax",3165,7,8619.28,5,"maximally harvested","no increase",NA,NA,NA,"genus fallback; genus gapfill; data missing in this region, took the mode across all Carta recommendations supplied for this genus regardless of region","catch should not exceed 2018-2022 mean",1
2019,"region_8","paralabrax auroguttatus","species","paralabrax",2448,5,8619.28,5,"maximally harvested","no increase",NA,NA,NA,"genus fallback; genus gapfill; data missing in this region, took the mode across all Carta recommendations supplied for this genus regardless of region","catch should not exceed 2018-2022 mean",1
2020,"region_8","paralabrax auroguttatus","species","paralabrax",3001.4,5,8619.28,5,"maximally harvested","no increase",NA,NA,NA,"genus fallback; genus gapfill; data missing in this region, took the mode across all Carta recommendations supplied for this genus regardless of region","catch should not exceed 2018-2022 mean",1
2021,"region_8","paralabrax auroguttatus","species","paralabrax",4997,13,8619.28,5,"maximally harvested","no increase",NA,NA,NA,"genus fallback; genus gapfill; data missing in this region, took the mode across all Carta recommendations supplied for this genus regardless of region","catch should not exceed 2018-2022 mean",1
2022,"region_8","paralabrax auroguttatus","species","paralabrax",29485,28,8619.28,5,"maximally harvested","no increase",NA,NA,NA,"genus fallback; genus gapfill; data missing in this region, took the mode across all Carta recommendations supplied for this genus regardless of region","catch should not exceed 2018-2022 mean",0.292327624215703
2023,"region_8","paralabrax auroguttatus","species","paralabrax",131944,120,8619.28,5,"maximally harvested","no increase",NA,NA,NA,"genus fallback; genus gapfill; data missing in this region, took the mode across all Carta recommendations supplied for this genus regardless of region","catch should not exceed 2018-2022 mean",0.0653252895167647
2024,"region_8","paralabrax auroguttatus","species","paralabrax",74336.5,73,8619.28,5,"maximally harvested","no increase",NA,NA,NA,"genus fallback; genus gapfill; data missing in this region, took the mode across all Carta recommendations supplied for this genus regardless of region","catch should not exceed 2018-2022 mean",0.115949499909197
2018,"region_8","prionace glauca","species","prionace",864938.7,176,1041716.97,5,"maximally harvested","no increase","original estimate; Carta recommendation available for this species in this region",2023,NA,"original estimate; Carta recommendation available for this species in this region","catch should not exceed 2018-2022 mean",1
2019,"region_8","prionace glauca","species","prionace",1037388.5,257,1041716.97,5,"maximally harvested","no increase","original estimate; Carta recommendation available for this species in this region",2023,NA,"original estimate; Carta recommendation available for this species in this region","catch should not exceed 2018-2022 mean",1
2020,"region_8","prionace glauca","species","prionace",872302.55,245,1041716.97,5,"maximally harvested","no increase","original estimate; Carta recommendation available for this species in this region",2023,NA,"original estimate; Carta recommendation available for this species in this region","catch should not exceed 2018-2022 mean",1
2021,"region_8","prionace glauca","species","prionace",784193.95,226,1041716.97,5,"maximally harvested","no increase","original estimate; Carta recommendation available for this species in this region",2023,NA,"original estimate; Carta recommendation available for this species in this region","catch should not exceed 2018-2022 mean",1
2022,"region_8","prionace glauca","species","prionace",1649761.15,393,1041716.97,5,"maximally harvested","no increase","original estimate; Carta recommendation available for this species in this region",2023,NA,"original estimate; Carta recommendation available for this species in this region","catch should not exceed 2018-2022 mean",0.631435023185023
2023,"region_8","prionace glauca","species","prionace",1776518,364,1041716.97,5,"maximally harvested","no increase","original estimate; Carta recommendation available for this species in this region",2023,NA,"original estimate; Carta recommendation available for this species in this region","catch should not exceed 2018-2022 mean",0.586381320087947
2024,"region_8","prionace glauca","species","prionace",3251798.25,538,1041716.97,5,"maximally harvested","no increase","original estimate; Carta recommendation available for this species in this region",2023,NA,"original estimate; Carta recommendation available for this species in this region","catch should not exceed 2018-2022 mean",0.320351045763679
2018,"region_8","rhizoprionodon longurio","species","rhizoprionodon",1022008.55,468,1148619.59,5,"maximally harvested","no increase","original estimate; Carta recommendation available for this species in this region",2023,NA,"original estimate; Carta recommendation available for this species in this region","catch should not exceed 2018-2022 mean",1
2019,"region_8","rhizoprionodon longurio","species","rhizoprionodon",1389825,571,1148619.59,5,"maximally harvested","no increase","original estimate; Carta recommendation available for this species in this region",2023,NA,"original estimate; Carta recommendation available for this species in this region","catch should not exceed 2018-2022 mean",0.826449078121346
2020,"region_8","rhizoprionodon longurio","species","rhizoprionodon",1143587.9,772,1148619.59,5,"maximally harvested","no increase","original estimate; Carta recommendation available for this species in this region",2023,NA,"original estimate; Carta recommendation available for this species in this region","catch should not exceed 2018-2022 mean",1
2021,"region_8","rhizoprionodon longurio","species","rhizoprionodon",1047296.1,634,1148619.59,5,"maximally harvested","no increase","original estimate; Carta recommendation available for this species in this region",2023,NA,"original estimate; Carta recommendation available for this species in this region","catch should not exceed 2018-2022 mean",1
2022,"region_8","rhizoprionodon longurio","species","rhizoprionodon",1140380.4,699,1148619.59,5,"maximally harvested","no increase","original estimate; Carta recommendation available for this species in this region",2023,NA,"original estimate; Carta recommendation available for this species in this region","catch should not exceed 2018-2022 mean",1
2023,"region_8","rhizoprionodon longurio","species","rhizoprionodon",1262,2,1148619.59,5,"maximally harvested","no increase","original estimate; Carta recommendation available for this species in this region",2023,NA,"original estimate; Carta recommendation available for this species in this region","catch should not exceed 2018-2022 mean",1
2024,"region_8","rhizoprionodon longurio","species","rhizoprionodon",15775,5,1148619.59,5,"maximally harvested","no increase","original estimate; Carta recommendation available for this species in this region",2023,NA,"original estimate; Carta recommendation available for this species in this region","catch should not exceed 2018-2022 mean",1
2018,"region_8","sarda chiliensis","species","sarda",94808,6,2652132.44,5,"development potential","no increase",NA,NA,NA,"genus fallback; genus aggregation; took the mode across all Carta recommendations supplied for this genus in this region (in the case of ties: chose the most conservative status and control)","development potential (score = 1)",1
2019,"region_8","sarda chiliensis","species","sarda",2878790,24,2652132.44,5,"development potential","no increase",NA,NA,NA,"genus fallback; genus aggregation; took the mode across all Carta recommendations supplied for this genus in this region (in the case of ties: chose the most conservative status and control)","development potential (score = 1)",1
2020,"region_8","sarda chiliensis","species","sarda",2591894.2,25,2652132.44,5,"development potential","no increase",NA,NA,NA,"genus fallback; genus aggregation; took the mode across all Carta recommendations supplied for this genus in this region (in the case of ties: chose the most conservative status and control)","development potential (score = 1)",1
2021,"region_8","sarda chiliensis","species","sarda",5269828,36,2652132.44,5,"development potential","no increase",NA,NA,NA,"genus fallback; genus aggregation; took the mode across all Carta recommendations supplied for this genus in this region (in the case of ties: chose the most conservative status and control)","development potential (score = 1)",1
2022,"region_8","sarda chiliensis","species","sarda",2425342,22,2652132.44,5,"development potential","no increase",NA,NA,NA,"genus fallback; genus aggregation; took the mode across all Carta recommendations supplied for this genus in this region (in the case of ties: chose the most conservative status and control)","development potential (score = 1)",1
2018,"region_8","scomber japonicus","species","scomber",901,2,3014498.63,4,"maximally harvested","no increase","original estimate; Carta recommendation available for this species in this region",2022,NA,"original estimate; Carta recommendation available for this species in this region","catch should not exceed 2018-2022 mean",1
2020,"region_8","scomber japonicus","species","scomber",5388790.8,32,3014498.63,4,"maximally harvested","no increase","original estimate; Carta recommendation available for this species in this region",2022,NA,"original estimate; Carta recommendation available for this species in this region","catch should not exceed 2018-2022 mean",0.559401680614508
2021,"region_8","scomber japonicus","species","scomber",5591916.68,35,3014498.63,4,"maximally harvested","no increase","original estimate; Carta recommendation available for this species in this region",2022,NA,"original estimate; Carta recommendation available for this species in this region","catch should not exceed 2018-2022 mean",0.539081463924817
2022,"region_8","scomber japonicus","species","scomber",1076386.04,7,3014498.63,4,"maximally harvested","no increase","original estimate; Carta recommendation available for this species in this region",2022,NA,"original estimate; Carta recommendation available for this species in this region","catch should not exceed 2018-2022 mean",1
2023,"region_8","scomber japonicus","species","scomber",222720,1,3014498.63,4,"maximally harvested","no increase","original estimate; Carta recommendation available for this species in this region",2022,NA,"original estimate; Carta recommendation available for this species in this region","catch should not exceed 2018-2022 mean",1
2018,"region_8","scomberomorus sierra","species","scomberomorus",1985939,3222,2469620.8142,5,"maximally harvested","no increase","original estimate; Carta recommendation available for this species in this region",2023,NA,"original estimate; Carta recommendation available for this species in this region","catch should not exceed 2018-2022 mean",1
2019,"region_8","scomberomorus sierra","species","scomberomorus",2456117.611,3766,2469620.8142,5,"maximally harvested","no increase","original estimate; Carta recommendation available for this species in this region",2023,NA,"original estimate; Carta recommendation available for this species in this region","catch should not exceed 2018-2022 mean",1
2020,"region_8","scomberomorus sierra","species","scomberomorus",2759869.61,2977,2469620.8142,5,"maximally harvested","no increase","original estimate; Carta recommendation available for this species in this region",2023,NA,"original estimate; Carta recommendation available for this species in this region","catch should not exceed 2018-2022 mean",0.894832424420225
2021,"region_8","scomberomorus sierra","species","scomberomorus",2726523.12,2994,2469620.8142,5,"maximally harvested","no increase","original estimate; Carta recommendation available for this species in this region",2023,NA,"original estimate; Carta recommendation available for this species in this region","catch should not exceed 2018-2022 mean",0.905776590003755
2022,"region_8","scomberomorus sierra","species","scomberomorus",2419654.73,2737,2469620.8142,5,"maximally harvested","no increase","original estimate; Carta recommendation available for this species in this region",2023,NA,"original estimate; Carta recommendation available for this species in this region","catch should not exceed 2018-2022 mean",1
2023,"region_8","scomberomorus sierra","species","scomberomorus",2630919,3115,2469620.8142,5,"maximally harvested","no increase","original estimate; Carta recommendation available for this species in this region",2023,NA,"original estimate; Carta recommendation available for this species in this region","catch should not exceed 2018-2022 mean",0.938691314403826
2024,"region_8","scomberomorus sierra","species","scomberomorus",3777063.08,3235,2469620.8142,5,"maximally harvested","no increase","original estimate; Carta recommendation available for this species in this region",2023,NA,"original estimate; Carta recommendation available for this species in this region","catch should not exceed 2018-2022 mean",0.653846854524865
2018,"region_8","sphoeroides andersonianus","species","sphoeroides",678843.15,1493,653453.14,5,"maximally harvested","no increase",NA,NA,NA,"genus fallback; genus aggregation; took the mode across all Carta recommendations supplied for this genus in this region (in the case of ties: chose the most conservative status and control)","catch should not exceed 2018-2022 mean",1
2019,"region_8","sphoeroides andersonianus","species","sphoeroides",895002.9,1656,653453.14,5,"maximally harvested","no increase",NA,NA,NA,"genus fallback; genus aggregation; took the mode across all Carta recommendations supplied for this genus in this region (in the case of ties: chose the most conservative status and control)","catch should not exceed 2018-2022 mean",0.730112874494597
2020,"region_8","sphoeroides andersonianus","species","sphoeroides",534760.85,1160,653453.14,5,"maximally harvested","no increase",NA,NA,NA,"genus fallback; genus aggregation; took the mode across all Carta recommendations supplied for this genus in this region (in the case of ties: chose the most conservative status and control)","catch should not exceed 2018-2022 mean",1
2021,"region_8","sphoeroides andersonianus","species","sphoeroides",397287.7,1125,653453.14,5,"maximally harvested","no increase",NA,NA,NA,"genus fallback; genus aggregation; took the mode across all Carta recommendations supplied for this genus in this region (in the case of ties: chose the most conservative status and control)","catch should not exceed 2018-2022 mean",1
2022,"region_8","sphoeroides andersonianus","species","sphoeroides",761371.1,1282,653453.14,5,"maximally harvested","no increase",NA,NA,NA,"genus fallback; genus aggregation; took the mode across all Carta recommendations supplied for this genus in this region (in the case of ties: chose the most conservative status and control)","catch should not exceed 2018-2022 mean",0.85825839725201
2023,"region_8","sphoeroides andersonianus","species","sphoeroides",905828,1971,653453.14,5,"maximally harvested","no increase",NA,NA,NA,"genus fallback; genus aggregation; took the mode across all Carta recommendations supplied for this genus in this region (in the case of ties: chose the most conservative status and control)","catch should not exceed 2018-2022 mean",0.72138765858419
2024,"region_8","sphoeroides andersonianus","species","sphoeroides",734272.275,1216,653453.14,5,"maximally harvested","no increase",NA,NA,NA,"genus fallback; genus aggregation; took the mode across all Carta recommendations supplied for this genus in this region (in the case of ties: chose the most conservative status and control)","catch should not exceed 2018-2022 mean",0.889933015651449
2018,"region_8","sphyrna mokarran","species","sphyrna",10210.2,20,63708,5,"maximally harvested","no increase","original estimate; Carta recommendation available for this species in this region",2023,NA,"original estimate; Carta recommendation available for this species in this region","catch should not exceed 2018-2022 mean",1
2019,"region_8","sphyrna mokarran","species","sphyrna",27201.05,24,63708,5,"maximally harvested","no increase","original estimate; Carta recommendation available for this species in this region",2023,NA,"original estimate; Carta recommendation available for this species in this region","catch should not exceed 2018-2022 mean",1
2020,"region_8","sphyrna mokarran","species","sphyrna",254443.75,83,63708,5,"maximally harvested","no increase","original estimate; Carta recommendation available for this species in this region",2023,NA,"original estimate; Carta recommendation available for this species in this region","catch should not exceed 2018-2022 mean",0.25038146938174
2021,"region_8","sphyrna mokarran","species","sphyrna",11631.25,2,63708,5,"maximally harvested","no increase","original estimate; Carta recommendation available for this species in this region",2023,NA,"original estimate; Carta recommendation available for this species in this region","catch should not exceed 2018-2022 mean",1
2022,"region_8","sphyrna mokarran","species","sphyrna",15053.75,27,63708,5,"maximally harvested","no increase","original estimate; Carta recommendation available for this species in this region",2023,NA,"original estimate; Carta recommendation available for this species in this region","catch should not exceed 2018-2022 mean",1
2024,"region_8","sphyrna mokarran","species","sphyrna",320,1,63708,5,"maximally harvested","no increase","original estimate; Carta recommendation available for this species in this region",2023,NA,"original estimate; Carta recommendation available for this species in this region","catch should not exceed 2018-2022 mean",1
2018,"region_8","sphyrna zygaena","species","sphyrna",85191.5,133,212814.5,5,"maximally harvested","no increase","original estimate; Carta recommendation available for this species in this region",2023,NA,"original estimate; Carta recommendation available for this species in this region","catch should not exceed 2018-2022 mean",1
2019,"region_8","sphyrna zygaena","species","sphyrna",166769.05,261,212814.5,5,"maximally harvested","no increase","original estimate; Carta recommendation available for this species in this region",2023,NA,"original estimate; Carta recommendation available for this species in this region","catch should not exceed 2018-2022 mean",1
2020,"region_8","sphyrna zygaena","species","sphyrna",378967.1,345,212814.5,5,"maximally harvested","no increase","original estimate; Carta recommendation available for this species in this region",2023,NA,"original estimate; Carta recommendation available for this species in this region","catch should not exceed 2018-2022 mean",0.561564579088792
2021,"region_8","sphyrna zygaena","species","sphyrna",255821.35,189,212814.5,5,"maximally harvested","no increase","original estimate; Carta recommendation available for this species in this region",2023,NA,"original estimate; Carta recommendation available for this species in this region","catch should not exceed 2018-2022 mean",0.831887174389471
2022,"region_8","sphyrna zygaena","species","sphyrna",177323.5,228,212814.5,5,"maximally harvested","no increase","original estimate; Carta recommendation available for this species in this region",2023,NA,"original estimate; Carta recommendation available for this species in this region","catch should not exceed 2018-2022 mean",1
2023,"region_8","sphyrna zygaena","species","sphyrna",279770,267,212814.5,5,"maximally harvested","no increase","original estimate; Carta recommendation available for this species in this region",2023,NA,"original estimate; Carta recommendation available for this species in this region","catch should not exceed 2018-2022 mean",0.76067662722951
2024,"region_8","sphyrna zygaena","species","sphyrna",510111.5,213,212814.5,5,"maximally harvested","no increase","original estimate; Carta recommendation available for this species in this region",2023,NA,"original estimate; Carta recommendation available for this species in this region","catch should not exceed 2018-2022 mean",0.417192123682763
2018,"region_8","thunnus alalunga","species","thunnus",132,1,25644.325,4,"decreasing","decrease",NA,NA,NA,"genus fallback; genus aggregation; took the mode across all Carta recommendations supplied for this genus in this region (in the case of ties: chose the most conservative status and control)","catch should be below 2018-2022 mean",0.997426331166837
2020,"region_8","thunnus alalunga","species","thunnus",98041,2,25644.325,4,"decreasing","decrease",NA,NA,NA,"genus fallback; genus aggregation; took the mode across all Carta recommendations supplied for this genus in this region (in the case of ties: chose the most conservative status and control)","catch should be below 2018-2022 mean",0.130783677237074
2021,"region_8","thunnus alalunga","species","thunnus",534,12,25644.325,4,"decreasing","decrease",NA,NA,NA,"genus fallback; genus aggregation; took the mode across all Carta recommendations supplied for this genus in this region (in the case of ties: chose the most conservative status and control)","catch should be below 2018-2022 mean",0.989588339720386
2022,"region_8","thunnus alalunga","species","thunnus",3870.3,10,25644.325,4,"decreasing","decrease",NA,NA,NA,"genus fallback; genus aggregation; took the mode across all Carta recommendations supplied for this genus in this region (in the case of ties: chose the most conservative status and control)","catch should be below 2018-2022 mean",0.924538859962194
2023,"region_8","thunnus alalunga","species","thunnus",2189,2,25644.325,4,"decreasing","decrease",NA,NA,NA,"genus fallback; genus aggregation; took the mode across all Carta recommendations supplied for this genus in this region (in the case of ties: chose the most conservative status and control)","catch should be below 2018-2022 mean",0.957319991850049
2018,"region_8","thunnus albacares","species","thunnus",68660431.1,149,76689674.112,5,"maximally harvested","no increase","original estimate; Carta recommendation available for this species in this region",2023,NA,"original estimate; Carta recommendation available for this species in this region","catch should not exceed 2018-2022 mean",1
2019,"region_8","thunnus albacares","species","thunnus",73277521.52,141,76689674.112,5,"maximally harvested","no increase","original estimate; Carta recommendation available for this species in this region",2023,NA,"original estimate; Carta recommendation available for this species in this region","catch should not exceed 2018-2022 mean",1
2020,"region_8","thunnus albacares","species","thunnus",76900136.14,150,76689674.112,5,"maximally harvested","no increase","original estimate; Carta recommendation available for this species in this region",2023,NA,"original estimate; Carta recommendation available for this species in this region","catch should not exceed 2018-2022 mean",1
2021,"region_8","thunnus albacares","species","thunnus",77272051.9,133,76689674.112,5,"maximally harvested","no increase","original estimate; Carta recommendation available for this species in this region",2023,NA,"original estimate; Carta recommendation available for this species in this region","catch should not exceed 2018-2022 mean",1
2022,"region_8","thunnus albacares","species","thunnus",87338229.9,153,76689674.112,5,"maximally harvested","no increase","original estimate; Carta recommendation available for this species in this region",2023,NA,"original estimate; Carta recommendation available for this species in this region","catch should not exceed 2018-2022 mean",0.878076807828687
2023,"region_8","thunnus albacares","species","thunnus",101151831,152,76689674.112,5,"maximally harvested","no increase","original estimate; Carta recommendation available for this species in this region",2023,NA,"original estimate; Carta recommendation available for this species in this region","catch should not exceed 2018-2022 mean",0.758163973443051
2024,"region_8","thunnus albacares","species","thunnus",114738863.99,173,76689674.112,5,"maximally harvested","no increase","original estimate; Carta recommendation available for this species in this region",2023,NA,"original estimate; Carta recommendation available for this species in this region","catch should not exceed 2018-2022 mean",0.668384464035515
2018,"region_8","thunnus obesus","species","thunnus",124913,23,306572.6,5,"decreasing","decrease",NA,NA,NA,"genus fallback; genus aggregation; took the mode across all Carta recommendations supplied for this genus in this region (in the case of ties: chose the most conservative status and control)","catch should be below 2018-2022 mean",0.796275009573589
2019,"region_8","thunnus obesus","species","thunnus",419865,33,306572.6,5,"decreasing","decrease",NA,NA,NA,"genus fallback; genus aggregation; took the mode across all Carta recommendations supplied for this genus in this region (in the case of ties: chose the most conservative status and control)","catch should be below 2018-2022 mean",0.365084729615472
2020,"region_8","thunnus obesus","species","thunnus",158692,26,306572.6,5,"decreasing","decrease",NA,NA,NA,"genus fallback; genus aggregation; took the mode across all Carta recommendations supplied for this genus in this region (in the case of ties: chose the most conservative status and control)","catch should be below 2018-2022 mean",0.741183654377462
2021,"region_8","thunnus obesus","species","thunnus",488419,32,306572.6,5,"decreasing","decrease",NA,NA,NA,"genus fallback; genus aggregation; took the mode across all Carta recommendations supplied for this genus in this region (in the case of ties: chose the most conservative status and control)","catch should be below 2018-2022 mean",0.313841803861029
2022,"region_8","thunnus obesus","species","thunnus",340974,41,306572.6,5,"decreasing","decrease",NA,NA,NA,"genus fallback; genus aggregation; took the mode across all Carta recommendations supplied for this genus in this region (in the case of ties: chose the most conservative status and control)","catch should be below 2018-2022 mean",0.449554218210186
2023,"region_8","thunnus obesus","species","thunnus",232639,22,306572.6,5,"decreasing","decrease",NA,NA,NA,"genus fallback; genus aggregation; took the mode across all Carta recommendations supplied for this genus in this region (in the case of ties: chose the most conservative status and control)","catch should be below 2018-2022 mean",0.620580899923868
2024,"region_8","thunnus obesus","species","thunnus",164205,23,306572.6,5,"decreasing","decrease",NA,NA,NA,"genus fallback; genus aggregation; took the mode across all Carta recommendations supplied for this genus in this region (in the case of ties: chose the most conservative status and control)","catch should be below 2018-2022 mean",0.732192309423608
2018,"region_8","xiphias gladius","species","xiphias",482672.5,180,523573.3,5,"development potential","increase","original estimate; Carta recommendation available for this species in this region",2012,NA,"original estimate; Carta recommendation available for this species in this region","development potential (score = 1)",1
2019,"region_8","xiphias gladius","species","xiphias",572490.25,183,523573.3,5,"development potential","increase","original estimate; Carta recommendation available for this species in this region",2012,NA,"original estimate; Carta recommendation available for this species in this region","development potential (score = 1)",1
2020,"region_8","xiphias gladius","species","xiphias",572461.25,162,523573.3,5,"development potential","increase","original estimate; Carta recommendation available for this species in this region",2012,NA,"original estimate; Carta recommendation available for this species in this region","development potential (score = 1)",1
2021,"region_8","xiphias gladius","species","xiphias",424651.25,146,523573.3,5,"development potential","increase","original estimate; Carta recommendation available for this species in this region",2012,NA,"original estimate; Carta recommendation available for this species in this region","development potential (score = 1)",1
2022,"region_8","xiphias gladius","species","xiphias",565591.25,187,523573.3,5,"development potential","increase","original estimate; Carta recommendation available for this species in this region",2012,NA,"original estimate; Carta recommendation available for this species in this region","development potential (score = 1)",1
2023,"region_8","xiphias gladius","species","xiphias",420960,181,523573.3,5,"development potential","increase","original estimate; Carta recommendation available for this species in this region",2012,NA,"original estimate; Carta recommendation available for this species in this region","development potential (score = 1)",1
2024,"region_8","xiphias gladius","species","xiphias",486361.25,150,523573.3,5,"development potential","increase","original estimate; Carta recommendation available for this species in this region",2012,NA,"original estimate; Carta recommendation available for this species in this region","development potential (score = 1)",1
2018,"region_9","alopias pelagicus","species","alopias",467808,41,124514.15,5,"maximally harvested","no increase","original estimate; Carta recommendation available for this species in this region",2023,NA,"original estimate; Carta recommendation available for this species in this region","catch should not exceed 2018-2022 mean",0.266165071995349
2019,"region_9","alopias pelagicus","species","alopias",46506.25,49,124514.15,5,"maximally harvested","no increase","original estimate; Carta recommendation available for this species in this region",2023,NA,"original estimate; Carta recommendation available for this species in this region","catch should not exceed 2018-2022 mean",1
2020,"region_9","alopias pelagicus","species","alopias",85690.25,48,124514.15,5,"maximally harvested","no increase","original estimate; Carta recommendation available for this species in this region",2023,NA,"original estimate; Carta recommendation available for this species in this region","catch should not exceed 2018-2022 mean",1
2021,"region_9","alopias pelagicus","species","alopias",6126.25,17,124514.15,5,"maximally harvested","no increase","original estimate; Carta recommendation available for this species in this region",2023,NA,"original estimate; Carta recommendation available for this species in this region","catch should not exceed 2018-2022 mean",1
2022,"region_9","alopias pelagicus","species","alopias",16440,6,124514.15,5,"maximally harvested","no increase","original estimate; Carta recommendation available for this species in this region",2023,NA,"original estimate; Carta recommendation available for this species in this region","catch should not exceed 2018-2022 mean",1
2023,"region_9","alopias pelagicus","species","alopias",4313,4,124514.15,5,"maximally harvested","no increase","original estimate; Carta recommendation available for this species in this region",2023,NA,"original estimate; Carta recommendation available for this species in this region","catch should not exceed 2018-2022 mean",1
2024,"region_9","alopias pelagicus","species","alopias",2168.75,1,124514.15,5,"maximally harvested","no increase","original estimate; Carta recommendation available for this species in this region",2023,NA,"original estimate; Carta recommendation available for this species in this region","catch should not exceed 2018-2022 mean",1
2018,"region_9","alopias vulpinus","species","alopias",103262.7,122,87454.62,5,"maximally harvested","no increase","original estimate; Carta recommendation available for this species in this region",2023,NA,"original estimate; Carta recommendation available for this species in this region","catch should not exceed 2018-2022 mean",0.84691393891502
2019,"region_9","alopias vulpinus","species","alopias",147847.2,129,87454.62,5,"maximally harvested","no increase","original estimate; Carta recommendation available for this species in this region",2023,NA,"original estimate; Carta recommendation available for this species in this region","catch should not exceed 2018-2022 mean",0.591520299336071
2020,"region_9","alopias vulpinus","species","alopias",88178.2,108,87454.62,5,"maximally harvested","no increase","original estimate; Carta recommendation available for this species in this region",2023,NA,"original estimate; Carta recommendation available for this species in this region","catch should not exceed 2018-2022 mean",1
2021,"region_9","alopias vulpinus","species","alopias",55096.2,94,87454.62,5,"maximally harvested","no increase","original estimate; Carta recommendation available for this species in this region",2023,NA,"original estimate; Carta recommendation available for this species in this region","catch should not exceed 2018-2022 mean",1
2022,"region_9","alopias vulpinus","species","alopias",42888.8,92,87454.62,5,"maximally harvested","no increase","original estimate; Carta recommendation available for this species in this region",2023,NA,"original estimate; Carta recommendation available for this species in this region","catch should not exceed 2018-2022 mean",1
2023,"region_9","alopias vulpinus","species","alopias",11339,13,87454.62,5,"maximally harvested","no increase","original estimate; Carta recommendation available for this species in this region",2023,NA,"original estimate; Carta recommendation available for this species in this region","catch should not exceed 2018-2022 mean",1
2018,"region_9","carcharhinus altimus","species","carcharhinus",86844,40,90317.7,5,"maximally harvested","no increase","original estimate; Carta recommendation available for this species in this region",2023,NA,"original estimate; Carta recommendation available for this species in this region","catch should not exceed 2018-2022 mean",1
2019,"region_9","carcharhinus altimus","species","carcharhinus",136528.75,39,90317.7,5,"maximally harvested","no increase","original estimate; Carta recommendation available for this species in this region",2023,NA,"original estimate; Carta recommendation available for this species in this region","catch should not exceed 2018-2022 mean",0.661528798879357
2020,"region_9","carcharhinus altimus","species","carcharhinus",91328.75,38,90317.7,5,"maximally harvested","no increase","original estimate; Carta recommendation available for this species in this region",2023,NA,"original estimate; Carta recommendation available for this species in this region","catch should not exceed 2018-2022 mean",1
2021,"region_9","carcharhinus altimus","species","carcharhinus",56630.6,29,90317.7,5,"maximally harvested","no increase","original estimate; Carta recommendation available for this species in this region",2023,NA,"original estimate; Carta recommendation available for this species in this region","catch should not exceed 2018-2022 mean",1
2022,"region_9","carcharhinus altimus","species","carcharhinus",80256.4,49,90317.7,5,"maximally harvested","no increase","original estimate; Carta recommendation available for this species in this region",2023,NA,"original estimate; Carta recommendation available for this species in this region","catch should not exceed 2018-2022 mean",1
2023,"region_9","carcharhinus altimus","species","carcharhinus",160039,78,90317.7,5,"maximally harvested","no increase","original estimate; Carta recommendation available for this species in this region",2023,NA,"original estimate; Carta recommendation available for this species in this region","catch should not exceed 2018-2022 mean",0.564348065159117
2024,"region_9","carcharhinus altimus","species","carcharhinus",156728.75,86,90317.7,5,"maximally harvested","no increase","original estimate; Carta recommendation available for this species in this region",2023,NA,"original estimate; Carta recommendation available for this species in this region","catch should not exceed 2018-2022 mean",0.576267596085594
2018,"region_9","carcharhinus falciformis","species","carcharhinus",2092131.5,236,748257.43,5,"maximally harvested","no increase","original estimate; Carta recommendation available for this species in this region",2023,NA,"original estimate; Carta recommendation available for this species in this region","catch should not exceed 2018-2022 mean",0.357653154211387
2019,"region_9","carcharhinus falciformis","species","carcharhinus",1241190.25,362,748257.43,5,"maximally harvested","no increase","original estimate; Carta recommendation available for this species in this region",2023,NA,"original estimate; Carta recommendation available for this species in this region","catch should not exceed 2018-2022 mean",0.602854743662384
2020,"region_9","carcharhinus falciformis","species","carcharhinus",202683.5,155,748257.43,5,"maximally harvested","no increase","original estimate; Carta recommendation available for this species in this region",2023,NA,"original estimate; Carta recommendation available for this species in this region","catch should not exceed 2018-2022 mean",1
2021,"region_9","carcharhinus falciformis","species","carcharhinus",106928,121,748257.43,5,"maximally harvested","no increase","original estimate; Carta recommendation available for this species in this region",2023,NA,"original estimate; Carta recommendation available for this species in this region","catch should not exceed 2018-2022 mean",1
2022,"region_9","carcharhinus falciformis","species","carcharhinus",98353.9,121,748257.43,5,"maximally harvested","no increase","original estimate; Carta recommendation available for this species in this region",2023,NA,"original estimate; Carta recommendation available for this species in this region","catch should not exceed 2018-2022 mean",1
2023,"region_9","carcharhinus falciformis","species","carcharhinus",83269,123,748257.43,5,"maximally harvested","no increase","original estimate; Carta recommendation available for this species in this region",2023,NA,"original estimate; Carta recommendation available for this species in this region","catch should not exceed 2018-2022 mean",1
2024,"region_9","carcharhinus falciformis","species","carcharhinus",71969.4,92,748257.43,5,"maximally harvested","no increase","original estimate; Carta recommendation available for this species in this region",2023,NA,"original estimate; Carta recommendation available for this species in this region","catch should not exceed 2018-2022 mean",1
2018,"region_9","carcharhinus leucas","species","carcharhinus",665328.9,1554,404690.06,5,"maximally harvested","no increase","original estimate; Carta recommendation available for this species in this region",2023,NA,"original estimate; Carta recommendation available for this species in this region","catch should not exceed 2018-2022 mean",0.608255646192432
2019,"region_9","carcharhinus leucas","species","carcharhinus",462474.7,1428,404690.06,5,"maximally harvested","no increase","original estimate; Carta recommendation available for this species in this region",2023,NA,"original estimate; Carta recommendation available for this species in this region","catch should not exceed 2018-2022 mean",0.875053402921284
2020,"region_9","carcharhinus leucas","species","carcharhinus",370107.2,1011,404690.06,5,"maximally harvested","no increase","original estimate; Carta recommendation available for this species in this region",2023,NA,"original estimate; Carta recommendation available for this species in this region","catch should not exceed 2018-2022 mean",1
2021,"region_9","carcharhinus leucas","species","carcharhinus",267411.55,987,404690.06,5,"maximally harvested","no increase","original estimate; Carta recommendation available for this species in this region",2023,NA,"original estimate; Carta recommendation available for this species in this region","catch should not exceed 2018-2022 mean",1
2022,"region_9","carcharhinus leucas","species","carcharhinus",258127.95,909,404690.06,5,"maximally harvested","no increase","original estimate; Carta recommendation available for this species in this region",2023,NA,"original estimate; Carta recommendation available for this species in this region","catch should not exceed 2018-2022 mean",1
2023,"region_9","carcharhinus leucas","species","carcharhinus",202746,789,404690.06,5,"maximally harvested","no increase","original estimate; Carta recommendation available for this species in this region",2023,NA,"original estimate; Carta recommendation available for this species in this region","catch should not exceed 2018-2022 mean",1
2024,"region_9","carcharhinus leucas","species","carcharhinus",55050.9,250,404690.06,5,"maximally harvested","no increase","original estimate; Carta recommendation available for this species in this region",2023,NA,"original estimate; Carta recommendation available for this species in this region","catch should not exceed 2018-2022 mean",1
2018,"region_9","centropomus armatus","species","centropomus",1188026.36,5767,812751.852,5,"maximally harvested","no increase","original estimate; Carta recommendation available for this species in this region",2023,NA,"original estimate; Carta recommendation available for this species in this region","catch should not exceed 2018-2022 mean",0.684119375937079
2019,"region_9","centropomus armatus","species","centropomus",780913.05,3891,812751.852,5,"maximally harvested","no increase","original estimate; Carta recommendation available for this species in this region",2023,NA,"original estimate; Carta recommendation available for this species in this region","catch should not exceed 2018-2022 mean",1
2020,"region_9","centropomus armatus","species","centropomus",636527.2,3243,812751.852,5,"maximally harvested","no increase","original estimate; Carta recommendation available for this species in this region",2023,NA,"original estimate; Carta recommendation available for this species in this region","catch should not exceed 2018-2022 mean",1
2021,"region_9","centropomus armatus","species","centropomus",862207.4,2934,812751.852,5,"maximally harvested","no increase","original estimate; Carta recommendation available for this species in this region",2023,NA,"original estimate; Carta recommendation available for this species in this region","catch should not exceed 2018-2022 mean",0.94264077529374
2022,"region_9","centropomus armatus","species","centropomus",596085.25,2240,812751.852,5,"maximally harvested","no increase","original estimate; Carta recommendation available for this species in this region",2023,NA,"original estimate; Carta recommendation available for this species in this region","catch should not exceed 2018-2022 mean",1
2023,"region_9","centropomus armatus","species","centropomus",506263,1943,812751.852,5,"maximally harvested","no increase","original estimate; Carta recommendation available for this species in this region",2023,NA,"original estimate; Carta recommendation available for this species in this region","catch should not exceed 2018-2022 mean",1
2024,"region_9","centropomus armatus","species","centropomus",612567.15,2045,812751.852,5,"maximally harvested","no increase","original estimate; Carta recommendation available for this species in this region",2023,NA,"original estimate; Carta recommendation available for this species in this region","catch should not exceed 2018-2022 mean",1
2018,"region_9","centropomus medius","species","centropomus",11201.9,151,8481.1,5,"maximally harvested","no increase","original estimate; Carta recommendation available for this species in this region",2023,NA,"original estimate; Carta recommendation available for this species in this region","catch should not exceed 2018-2022 mean",0.757112632678385
2019,"region_9","centropomus medius","species","centropomus",9602.4,65,8481.1,5,"maximally harvested","no increase","original estimate; Carta recommendation available for this species in this region",2023,NA,"original estimate; Carta recommendation available for this species in this region","catch should not exceed 2018-2022 mean",0.883227109889194
2020,"region_9","centropomus medius","species","centropomus",8270.7,57,8481.1,5,"maximally harvested","no increase","original estimate; Carta recommendation available for this species in this region",2023,NA,"original estimate; Carta recommendation available for this species in this region","catch should not exceed 2018-2022 mean",1
2021,"region_9","centropomus medius","species","centropomus",7258.7,55,8481.1,5,"maximally harvested","no increase","original estimate; Carta recommendation available for this species in this region",2023,NA,"original estimate; Carta recommendation available for this species in this region","catch should not exceed 2018-2022 mean",1
2022,"region_9","centropomus medius","species","centropomus",6071.8,46,8481.1,5,"maximally harvested","no increase","original estimate; Carta recommendation available for this species in this region",2023,NA,"original estimate; Carta recommendation available for this species in this region","catch should not exceed 2018-2022 mean",1
2023,"region_9","centropomus medius","species","centropomus",5482,50,8481.1,5,"maximally harvested","no increase","original estimate; Carta recommendation available for this species in this region",2023,NA,"original estimate; Carta recommendation available for this species in this region","catch should not exceed 2018-2022 mean",1
2024,"region_9","centropomus medius","species","centropomus",9563.4,74,8481.1,5,"maximally harvested","no increase","original estimate; Carta recommendation available for this species in this region",2023,NA,"original estimate; Carta recommendation available for this species in this region","catch should not exceed 2018-2022 mean",0.886828952046343
2018,"region_9","cynoscion acoupa","species","cynoscion",860841.5,2991,546248.56,5,"maximally harvested","no increase",NA,NA,NA,"genus fallback; genus gapfill; data missing in this region, took the mode across all Carta recommendations supplied for this genus regardless of region","catch should not exceed 2018-2022 mean",0.634551842586585
2019,"region_9","cynoscion acoupa","species","cynoscion",580869.15,2206,546248.56,5,"maximally harvested","no increase",NA,NA,NA,"genus fallback; genus gapfill; data missing in this region, took the mode across all Carta recommendations supplied for this genus regardless of region","catch should not exceed 2018-2022 mean",0.940398642275976
2020,"region_9","cynoscion acoupa","species","cynoscion",336845.25,1650,546248.56,5,"maximally harvested","no increase",NA,NA,NA,"genus fallback; genus gapfill; data missing in this region, took the mode across all Carta recommendations supplied for this genus regardless of region","catch should not exceed 2018-2022 mean",1
2021,"region_9","cynoscion acoupa","species","cynoscion",534188,1512,546248.56,5,"maximally harvested","no increase",NA,NA,NA,"genus fallback; genus gapfill; data missing in this region, took the mode across all Carta recommendations supplied for this genus regardless of region","catch should not exceed 2018-2022 mean",1
2022,"region_9","cynoscion acoupa","species","cynoscion",418498.9,1589,546248.56,5,"maximally harvested","no increase",NA,NA,NA,"genus fallback; genus gapfill; data missing in this region, took the mode across all Carta recommendations supplied for this genus regardless of region","catch should not exceed 2018-2022 mean",1
2023,"region_9","cynoscion acoupa","species","cynoscion",352186,1130,546248.56,5,"maximally harvested","no increase",NA,NA,NA,"genus fallback; genus gapfill; data missing in this region, took the mode across all Carta recommendations supplied for this genus regardless of region","catch should not exceed 2018-2022 mean",1
2024,"region_9","cynoscion acoupa","species","cynoscion",344659.95,963,546248.56,5,"maximally harvested","no increase",NA,NA,NA,"genus fallback; genus gapfill; data missing in this region, took the mode across all Carta recommendations supplied for this genus regardless of region","catch should not exceed 2018-2022 mean",1
2018,"region_9","cynoscion reticulatus","species","cynoscion",126849,457,123554.6,5,"maximally harvested","no increase",NA,NA,NA,"genus fallback; genus gapfill; data missing in this region, took the mode across all Carta recommendations supplied for this genus regardless of region","catch should not exceed 2018-2022 mean",1
2019,"region_9","cynoscion reticulatus","species","cynoscion",211311,548,123554.6,5,"maximally harvested","no increase",NA,NA,NA,"genus fallback; genus gapfill; data missing in this region, took the mode across all Carta recommendations supplied for this genus regardless of region","catch should not exceed 2018-2022 mean",0.584705008257971
2020,"region_9","cynoscion reticulatus","species","cynoscion",119858,321,123554.6,5,"maximally harvested","no increase",NA,NA,NA,"genus fallback; genus gapfill; data missing in this region, took the mode across all Carta recommendations supplied for this genus regardless of region","catch should not exceed 2018-2022 mean",1
2021,"region_9","cynoscion reticulatus","species","cynoscion",70516,191,123554.6,5,"maximally harvested","no increase",NA,NA,NA,"genus fallback; genus gapfill; data missing in this region, took the mode across all Carta recommendations supplied for this genus regardless of region","catch should not exceed 2018-2022 mean",1
2022,"region_9","cynoscion reticulatus","species","cynoscion",89239,248,123554.6,5,"maximally harvested","no increase",NA,NA,NA,"genus fallback; genus gapfill; data missing in this region, took the mode across all Carta recommendations supplied for this genus regardless of region","catch should not exceed 2018-2022 mean",1
2023,"region_9","cynoscion reticulatus","species","cynoscion",53304,184,123554.6,5,"maximally harvested","no increase",NA,NA,NA,"genus fallback; genus gapfill; data missing in this region, took the mode across all Carta recommendations supplied for this genus regardless of region","catch should not exceed 2018-2022 mean",1
2024,"region_9","cynoscion reticulatus","species","cynoscion",100727,239,123554.6,5,"maximally harvested","no increase",NA,NA,NA,"genus fallback; genus gapfill; data missing in this region, took the mode across all Carta recommendations supplied for this genus regardless of region","catch should not exceed 2018-2022 mean",1
2018,"region_9","cynoscion xanthulus","species","cynoscion",20960,32,23610,5,"maximally harvested","no increase",NA,NA,NA,"genus fallback; genus gapfill; data missing in this region, took the mode across all Carta recommendations supplied for this genus regardless of region","catch should not exceed 2018-2022 mean",1
2019,"region_9","cynoscion xanthulus","species","cynoscion",54500,56,23610,5,"maximally harvested","no increase",NA,NA,NA,"genus fallback; genus gapfill; data missing in this region, took the mode across all Carta recommendations supplied for this genus regardless of region","catch should not exceed 2018-2022 mean",0.433211009174312
2020,"region_9","cynoscion xanthulus","species","cynoscion",16944,59,23610,5,"maximally harvested","no increase",NA,NA,NA,"genus fallback; genus gapfill; data missing in this region, took the mode across all Carta recommendations supplied for this genus regardless of region","catch should not exceed 2018-2022 mean",1
2021,"region_9","cynoscion xanthulus","species","cynoscion",8383,40,23610,5,"maximally harvested","no increase",NA,NA,NA,"genus fallback; genus gapfill; data missing in this region, took the mode across all Carta recommendations supplied for this genus regardless of region","catch should not exceed 2018-2022 mean",1
2022,"region_9","cynoscion xanthulus","species","cynoscion",17263,52,23610,5,"maximally harvested","no increase",NA,NA,NA,"genus fallback; genus gapfill; data missing in this region, took the mode across all Carta recommendations supplied for this genus regardless of region","catch should not exceed 2018-2022 mean",1
2023,"region_9","cynoscion xanthulus","species","cynoscion",23885,63,23610,5,"maximally harvested","no increase",NA,NA,NA,"genus fallback; genus gapfill; data missing in this region, took the mode across all Carta recommendations supplied for this genus regardless of region","catch should not exceed 2018-2022 mean",1
2024,"region_9","cynoscion xanthulus","species","cynoscion",61832.2,375,23610,5,"maximally harvested","no increase",NA,NA,NA,"genus fallback; genus gapfill; data missing in this region, took the mode across all Carta recommendations supplied for this genus regardless of region","catch should not exceed 2018-2022 mean",0.381839882779523
2018,"region_9","farfantepenaeus brevirostris","species","farfantepenaeus",2781,3,1357.7,4,"maximally harvested","no increase","original estimate; Carta recommendation available for this species in this region",2017,NA,"original estimate; Carta recommendation available for this species in this region","catch should not exceed 2018-2022 mean",0.488205681409565
2019,"region_9","farfantepenaeus brevirostris","species","farfantepenaeus",470,1,1357.7,4,"maximally harvested","no increase","original estimate; Carta recommendation available for this species in this region",2017,NA,"original estimate; Carta recommendation available for this species in this region","catch should not exceed 2018-2022 mean",1
2021,"region_9","farfantepenaeus brevirostris","species","farfantepenaeus",1511,2,1357.7,4,"maximally harvested","no increase","original estimate; Carta recommendation available for this species in this region",2017,NA,"original estimate; Carta recommendation available for this species in this region","catch should not exceed 2018-2022 mean",0.898544010589014
2022,"region_9","farfantepenaeus brevirostris","species","farfantepenaeus",668.8,1,1357.7,4,"maximally harvested","no increase","original estimate; Carta recommendation available for this species in this region",2017,NA,"original estimate; Carta recommendation available for this species in this region","catch should not exceed 2018-2022 mean",1
2023,"region_9","farfantepenaeus brevirostris","species","farfantepenaeus",1200,1,1357.7,4,"maximally harvested","no increase","original estimate; Carta recommendation available for this species in this region",2017,NA,"original estimate; Carta recommendation available for this species in this region","catch should not exceed 2018-2022 mean",1
2024,"region_9","farfantepenaeus brevirostris","species","farfantepenaeus",324.8,1,1357.7,4,"maximally harvested","no increase","original estimate; Carta recommendation available for this species in this region",2017,NA,"original estimate; Carta recommendation available for this species in this region","catch should not exceed 2018-2022 mean",1
2018,"region_9","hoplopagrus guentherii","species","hoplopagrus",107253.2,508,65171.7,5,"maximally harvested","no increase","original estimate; Carta recommendation available for this species in this region",2023,NA,"original estimate; Carta recommendation available for this species in this region","catch should not exceed 2018-2022 mean",0.607643408308563
2019,"region_9","hoplopagrus guentherii","species","hoplopagrus",85016.2,429,65171.7,5,"maximally harvested","no increase","original estimate; Carta recommendation available for this species in this region",2023,NA,"original estimate; Carta recommendation available for this species in this region","catch should not exceed 2018-2022 mean",0.766579781265218
2020,"region_9","hoplopagrus guentherii","species","hoplopagrus",45561.6,278,65171.7,5,"maximally harvested","no increase","original estimate; Carta recommendation available for this species in this region",2023,NA,"original estimate; Carta recommendation available for this species in this region","catch should not exceed 2018-2022 mean",1
2021,"region_9","hoplopagrus guentherii","species","hoplopagrus",43264.8,251,65171.7,5,"maximally harvested","no increase","original estimate; Carta recommendation available for this species in this region",2023,NA,"original estimate; Carta recommendation available for this species in this region","catch should not exceed 2018-2022 mean",1
2022,"region_9","hoplopagrus guentherii","species","hoplopagrus",44762.7,228,65171.7,5,"maximally harvested","no increase","original estimate; Carta recommendation available for this species in this region",2023,NA,"original estimate; Carta recommendation available for this species in this region","catch should not exceed 2018-2022 mean",1
2023,"region_9","hoplopagrus guentherii","species","hoplopagrus",49767,253,65171.7,5,"maximally harvested","no increase","original estimate; Carta recommendation available for this species in this region",2023,NA,"original estimate; Carta recommendation available for this species in this region","catch should not exceed 2018-2022 mean",1
2024,"region_9","hoplopagrus guentherii","species","hoplopagrus",50657.4,275,65171.7,5,"maximally harvested","no increase","original estimate; Carta recommendation available for this species in this region",2023,NA,"original estimate; Carta recommendation available for this species in this region","catch should not exceed 2018-2022 mean",1
2018,"region_9","isurus oxyrinchus","species","isurus",13060,21,12140.9,5,"maximally harvested","no increase","original estimate; Carta recommendation available for this species in this region",2023,NA,"original estimate; Carta recommendation available for this species in this region","catch should not exceed 2018-2022 mean",0.929624808575804
2019,"region_9","isurus oxyrinchus","species","isurus",37825,23,12140.9,5,"maximally harvested","no increase","original estimate; Carta recommendation available for this species in this region",2023,NA,"original estimate; Carta recommendation available for this species in this region","catch should not exceed 2018-2022 mean",0.32097554527429
2020,"region_9","isurus oxyrinchus","species","isurus",3150.4,17,12140.9,5,"maximally harvested","no increase","original estimate; Carta recommendation available for this species in this region",2023,NA,"original estimate; Carta recommendation available for this species in this region","catch should not exceed 2018-2022 mean",1
2021,"region_9","isurus oxyrinchus","species","isurus",2465,15,12140.9,5,"maximally harvested","no increase","original estimate; Carta recommendation available for this species in this region",2023,NA,"original estimate; Carta recommendation available for this species in this region","catch should not exceed 2018-2022 mean",1
2022,"region_9","isurus oxyrinchus","species","isurus",4204.1,16,12140.9,5,"maximally harvested","no increase","original estimate; Carta recommendation available for this species in this region",2023,NA,"original estimate; Carta recommendation available for this species in this region","catch should not exceed 2018-2022 mean",1
2023,"region_9","isurus oxyrinchus","species","isurus",1694,7,12140.9,5,"maximally harvested","no increase","original estimate; Carta recommendation available for this species in this region",2023,NA,"original estimate; Carta recommendation available for this species in this region","catch should not exceed 2018-2022 mean",1
2024,"region_9","isurus oxyrinchus","species","isurus",1455,5,12140.9,5,"maximally harvested","no increase","original estimate; Carta recommendation available for this species in this region",2023,NA,"original estimate; Carta recommendation available for this species in this region","catch should not exceed 2018-2022 mean",1
2018,"region_9","litopenaeus vannamei","species","litopenaeus",9941703.5,2566,9805919.6,5,"maximally harvested","no increase","original estimate; Carta recommendation available for this species in this region",2017,NA,"original estimate; Carta recommendation available for this species in this region","catch should not exceed 2018-2022 mean",1
2019,"region_9","litopenaeus vannamei","species","litopenaeus",9225826.9,2867,9805919.6,5,"maximally harvested","no increase","original estimate; Carta recommendation available for this species in this region",2017,NA,"original estimate; Carta recommendation available for this species in this region","catch should not exceed 2018-2022 mean",1
2020,"region_9","litopenaeus vannamei","species","litopenaeus",10131015.2,3959,9805919.6,5,"maximally harvested","no increase","original estimate; Carta recommendation available for this species in this region",2017,NA,"original estimate; Carta recommendation available for this species in this region","catch should not exceed 2018-2022 mean",1
2021,"region_9","litopenaeus vannamei","species","litopenaeus",10409892.4,3815,9805919.6,5,"maximally harvested","no increase","original estimate; Carta recommendation available for this species in this region",2017,NA,"original estimate; Carta recommendation available for this species in this region","catch should not exceed 2018-2022 mean",0.94198087964867
2022,"region_9","litopenaeus vannamei","species","litopenaeus",9321160,3395,9805919.6,5,"maximally harvested","no increase","original estimate; Carta recommendation available for this species in this region",2017,NA,"original estimate; Carta recommendation available for this species in this region","catch should not exceed 2018-2022 mean",1
2018,"region_9","lutjanus adetii","species","lutjanus",877676.3,3722,494942.614,5,"maximally harvested","no increase",NA,NA,NA,"genus fallback; genus aggregation; took the mode across all Carta recommendations supplied for this genus in this region (in the case of ties: chose the most conservative status and control)","catch should not exceed 2018-2022 mean",0.563923868059329
2019,"region_9","lutjanus adetii","species","lutjanus",759974.22,2311,494942.614,5,"maximally harvested","no increase",NA,NA,NA,"genus fallback; genus aggregation; took the mode across all Carta recommendations supplied for this genus in this region (in the case of ties: chose the most conservative status and control)","catch should not exceed 2018-2022 mean",0.651262373084182
2020,"region_9","lutjanus adetii","species","lutjanus",314763.95,1257,494942.614,5,"maximally harvested","no increase",NA,NA,NA,"genus fallback; genus aggregation; took the mode across all Carta recommendations supplied for this genus in this region (in the case of ties: chose the most conservative status and control)","catch should not exceed 2018-2022 mean",1
2021,"region_9","lutjanus adetii","species","lutjanus",244389.65,1147,494942.614,5,"maximally harvested","no increase",NA,NA,NA,"genus fallback; genus aggregation; took the mode across all Carta recommendations supplied for this genus in this region (in the case of ties: chose the most conservative status and control)","catch should not exceed 2018-2022 mean",1
2022,"region_9","lutjanus adetii","species","lutjanus",277908.95,1054,494942.614,5,"maximally harvested","no increase",NA,NA,NA,"genus fallback; genus aggregation; took the mode across all Carta recommendations supplied for this genus in this region (in the case of ties: chose the most conservative status and control)","catch should not exceed 2018-2022 mean",1
2023,"region_9","lutjanus adetii","species","lutjanus",236600,933,494942.614,5,"maximally harvested","no increase",NA,NA,NA,"genus fallback; genus aggregation; took the mode across all Carta recommendations supplied for this genus in this region (in the case of ties: chose the most conservative status and control)","catch should not exceed 2018-2022 mean",1
2024,"region_9","lutjanus adetii","species","lutjanus",191085.2,743,494942.614,5,"maximally harvested","no increase",NA,NA,NA,"genus fallback; genus aggregation; took the mode across all Carta recommendations supplied for this genus in this region (in the case of ties: chose the most conservative status and control)","catch should not exceed 2018-2022 mean",1
2018,"region_9","lutjanus argentiventris","species","lutjanus",82252.7,241,84918.56,5,"maximally harvested","no increase","original estimate; Carta recommendation available for this species in this region",2023,NA,"original estimate; Carta recommendation available for this species in this region","catch should not exceed 2018-2022 mean",1
2019,"region_9","lutjanus argentiventris","species","lutjanus",68405.4,357,84918.56,5,"maximally harvested","no increase","original estimate; Carta recommendation available for this species in this region",2023,NA,"original estimate; Carta recommendation available for this species in this region","catch should not exceed 2018-2022 mean",1
2020,"region_9","lutjanus argentiventris","species","lutjanus",83917.4,452,84918.56,5,"maximally harvested","no increase","original estimate; Carta recommendation available for this species in this region",2023,NA,"original estimate; Carta recommendation available for this species in this region","catch should not exceed 2018-2022 mean",1
2021,"region_9","lutjanus argentiventris","species","lutjanus",96766.6,427,84918.56,5,"maximally harvested","no increase","original estimate; Carta recommendation available for this species in this region",2023,NA,"original estimate; Carta recommendation available for this species in this region","catch should not exceed 2018-2022 mean",0.87756064592535
2022,"region_9","lutjanus argentiventris","species","lutjanus",93250.7,356,84918.56,5,"maximally harvested","no increase","original estimate; Carta recommendation available for this species in this region",2023,NA,"original estimate; Carta recommendation available for this species in this region","catch should not exceed 2018-2022 mean",0.910647962964353
2023,"region_9","lutjanus argentiventris","species","lutjanus",90128,337,84918.56,5,"maximally harvested","no increase","original estimate; Carta recommendation available for this species in this region",2023,NA,"original estimate; Carta recommendation available for this species in this region","catch should not exceed 2018-2022 mean",0.942199538434227
2024,"region_9","lutjanus argentiventris","species","lutjanus",54272.7,239,84918.56,5,"maximally harvested","no increase","original estimate; Carta recommendation available for this species in this region",2023,NA,"original estimate; Carta recommendation available for this species in this region","catch should not exceed 2018-2022 mean",1
2018,"region_9","lutjanus campechanus","species","lutjanus",1383688.9,2001,779107.12,5,"maximally harvested","no increase",NA,NA,NA,"genus fallback; genus aggregation; took the mode across all Carta recommendations supplied for this genus in this region (in the case of ties: chose the most conservative status and control)","catch should not exceed 2018-2022 mean",0.563065238147101
2019,"region_9","lutjanus campechanus","species","lutjanus",1056700.7,1600,779107.12,5,"maximally harvested","no increase",NA,NA,NA,"genus fallback; genus aggregation; took the mode across all Carta recommendations supplied for this genus in this region (in the case of ties: chose the most conservative status and control)","catch should not exceed 2018-2022 mean",0.737301602998844
2020,"region_9","lutjanus campechanus","species","lutjanus",627848.1,1349,779107.12,5,"maximally harvested","no increase",NA,NA,NA,"genus fallback; genus aggregation; took the mode across all Carta recommendations supplied for this genus in this region (in the case of ties: chose the most conservative status and control)","catch should not exceed 2018-2022 mean",1
2021,"region_9","lutjanus campechanus","species","lutjanus",439204.7,1183,779107.12,5,"maximally harvested","no increase",NA,NA,NA,"genus fallback; genus aggregation; took the mode across all Carta recommendations supplied for this genus in this region (in the case of ties: chose the most conservative status and control)","catch should not exceed 2018-2022 mean",1
2022,"region_9","lutjanus campechanus","species","lutjanus",388093.2,1015,779107.12,5,"maximally harvested","no increase",NA,NA,NA,"genus fallback; genus aggregation; took the mode across all Carta recommendations supplied for this genus in this region (in the case of ties: chose the most conservative status and control)","catch should not exceed 2018-2022 mean",1
2023,"region_9","lutjanus campechanus","species","lutjanus",382349,936,779107.12,5,"maximally harvested","no increase",NA,NA,NA,"genus fallback; genus aggregation; took the mode across all Carta recommendations supplied for this genus in this region (in the case of ties: chose the most conservative status and control)","catch should not exceed 2018-2022 mean",1
2024,"region_9","lutjanus campechanus","species","lutjanus",460808.15,906,779107.12,5,"maximally harvested","no increase",NA,NA,NA,"genus fallback; genus aggregation; took the mode across all Carta recommendations supplied for this genus in this region (in the case of ties: chose the most conservative status and control)","catch should not exceed 2018-2022 mean",1
2018,"region_9","lutjanus colorado","species","lutjanus",20530,66,6980.58,5,"maximally harvested","no increase","original estimate; Carta recommendation available for this species in this region",2023,NA,"original estimate; Carta recommendation available for this species in this region","catch should not exceed 2018-2022 mean",0.340018509498295
2019,"region_9","lutjanus colorado","species","lutjanus",1961.2,18,6980.58,5,"maximally harvested","no increase","original estimate; Carta recommendation available for this species in this region",2023,NA,"original estimate; Carta recommendation available for this species in this region","catch should not exceed 2018-2022 mean",1
2020,"region_9","lutjanus colorado","species","lutjanus",5605.8,26,6980.58,5,"maximally harvested","no increase","original estimate; Carta recommendation available for this species in this region",2023,NA,"original estimate; Carta recommendation available for this species in this region","catch should not exceed 2018-2022 mean",1
2021,"region_9","lutjanus colorado","species","lutjanus",3987.5,15,6980.58,5,"maximally harvested","no increase","original estimate; Carta recommendation available for this species in this region",2023,NA,"original estimate; Carta recommendation available for this species in this region","catch should not exceed 2018-2022 mean",1
2022,"region_9","lutjanus colorado","species","lutjanus",2818.4,26,6980.58,5,"maximally harvested","no increase","original estimate; Carta recommendation available for this species in this region",2023,NA,"original estimate; Carta recommendation available for this species in this region","catch should not exceed 2018-2022 mean",1
2023,"region_9","lutjanus colorado","species","lutjanus",4494,30,6980.58,5,"maximally harvested","no increase","original estimate; Carta recommendation available for this species in this region",2023,NA,"original estimate; Carta recommendation available for this species in this region","catch should not exceed 2018-2022 mean",1
2024,"region_9","lutjanus colorado","species","lutjanus",72536.78,323,6980.58,5,"maximally harvested","no increase","original estimate; Carta recommendation available for this species in this region",2023,NA,"original estimate; Carta recommendation available for this species in this region","catch should not exceed 2018-2022 mean",0.0962350410371125
2018,"region_9","lutjanus guttatus","species","lutjanus",593229.2,1304,319012.1,5,"maximally harvested","no increase","original estimate; Carta recommendation available for this species in this region",2023,NA,"original estimate; Carta recommendation available for this species in this region","catch should not exceed 2018-2022 mean",0.537755221759145
2019,"region_9","lutjanus guttatus","species","lutjanus",517439.2,952,319012.1,5,"maximally harvested","no increase","original estimate; Carta recommendation available for this species in this region",2023,NA,"original estimate; Carta recommendation available for this species in this region","catch should not exceed 2018-2022 mean",0.616520936179555
2020,"region_9","lutjanus guttatus","species","lutjanus",226425.5,686,319012.1,5,"maximally harvested","no increase","original estimate; Carta recommendation available for this species in this region",2023,NA,"original estimate; Carta recommendation available for this species in this region","catch should not exceed 2018-2022 mean",1
2021,"region_9","lutjanus guttatus","species","lutjanus",122208.4,548,319012.1,5,"maximally harvested","no increase","original estimate; Carta recommendation available for this species in this region",2023,NA,"original estimate; Carta recommendation available for this species in this region","catch should not exceed 2018-2022 mean",1
2022,"region_9","lutjanus guttatus","species","lutjanus",135758.2,535,319012.1,5,"maximally harvested","no increase","original estimate; Carta recommendation available for this species in this region",2023,NA,"original estimate; Carta recommendation available for this species in this region","catch should not exceed 2018-2022 mean",1
2023,"region_9","lutjanus guttatus","species","lutjanus",132908,594,319012.1,5,"maximally harvested","no increase","original estimate; Carta recommendation available for this species in this region",2023,NA,"original estimate; Carta recommendation available for this species in this region","catch should not exceed 2018-2022 mean",1
2024,"region_9","lutjanus guttatus","species","lutjanus",130251.2,436,319012.1,5,"maximally harvested","no increase","original estimate; Carta recommendation available for this species in this region",2023,NA,"original estimate; Carta recommendation available for this species in this region","catch should not exceed 2018-2022 mean",1
2018,"region_9","lutjanus jordani","species","lutjanus",195807.05,524,108678.35,5,"maximally harvested","no increase",NA,NA,NA,"genus fallback; genus aggregation; took the mode across all Carta recommendations supplied for this genus in this region (in the case of ties: chose the most conservative status and control)","catch should not exceed 2018-2022 mean",0.555027768407726
2019,"region_9","lutjanus jordani","species","lutjanus",120831.2,453,108678.35,5,"maximally harvested","no increase",NA,NA,NA,"genus fallback; genus aggregation; took the mode across all Carta recommendations supplied for this genus in this region (in the case of ties: chose the most conservative status and control)","catch should not exceed 2018-2022 mean",0.899422913949377
2020,"region_9","lutjanus jordani","species","lutjanus",81577.4,319,108678.35,5,"maximally harvested","no increase",NA,NA,NA,"genus fallback; genus aggregation; took the mode across all Carta recommendations supplied for this genus in this region (in the case of ties: chose the most conservative status and control)","catch should not exceed 2018-2022 mean",1
2021,"region_9","lutjanus jordani","species","lutjanus",57875,263,108678.35,5,"maximally harvested","no increase",NA,NA,NA,"genus fallback; genus aggregation; took the mode across all Carta recommendations supplied for this genus in this region (in the case of ties: chose the most conservative status and control)","catch should not exceed 2018-2022 mean",1
2022,"region_9","lutjanus jordani","species","lutjanus",87301.1,326,108678.35,5,"maximally harvested","no increase",NA,NA,NA,"genus fallback; genus aggregation; took the mode across all Carta recommendations supplied for this genus in this region (in the case of ties: chose the most conservative status and control)","catch should not exceed 2018-2022 mean",1
2023,"region_9","lutjanus jordani","species","lutjanus",56988,218,108678.35,5,"maximally harvested","no increase",NA,NA,NA,"genus fallback; genus aggregation; took the mode across all Carta recommendations supplied for this genus in this region (in the case of ties: chose the most conservative status and control)","catch should not exceed 2018-2022 mean",1
2024,"region_9","lutjanus jordani","species","lutjanus",99413.2,345,108678.35,5,"maximally harvested","no increase",NA,NA,NA,"genus fallback; genus aggregation; took the mode across all Carta recommendations supplied for this genus in this region (in the case of ties: chose the most conservative status and control)","catch should not exceed 2018-2022 mean",1
2018,"region_9","lutjanus peru","species","lutjanus",685.6,4,11473.5,5,"maximally harvested","no increase","original estimate; Carta recommendation available for this species in this region",2023,NA,"original estimate; Carta recommendation available for this species in this region","catch should not exceed 2018-2022 mean",1
2019,"region_9","lutjanus peru","species","lutjanus",3708.6,34,11473.5,5,"maximally harvested","no increase","original estimate; Carta recommendation available for this species in this region",2023,NA,"original estimate; Carta recommendation available for this species in this region","catch should not exceed 2018-2022 mean",1
2020,"region_9","lutjanus peru","species","lutjanus",36462.35,81,11473.5,5,"maximally harvested","no increase","original estimate; Carta recommendation available for this species in this region",2023,NA,"original estimate; Carta recommendation available for this species in this region","catch should not exceed 2018-2022 mean",0.314667046967626
2021,"region_9","lutjanus peru","species","lutjanus",7801.7,40,11473.5,5,"maximally harvested","no increase","original estimate; Carta recommendation available for this species in this region",2023,NA,"original estimate; Carta recommendation available for this species in this region","catch should not exceed 2018-2022 mean",1
2022,"region_9","lutjanus peru","species","lutjanus",8709.25,20,11473.5,5,"maximally harvested","no increase","original estimate; Carta recommendation available for this species in this region",2023,NA,"original estimate; Carta recommendation available for this species in this region","catch should not exceed 2018-2022 mean",1
2023,"region_9","lutjanus peru","species","lutjanus",146535,177,11473.5,5,"maximally harvested","no increase","original estimate; Carta recommendation available for this species in this region",2023,NA,"original estimate; Carta recommendation available for this species in this region","catch should not exceed 2018-2022 mean",0.0782986999692906
2024,"region_9","lutjanus peru","species","lutjanus",159336,201,11473.5,5,"maximally harvested","no increase","original estimate; Carta recommendation available for this species in this region",2023,NA,"original estimate; Carta recommendation available for this species in this region","catch should not exceed 2018-2022 mean",0.0720082090676307
2018,"region_9","lutjanus spp","species","lutjanus",385399,841,202256.2,5,"maximally harvested","no increase",NA,NA,NA,"genus fallback; genus aggregation; took the mode across all Carta recommendations supplied for this genus in this region (in the case of ties: chose the most conservative status and control)","catch should not exceed 2018-2022 mean",0.524796898798388
2019,"region_9","lutjanus spp","species","lutjanus",245828,530,202256.2,5,"maximally harvested","no increase",NA,NA,NA,"genus fallback; genus aggregation; took the mode across all Carta recommendations supplied for this genus in this region (in the case of ties: chose the most conservative status and control)","catch should not exceed 2018-2022 mean",0.822754934344338
2020,"region_9","lutjanus spp","species","lutjanus",177272,227,202256.2,5,"maximally harvested","no increase",NA,NA,NA,"genus fallback; genus aggregation; took the mode across all Carta recommendations supplied for this genus in this region (in the case of ties: chose the most conservative status and control)","catch should not exceed 2018-2022 mean",1
2021,"region_9","lutjanus spp","species","lutjanus",83480,156,202256.2,5,"maximally harvested","no increase",NA,NA,NA,"genus fallback; genus aggregation; took the mode across all Carta recommendations supplied for this genus in this region (in the case of ties: chose the most conservative status and control)","catch should not exceed 2018-2022 mean",1
2022,"region_9","lutjanus spp","species","lutjanus",119302,183,202256.2,5,"maximally harvested","no increase",NA,NA,NA,"genus fallback; genus aggregation; took the mode across all Carta recommendations supplied for this genus in this region (in the case of ties: chose the most conservative status and control)","catch should not exceed 2018-2022 mean",1
2018,"region_9","mugil cephalus","species","mugil",102301,456,63585.24,5,"maximally harvested","no increase","original estimate; Carta recommendation available for this species in this region",2023,NA,"original estimate; Carta recommendation available for this species in this region","catch should not exceed 2018-2022 mean",0.621550522477786
2019,"region_9","mugil cephalus","species","mugil",58185.2,320,63585.24,5,"maximally harvested","no increase","original estimate; Carta recommendation available for this species in this region",2023,NA,"original estimate; Carta recommendation available for this species in this region","catch should not exceed 2018-2022 mean",1
2020,"region_9","mugil cephalus","species","mugil",36911,245,63585.24,5,"maximally harvested","no increase","original estimate; Carta recommendation available for this species in this region",2023,NA,"original estimate; Carta recommendation available for this species in this region","catch should not exceed 2018-2022 mean",1
2021,"region_9","mugil cephalus","species","mugil",92679,107,63585.24,5,"maximally harvested","no increase","original estimate; Carta recommendation available for this species in this region",2023,NA,"original estimate; Carta recommendation available for this species in this region","catch should not exceed 2018-2022 mean",0.686080341825009
2022,"region_9","mugil cephalus","species","mugil",27850,63,63585.24,5,"maximally harvested","no increase","original estimate; Carta recommendation available for this species in this region",2023,NA,"original estimate; Carta recommendation available for this species in this region","catch should not exceed 2018-2022 mean",1
2023,"region_9","mugil cephalus","species","mugil",5298,28,63585.24,5,"maximally harvested","no increase","original estimate; Carta recommendation available for this species in this region",2023,NA,"original estimate; Carta recommendation available for this species in this region","catch should not exceed 2018-2022 mean",1
2024,"region_9","mugil cephalus","species","mugil",15138,96,63585.24,5,"maximally harvested","no increase","original estimate; Carta recommendation available for this species in this region",2023,NA,"original estimate; Carta recommendation available for this species in this region","catch should not exceed 2018-2022 mean",1
2018,"region_9","mugil curema","species","mugil",277222.6,495,150507.92,5,"maximally harvested","no increase",NA,NA,NA,"genus fallback; genus aggregation; took the mode across all Carta recommendations supplied for this genus in this region (in the case of ties: chose the most conservative status and control)","catch should not exceed 2018-2022 mean",0.542913600839181
2019,"region_9","mugil curema","species","mugil",210828.8,391,150507.92,5,"maximally harvested","no increase",NA,NA,NA,"genus fallback; genus aggregation; took the mode across all Carta recommendations supplied for this genus in this region (in the case of ties: chose the most conservative status and control)","catch should not exceed 2018-2022 mean",0.713886907291603
2020,"region_9","mugil curema","species","mugil",121326.2,299,150507.92,5,"maximally harvested","no increase",NA,NA,NA,"genus fallback; genus aggregation; took the mode across all Carta recommendations supplied for this genus in this region (in the case of ties: chose the most conservative status and control)","catch should not exceed 2018-2022 mean",1
2021,"region_9","mugil curema","species","mugil",72488,197,150507.92,5,"maximally harvested","no increase",NA,NA,NA,"genus fallback; genus aggregation; took the mode across all Carta recommendations supplied for this genus in this region (in the case of ties: chose the most conservative status and control)","catch should not exceed 2018-2022 mean",1
2022,"region_9","mugil curema","species","mugil",70674,172,150507.92,5,"maximally harvested","no increase",NA,NA,NA,"genus fallback; genus aggregation; took the mode across all Carta recommendations supplied for this genus in this region (in the case of ties: chose the most conservative status and control)","catch should not exceed 2018-2022 mean",1
2023,"region_9","mugil curema","species","mugil",92586,193,150507.92,5,"maximally harvested","no increase",NA,NA,NA,"genus fallback; genus aggregation; took the mode across all Carta recommendations supplied for this genus in this region (in the case of ties: chose the most conservative status and control)","catch should not exceed 2018-2022 mean",1
2024,"region_9","mugil curema","species","mugil",67305,181,150507.92,5,"maximally harvested","no increase",NA,NA,NA,"genus fallback; genus aggregation; took the mode across all Carta recommendations supplied for this genus in this region (in the case of ties: chose the most conservative status and control)","catch should not exceed 2018-2022 mean",1
2018,"region_9","nasolamia velox","species","nasolamia",68311.25,76,48258.55,5,"maximally harvested","no increase","original estimate; Carta recommendation available for this species in this region",2023,NA,"original estimate; Carta recommendation available for this species in this region","catch should not exceed 2018-2022 mean",0.706450987209281
2019,"region_9","nasolamia velox","species","nasolamia",67056.25,75,48258.55,5,"maximally harvested","no increase","original estimate; Carta recommendation available for this species in this region",2023,NA,"original estimate; Carta recommendation available for this species in this region","catch should not exceed 2018-2022 mean",0.719672662876317
2020,"region_9","nasolamia velox","species","nasolamia",32688.25,49,48258.55,5,"maximally harvested","no increase","original estimate; Carta recommendation available for this species in this region",2023,NA,"original estimate; Carta recommendation available for this species in this region","catch should not exceed 2018-2022 mean",1
2021,"region_9","nasolamia velox","species","nasolamia",49642.5,49,48258.55,5,"maximally harvested","no increase","original estimate; Carta recommendation available for this species in this region",2023,NA,"original estimate; Carta recommendation available for this species in this region","catch should not exceed 2018-2022 mean",1
2022,"region_9","nasolamia velox","species","nasolamia",23594.5,33,48258.55,5,"maximally harvested","no increase","original estimate; Carta recommendation available for this species in this region",2023,NA,"original estimate; Carta recommendation available for this species in this region","catch should not exceed 2018-2022 mean",1
2023,"region_9","nasolamia velox","species","nasolamia",24404,32,48258.55,5,"maximally harvested","no increase","original estimate; Carta recommendation available for this species in this region",2023,NA,"original estimate; Carta recommendation available for this species in this region","catch should not exceed 2018-2022 mean",1
2024,"region_9","nasolamia velox","species","nasolamia",20663.75,34,48258.55,5,"maximally harvested","no increase","original estimate; Carta recommendation available for this species in this region",2023,NA,"original estimate; Carta recommendation available for this species in this region","catch should not exceed 2018-2022 mean",1
2018,"region_9","oligoplites altus","species","oligoplites",3232,21,1086.6,5,"maximally harvested","no increase",NA,NA,NA,"genus fallback; genus aggregation; took the mode across all Carta recommendations supplied for this genus in this region (in the case of ties: chose the most conservative status and control)","catch should not exceed 2018-2022 mean",0.336200495049505
2019,"region_9","oligoplites altus","species","oligoplites",660,7,1086.6,5,"maximally harvested","no increase",NA,NA,NA,"genus fallback; genus aggregation; took the mode across all Carta recommendations supplied for this genus in this region (in the case of ties: chose the most conservative status and control)","catch should not exceed 2018-2022 mean",1
2020,"region_9","oligoplites altus","species","oligoplites",588,9,1086.6,5,"maximally harvested","no increase",NA,NA,NA,"genus fallback; genus aggregation; took the mode across all Carta recommendations supplied for this genus in this region (in the case of ties: chose the most conservative status and control)","catch should not exceed 2018-2022 mean",1
2021,"region_9","oligoplites altus","species","oligoplites",353,2,1086.6,5,"maximally harvested","no increase",NA,NA,NA,"genus fallback; genus aggregation; took the mode across all Carta recommendations supplied for this genus in this region (in the case of ties: chose the most conservative status and control)","catch should not exceed 2018-2022 mean",1
2022,"region_9","oligoplites altus","species","oligoplites",600,3,1086.6,5,"maximally harvested","no increase",NA,NA,NA,"genus fallback; genus aggregation; took the mode across all Carta recommendations supplied for this genus in this region (in the case of ties: chose the most conservative status and control)","catch should not exceed 2018-2022 mean",1
2024,"region_9","oligoplites altus","species","oligoplites",700,2,1086.6,5,"maximally harvested","no increase",NA,NA,NA,"genus fallback; genus aggregation; took the mode across all Carta recommendations supplied for this genus in this region (in the case of ties: chose the most conservative status and control)","catch should not exceed 2018-2022 mean",1
2018,"region_9","panulirus argus","species","panulirus",43752,110,29588.75,4,"maximally harvested","no increase",NA,NA,NA,"genus fallback; genus aggregation; took the mode across all Carta recommendations supplied for this genus in this region (in the case of ties: chose the most conservative status and control)","catch should not exceed 2018-2022 mean",0.67628336990309
2019,"region_9","panulirus argus","species","panulirus",64943,120,29588.75,4,"maximally harvested","no increase",NA,NA,NA,"genus fallback; genus aggregation; took the mode across all Carta recommendations supplied for this genus in this region (in the case of ties: chose the most conservative status and control)","catch should not exceed 2018-2022 mean",0.455611074326717
2020,"region_9","panulirus argus","species","panulirus",7991,19,29588.75,4,"maximally harvested","no increase",NA,NA,NA,"genus fallback; genus aggregation; took the mode across all Carta recommendations supplied for this genus in this region (in the case of ties: chose the most conservative status and control)","catch should not exceed 2018-2022 mean",1
2022,"region_9","panulirus argus","species","panulirus",1669,2,29588.75,4,"maximally harvested","no increase",NA,NA,NA,"genus fallback; genus aggregation; took the mode across all Carta recommendations supplied for this genus in this region (in the case of ties: chose the most conservative status and control)","catch should not exceed 2018-2022 mean",1
2023,"region_9","panulirus argus","species","panulirus",400,2,29588.75,4,"maximally harvested","no increase",NA,NA,NA,"genus fallback; genus aggregation; took the mode across all Carta recommendations supplied for this genus in this region (in the case of ties: chose the most conservative status and control)","catch should not exceed 2018-2022 mean",1
2019,"region_9","panulirus gracilis","species","panulirus",1500,2,2148.75,4,"maximally harvested","no increase","original estimate; Carta recommendation available for this species in this region",2023,"Nayarit has development potential, but went with the average","original estimate; Carta recommendation available for this species in this region","catch should not exceed 2018-2022 mean",1
2020,"region_9","panulirus gracilis","species","panulirus",1845,16,2148.75,4,"maximally harvested","no increase","original estimate; Carta recommendation available for this species in this region",2023,"Nayarit has development potential, but went with the average","original estimate; Carta recommendation available for this species in this region","catch should not exceed 2018-2022 mean",1
2021,"region_9","panulirus gracilis","species","panulirus",2717,21,2148.75,4,"maximally harvested","no increase","original estimate; Carta recommendation available for this species in this region",2023,"Nayarit has development potential, but went with the average","original estimate; Carta recommendation available for this species in this region","catch should not exceed 2018-2022 mean",0.790853882959146
2022,"region_9","panulirus gracilis","species","panulirus",2533,21,2148.75,4,"maximally harvested","no increase","original estimate; Carta recommendation available for this species in this region",2023,"Nayarit has development potential, but went with the average","original estimate; Carta recommendation available for this species in this region","catch should not exceed 2018-2022 mean",0.848302408211607
2023,"region_9","panulirus gracilis","species","panulirus",2087,17,2148.75,4,"maximally harvested","no increase","original estimate; Carta recommendation available for this species in this region",2023,"Nayarit has development potential, but went with the average","original estimate; Carta recommendation available for this species in this region","catch should not exceed 2018-2022 mean",1
2018,"region_9","paralabrax auroguttatus","species","paralabrax",9460,26,3637.975,4,"maximally harvested","no increase",NA,NA,NA,"genus fallback; genus gapfill; data missing in this region, took the mode across all Carta recommendations supplied for this genus regardless of region","catch should not exceed 2018-2022 mean",0.384563953488372
2019,"region_9","paralabrax auroguttatus","species","paralabrax",4081,13,3637.975,4,"maximally harvested","no increase",NA,NA,NA,"genus fallback; genus gapfill; data missing in this region, took the mode across all Carta recommendations supplied for this genus regardless of region","catch should not exceed 2018-2022 mean",0.89144204851752
2020,"region_9","paralabrax auroguttatus","species","paralabrax",107.8,1,3637.975,4,"maximally harvested","no increase",NA,NA,NA,"genus fallback; genus gapfill; data missing in this region, took the mode across all Carta recommendations supplied for this genus regardless of region","catch should not exceed 2018-2022 mean",1
2021,"region_9","paralabrax auroguttatus","species","paralabrax",903.1,2,3637.975,4,"maximally harvested","no increase",NA,NA,NA,"genus fallback; genus gapfill; data missing in this region, took the mode across all Carta recommendations supplied for this genus regardless of region","catch should not exceed 2018-2022 mean",1
2023,"region_9","paralabrax auroguttatus","species","paralabrax",46,1,3637.975,4,"maximally harvested","no increase",NA,NA,NA,"genus fallback; genus gapfill; data missing in this region, took the mode across all Carta recommendations supplied for this genus regardless of region","catch should not exceed 2018-2022 mean",1
2024,"region_9","paralabrax auroguttatus","species","paralabrax",377,2,3637.975,4,"maximally harvested","no increase",NA,NA,NA,"genus fallback; genus gapfill; data missing in this region, took the mode across all Carta recommendations supplied for this genus regardless of region","catch should not exceed 2018-2022 mean",1
2018,"region_9","paralabrax loro","species","paralabrax",720,3,606,4,"maximally harvested","no increase",NA,NA,NA,"genus fallback; genus gapfill; data missing in this region, took the mode across all Carta recommendations supplied for this genus regardless of region","catch should not exceed 2018-2022 mean",0.841666666666667
2019,"region_9","paralabrax loro","species","paralabrax",240,1,606,4,"maximally harvested","no increase",NA,NA,NA,"genus fallback; genus gapfill; data missing in this region, took the mode across all Carta recommendations supplied for this genus regardless of region","catch should not exceed 2018-2022 mean",1
2020,"region_9","paralabrax loro","species","paralabrax",825,4,606,4,"maximally harvested","no increase",NA,NA,NA,"genus fallback; genus gapfill; data missing in this region, took the mode across all Carta recommendations supplied for this genus regardless of region","catch should not exceed 2018-2022 mean",0.734545454545455
2021,"region_9","paralabrax loro","species","paralabrax",639,3,606,4,"maximally harvested","no increase",NA,NA,NA,"genus fallback; genus gapfill; data missing in this region, took the mode across all Carta recommendations supplied for this genus regardless of region","catch should not exceed 2018-2022 mean",0.948356807511737
2018,"region_9","paralabrax nebulifer","species","paralabrax",500,2,4448.625,4,"maximally harvested","no increase","gapfilled estimate; no Carta recommendation for this species in this specific region",2023,NA,"gapfilled estimate; no Carta recommendation for this species in this specific region","catch should not exceed 2018-2022 mean",1
2020,"region_9","paralabrax nebulifer","species","paralabrax",450,1,4448.625,4,"maximally harvested","no increase","gapfilled estimate; no Carta recommendation for this species in this specific region",2023,NA,"gapfilled estimate; no Carta recommendation for this species in this specific region","catch should not exceed 2018-2022 mean",1
2021,"region_9","paralabrax nebulifer","species","paralabrax",5027,11,4448.625,4,"maximally harvested","no increase","gapfilled estimate; no Carta recommendation for this species in this specific region",2023,NA,"gapfilled estimate; no Carta recommendation for this species in this specific region","catch should not exceed 2018-2022 mean",0.884946290033817
2022,"region_9","paralabrax nebulifer","species","paralabrax",11817.5,20,4448.625,4,"maximally harvested","no increase","gapfilled estimate; no Carta recommendation for this species in this specific region",2023,NA,"gapfilled estimate; no Carta recommendation for this species in this specific region","catch should not exceed 2018-2022 mean",0.376443833298075
2023,"region_9","paralabrax nebulifer","species","paralabrax",14415,9,4448.625,4,"maximally harvested","no increase","gapfilled estimate; no Carta recommendation for this species in this specific region",2023,NA,"gapfilled estimate; no Carta recommendation for this species in this specific region","catch should not exceed 2018-2022 mean",0.308610822060354
2024,"region_9","paralabrax nebulifer","species","paralabrax",2938,3,4448.625,4,"maximally harvested","no increase","gapfilled estimate; no Carta recommendation for this species in this specific region",2023,NA,"gapfilled estimate; no Carta recommendation for this species in this specific region","catch should not exceed 2018-2022 mean",1
2018,"region_9","prionace glauca","species","prionace",203463.75,108,138597.52,5,"maximally harvested","no increase","original estimate; Carta recommendation available for this species in this region",2023,NA,"original estimate; Carta recommendation available for this species in this region","catch should not exceed 2018-2022 mean",0.681190236590056
2019,"region_9","prionace glauca","species","prionace",307060,143,138597.52,5,"maximally harvested","no increase","original estimate; Carta recommendation available for this species in this region",2023,NA,"original estimate; Carta recommendation available for this species in this region","catch should not exceed 2018-2022 mean",0.451369504331401
2020,"region_9","prionace glauca","species","prionace",77423.25,93,138597.52,5,"maximally harvested","no increase","original estimate; Carta recommendation available for this species in this region",2023,NA,"original estimate; Carta recommendation available for this species in this region","catch should not exceed 2018-2022 mean",1
2021,"region_9","prionace glauca","species","prionace",64396.9,83,138597.52,5,"maximally harvested","no increase","original estimate; Carta recommendation available for this species in this region",2023,NA,"original estimate; Carta recommendation available for this species in this region","catch should not exceed 2018-2022 mean",1
2022,"region_9","prionace glauca","species","prionace",40643.7,50,138597.52,5,"maximally harvested","no increase","original estimate; Carta recommendation available for this species in this region",2023,NA,"original estimate; Carta recommendation available for this species in this region","catch should not exceed 2018-2022 mean",1
2023,"region_9","prionace glauca","species","prionace",75719,97,138597.52,5,"maximally harvested","no increase","original estimate; Carta recommendation available for this species in this region",2023,NA,"original estimate; Carta recommendation available for this species in this region","catch should not exceed 2018-2022 mean",1
2024,"region_9","prionace glauca","species","prionace",90721.05,85,138597.52,5,"maximally harvested","no increase","original estimate; Carta recommendation available for this species in this region",2023,NA,"original estimate; Carta recommendation available for this species in this region","catch should not exceed 2018-2022 mean",1
2018,"region_9","rhizoprionodon longurio","species","rhizoprionodon",290130.5,420,278588.67,5,"maximally harvested","no increase","original estimate; Carta recommendation available for this species in this region",2023,NA,"original estimate; Carta recommendation available for this species in this region","catch should not exceed 2018-2022 mean",1
2019,"region_9","rhizoprionodon longurio","species","rhizoprionodon",268404.05,381,278588.67,5,"maximally harvested","no increase","original estimate; Carta recommendation available for this species in this region",2023,NA,"original estimate; Carta recommendation available for this species in this region","catch should not exceed 2018-2022 mean",1
2020,"region_9","rhizoprionodon longurio","species","rhizoprionodon",266471.5,295,278588.67,5,"maximally harvested","no increase","original estimate; Carta recommendation available for this species in this region",2023,NA,"original estimate; Carta recommendation available for this species in this region","catch should not exceed 2018-2022 mean",1
2021,"region_9","rhizoprionodon longurio","species","rhizoprionodon",224314.35,252,278588.67,5,"maximally harvested","no increase","original estimate; Carta recommendation available for this species in this region",2023,NA,"original estimate; Carta recommendation available for this species in this region","catch should not exceed 2018-2022 mean",1
2022,"region_9","rhizoprionodon longurio","species","rhizoprionodon",343622.95,313,278588.67,5,"maximally harvested","no increase","original estimate; Carta recommendation available for this species in this region",2023,NA,"original estimate; Carta recommendation available for this species in this region","catch should not exceed 2018-2022 mean",0.810739416561088
2023,"region_9","rhizoprionodon longurio","species","rhizoprionodon",2750,1,278588.67,5,"maximally harvested","no increase","original estimate; Carta recommendation available for this species in this region",2023,NA,"original estimate; Carta recommendation available for this species in this region","catch should not exceed 2018-2022 mean",1
2024,"region_9","rhizoprionodon longurio","species","rhizoprionodon",250,2,278588.67,5,"maximally harvested","no increase","original estimate; Carta recommendation available for this species in this region",2023,NA,"original estimate; Carta recommendation available for this species in this region","catch should not exceed 2018-2022 mean",1
2018,"region_9","sarda chiliensis","species","sarda",12152.8,47,27470.64,5,"development potential","no increase",NA,NA,NA,"genus fallback; genus gapfill; data missing in this region, took the mode across all Carta recommendations supplied for this genus regardless of region","development potential (score = 1)",1
2019,"region_9","sarda chiliensis","species","sarda",11329,45,27470.64,5,"development potential","no increase",NA,NA,NA,"genus fallback; genus gapfill; data missing in this region, took the mode across all Carta recommendations supplied for this genus regardless of region","development potential (score = 1)",1
2020,"region_9","sarda chiliensis","species","sarda",50327.5,117,27470.64,5,"development potential","no increase",NA,NA,NA,"genus fallback; genus gapfill; data missing in this region, took the mode across all Carta recommendations supplied for this genus regardless of region","development potential (score = 1)",1
2021,"region_9","sarda chiliensis","species","sarda",36294,106,27470.64,5,"development potential","no increase",NA,NA,NA,"genus fallback; genus gapfill; data missing in this region, took the mode across all Carta recommendations supplied for this genus regardless of region","development potential (score = 1)",1
2022,"region_9","sarda chiliensis","species","sarda",27249.9,66,27470.64,5,"development potential","no increase",NA,NA,NA,"genus fallback; genus gapfill; data missing in this region, took the mode across all Carta recommendations supplied for this genus regardless of region","development potential (score = 1)",1
2018,"region_9","scomberomorus sierra","species","scomberomorus",1111972.1,2886,826383.64,5,"maximally harvested","no increase","original estimate; Carta recommendation available for this species in this region",2023,NA,"original estimate; Carta recommendation available for this species in this region","catch should not exceed 2018-2022 mean",0.743169401462501
2019,"region_9","scomberomorus sierra","species","scomberomorus",884063.9,2473,826383.64,5,"maximally harvested","no increase","original estimate; Carta recommendation available for this species in this region",2023,NA,"original estimate; Carta recommendation available for this species in this region","catch should not exceed 2018-2022 mean",0.93475555330333
2020,"region_9","scomberomorus sierra","species","scomberomorus",646150,1926,826383.64,5,"maximally harvested","no increase","original estimate; Carta recommendation available for this species in this region",2023,NA,"original estimate; Carta recommendation available for this species in this region","catch should not exceed 2018-2022 mean",1
2021,"region_9","scomberomorus sierra","species","scomberomorus",677100.6,1759,826383.64,5,"maximally harvested","no increase","original estimate; Carta recommendation available for this species in this region",2023,NA,"original estimate; Carta recommendation available for this species in this region","catch should not exceed 2018-2022 mean",1
2022,"region_9","scomberomorus sierra","species","scomberomorus",812631.6,1743,826383.64,5,"maximally harvested","no increase","original estimate; Carta recommendation available for this species in this region",2023,NA,"original estimate; Carta recommendation available for this species in this region","catch should not exceed 2018-2022 mean",1
2023,"region_9","scomberomorus sierra","species","scomberomorus",612733,1505,826383.64,5,"maximally harvested","no increase","original estimate; Carta recommendation available for this species in this region",2023,NA,"original estimate; Carta recommendation available for this species in this region","catch should not exceed 2018-2022 mean",1
2024,"region_9","scomberomorus sierra","species","scomberomorus",591005.43,1362,826383.64,5,"maximally harvested","no increase","original estimate; Carta recommendation available for this species in this region",2023,NA,"original estimate; Carta recommendation available for this species in this region","catch should not exceed 2018-2022 mean",1
2018,"region_9","sphoeroides andersonianus","species","sphoeroides",33697.2,121,32679.93,5,"maximally harvested","no increase",NA,NA,NA,"genus fallback; genus aggregation; took the mode across all Carta recommendations supplied for this genus in this region (in the case of ties: chose the most conservative status and control)","catch should not exceed 2018-2022 mean",1
2019,"region_9","sphoeroides andersonianus","species","sphoeroides",24647.3,116,32679.93,5,"maximally harvested","no increase",NA,NA,NA,"genus fallback; genus aggregation; took the mode across all Carta recommendations supplied for this genus in this region (in the case of ties: chose the most conservative status and control)","catch should not exceed 2018-2022 mean",1
2020,"region_9","sphoeroides andersonianus","species","sphoeroides",26356.1,98,32679.93,5,"maximally harvested","no increase",NA,NA,NA,"genus fallback; genus aggregation; took the mode across all Carta recommendations supplied for this genus in this region (in the case of ties: chose the most conservative status and control)","catch should not exceed 2018-2022 mean",1
2021,"region_9","sphoeroides andersonianus","species","sphoeroides",43763.1,155,32679.93,5,"maximally harvested","no increase",NA,NA,NA,"genus fallback; genus aggregation; took the mode across all Carta recommendations supplied for this genus in this region (in the case of ties: chose the most conservative status and control)","catch should not exceed 2018-2022 mean",0.746746231414137
2022,"region_9","sphoeroides andersonianus","species","sphoeroides",34935.95,122,32679.93,5,"maximally harvested","no increase",NA,NA,NA,"genus fallback; genus aggregation; took the mode across all Carta recommendations supplied for this genus in this region (in the case of ties: chose the most conservative status and control)","catch should not exceed 2018-2022 mean",0.935424111838951
2023,"region_9","sphoeroides andersonianus","species","sphoeroides",26381,121,32679.93,5,"maximally harvested","no increase",NA,NA,NA,"genus fallback; genus aggregation; took the mode across all Carta recommendations supplied for this genus in this region (in the case of ties: chose the most conservative status and control)","catch should not exceed 2018-2022 mean",1
2024,"region_9","sphoeroides andersonianus","species","sphoeroides",46078.85,166,32679.93,5,"maximally harvested","no increase",NA,NA,NA,"genus fallback; genus aggregation; took the mode across all Carta recommendations supplied for this genus in this region (in the case of ties: chose the most conservative status and control)","catch should not exceed 2018-2022 mean",0.70921756944889
2018,"region_9","sphyrna mokarran","species","sphyrna",910,2,96477.2,5,"maximally harvested","no increase","original estimate; Carta recommendation available for this species in this region",2023,NA,"original estimate; Carta recommendation available for this species in this region","catch should not exceed 2018-2022 mean",1
2019,"region_9","sphyrna mokarran","species","sphyrna",423742.75,131,96477.2,5,"maximally harvested","no increase","original estimate; Carta recommendation available for this species in this region",2023,NA,"original estimate; Carta recommendation available for this species in this region","catch should not exceed 2018-2022 mean",0.227678703647437
2020,"region_9","sphyrna mokarran","species","sphyrna",8578.75,7,96477.2,5,"maximally harvested","no increase","original estimate; Carta recommendation available for this species in this region",2023,NA,"original estimate; Carta recommendation available for this species in this region","catch should not exceed 2018-2022 mean",1
2021,"region_9","sphyrna mokarran","species","sphyrna",36568.5,10,96477.2,5,"maximally harvested","no increase","original estimate; Carta recommendation available for this species in this region",2023,NA,"original estimate; Carta recommendation available for this species in this region","catch should not exceed 2018-2022 mean",1
2022,"region_9","sphyrna mokarran","species","sphyrna",12586,7,96477.2,5,"maximally harvested","no increase","original estimate; Carta recommendation available for this species in this region",2023,NA,"original estimate; Carta recommendation available for this species in this region","catch should not exceed 2018-2022 mean",1
2018,"region_9","sphyrna zygaena","species","sphyrna",421780,145,141140.47,5,"maximally harvested","no increase","original estimate; Carta recommendation available for this species in this region",2023,NA,"original estimate; Carta recommendation available for this species in this region","catch should not exceed 2018-2022 mean",0.334630541988715
2019,"region_9","sphyrna zygaena","species","sphyrna",180836.05,159,141140.47,5,"maximally harvested","no increase","original estimate; Carta recommendation available for this species in this region",2023,NA,"original estimate; Carta recommendation available for this species in this region","catch should not exceed 2018-2022 mean",0.780488569618724
2020,"region_9","sphyrna zygaena","species","sphyrna",65186.5,75,141140.47,5,"maximally harvested","no increase","original estimate; Carta recommendation available for this species in this region",2023,NA,"original estimate; Carta recommendation available for this species in this region","catch should not exceed 2018-2022 mean",1
2021,"region_9","sphyrna zygaena","species","sphyrna",22141.75,66,141140.47,5,"maximally harvested","no increase","original estimate; Carta recommendation available for this species in this region",2023,NA,"original estimate; Carta recommendation available for this species in this region","catch should not exceed 2018-2022 mean",1
2022,"region_9","sphyrna zygaena","species","sphyrna",15758.05,49,141140.47,5,"maximally harvested","no increase","original estimate; Carta recommendation available for this species in this region",2023,NA,"original estimate; Carta recommendation available for this species in this region","catch should not exceed 2018-2022 mean",1
2023,"region_9","sphyrna zygaena","species","sphyrna",21240,61,141140.47,5,"maximally harvested","no increase","original estimate; Carta recommendation available for this species in this region",2023,NA,"original estimate; Carta recommendation available for this species in this region","catch should not exceed 2018-2022 mean",1
2024,"region_9","sphyrna zygaena","species","sphyrna",26527.3,82,141140.47,5,"maximally harvested","no increase","original estimate; Carta recommendation available for this species in this region",2023,NA,"original estimate; Carta recommendation available for this species in this region","catch should not exceed 2018-2022 mean",1
2018,"region_9","thunnus alalunga","species","thunnus",11958,26,15816.8,5,"decreasing","decrease",NA,NA,NA,"genus fallback; genus aggregation; took the mode across all Carta recommendations supplied for this genus in this region (in the case of ties: chose the most conservative status and control)","catch should be below 2018-2022 mean",0.621984219311112
2019,"region_9","thunnus alalunga","species","thunnus",18134,21,15816.8,5,"decreasing","decrease",NA,NA,NA,"genus fallback; genus aggregation; took the mode across all Carta recommendations supplied for this genus in this region (in the case of ties: chose the most conservative status and control)","catch should be below 2018-2022 mean",0.436108966582111
2020,"region_9","thunnus alalunga","species","thunnus",19900,12,15816.8,5,"decreasing","decrease",NA,NA,NA,"genus fallback; genus aggregation; took the mode across all Carta recommendations supplied for this genus in this region (in the case of ties: chose the most conservative status and control)","catch should be below 2018-2022 mean",0.397407035175879
2021,"region_9","thunnus alalunga","species","thunnus",23333,15,15816.8,5,"decreasing","decrease",NA,NA,NA,"genus fallback; genus aggregation; took the mode across all Carta recommendations supplied for this genus in this region (in the case of ties: chose the most conservative status and control)","catch should be below 2018-2022 mean",0.33893627051815
2022,"region_9","thunnus alalunga","species","thunnus",5759,7,15816.8,5,"decreasing","decrease",NA,NA,NA,"genus fallback; genus aggregation; took the mode across all Carta recommendations supplied for this genus in this region (in the case of ties: chose the most conservative status and control)","catch should be below 2018-2022 mean",0.817946740175004
2023,"region_9","thunnus alalunga","species","thunnus",2890,11,15816.8,5,"decreasing","decrease",NA,NA,NA,"genus fallback; genus aggregation; took the mode across all Carta recommendations supplied for this genus in this region (in the case of ties: chose the most conservative status and control)","catch should be below 2018-2022 mean",0.908641444539983
2024,"region_9","thunnus alalunga","species","thunnus",100,1,15816.8,5,"decreasing","decrease",NA,NA,NA,"genus fallback; genus aggregation; took the mode across all Carta recommendations supplied for this genus in this region (in the case of ties: chose the most conservative status and control)","catch should be below 2018-2022 mean",0.996838804309342
2018,"region_9","thunnus albacares","species","thunnus",627281,553,508443.2,5,"maximally harvested","no increase","original estimate; Carta recommendation available for this species in this region",2023,NA,"original estimate; Carta recommendation available for this species in this region","catch should not exceed 2018-2022 mean",0.810550933313778
2019,"region_9","thunnus albacares","species","thunnus",644821,641,508443.2,5,"maximally harvested","no increase","original estimate; Carta recommendation available for this species in this region",2023,NA,"original estimate; Carta recommendation available for this species in this region","catch should not exceed 2018-2022 mean",0.788502855831308
2020,"region_9","thunnus albacares","species","thunnus",456891.8,630,508443.2,5,"maximally harvested","no increase","original estimate; Carta recommendation available for this species in this region",2023,NA,"original estimate; Carta recommendation available for this species in this region","catch should not exceed 2018-2022 mean",1
2021,"region_9","thunnus albacares","species","thunnus",449874,543,508443.2,5,"maximally harvested","no increase","original estimate; Carta recommendation available for this species in this region",2023,NA,"original estimate; Carta recommendation available for this species in this region","catch should not exceed 2018-2022 mean",1
2022,"region_9","thunnus albacares","species","thunnus",363348.2,428,508443.2,5,"maximally harvested","no increase","original estimate; Carta recommendation available for this species in this region",2023,NA,"original estimate; Carta recommendation available for this species in this region","catch should not exceed 2018-2022 mean",1
2023,"region_9","thunnus albacares","species","thunnus",370429,462,508443.2,5,"maximally harvested","no increase","original estimate; Carta recommendation available for this species in this region",2023,NA,"original estimate; Carta recommendation available for this species in this region","catch should not exceed 2018-2022 mean",1
2024,"region_9","thunnus albacares","species","thunnus",344114,428,508443.2,5,"maximally harvested","no increase","original estimate; Carta recommendation available for this species in this region",2023,NA,"original estimate; Carta recommendation available for this species in this region","catch should not exceed 2018-2022 mean",1
2018,"region_9","xiphias gladius","species","xiphias",1007.5,7,1200.9375,4,"development potential","increase","gapfilled estimate; no Carta recommendation for this species in this specific region",2012,NA,"gapfilled estimate; no Carta recommendation for this species in this specific region","development potential (score = 1)",1
2019,"region_9","xiphias gladius","species","xiphias",843.75,6,1200.9375,4,"development potential","increase","gapfilled estimate; no Carta recommendation for this species in this specific region",2012,NA,"gapfilled estimate; no Carta recommendation for this species in this specific region","development potential (score = 1)",1
2020,"region_9","xiphias gladius","species","xiphias",1446.25,9,1200.9375,4,"development potential","increase","gapfilled estimate; no Carta recommendation for this species in this specific region",2012,NA,"gapfilled estimate; no Carta recommendation for this species in this specific region","development potential (score = 1)",1
2021,"region_9","xiphias gladius","species","xiphias",1506.25,8,1200.9375,4,"development potential","increase","gapfilled estimate; no Carta recommendation for this species in this specific region",2012,NA,"gapfilled estimate; no Carta recommendation for this species in this specific region","development potential (score = 1)",1
