"year","OHI_Region_No","Major_Functional_Group","Total_Biomass_kg","Total_Days","OLD_mean_CPUE.recent","NEW_mean_CPUE.recent","Total_Value_mxn","n_records"
2014,"Region_1","Cephalopods",3144,55,66.1626984126984,57.1636363636364,84050,12
2014,"Region_1","Crustaceans",10304,20,579.75,515.2,225228,8
2014,"Region_1","Demersal marine fishes",4554764.91,7093,863.098485213426,642.149289440293,55115087.45,1480
2014,"Region_1","Diadromous fishes",100,3,33.3333333333333,33.3333333333333,500,1
2014,"Region_1","Marine algae",34250,13,2360,2634.61538461538,71750,5
2014,"Region_1","Marine fishes NEI",18913,233,76.5194881017541,81.1716738197425,230054,21
2014,"Region_1","Molluscs excl. Cephalopods",1367196.82,845,1635.6679126393,1617.98440236686,29066192.51,537
2014,"Region_1","Other marine invertebrates",3300,10,330.416666666667,330,40555,4
2014,"Region_1","Pelagic marine fishes",939663,701,1418.36137020048,1340.4607703281,13952025,218
2014,"Region_1","Sharks",101270,656,209.906877519033,154.375,1579287,145
2014,"Region_1","Shrimps, prawns",696558.484,9485,71.4725830120581,73.4379002635741,83762684.8,2797
2014,"Region_1",NA,68393.6,485,163.022367402245,141.017731958763,673485,82
2014,"Region_1_2_Baja_TBD","Demersal marine fishes",980199.331,380,4874.44584465982,2579.47192368421,13606088,100
2014,"Region_1_2_Baja_TBD","Molluscs excl. Cephalopods",13145,5,2282.77777777778,2629,621250,3
2014,"Region_1_2_Baja_TBD","Other marine invertebrates",17840,68,347.492063492063,262.352941176471,559121,21
2014,"Region_1_2_Baja_TBD","Pelagic marine fishes",620,37,16.7567567567568,16.7567567567568,6820,1
2014,"Region_1_2_Baja_TBD","Shrimps, prawns",22396.8,211,114.448788638262,106.145971563981,3033630,57
2014,"Region_1_2_Baja_TBD",NA,841,74,11.3648648648649,11.3648648648649,10933,2
2014,"Region_2","Cephalopods",772470.56,1015,959.305266666667,761.054738916256,5125282.5,250
2014,"Region_2","Crustaceans",20010,230,96.1769523809524,87,3027087,50
2014,"Region_2","Demersal marine fishes",792144.13,4144,240.2566682525,191.154471525097,10456532.7,1081
2014,"Region_2","Marine algae",28100,19,1350,1478.94736842105,196700,6
2014,"Region_2","Marine fishes NEI",1512,47,35.6160256410256,32.1702127659574,16753,13
2014,"Region_2","Molluscs excl. Cephalopods",691297.93,419,2283.72590182648,1649.87572792363,14532230.11,292
2014,"Region_2","Other marine invertebrates",83,12,6.91666666666667,6.91666666666667,8300,4
2014,"Region_2","Pelagic marine fishes",308659.6,599,586.540385610766,515.291485809683,3866650,184
2014,"Region_2","Sharks",140435.945,1075,167.842456379498,130.638088372093,1719625.8,262
2014,"Region_2",NA,65262.65,457,133.836482993197,142.806673960613,813878,105
2014,"Region_3","Cephalopods",13231628.05,2154,6541.02817431478,6142.81710770659,55300755,688
2014,"Region_3","Crustaceans",77283,158,627.903225806452,489.132911392405,12916815,62
2014,"Region_3","Demersal marine fishes",814482.35,7787,109.059072307222,104.595139334789,14814434.5,2493
2014,"Region_3","Marine algae",28338,12,2361.5,2361.5,61399,4
2014,"Region_3","Marine fishes NEI",31729.35,428,74.299012345679,74.1339953271028,307767,135
2014,"Region_3","Molluscs excl. Cephalopods",99046.86,152,624.645031446541,651.624078947368,8221980,53
2014,"Region_3","Other marine invertebrates",35290,39,904.871794871795,904.871794871795,1977400,13
2014,"Region_3","Pelagic marine fishes",794932.75,1871,455.870960187354,424.870523784073,9220387,610
2014,"Region_3","Sharks",155430.4,956,166.16859578815,162.58410041841,1797439,303
2014,"Region_3",NA,168755.9,880,209.464975369458,191.768068181818,2029765.5,290
2014,"Region_4","Cephalopods",2417413.5,356,7793.47447503307,6790.48735955056,9718268,96
2014,"Region_4","Crustaceans",42730,146,299.876543209877,292.671232876712,755660,54
2014,"Region_4","Demersal marine fishes",2271696.05,27182,101.255803712138,83.5735431535575,50618487.5,5824
2014,"Region_4","Marine fishes NEI",47633.3,953,55.1179582643868,49.9824763903463,381408,259
2014,"Region_4","Molluscs excl. Cephalopods",290449,671,585.505503217184,432.859910581222,1410004,244
2014,"Region_4","Pelagic marine fishes",603694.6,14887,73.0229781972922,40.5517968697521,15942414.5,1869
2014,"Region_4","Sharks",538195.6,2635,199.013372383738,204.24880455408,6745285,599
2014,"Region_4","Shrimps, prawns",217811.2,330,883.795390996153,660.033939393939,10182210,79
2014,"Region_4",NA,325458.45,3662,93.47706806229,88.8745084653195,4558603,896
2014,"Region_4_5_6_Sonora_TBD","Cephalopods",599931.9,338,2168.58551766644,1774.94644970414,3243872,29
2014,"Region_4_5_6_Sonora_TBD","Demersal marine fishes",132035.4,556,409.812504185365,237.473741007194,1673599,60
2014,"Region_4_5_6_Sonora_TBD","Molluscs excl. Cephalopods",70,3,23.3333333333333,23.3333333333333,400,1
2014,"Region_4_5_6_Sonora_TBD","Pelagic marine fishes",203939650.16,10675,24173.1843719575,19104.416876815,235523508,2009
2014,"Region_4_5_6_Sonora_TBD","Sharks",6578,110,62.1830748746867,59.8,80790,8
2014,"Region_4_5_6_Sonora_TBD","Shrimps, prawns",84136,342,860.641939358091,246.011695906433,6215530,27
2014,"Region_4_5_6_Sonora_TBD",NA,80650,18,8918.88888888889,4480.55555555556,86500,3
2014,"Region_5","Cephalopods",88245,147,510.37343358396,600.30612244898,203520,19
2014,"Region_5","Crustaceans",62729,131,503.087301587302,478.847328244275,1099313,42
2014,"Region_5","Demersal marine fishes",16282458.6,26970,874.362124779829,603.724827586207,158121294.5,5336
2014,"Region_5","Marine fishes NEI",650,10,70.8333333333333,65,3550,2
2014,"Region_5","Molluscs excl. Cephalopods",49950.5,94,538.333333333333,531.38829787234,1426964,36
2014,"Region_5","Pelagic marine fishes",2318934.28,3016,829.52718235167,768.877413793103,28503529.5,951
2014,"Region_5","Sharks",1438211.45,3292,505.289428868372,436.880756379101,12495196,397
2014,"Region_5","Shrimps, prawns",3345553.512,29376,108.873026612691,113.887306372549,345362732,4381
2014,"Region_5",NA,6781,19,421.647619047619,356.894736842105,58053,5
2014,"Region_6","Cephalopods",162375,333,501.847993827161,487.612612612613,2389900,108
2014,"Region_6","Crustaceans",1046668.47,1201,1234.74805705508,871.497477102415,19915888.93,455
2014,"Region_6","Demersal marine fishes",646417.2,1602,483.896779964222,403.506367041198,14377555.5,559
2014,"Region_6","Molluscs excl. Cephalopods",275940.2,199,1340.26803652968,1386.63417085427,12973849,73
2014,"Region_6","Pelagic marine fishes",340534,402,856.345238095238,847.099502487562,9469077,133
2014,"Region_6","Sharks",170926.85,270,647.11597985348,633.062407407407,2274749,91
2014,"Region_6","Shrimps, prawns",62612.44,268,371.818751803752,233.628507462687,5593442,88
2014,"Region_6",NA,17626956,720,46550.0239197531,24481.8833333333,41285945,324
2014,"Region_7","Cephalopods",4130941.3,3076,1842.02239522791,1342.95881014304,65635447.5,381
2014,"Region_7","Crustaceans",3315697.2,3659,949.661278579666,906.175785733807,43139136.6,1303
2014,"Region_7","Demersal marine fishes",3340610.25,9921,418.60387976576,336.721121862715,45311593,2410
2014,"Region_7","Marine fishes NEI",3630.6,54,101.582432844933,67.2333333333333,30884,8
2014,"Region_7","Molluscs excl. Cephalopods",3326050.1,1467,2301.84010620112,2267.24614860259,35768984.5,511
2014,"Region_7","Pelagic marine fishes",113278983.31,5644,20087.6625192223,20070.6915857548,118202350.4,963
2014,"Region_7","Sharks",164500.7,698,351.894099080339,235.67435530086,2254573,159
2014,"Region_7","Shrimps, prawns",5694860.04,37187,401.35168311077,153.141152553312,373088539,2933
2014,"Region_7",NA,16681084,1373,19095.0029434511,12149.3692643846,46384097,641
2014,"Region_8","Cephalopods",2302864.9,2821,771.233445436036,816.329280397022,11626649.5,261
2014,"Region_8","Crustaceans",9139095.6,18893,607.025944654244,483.729190705552,169747663.215,4566
2014,"Region_8","Demersal marine fishes",8698989.52,162428,117.79290663456,53.5559726155589,183486405.36,17669
2014,"Region_8","Diadromous fishes",76368,938,140.299589737014,81.4157782515991,391650,166
2014,"Region_8","Marine fishes NEI",524145.4,15413,111.195305997664,34.0067086225913,3978645,1689
2014,"Region_8","Molluscs excl. Cephalopods",2809148,2435,1211.02430993068,1153.65420944559,9672892.4,419
2014,"Region_8","Pelagic marine fishes",134700530,36987,9401.8795339453,3641.83442831265,584042554,3154
2014,"Region_8","Sharks",3504128.95,18138,475.317635086075,193.192686624766,47966658,1397
2014,"Region_8","Shrimps, prawns",15298232.794,152215,264.672214333917,100.504107965706,1009016370.16,9494
2014,"Region_8",NA,1029042.35,11040,291.109399370538,93.2103577898551,4339666,873
2014,"Region_9","Cephalopods",14617.8,146,117.33224137931,100.121917808219,731950,40
2014,"Region_9","Crustaceans",11720.15,214,59.082905982906,54.7670560747664,518075,78
2014,"Region_9","Demersal marine fishes",5623067.62,101056,64.0199452125435,55.643085220076,120030592,26907
2014,"Region_9","Diadromous fishes",153205.6,892,177.90604519774,171.755156950673,907571,295
2014,"Region_9","Marine fishes NEI",861469.45,12330,73.6767952380227,69.8677575020276,10544332.5,3164
2014,"Region_9","Molluscs excl. Cephalopods",698060,1359,558.500457192836,513.657100809419,8766694,409
2014,"Region_9","Pelagic marine fishes",1032010.32,14274,84.5242855149394,72.3000084068937,27373288.75,3963
2014,"Region_9","Sharks",1002522.9,9274,119.970609283146,108.100377399181,9857425,2261
2014,"Region_9","Shrimps, prawns",3462698.34,4153,1776.63326885028,833.782407897905,172749255.1,1267
2014,"Region_9",NA,452694.2,4920,102.169610070829,92.0110162601626,5743477,1210
2015,"Region_1","Cephalopods",2528,9,280.888888888889,280.888888888889,32365,3
2015,"Region_1","Crustaceans",49481,154,327.419871794872,321.305194805195,3766080,52
2015,"Region_1","Demersal marine fishes",2866050.23,5120,843.868393239762,559.775435546875,38136884.71,1087
2015,"Region_1","Marine algae",6600,2,3300,3300,7700,1
2015,"Region_1","Marine fishes NEI",12514.25,248,102.753750431332,50.460685483871,183660,18
2015,"Region_1","Molluscs excl. Cephalopods",748555.95,615,1626.75693456302,1217.16414634146,12793623.85,387
2015,"Region_1","Other marine invertebrates",18042,82,220.365231259968,220.024390243902,490028,19
2015,"Region_1","Pelagic marine fishes",497798,400,1392.89246153007,1244.495,8632420.5,119
2015,"Region_1","Sharks",88842.7,395,332.754434271284,224.918227848101,1381550,100
2015,"Region_1","Shrimps, prawns",131958.84,2347,51.5812454999456,56.2244737963357,17986721.37,677
2015,"Region_1",NA,128995.9,848,224.54671229802,152.117806603774,1531862,157
2015,"Region_1_2_Baja_TBD","Cephalopods",115,3,38.3333333333333,38.3333333333333,1725,1
2015,"Region_1_2_Baja_TBD","Demersal marine fishes",1425610.9,369,5055.21731770833,3863.44417344173,18673757.5,128
2015,"Region_1_2_Baja_TBD","Molluscs excl. Cephalopods",79751.96,38,2098.73578947368,2098.73578947368,2895946.45,38
2015,"Region_1_2_Baja_TBD","Other marine invertebrates",113164,243,498.757731958763,465.695473251029,1623698,97
2015,"Region_1_2_Baja_TBD","Pelagic marine fishes",205146.2,143,1834.98413461538,1434.58881118881,3247260.8,32
2015,"Region_1_2_Baja_TBD","Sharks",5333,16,303.305555555556,333.3125,94376,6
2015,"Region_1_2_Baja_TBD","Shrimps, prawns",50161.6,827,70.7338932496075,60.6548972188634,8884140,196
2015,"Region_1_2_Baja_TBD",NA,15163.1,120,119.920987654321,126.359166666667,163283,27
2015,"Region_2","Cephalopods",42002.01,543,84.8754893138358,77.3517679558011,1561845.5,127
2015,"Region_2","Crustaceans",14427,218,73.9828296703297,66.1788990825688,2929230,52
2015,"Region_2","Demersal marine fishes",586337.84,4791,168.588967439668,122.383185138802,9690923.6,1089
2015,"Region_2","Marine algae",699305.9,127,10081.238476305,5506.34566929134,1164952,13
2015,"Region_2","Marine fishes NEI",4962,242,28.364092290688,20.504132231405,41992,47
2015,"Region_2","Molluscs excl. Cephalopods",267959.29,210,1798.89475529101,1275.99661904762,5257813.09,144
2015,"Region_2","Other marine invertebrates",1438,18,113.22619047619,79.8888888888889,97439,3
2015,"Region_2","Pelagic marine fishes",1026063.4,1116,1356.20583753415,919.41164874552,14934134.3,259
2015,"Region_2","Sharks",166711.225,1350,159.430203437808,123.489796296296,2602822.5,284
2015,"Region_2","Shrimps, prawns",4075.2,6,679.2,679.2,764100,2
2015,"Region_2",NA,53753.18,1366,68.8534948344504,39.3507906295754,1082958.24,251
2015,"Region_3","Cephalopods",111442.3,420,266.26726618705,265.33880952381,3328924,139
2015,"Region_3","Crustaceans",63809,162,507.245305164319,393.882716049383,12209542,71
2015,"Region_3","Demersal marine fishes",1088705.75,10566,109.580156443912,103.038590762824,26398514,3445
2015,"Region_3","Marine algae",25434,12,2998.8,2119.5,55107,5
2015,"Region_3","Marine fishes NEI",44659.5,807,61.8524388016076,55.3401486988848,460367.5,238
2015,"Region_3","Molluscs excl. Cephalopods",328829.72,212,1465.7538034188,1551.08358490566,12278810,78
2015,"Region_3","Other marine invertebrates",6700,6,1116.66666666667,1116.66666666667,279500,2
2015,"Region_3","Pelagic marine fishes",693181.8,2125,330.235603964961,326.2032,11952476,723
2015,"Region_3","Sharks",405411.5,1860,214.749282733438,217.963172043011,4952265.5,639
2015,"Region_3",NA,237528.05,1309,195.061829710145,181.457639419404,2546708,460
2015,"Region_3_4_BCS_TBD","Demersal marine fishes",52,9,5.77777777777778,5.77777777777778,202,3
2015,"Region_3_4_BCS_TBD","Molluscs excl. Cephalopods",2618,3,872.666666666667,872.666666666667,7480,1
2015,"Region_3_4_BCS_TBD","Sharks",668,9,74.2222222222222,74.2222222222222,2868,3
2015,"Region_4","Cephalopods",87139,186,492.368650793651,468.489247311828,387307,42
2015,"Region_4","Crustaceans",78970,255,332.656704980843,309.686274509804,1865900,87
2015,"Region_4","Demersal marine fishes",2829393.83,31509,110.898756460905,89.7963702434225,68171971.4,7038
2015,"Region_4","Marine fishes NEI",58198.7,1108,61.7740851904279,52.5259025270758,586584,283
2015,"Region_4","Molluscs excl. Cephalopods",185894,707,300.820285425025,262.933521923621,795569,269
2015,"Region_4","Pelagic marine fishes",519057.4,14141,66.0586497320358,36.7058482426985,13565726,1914
2015,"Region_4","Sharks",752015,2940,279.87711766031,255.787414965986,9800357,680
2015,"Region_4","Shrimps, prawns",25649.6,183,191.363642773523,140.16174863388,1257950,19
2015,"Region_4",NA,388342.5,4379,105.159482470299,88.6829184745376,6233626,1059
2015,"Region_4_5_6_Sonora_TBD","Cephalopods",1970,6,328.333333333333,328.333333333333,115200,2
2015,"Region_4_5_6_Sonora_TBD","Demersal marine fishes",8216,32,257.666666666667,256.75,123450,12
2015,"Region_4_5_6_Sonora_TBD","Marine fishes NEI",110,3,36.6666666666667,36.6666666666667,1500,1
2015,"Region_4_5_6_Sonora_TBD","Molluscs excl. Cephalopods",19565,9,1638.75,2173.88888888889,979100,4
2015,"Region_4_5_6_Sonora_TBD","Pelagic marine fishes",2019422.24,143,17992.7262183908,14121.8338461538,2724302.08,29
2015,"Region_4_5_6_Sonora_TBD","Shrimps, prawns",35847.2,195,299.2015992004,183.831794871795,2310920,26
2015,"Region_4_5_6_Sonora_TBD",NA,29800,4,14633.3333333333,7450,38000,2
2015,"Region_5","Cephalopods",9106,134,141.735903227208,67.955223880597,97074,11
2015,"Region_5","Crustaceans",111378,247,447.977366255144,450.923076923077,2461782,81
2015,"Region_5","Demersal marine fishes",14714927.65,29578,798.253151658611,497.495694435053,143490212,5719
2015,"Region_5","Marine fishes NEI",19370.5,329,78.4184770444975,58.8768996960486,146248,49
2015,"Region_5","Molluscs excl. Cephalopods",59455,125,610.513545482296,475.64,844955,28
2015,"Region_5","Pelagic marine fishes",251249.8,841,449.378937382645,298.751248513674,4632735,238
2015,"Region_5","Sharks",1521020.25,4227,388.199775426979,359.834457061746,13514901,483
2015,"Region_5","Shrimps, prawns",2539202.76,24422,100.2279065866,103.971941691917,216737655,2273
2015,"Region_5",NA,1144,40,29.7458333333333,28.6,6540,4
2015,"Region_6","Cephalopods",81731,628,136.670379537954,130.144904458599,3692490,202
2015,"Region_6","Crustaceans",1419649,1814,1228.38240843428,782.606945975744,28429476.71,587
2015,"Region_6","Demersal marine fishes",1351131.77,5326,319.692842102451,253.686025159594,33270916.1,1592
2015,"Region_6","Marine fishes NEI",10625,67,176.304347826087,158.582089552239,65515,23
2015,"Region_6","Molluscs excl. Cephalopods",640970.64,550,1109.71530891439,1165.40116363636,22786623.664,206
2015,"Region_6","Pelagic marine fishes",1141648.72,1397,1006.89670854648,817.214545454545,13922740.9,405
2015,"Region_6","Sharks",356764.15,589,705.026445578231,605.711629881155,6449974,196
2015,"Region_6","Shrimps, prawns",112862.2,424,705.135661819182,266.184433962264,7919645,87
2015,"Region_6",NA,383441.8,640,1354.93466363301,599.1278125,6579760,173
2015,"Region_7","Cephalopods",779942.25,1703,705.443966420432,457.98135642983,9057053.5,288
2015,"Region_7","Crustaceans",2387004,3578,688.268202584453,667.133594186696,37979019.5,1260
2015,"Region_7","Demersal marine fishes",4333500.3,13262,396.976021995448,326.760692203288,63315718.75,3393
2015,"Region_7","Marine fishes NEI",12398.3,236,100.280533048065,52.5351694915254,128662,31
2015,"Region_7","Molluscs excl. Cephalopods",3261934.4,1443,2354.73467814237,2260.5227997228,21735447.8,494
2015,"Region_7","Pelagic marine fishes",231310017.22,16515,16140.3383369291,14006.0561441114,359908599.125,2688
2015,"Region_7","Sharks",378383.35,1137,467.544752258455,332.790985048373,4776418,233
2015,"Region_7","Shrimps, prawns",4374346.96,30293,389.971349381163,144.401246492589,284384055,2439
2015,"Region_7",NA,21934200.2,1896,24463.4554328073,11568.6709915612,38002512.4,656
2015,"Region_8","Cephalopods",675369.2,2763,630.302604917531,244.433297140789,6298209,360
2015,"Region_8","Crustaceans",9989592.6,23801,506.106778308483,419.713146506449,179549413.53,5452
2015,"Region_8","Demersal marine fishes",10468914.7,242698,104.932213510771,43.1355623037685,215977229.01,23215
2015,"Region_8","Diadromous fishes",147769.4,2217,145.738526517784,66.6528642309427,1222393,301
2015,"Region_8","Marine algae",4222,8,488.866666666667,527.75,191768,2
2015,"Region_8","Marine fishes NEI",497031.6,19096,55.5868243033246,26.0280477586929,4976054,2022
2015,"Region_8","Molluscs excl. Cephalopods",2185007,5359,499.149474270552,407.726628102258,15252946,987
2015,"Region_8","Pelagic marine fishes",121784034.8,47229,5344.18321810881,2578.58592813737,712494774.5,3716
2015,"Region_8","Sharks",4099265.79,19439,467.042646873039,210.878429445959,60231013.3,1759
2015,"Region_8","Shrimps, prawns",14247418.912,148299,246.855635656345,96.0722520853141,958958560.56,9189
2015,"Region_8",NA,240760.5,7326,87.1266563613771,32.8638411138411,2076038,555
2015,"Region_9","Cephalopods",8820,89,125.103969754253,99.1011235955056,437865,23
2015,"Region_9","Crustaceans",43997,741,62.4655853405853,59.3751686909582,1779644,234
2015,"Region_9","Demersal marine fishes",7106099.836,108243,73.8390684030768,65.6495093077612,164491774.11,29129
2015,"Region_9","Diadromous fishes",230029,1629,147.201200838169,141.208717004297,1456121,517
2015,"Region_9","Marine fishes NEI",1200190.4,13840,81.2810295401473,86.7189595375722,15948439,3687
2015,"Region_9","Molluscs excl. Cephalopods",767892,1283,580.378668763103,598.512860483242,10374682,424
2015,"Region_9","Pelagic marine fishes",1708620.89,14770,142.278948533231,115.681847664184,66036017,4093
2015,"Region_9","Sharks",1468400.8,9257,162.303746242388,158.625991141839,15218222.5,2260
2015,"Region_9","Shrimps, prawns",3561347.69,4411,914.800978584987,807.378755384267,157026600.76,1289
2015,"Region_9",NA,475059.35,5088,109.306027512489,93.3685829402516,7247459.5,1186
2016,"Region_1","Cephalopods",8317.5,82,115.707246376812,101.432926829268,466710,23
2016,"Region_1","Crustaceans",62188,236,293.254734848485,263.508474576271,7211869,88
2016,"Region_1","Demersal marine fishes",2077305.97,5036,529.850847151375,412.49125694996,24384388.825,902
2016,"Region_1","Marine fishes NEI",7570,178,49.1757215007215,42.5280898876404,77240,20
2016,"Region_1","Molluscs excl. Cephalopods",895598.69,689,1524.77787425753,1299.85296081277,11434759.0135,473
2016,"Region_1","Other marine invertebrates",3861,28,139.87037037037,137.892857142857,130140,9
2016,"Region_1","Pelagic marine fishes",514163,316,1716.96046548581,1627.09810126582,7884838,73
2016,"Region_1","Sharks",35524.6,401,114.487579916226,88.5900249376559,640569,72
2016,"Region_1","Shrimps, prawns",83164,1040,95.3007359208064,79.9653846153846,9635370,112
2016,"Region_1",NA,134549,946,329.147478903517,142.229386892178,2424157,143
2016,"Region_1_2_Baja_TBD","Cephalopods",380,2,190,190,3040,1
2016,"Region_1_2_Baja_TBD","Demersal marine fishes",2037691.6,345,7209.19351851852,5906.35246376812,21863130,108
2016,"Region_1_2_Baja_TBD","Molluscs excl. Cephalopods",54789.59,25,2191.5836,2191.5836,1090081.8,25
2016,"Region_1_2_Baja_TBD","Other marine invertebrates",53590,116,460.598290598291,461.98275862069,1234000,39
2016,"Region_1_2_Baja_TBD","Pelagic marine fishes",3054,36,94.8416666666667,84.8333333333333,39890,10
2016,"Region_1_2_Baja_TBD",NA,5296,64,88.6862745098039,82.75,78564,17
2016,"Region_2","Cephalopods",71301.216,618,134.929530994045,115.37413592233,2959100.5,142
2016,"Region_2","Crustaceans",6939,110,64.8833333333333,63.0818181818182,1609630,40
2016,"Region_2","Demersal marine fishes",691537.89,4402,190.833436656476,157.09629486597,11273074.52,1160
2016,"Region_2","Marine algae",427200,57,9697.44897959184,7494.73684210526,417000,7
2016,"Region_2","Marine fishes NEI",1917.5,47,41.6062925170068,40.7978723404255,21866,14
2016,"Region_2","Molluscs excl. Cephalopods",381324.05,427,1663.35200737534,893.03056206089,7080494.65,216
2016,"Region_2","Pelagic marine fishes",2887116.7,1446,2425.80780650527,1996.62289073306,27931859,389
2016,"Region_2","Sharks",366129.27,1743,308.034659842264,210.056953528399,6489574.4,418
2016,"Region_2",NA,828794.64,1894,648.427134537424,437.589567053854,37073361.6041,787
2016,"Region_3","Cephalopods",119965.1,521,226.402141527002,230.259309021113,3778670,179
2016,"Region_3","Crustaceans",78122,141,591.647222222222,554.056737588652,19757041.5,60
2016,"Region_3","Demersal marine fishes",1396035.2,10070,145.637118498475,138.633088381331,34091255,3582
2016,"Region_3","Diadromous fishes",2374.8,9,263.866666666667,263.866666666667,51148,3
2016,"Region_3","Marine algae",5136,4,1284,1284,10378,2
2016,"Region_3","Marine fishes NEI",21170,543,38.902394106814,38.9871086556169,276036,181
2016,"Region_3","Molluscs excl. Cephalopods",148600.72,135,1041.56614942529,1100.74607407407,11363962,58
2016,"Region_3","Other marine invertebrates",2000,3,666.666666666667,666.666666666667,20000,1
2016,"Region_3","Pelagic marine fishes",1425435.16,1709,1138.24584848485,834.075576360445,11883437,605
2016,"Region_3","Sharks",492247.9,2215,214.815441525183,222.23381489842,8125400,811
2016,"Region_3",NA,665060.2,1633,410.336819172113,407.262829148806,5857402,612
2016,"Region_3_4_BCS_TBD","Demersal marine fishes",371.8,5,74.36,74.36,17030,5
2016,"Region_3_4_BCS_TBD",NA,25.3,1,25.3,25.3,276,1
2016,"Region_4","Cephalopods",7333,63,116.774509803922,116.396825396825,212630,17
2016,"Region_4","Crustaceans",81150,185,452.083333333333,438.648648648649,1657700,68
2016,"Region_4","Demersal marine fishes",3163006.05,29730,128.853370207984,106.391054490414,81377311,6553
2016,"Region_4","Marine fishes NEI",44537.3,963,51.0495238095238,46.2484942886812,482516,240
2016,"Region_4","Molluscs excl. Cephalopods",240376,1125,260.015793891877,213.667555555556,1074619,381
2016,"Region_4","Pelagic marine fishes",438282.42,12727,60.0386112782287,34.4372137974385,13385789,1671
2016,"Region_4","Sharks",851888.75,2877,307.161948870812,296.103145637817,11617267,641
2016,"Region_4","Shrimps, prawns",19891.2,105,174.369429618001,189.44,1867040,7
2016,"Region_4",NA,294438.02,3560,93.8995195718361,82.7073089887641,4932060,891
2016,"Region_4_5_6_Sonora_TBD","Cephalopods",5380,30,180.075757575758,179.333333333333,138400,3
2016,"Region_4_5_6_Sonora_TBD","Crustaceans",8909,4,1604.5,2227.25,152530,2
2016,"Region_4_5_6_Sonora_TBD","Demersal marine fishes",44924,188,218.188662131519,238.957446808511,985320,28
2016,"Region_4_5_6_Sonora_TBD","Marine fishes NEI",3515,12,462.460317460317,292.916666666667,48870,3
2016,"Region_4_5_6_Sonora_TBD","Molluscs excl. Cephalopods",17894,16,1215.86666666667,1118.375,874236,5
2016,"Region_4_5_6_Sonora_TBD","Pelagic marine fishes",116122017.44,6927,23718.4624171307,16763.6808777248,162136341.95,1001
2016,"Region_4_5_6_Sonora_TBD","Sharks",2200,14,157.142857142857,157.142857142857,34000,1
2016,"Region_4_5_6_Sonora_TBD","Shrimps, prawns",139212.8,452,763.975494291284,307.992920353982,10079260,57
2016,"Region_5","Cephalopods",13516,291,138.469704147799,46.446735395189,320027,18
2016,"Region_5","Crustaceans",54506,66,867.1,825.848484848485,1572115,25
2016,"Region_5","Demersal marine fishes",15190614.6,33589,759.590746005067,452.249682931912,177899771,5735
2016,"Region_5","Marine fishes NEI",42549.5,719,66.248007453427,59.1787204450626,326781,85
2016,"Region_5","Molluscs excl. Cephalopods",68665,42,1634.88095238095,1634.88095238095,393139,14
2016,"Region_5","Pelagic marine fishes",90519.9,379,547.803014531483,238.838786279683,1842502,51
2016,"Region_5","Sharks",1371710,5883,269.913795094801,233.165051844297,13307441,627
2016,"Region_5","Shrimps, prawns",2479557.76,21959,128.926033341893,112.917608269958,206793943,1294
2016,"Region_5",NA,18565,233,94.7677960927961,79.6781115879828,137860,26
2016,"Region_6","Cephalopods",125880,854,153.251493428913,147.400468384075,6788120,279
2016,"Region_6","Crustaceans",1293875,2294,1040.90103774059,564.025719267655,32340250,603
2016,"Region_6","Demersal marine fishes",1568096.85,6214,266.894569070703,252.349026392018,39696810,2128
2016,"Region_6","Marine fishes NEI",4454,41,106.755555555556,108.634146341463,52369,15
2016,"Region_6","Molluscs excl. Cephalopods",846386.9,756,1294.6078465063,1119.55939153439,23954438.16,291
2016,"Region_6","Pelagic marine fishes",786185,1641,644.388440857346,479.088970140158,11326852,445
2016,"Region_6","Sharks",598438.55,1062,569.39852292769,563.501459510358,11048568,378
2016,"Region_6","Shrimps, prawns",134022.4,381,391.623944244364,351.764829396325,11107575,119
2016,"Region_6",NA,4334000.7,652,12994.9269779507,6647.24033742331,9101335,257
2016,"Region_7","Cephalopods",365941.75,1137,464.924700393288,321.848504837291,5922148.5,245
2016,"Region_7","Crustaceans",2914506.3,4190,739.198482864313,695.586229116945,50174762.5,1478
2016,"Region_7","Demersal marine fishes",4585392,17205,331.373807479596,266.51508282476,88859984,4398
2016,"Region_7","Marine fishes NEI",19113,318,78.9010831646281,60.1037735849057,349747,51
2016,"Region_7","Molluscs excl. Cephalopods",3705069.9,1450,2603.95723714683,2555.22062068966,33742779.8,508
2016,"Region_7","Pelagic marine fishes",102021690.8,8944,9350.0374224897,11406.7185599284,370298005.44,1790
2016,"Region_7","Sharks",489108.35,1364,482.21811264608,358.58383431085,5753786,352
2016,"Region_7","Shrimps, prawns",5402990,35802,352.875706540224,150.913077481705,423958270,3290
2016,"Region_7",NA,6115810.5,1188,9895.71663401254,5147.98863636364,22434334.4,406
2016,"Region_8","Cephalopods",471098.1,1902,383.54958814088,247.685646687697,9701036,393
2016,"Region_8","Crustaceans",10631352.2,23583,501.65643672996,450.805758385277,212486523.79,6555
2016,"Region_8","Demersal marine fishes",14097029.315,295546,101.499630277089,47.6982578515696,347990572.795,33419
2016,"Region_8","Diadromous fishes",199072,2319,150.938525349016,85.8438982319965,1720424.69,386
2016,"Region_8","Marine fishes NEI",609942.7,23393,49.0022757861018,26.0737271833454,6206659.02,2903
2016,"Region_8","Molluscs excl. Cephalopods",2764708,5789,600.797798774064,477.579547417516,21778827.1,1174
2016,"Region_8","Other marine invertebrates",24829,41,616.702721088435,605.585365853659,198632,7
2016,"Region_8","Pelagic marine fishes",99584302.87,49312,4063.86217500028,2019.47401991402,583967897.57,4722
2016,"Region_8","Sharks",4380485.325,20526,417.467455327257,213.41154267758,72681188.07,2261
2016,"Region_8","Shrimps, prawns",14637909.858,148638,261.619620258998,98.4802665401849,1078914270,9509
2016,"Region_8",NA,181052.85,5507,79.1446454350201,32.876856727801,1867540,472
2016,"Region_9","Cephalopods",18094,806,24.6729872729873,22.4491315136476,1144490,111
2016,"Region_9","Crustaceans",81825,1007,82.0341972386588,81.2562065541211,4145159,325
2016,"Region_9","Demersal marine fishes",9437003.185,125922,83.5951919948234,74.9432441114341,263910902.5,33600
2016,"Region_9","Diadromous fishes",157603.6,1340,126.813333816705,117.614626865672,1042727,431
2016,"Region_9","Marine fishes NEI",1368425.05,15740,91.4429585116054,86.9393297331639,19417696,4020
2016,"Region_9","Molluscs excl. Cephalopods",1083631,1578,689.271798554774,686.711660329531,21103113,489
2016,"Region_9","Pelagic marine fishes",1376346.98,16160,106.635635317446,85.1699863861386,57691001,4022
2016,"Region_9","Sharks",4135493.75,11502,348.871201062375,359.545622500435,70833510.5,2797
2016,"Region_9","Shrimps, prawns",5507216.6,4313,1382.20541209221,1276.88768838396,309221210.5,1379
2016,"Region_9",NA,538169,6412,92.6129396783726,83.9315346225827,9630023,1513
2017,"Region_1","Cephalopods",2195,20,110.787037037037,109.75,171950,9
2017,"Region_1","Crustaceans",53530.5,214,352.255555555556,250.142523364486,6765640,75
2017,"Region_1","Demersal marine fishes",1448846.5,5115,317.914537218676,283.254447702835,21867044,755
2017,"Region_1","Diadromous fishes",30,3,10,10,2400,1
2017,"Region_1","Marine algae",91462.5,61,1415.39473684211,1499.38524590164,198825,19
2017,"Region_1","Marine fishes NEI",25599,311,98.5262189491181,82.3118971061093,335020,35
2017,"Region_1","Molluscs excl. Cephalopods",727130.48,614,1551.52248704663,1184.25159609121,14992157.8,386
2017,"Region_1","Other marine invertebrates",33646,102,323.915277777778,329.862745098039,1418570,60
2017,"Region_1","Pelagic marine fishes",102051.5,130,1364.97837985769,785.011538461538,2404981,29
2017,"Region_1","Sharks",26540.6,421,113.072923692269,63.0418052256532,467155,63
2017,"Region_1","Shrimps, prawns",93033.2,854,116.812192041497,108.938173302108,8694000,101
2017,"Region_1",NA,108284,870,224.352361632741,124.464367816092,1902884.5,158
2017,"Region_1_2_Baja_TBD","Demersal marine fishes",3320784.7,310,18599.0586569579,10712.2087096774,59616815,103
2017,"Region_1_2_Baja_TBD","Marine algae",118800,18,6640,6600,118800,5
2017,"Region_1_2_Baja_TBD","Molluscs excl. Cephalopods",49712.24,22,2259.64727272727,2259.64727272727,1108952.75,22
2017,"Region_1_2_Baja_TBD","Other marine invertebrates",49690,68,742.4,730.735294117647,1050460,25
2017,"Region_1_2_Baja_TBD","Pelagic marine fishes",2807,32,100.559523809524,87.71875,44140,7
2017,"Region_1_2_Baja_TBD",NA,4516,77,171.927450980392,58.6493506493507,37864,17
2017,"Region_2","Cephalopods",137496.65,701,270.983937238357,196.143580599144,6474709,168
2017,"Region_2","Crustaceans",17436.5,131,167.038636363636,133.103053435115,3322440,44
2017,"Region_2","Demersal marine fishes",1069575.65,5195,262.569524130735,205.885591915303,19474904.5,1530
2017,"Region_2","Diadromous fishes",122,28,6.16666666666667,4.35714285714286,1504,3
2017,"Region_2","Marine algae",116000,6,50000,19333.3333333333,189000,2
2017,"Region_2","Marine fishes NEI",2942.45,206,16.8726603835979,14.2837378640777,38126.5,48
2017,"Region_2","Molluscs excl. Cephalopods",184910.4,339,1123.72949323927,545.458407079646,5913238.75,135
2017,"Region_2","Other marine invertebrates",723,1,723,723,4338,1
2017,"Region_2","Pelagic marine fishes",4923101.4,1884,3349.95373246658,2613.11114649682,63235529.75,537
2017,"Region_2","Sharks",444814.6,1518,417.351616112489,293.02674571805,6791591.5,418
2017,"Region_2","Shrimps, prawns",591,6,98.5,98.5,152123.4,3
2017,"Region_2",NA,517632.4,1904,391.030092074994,271.865756302521,23771491.5,690
2017,"Region_3","Cephalopods",232307.3,659,350.600995575221,352.514871016692,8229779,226
2017,"Region_3","Crustaceans",148818.16,271,686.001964285714,549.144501845018,42723279.7,112
2017,"Region_3","Demersal marine fishes",1958260.9,10305,195.870282075041,190.030169820475,56981172.8,3546
2017,"Region_3","Marine algae",10464,3,3108,3488,29752,2
2017,"Region_3","Marine fishes NEI",38539,613,63.4733333333333,62.8694942903752,539044,200
2017,"Region_3","Molluscs excl. Cephalopods",104190.18,132,805.735967741935,789.319545454545,9273809,62
2017,"Region_3","Other marine invertebrates",59821,55,1122.71929824561,1087.65454545455,900265,19
2017,"Region_3","Pelagic marine fishes",1120623.29,1751,796.444997263273,639.990456881782,17709181.5,609
2017,"Region_3","Sharks",612361.6,2037,291.307209086695,300.619342169858,9641098.8,719
2017,"Region_3","Shrimps, prawns",162,14,11.5714285714286,11.5714285714286,21060,2
2017,"Region_3",NA,1374294.8,1793,751.705620761607,766.477858337981,13558926.2,639
2017,"Region_3_4_BCS_TBD","Demersal marine fishes",6105,12,508.75,508.75,177000,4
2017,"Region_3_4_BCS_TBD",NA,220,3,73.3333333333333,73.3333333333333,3000,1
2017,"Region_4","Cephalopods",3982,17,259.013333333333,234.235294117647,186700,5
2017,"Region_4","Crustaceans",107140,273,434.619594964423,392.454212454212,2371800,87
2017,"Region_4","Demersal marine fishes",3147501.642,28209,137.811036149669,111.577923428693,85938348.5,6246
2017,"Region_4","Marine fishes NEI",45079.9,852,61.034533488192,52.9106807511737,586821,205
2017,"Region_4","Molluscs excl. Cephalopods",196868,634,345.648022544427,310.517350157729,958288,219
2017,"Region_4","Pelagic marine fishes",361090.12,10646,60.0133171460925,33.9179147097501,12695661,1368
2017,"Region_4","Sharks",870790.75,2306,411.066471355356,377.619579358196,13465213,474
2017,"Region_4","Shrimps, prawns",23012.8,149,173.738517321063,154.448322147651,2421555,11
2017,"Region_4",NA,487916.36,4204,152.32254456275,116.060028544244,9373107,1117
2017,"Region_4_5_6_Sonora_TBD","Cephalopods",10000,25,615.384615384615,400,93500,5
2017,"Region_4_5_6_Sonora_TBD","Crustaceans",2400,3,800,800,43200,1
2017,"Region_4_5_6_Sonora_TBD","Demersal marine fishes",141645.2,385,671.90757257002,367.90961038961,3556155,46
2017,"Region_4_5_6_Sonora_TBD","Marine fishes NEI",920,4,293.333333333333,230,7200,2
2017,"Region_4_5_6_Sonora_TBD","Molluscs excl. Cephalopods",60760,34,1722.99019607843,1787.05882352941,2404080,17
2017,"Region_4_5_6_Sonora_TBD","Pelagic marine fishes",355962754.08,11220,40975.1358334143,31725.735657754,598982685.7,2371
2017,"Region_4_5_6_Sonora_TBD","Sharks",14000,77,189.257759784076,181.818181818182,289500,5
2017,"Region_4_5_6_Sonora_TBD","Shrimps, prawns",130100.8,345,739.017503328213,377.103768115942,13138160,62
2017,"Region_4_5_6_Sonora_TBD",NA,531463.52,87,10629.2323956044,6108.77609195402,1430714,13
2017,"Region_5","Cephalopods",7515,383,42.4211106579947,19.621409921671,140929,18
2017,"Region_5","Crustaceans",189713,210,914.134523809524,903.395238095238,2996326,70
2017,"Region_5","Demersal marine fishes",9300562.1,24941,553.158562045103,372.902533980193,94654509,2849
2017,"Region_5","Marine fishes NEI",43614.1,693,72.1250684688027,62.9352092352092,407514,79
2017,"Region_5","Molluscs excl. Cephalopods",157994,273,630.362244897959,578.732600732601,2200125,91
2017,"Region_5","Pelagic marine fishes",50202,128,506.878571428571,392.203125,457732,29
2017,"Region_5","Sharks",1204033.25,4949,268.272783593627,243.288189533239,15842574,516
2017,"Region_5","Shrimps, prawns",2541428.04,23928,127.701430620685,106.211469408225,208687804,1358
2017,"Region_5",NA,32646950.2,3315,11000.6432646626,9848.25043740573,129497332.4,1541
2017,"Region_6","Cephalopods",166230,835,205.552424242424,199.077844311377,10894520,275
2017,"Region_6","Crustaceans",1456653.2,1669,1037.28871357295,872.770041941282,42796159,617
2017,"Region_6","Demersal marine fishes",1265685.25,5319,246.681395136222,237.955489753713,37048488.5,1823
2017,"Region_6","Marine fishes NEI",3821,47,80.2291666666667,81.2978723404255,36568,16
2017,"Region_6","Molluscs excl. Cephalopods",382931,573,775.770648967552,668.291448516579,7188675,226
2017,"Region_6","Other marine invertebrates",1200,3,400,400,12000,1
2017,"Region_6","Pelagic marine fishes",541247,911,595.387079261672,594.124039517014,9473212,307
2017,"Region_6","Sharks",760711.8,964,842.897731755424,789.120124481328,16612644,338
2017,"Region_6","Shrimps, prawns",208244.4,367,610.342478042457,567.423433242507,17184520,110
2017,"Region_6",NA,547976,466,1453.15981012658,1175.91416309013,14043630,158
2017,"Region_7","Cephalopods",173886,883,222.911475441737,196.926387315968,6066840,218
2017,"Region_7","Crustaceans",4726387,5652,890.501448149766,836.232661004954,101046540,1962
2017,"Region_7","Demersal marine fishes",4821958.45,13237,432.444531905026,364.278798066027,95043986,3490
2017,"Region_7","Marine fishes NEI",28380.8,310,141.359575442288,91.5509677419355,431859,47
2017,"Region_7","Molluscs excl. Cephalopods",2839577,2220,1436.62071034898,1279.08873873874,20602598.5,794
2017,"Region_7","Pelagic marine fishes",115488625.78,6899,13644.2682659489,16739.9080707349,101921416.775,1325
2017,"Region_7","Sharks",603240.45,1723,567.462128041754,350.110533952409,6967327,375
2017,"Region_7","Shrimps, prawns",6962866.296,37431,432.533298650153,186.018708984532,574256855.8,3630
2017,"Region_7",NA,6345282.1,1174,7181.80944295489,5404.83994889267,24445019.025,465
2017,"Region_8","Cephalopods",464124.7,2222,366.638255822982,208.87700270027,8415797.5,499
2017,"Region_8","Crustaceans",12287588.14,26702,526.082525526378,460.174823608718,284978150.86,7488
2017,"Region_8","Demersal marine fishes",14749776.01,293800,104.166274673448,50.2034581688223,385875834.19,34329
2017,"Region_8","Diadromous fishes",216034,772,322.366037513509,279.836787564767,1703236,218
2017,"Region_8","Marine fishes NEI",556316.1,22417,45.5376979615876,24.8167060712852,6226656.66,2669
2017,"Region_8","Molluscs excl. Cephalopods",3212514,7227,457.586406932795,444.515566625156,23153153.3,1651
2017,"Region_8","Other marine invertebrates",11500,30,419.075,383.333333333333,92000,2
2017,"Region_8","Pelagic marine fishes",123482147.8,47463,6104.09115693426,2601.65071318711,560917749,5084
2017,"Region_8","Sharks",4803728.45,23505,369.403584606803,204.370493512019,91128816.2,2554
2017,"Region_8","Shrimps, prawns",17184688.656,172766,280.005918053914,99.4680009724135,1451052190.24,11397
2017,"Region_8",NA,531545,5317,409.621334789713,99.970848222682,2969701.4,535
2017,"Region_9","Cephalopods",113756,1249,134.358810788592,91.0776621297038,9791175,251
2017,"Region_9","Crustaceans",94761,1371,74.0867147376638,69.1181619256018,6178736,427
2017,"Region_9","Demersal marine fishes",11183199.07,139815,89.5316596719207,79.9856887315381,355948505.7,36443
2017,"Region_9","Diadromous fishes",35111,261,141.866274509804,134.524904214559,535817,85
2017,"Region_9","Marine fishes NEI",1580756.7,18607,89.4492585644015,84.9549470629333,27468818,4731
2017,"Region_9","Molluscs excl. Cephalopods",1510149,1503,987.793955254516,1004.75648702595,33280385,464
2017,"Region_9","Pelagic marine fishes",2073137.7,20900,123.210730183852,99.1931913875598,88538019,5166
2017,"Region_9","Sharks",6113229.35,12051,434.969527039743,507.279839847316,90299051,2923
2017,"Region_9","Shrimps, prawns",5901128.9,5249,1239.96855188547,1124.2386930844,314276602,1602
2017,"Region_9",NA,678939.3,7647,97.9166593684246,88.7850529619459,12274755,1704
2018,"Region_1","Cephalopods",13121,61,309.235256410256,215.098360655738,1255320,26
2018,"Region_1","Crustaceans",56850,218,305.034136546185,260.779816513761,5095715,83
2018,"Region_1","Demersal marine fishes",913291.638,3795,217.890941858082,240.656558102767,15485774.6,630
2018,"Region_1","Marine algae",76830.8,63,1219.53650793651,1219.53650793651,199130.5,21
2018,"Region_1","Marine fishes NEI",18320.5,248,73.2583845892669,73.8729838709677,273490,30
2018,"Region_1","Molluscs excl. Cephalopods",791314.81,614,1477.70861548556,1288.78633550489,23454541.86,508
2018,"Region_1","Other marine invertebrates",4780,10,410.5,478,164200,5
2018,"Region_1","Pelagic marine fishes",28628,136,245.732350982351,210.5,488225,26
2018,"Region_1","Sharks",25418.792,401,85.9064184810288,63.3885087281796,356679,68
2018,"Region_1","Shrimps, prawns",94368,666,161.794512259955,141.693693693694,9054615,82
2018,"Region_1",NA,127445.4,720,244.432865926344,177.0075,2707954.5,161
2018,"Region_1_2_Baja_TBD","Cephalopods",2880,6,480,480,122000,2
2018,"Region_1_2_Baja_TBD","Demersal marine fishes",2280588.1,200,15345.809244186,11402.9405,25239793,86
2018,"Region_1_2_Baja_TBD","Molluscs excl. Cephalopods",12576.99,8,1710.99857142857,1572.12375,400981.8,7
2018,"Region_1_2_Baja_TBD","Other marine invertebrates",25763,39,622.825396825397,660.589743589744,333148,21
2018,"Region_1_2_Baja_TBD","Pelagic marine fishes",62,4,15.5,15.5,1860,1
2018,"Region_1_2_Baja_TBD",NA,928,50,18.5791666666667,18.56,14917,12
2018,"Region_2","Cephalopods",135319.1,593,320.175015847927,228.194097807757,7672353,146
2018,"Region_2","Crustaceans",20406.5,130,212.752142857143,156.973076923077,4435215,35
2018,"Region_2","Demersal marine fishes",1875557.972,5725,446.419985774764,327.608379388646,42130321.35,2006
2018,"Region_2","Marine algae",120300,7,24450,17185.7142857143,131750,4
2018,"Region_2","Marine fishes NEI",4690.7,197,74.7687292555714,23.8106598984772,59437.5,37
2018,"Region_2","Molluscs excl. Cephalopods",402003,518,1213.83443532819,776.067567567568,9128854.72,296
2018,"Region_2","Other marine invertebrates",1625,4,719.5,406.25,20288,2
2018,"Region_2","Pelagic marine fishes",7167764.3,1916,4339.13294159182,3741.00433194154,66540609.7,611
2018,"Region_2","Sharks",694753.34,1393,689.990625963677,498.746116295765,10016674.4,458
2018,"Region_2","Shrimps, prawns",5480,4,2580,1370,145000,2
2018,"Region_2",NA,841566.27,2854,582.983513476543,294.872554309741,47064602.1744,860
2018,"Region_3","Cephalopods",324637,943,359.020337620579,344.25980911983,12532876,311
2018,"Region_3","Crustaceans",163014.1,299,744.76,545.197658862876,44345681,120
2018,"Region_3","Demersal marine fishes",2017838.63,11831,163.124536900185,170.555204969994,52645286.7,3829
2018,"Region_3","Marine fishes NEI",43936,653,67.8781746031746,67.2833078101072,691173,210
2018,"Region_3","Molluscs excl. Cephalopods",127204.82,197,543.026566998893,645.709746192893,6249853,129
2018,"Region_3","Pelagic marine fishes",2900668.38,2157,1712.44279922013,1344.7697635605,19793246,712
2018,"Region_3","Sharks",318459.47,1484,209.350026284349,214.595330188679,5388965.6,465
2018,"Region_3",NA,691641.42,1739,436.185343919448,397.723645773433,7904889.8,586
2018,"Region_3_4_BCS_TBD","Crustaceans",1800,1,1800,1800,540000,1
2018,"Region_3_4_BCS_TBD","Molluscs excl. Cephalopods",296,14,21.1428571428571,21.1428571428571,12356,14
2018,"Region_4","Cephalopods",7388.6,28,391.215277777778,263.878571428571,440370,12
2018,"Region_4","Crustaceans",40710,205,235.954545454545,198.585365853659,1092300,55
2018,"Region_4","Demersal marine fishes",3135632.275,30528,120.081622510544,102.713321377096,91237336.25,6661
2018,"Region_4","Marine fishes NEI",40714,715,58.7659447583176,56.9426573426573,523517,177
2018,"Region_4","Molluscs excl. Cephalopods",92561,483,209.244451269451,191.63768115942,439234,185
2018,"Region_4","Pelagic marine fishes",351546.2,12158,47.1819436441447,28.9148050666228,13502221.5,1590
2018,"Region_4","Sharks",435883.65,1888,226.518393744654,230.870577330508,6629797.2,380
2018,"Region_4","Shrimps, prawns",33376,141,215.571450885255,236.709219858156,2822000,11
2018,"Region_4",NA,434104.15,3944,141.617015548674,110.06697515213,9812685.8,1052
2018,"Region_4_5_6_Sonora_TBD","Cephalopods",1900,16,172.222222222222,118.75,24700,3
2018,"Region_4_5_6_Sonora_TBD","Crustaceans",2943,4,1171.5,735.75,92376,2
2018,"Region_4_5_6_Sonora_TBD","Demersal marine fishes",251562.6,1073,412.270099542342,234.447903075489,5996275,78
2018,"Region_4_5_6_Sonora_TBD","Marine fishes NEI",50,13,3.84615384615385,3.84615384615385,1250,1
2018,"Region_4_5_6_Sonora_TBD","Molluscs excl. Cephalopods",264599,194,1323.78659611993,1363.91237113402,11165940.93,189
2018,"Region_4_5_6_Sonora_TBD","Pelagic marine fishes",356012160.72,9621,44820.1501245432,37003.6545806049,638601727,2505
2018,"Region_4_5_6_Sonora_TBD","Sharks",13235,84,188.322751322751,157.559523809524,373100,5
2018,"Region_4_5_6_Sonora_TBD","Shrimps, prawns",149158.4,540,662.974503657262,276.219259259259,12586280,66
2018,"Region_4_5_6_Sonora_TBD",NA,256,23,21.2380952380952,11.1304347826087,6770,3
2018,"Region_5","Cephalopods",6040,48,186.367003367003,125.833333333333,160190,9
2018,"Region_5","Crustaceans",244171,231,1081.45833333333,1057.01731601732,3880973,76
2018,"Region_5","Demersal marine fishes",9419396.05,24915,665.463857819843,378.061250250853,108082498,4410
2018,"Region_5","Marine fishes NEI",24057.95,476,67.8849312534813,50.5419117647059,180466,49
2018,"Region_5","Molluscs excl. Cephalopods",1084731,642,1556.4109772423,1689.61214953271,8528903,249
2018,"Region_5","Pelagic marine fishes",165465.8,231,1075.50897875709,716.302164502164,1890571,53
2018,"Region_5","Sharks",1494527.25,5791,255.26242994227,258.077577275082,14463539,669
2018,"Region_5","Shrimps, prawns",2611887.4,20846,160.204321289229,125.294416194953,222537706,1185
2018,"Region_5",NA,62316289.7,3218,25299.7207485498,19364.9128962088,247523806.1,1008
2018,"Region_6","Cephalopods",158918,720,224.530172413793,220.719444444444,11816270,232
2018,"Region_6","Crustaceans",1641504,1495,1193.41207568169,1097.99598662207,50086200,599
2018,"Region_6","Demersal marine fishes",1227777.3,5026,256.505664642375,244.285177079188,40535857.5,1729
2018,"Region_6","Marine fishes NEI",2735,20,134.166666666667,136.75,29750,7
2018,"Region_6","Molluscs excl. Cephalopods",1056805.2,924,1261.26593204775,1143.72857142857,17875432,363
2018,"Region_6","Other marine invertebrates",21043,23,878.875,914.913043478261,259430,8
2018,"Region_6","Pelagic marine fishes",470072,695,701.556034482759,676.362589928058,7630261,232
2018,"Region_6","Sharks",641057,891,785.380634920635,719.480359147026,13950252,315
2018,"Region_6","Shrimps, prawns",129660.8,299,502.303546099291,433.648160535117,9698724,94
2018,"Region_6",NA,202663,354,588.611111111111,572.494350282486,6670640,114
2018,"Region_7","Cephalopods",139527,679,237.733486981763,205.488954344624,5072470,171
2018,"Region_7","Crustaceans",5302822.53,6009,966.454212035202,882.480034947579,120091406.6,1940
2018,"Region_7","Demersal marine fishes",4656000.4,13187,421.309399057247,353.075028437097,93111978,3497
2018,"Region_7","Marine fishes NEI",10152,185,72.5742904135338,54.8756756756757,130490,40
2018,"Region_7","Molluscs excl. Cephalopods",3099416,3036,1466.12710498604,1020.88801054018,19498898,827
2018,"Region_7","Other marine invertebrates",28200,24,1175,1175,474500,8
2018,"Region_7","Pelagic marine fishes",153248729.46,8451,21603.6794850594,18133.7983031594,2540622631,1488
2018,"Region_7","Sharks",486172.6,1550,495.941637646544,313.659741935484,5834820,363
2018,"Region_7","Shrimps, prawns",7764401.28,33306,589.719394397563,233.123199423527,663854477.6,3580
2018,"Region_7",NA,896466.18,862,1207.66096237588,1039.9839675174,22953297,249
2018,"Region_8","Cephalopods",328956.1,2107,281.262920075559,156.125344091125,5216121.6,453
2018,"Region_8","Crustaceans",12888693.9,26558,545.198342488939,485.303633556744,315781626.778,7513
2018,"Region_8","Demersal marine fishes",14433269.723,262257,114.175419158086,55.0348311884907,440946610.6702,30728
2018,"Region_8","Diadromous fishes",283943,895,336.113714637146,317.254748603352,2215392,271
2018,"Region_8","Marine fishes NEI",503801.65,20447,50.9115129653624,24.6393920868587,5268621.66,2360
2018,"Region_8","Molluscs excl. Cephalopods",2506663,7586,401.756802284023,330.432770893752,24869279.8,1662
2018,"Region_8","Pelagic marine fishes",144454136.42,50601,6701.23717039132,2854.76841208672,1005823081.78,5115
2018,"Region_8","Sharks",4130796.05,22845,352.800039546492,180.81838695557,85255494.2,2615
2018,"Region_8","Shrimps, prawns",19378868.148,141483,379.897263685534,136.969587498145,1621452235.455,9900
2018,"Region_8",NA,201824.84,5643,55.9503747409318,35.7655218855219,2288765,557
2018,"Region_9","Cephalopods",127562,1148,184.487580128205,111.116724738676,12536855,208
2018,"Region_9","Crustaceans",119825,1251,96.4499591503268,95.7833733013589,11136733,408
2018,"Region_9","Demersal marine fishes",11434541.86,131005,98.8004385860804,87.283247662303,374768991.5,33082
2018,"Region_9","Diadromous fishes",6387,67,99.7391304347826,95.3283582089552,141115,23
2018,"Region_9","Marine fishes NEI",1739220.55,19747,97.6569212748877,88.0751785081278,32240464.5,4877
2018,"Region_9","Molluscs excl. Cephalopods",2042320,1907,1104.11607893608,1070.95962244363,52828554,555
2018,"Region_9","Pelagic marine fishes",2186137.8,20061,138.013583496271,108.974517720951,100387093,4845
2018,"Region_9","Sharks",4903108.1,13089,389.593871468338,374.597608679043,89249632,2978
2018,"Region_9","Shrimps, prawns",3799863.2,4724,915.815115878392,804.374089754445,192143162,1391
2018,"Region_9",NA,587781.4,8057,90.849597618421,72.9528856894626,12158221,1561
2019,"Region_1","Cephalopods",26850,103,274.758080808081,260.679611650485,2408050,33
2019,"Region_1","Crustaceans",64849,204,401.42683982684,317.887254901961,10714140,77
2019,"Region_1","Demersal marine fishes",556744.45,2218,258.46577862042,251.0119251578,9561741.48,445
2019,"Region_1","Marine algae",166239.8,105,1583.23619047619,1583.23619047619,449054,35
2019,"Region_1","Marine fishes NEI",6600,6,1100,1100,48000,2
2019,"Region_1","Molluscs excl. Cephalopods",949565,707,1419.19136765471,1343.09052333805,33302365.92,641
2019,"Region_1","Other marine invertebrates",2535,23,101.666666666667,110.217391304348,70800,21
2019,"Region_1","Pelagic marine fishes",96346.2,77,1532.45069444444,1251.24935064935,2309511,24
2019,"Region_1","Sharks",36735.85,374,137.229455624887,98.2241978609626,574001,71
2019,"Region_1","Shrimps, prawns",297714,615,747.454302179302,484.087804878049,26587754,156
2019,"Region_1",NA,199265.9,789,395.534371002132,252.555006337136,5578875.5,201
2019,"Region_1_2_Baja_TBD","Demersal marine fishes",1629776.8,352,7505.04588431236,4630.04772727273,19605116,137
2019,"Region_1_2_Baja_TBD","Molluscs excl. Cephalopods",187,3,62.3333333333333,62.3333333333333,18700,1
2019,"Region_1_2_Baja_TBD","Other marine invertebrates",15121,36,484.020833333333,420.027777777778,223753,24
2019,"Region_1_2_Baja_TBD","Pelagic marine fishes",880096,172,5415.08571428571,5116.83720930233,10460489,7
2019,"Region_1_2_Baja_TBD","Sharks",3150,3,1050,1050,52500,1
2019,"Region_1_2_Baja_TBD",NA,3542,51,121.65,69.4509803921569,239153,19
2019,"Region_2","Cephalopods",142968.5,947,237.432456562709,150.969904963041,8554298.5,206
2019,"Region_2","Crustaceans",18338.8,133,170.883024691358,137.885714285714,3210490,54
2019,"Region_2","Demersal marine fishes",4921297.046,5748,1322.75786655057,856.175547320807,83603251.04,2379
2019,"Region_2","Diadromous fishes",5,3,1.66666666666667,1.66666666666667,200,1
2019,"Region_2","Marine algae",825000,60,22749.5238095238,13750,1237500,15
2019,"Region_2","Marine fishes NEI",3199,66,60.8214285714286,48.469696969697,46346,20
2019,"Region_2","Molluscs excl. Cephalopods",460270,615,1092.3843551317,748.406504065041,10434379.23,367
2019,"Region_2","Other marine invertebrates",356,2,178,178,4272,1
2019,"Region_2","Pelagic marine fishes",16625400.88,2850,6686.87145269449,5833.47399298246,96864685.5,860
2019,"Region_2","Sharks",385194.082,1331,440.54616463375,289.402015026296,6990574.4,488
2019,"Region_2","Shrimps, prawns",51478.4,121,382.690710382514,425.44132231405,4782781,61
2019,"Region_2",NA,711100.5,1911,519.492106936232,372.109105180534,39593133.89,749
2019,"Region_3","Cephalopods",370111,896,455.064123630673,413.0703125,18910932,284
2019,"Region_3","Crustaceans",161495,207,951.638144329897,780.169082125604,43900306,97
2019,"Region_3","Demersal marine fishes",1842750.65,10718,175.986044764021,171.930458107856,52900676,3488
2019,"Region_3","Diadromous fishes",2124,2,1062,1062,21240,1
2019,"Region_3","Marine fishes NEI",38426,586,61.5761650114591,65.5733788395904,626024,187
2019,"Region_3","Molluscs excl. Cephalopods",78627.947,64,1168.19093859649,1228.561671875,3043447,38
2019,"Region_3","Other marine invertebrates",26420,62,428.214285714286,426.129032258065,396300,21
2019,"Region_3","Pelagic marine fishes",1011197.3,2438,432.396827429222,414.765094339623,22451208.5,781
2019,"Region_3","Sharks",342874,1338,247.998507223114,256.258594917788,5740471,445
2019,"Region_3",NA,389414.4,1382,341.422309397163,281.775976845152,5444061,470
2019,"Region_3_4_BCS_TBD","Molluscs excl. Cephalopods",469,28,16.75,16.75,123122,28
2019,"Region_4","Cephalopods",8865.4,50,213.76862745098,177.308,458710,17
2019,"Region_4","Crustaceans",2080,34,66.0612244897959,61.1764705882353,72050,7
2019,"Region_4","Demersal marine fishes",2827932.12,23947,143.792716251625,118.091289931933,109756381.5,5435
2019,"Region_4","Marine fishes NEI",23183.1,611,41.4336497890295,37.9428805237316,295877,158
2019,"Region_4","Molluscs excl. Cephalopods",93685,506,223.412992394346,185.148221343874,592278,181
2019,"Region_4","Other marine invertebrates",19960,118,173.91369047619,169.152542372881,199600,16
2019,"Region_4","Pelagic marine fishes",447786.02,8656,84.4933276578009,51.7312869685767,15791234,1260
2019,"Region_4","Sharks",614411.1,1618,449.694367534779,379.734919653894,8722520,358
2019,"Region_4","Shrimps, prawns",24583,177,158.65340434905,138.887005649718,2262840,12
2019,"Region_4",NA,146160.15,2342,80.7120954208677,62.4082621690862,3106004.3,630
2019,"Region_4_5_6_Sonora_TBD","Cephalopods",3300,51,75.4545454545455,64.7058823529412,66600,3
2019,"Region_4_5_6_Sonora_TBD","Crustaceans",1319,1,1319,1319,43527,1
2019,"Region_4_5_6_Sonora_TBD","Demersal marine fishes",55802.7,437,268.081221738032,127.694965675057,1507395,35
2019,"Region_4_5_6_Sonora_TBD","Marine fishes NEI",3300,1,3300,3300,42000,1
2019,"Region_4_5_6_Sonora_TBD","Molluscs excl. Cephalopods",227048,158,1437.01265822785,1437.01265822785,8577548.3,158
2019,"Region_4_5_6_Sonora_TBD","Pelagic marine fishes",24524565.16,1051,31749.3182264223,23334.5053853473,48159939,210
2019,"Region_4_5_6_Sonora_TBD","Sharks",1793,2,896.5,896.5,46618,1
2019,"Region_4_5_6_Sonora_TBD","Shrimps, prawns",235555.2,350,1206.76422999307,673.014857142857,17851480,62
2019,"Region_4_5_6_Sonora_TBD",NA,9000,2,4500,4500,27000,1
2019,"Region_5","Cephalopods",1965,49,61.5005232862376,40.1020408163265,73160,7
2019,"Region_5","Crustaceans",229744,181,1293.30952380952,1269.30386740331,3516792,63
2019,"Region_5","Demersal marine fishes",9430259.6,24927,672.761581613307,378.315063986842,111926151.5,4154
2019,"Region_5","Marine fishes NEI",10488.1,150,103.536556300335,69.9206666666667,99244,23
2019,"Region_5","Molluscs excl. Cephalopods",697685,345,1947.84259259259,2022.27536231884,6249935,126
2019,"Region_5","Pelagic marine fishes",134860.8,194,1265.18820484254,695.158762886598,2244379,34
2019,"Region_5","Sharks",1269060.8,5207,265.26326859454,243.722066449011,45908148,534
2019,"Region_5","Shrimps, prawns",2831317.2,21456,154.146057429636,131.959228187919,238199475,1258
2019,"Region_5",NA,43887356,2141,29302.8145390375,20498.5315273237,132760440.3,619
2019,"Region_6","Cephalopods",175033,675,266.209702660407,259.308148148148,11571140,213
2019,"Region_6","Crustaceans",1856679,1664,1158.31356573251,1115.79266826923,51028949,570
2019,"Region_6","Demersal marine fishes",4078002.55,6809,583.310569127364,598.913577617859,188031765,2375
2019,"Region_6","Marine fishes NEI",2898.5,27,180.45,107.351851851852,42456,10
2019,"Region_6","Molluscs excl. Cephalopods",1027618,1221,1059.19642857143,841.619983619984,18943061,504
2019,"Region_6","Other marine invertebrates",22060,47,460.416666666667,469.36170212766,397050,16
2019,"Region_6","Pelagic marine fishes",821467,978,1040.96790610719,839.945807770961,12579186,332
2019,"Region_6","Sharks",801069.05,1017,846.991372164049,787.678515240905,14709399,382
2019,"Region_6","Shrimps, prawns",273710.6,548,582.636410507652,499.471897810219,19150240,188
2019,"Region_6",NA,309764,582,584.74175032175,532.240549828179,13086750,185
2019,"Region_7","Cephalopods",130740.6,478,340.197654660155,273.51589958159,5750433,120
2019,"Region_7","Crustaceans",5536708,6678,1011.89949137275,829.096735549566,131465582.15,2191
2019,"Region_7","Demersal marine fishes",5082847.2,13398,454.026234648027,379.373578145992,99853254,3734
2019,"Region_7","Marine fishes NEI",4968,87,71.8674829207701,57.1034482758621,61700,17
2019,"Region_7","Molluscs excl. Cephalopods",4277372,3845,1357.60261955645,1112.45045513654,39786826,1235
2019,"Region_7","Pelagic marine fishes",485596859.34,17164,36315.0642179718,28291.5904998835,805833722.5,4291
2019,"Region_7","Sharks",622935.75,1266,665.835951479284,492.050355450237,7343208,336
2019,"Region_7","Shrimps, prawns",8068587,32375,603.160994403253,249.222764478764,710527256.91,3830
2019,"Region_7",NA,845885.88,924,800.206450061872,915.460909090909,21204247,298
2019,"Region_8","Cephalopods",292195.7,2906,158.666236420548,100.549105299381,4530228,512
2019,"Region_8","Crustaceans",14271311.24,28561,559.201559621122,499.678275970729,352813184.3825,7938
2019,"Region_8","Demersal marine fishes",15814711.724,312781,101.089849132888,50.5616125148267,551323983,35268
2019,"Region_8","Diadromous fishes",439069.6,1316,349.833907650615,333.639513677812,3882416,410
2019,"Region_8","Marine fishes NEI",637233.54,25725,60.3712575547793,24.770983090379,7741670.16,2742
2019,"Region_8","Molluscs excl. Cephalopods",2550217.91,7361,523.882843218142,346.449926640402,34544294.885,1417
2019,"Region_8","Other marine invertebrates",2173,27,80.4814814814815,80.4814814814815,43460,1
2019,"Region_8","Pelagic marine fishes",146646718.391,58343,5441.79044025581,2513.52721647841,1012803288.46,6045
2019,"Region_8","Sharks",4959001.8,30095,293.578432643439,164.778262169796,109278516.9,3215
2019,"Region_8","Shrimps, prawns",16843154.464,110344,447.312036634279,152.642232146741,1393531386.5085,8326
2019,"Region_8",NA,244162.51,7822,67.1861523494934,31.2148440296599,3789579,695
2019,"Region_9","Cephalopods",5876,379,17.3158292453298,15.5039577836412,647370,31
2019,"Region_9","Crustaceans",113645,1517,129.686733004279,74.9143045484509,14844618,269
2019,"Region_9","Demersal marine fishes",8683034.35,109650,106.284469529389,79.1886397628819,285551398.1,24697
2019,"Region_9","Diadromous fishes",56755,118,533.74,480.974576271186,1112822,50
2019,"Region_9","Marine fishes NEI",1520501.4,16867,111.720928785764,90.1465227959922,27150006,3736
2019,"Region_9","Molluscs excl. Cephalopods",1737599,1558,1205.012407111,1115.27535301669,43368435,400
2019,"Region_9","Pelagic marine fishes",1865661.3,18738,136.669338558575,99.5656580211335,95848614,4329
2019,"Region_9","Sharks",3933141.35,13205,389.202338798711,297.852430897387,60472282,3051
2019,"Region_9","Shrimps, prawns",2968806.5,3654,1654.81735473985,812.481253420909,147107162.5,1117
2019,"Region_9",NA,553808,7107,94.1804203435545,77.9242999859294,11981818,1455
2020,"Region_1","Cephalopods",1832,10,208.785714285714,183.2,75870,7
2020,"Region_1","Crustaceans",45742,181,284.585317460317,252.718232044199,9770210,72
2020,"Region_1","Demersal marine fishes",1407969.5,1620,1074.95292214238,869.116975308642,23746762,428
2020,"Region_1","Marine algae",160714.2,79,2092.76790123457,2034.35696202532,389426,27
2020,"Region_1","Marine fishes NEI",4040,11,866.111111111111,367.272727272727,46200,2
2020,"Region_1","Molluscs excl. Cephalopods",1131085,836,1370.33980733981,1352.97248803828,39384289.62,777
2020,"Region_1","Other marine invertebrates",9023,66,173.574937343358,136.712121212121,336280,19
2020,"Region_1","Pelagic marine fishes",69836,157,533.414705882353,444.815286624204,1302592,85
2020,"Region_1","Sharks",73391.1,367,302.866054883492,199.975749318801,1132801,91
2020,"Region_1","Shrimps, prawns",820297.8,1132,892.512798713987,724.644699646643,110629415.64,388
2020,"Region_1",NA,98787,445,359.657346858931,221.993258426966,2395597,142
2020,"Region_1_2_Baja_TBD","Cephalopods",666,4,166.5,166.5,33300,1
2020,"Region_1_2_Baja_TBD","Demersal marine fishes",1127298,607,2170.02794837914,1857.16309719934,11372459,172
2020,"Region_1_2_Baja_TBD","Marine fishes NEI",20830,110,200.22052154195,189.363636363636,715000,7
2020,"Region_1_2_Baja_TBD","Molluscs excl. Cephalopods",24723,51,543.984848484848,484.764705882353,2327800,22
2020,"Region_1_2_Baja_TBD","Other marine invertebrates",400,1,400,400,12000,1
2020,"Region_1_2_Baja_TBD","Pelagic marine fishes",200,2,100,100,3000,1
2020,"Region_1_2_Baja_TBD","Sharks",233.5,5,54.75,46.7,4612,2
2020,"Region_1_2_Baja_TBD",NA,2078,49,77.1,42.4081632653061,130334,11
2020,"Region_2","Cephalopods",158927.06,1044,172.147743451684,152.228984674329,7948258.1,273
2020,"Region_2","Crustaceans",13427,114,122.320833333333,117.780701754386,2240510,60
2020,"Region_2","Demersal marine fishes",5774244.3,7300,667.255202869295,790.992369863014,88756181,2689
2020,"Region_2","Marine algae",111600,14,7500,7971.42857142857,135000,3
2020,"Region_2","Marine fishes NEI",12321.5,181,93.4810606060606,68.0745856353591,201185,55
2020,"Region_2","Molluscs excl. Cephalopods",434250,757,1083.86037860445,573.645970937913,11165633.45,354
2020,"Region_2","Other marine invertebrates",2050,4,491.666666666667,512.5,41000,2
2020,"Region_2","Pelagic marine fishes",3786858.75,2232,1922.05111599148,1696.62130376344,56116427,758
2020,"Region_2","Sharks",546363.5,1747,469.760947050556,312.743846594161,9695808,592
2020,"Region_2","Shrimps, prawns",59538.2,200,254.12361521782,297.691,7009708,89
2020,"Region_2",NA,468488.22,2091,427.365685507899,224.049842180775,21391806.27,667
2020,"Region_3","Cephalopods",359248.8,1038,356.412755573143,346.09710982659,18689610,361
2020,"Region_3","Crustaceans",132588,104,1489.04938271605,1274.88461538462,59900675,54
2020,"Region_3","Demersal marine fishes",1595032.45,10523,159.450895936244,151.575829136178,52559579,3615
2020,"Region_3","Marine algae",112128,11,10572.8,10193.4545454545,521068,5
2020,"Region_3","Marine fishes NEI",30875,517,61.7569556753519,59.7195357833656,434876,159
2020,"Region_3","Molluscs excl. Cephalopods",86806.8,41,2072.96470588235,2117.23902439024,977085,17
2020,"Region_3","Pelagic marine fishes",987135.98,1987,576.943969880778,496.797171615501,19946049,683
2020,"Region_3","Sharks",319079.6,1589,195.829394583112,200.805286343612,4935957,538
2020,"Region_3",NA,415307.8,1350,370.122021636241,307.635407407407,7414258,493
2020,"Region_3_4_BCS_TBD","Molluscs excl. Cephalopods",762,22,34.6363636363636,34.6363636363636,203878,22
2020,"Region_3_4_BCS_TBD","Pelagic marine fishes",228541,57,4009.49122807018,4009.49122807018,23232100,57
2020,"Region_4","Cephalopods",7563.7,59,174.529861111111,128.198305084746,430630,24
2020,"Region_4","Crustaceans",8003,59,135.469387755102,135.64406779661,1071500,14
2020,"Region_4","Demersal marine fishes",2619306.2,24516,125.232323678312,106.840683635177,125561383,6342
2020,"Region_4","Marine fishes NEI",24995.5,548,100.349863704108,45.6122262773723,388441,127
2020,"Region_4","Molluscs excl. Cephalopods",74592,374,222.832399388691,199.44385026738,389922,151
2020,"Region_4","Other marine invertebrates",83782,272,350.652497113997,308.022058823529,837820,50
2020,"Region_4","Pelagic marine fishes",369698.95,4317,118.866955834047,85.6379314338661,16516003,844
2020,"Region_4","Sharks",1069773.2,2286,473.972707153713,467.967279090114,10525031,569
2020,"Region_4","Shrimps, prawns",14961.6,115,163.016126984127,130.100869565217,1544200,7
2020,"Region_4",NA,161045.29,1934,121.942828341906,83.2705739400207,4093316,574
2020,"Region_4_5_6_Sonora_TBD","Cephalopods",1000,3,333.333333333333,333.333333333333,8000,1
2020,"Region_4_5_6_Sonora_TBD","Demersal marine fishes",2719.2,18,151.066666666667,151.066666666667,106880,6
2020,"Region_4_5_6_Sonora_TBD","Marine fishes NEI",7150,21,665.238095238095,340.47619047619,129600,5
2020,"Region_4_5_6_Sonora_TBD","Molluscs excl. Cephalopods",46505,43,1081.51162790698,1081.51162790698,1468951,43
2020,"Region_4_5_6_Sonora_TBD","Pelagic marine fishes",205689.48,15,13518.8455555556,13712.632,458691,6
2020,"Region_4_5_6_Sonora_TBD","Sharks",78986.75,50,1591.62893356643,1579.735,600520,4
2020,"Region_4_5_6_Sonora_TBD","Shrimps, prawns",450966,329,1465.51018387553,1370.71732522796,35524000,101
2020,"Region_4_5_6_Sonora_TBD",NA,40100,8,4461.11111111111,5012.5,62000,3
2020,"Region_5","Cephalopods",3041,171,27.9186860214335,17.7836257309942,63715,11
2020,"Region_5","Crustaceans",108506,170,647.980392156863,638.270588235294,2403040,68
2020,"Region_5","Demersal marine fishes",9502452.3,15892,944.309379659449,597.939359426126,103155663.5,3283
2020,"Region_5","Marine fishes NEI",9297.7,177,75.0315783424077,52.5293785310734,86146,25
2020,"Region_5","Molluscs excl. Cephalopods",981480,832,1274.75112146308,1179.66346153846,8706408,322
2020,"Region_5","Pelagic marine fishes",44933.5,214,508.062429346725,209.969626168224,555951,27
2020,"Region_5","Sharks",922470.95,3441,311.711267430486,268.082229003197,10068144,397
2020,"Region_5","Shrimps, prawns",1889050,12470,238.9598946145,151.487570168404,151603344,850
2020,"Region_5",NA,7184835,630,11664.1248416424,11404.5,25012323.1,213
2020,"Region_6","Cephalopods",161973.8,789,210.393037651861,205.289987325729,9602009,222
2020,"Region_6","Crustaceans",1716869,2089,958.776894372941,821.861656294878,54452927.72,668
2020,"Region_6","Demersal marine fishes",2977464.55,11569,292.557962492416,257.365766271934,84047961.1,3617
2020,"Region_6","Marine fishes NEI",12534,62,357.9,202.161290322581,189260,10
2020,"Region_6","Molluscs excl. Cephalopods",664945,1103,696.039647766323,602.851314596555,10331737,388
2020,"Region_6","Other marine invertebrates",3000,36,83.3333333333333,83.3333333333333,36001,12
2020,"Region_6","Pelagic marine fishes",969144,1258,977.085738143818,770.384737678855,16113893.5,401
2020,"Region_6","Sharks",811668.55,1556,598.578013676845,521.637885604113,13173618,524
2020,"Region_6","Shrimps, prawns",224779,498,676.42217848011,451.363453815261,15682370,145
2020,"Region_6",NA,395167,862,482.93554316888,458.430394431555,17968390,248
2020,"Region_7","Cephalopods",75512.1,330,351.618704413866,228.824545454545,2367164.4,93
2020,"Region_7","Crustaceans",5865051.4,7375,921.617640274362,795.261206779661,137107796.16,3088
2020,"Region_7","Demersal marine fishes",4220030.15,12580,389.963503631689,335.45549682035,158726832.11,3762
2020,"Region_7","Diadromous fishes",500,3,166.666666666667,166.666666666667,7500,1
2020,"Region_7","Marine fishes NEI",16085,79,384.896296296296,203.607594936709,190230,15
2020,"Region_7","Molluscs excl. Cephalopods",4701867,3789,1646.33619866781,1240.92557403009,34047684.75,1120
2020,"Region_7","Pelagic marine fishes",551166890.3,15236,46793.2337264425,36175.3012798635,1333869917,4748
2020,"Region_7","Sharks",938068.4,1329,848.907381401775,705.845297215952,8992991,427
2020,"Region_7","Shrimps, prawns",8872659.4,27697,739.279197509301,320.347308372748,775751271.87,4190
2020,"Region_7",NA,5045318,1938,4708.52826028138,2603.36326109391,42476686.5,608
2020,"Region_8","Cephalopods",158960.9,1869,141.604147545023,85.0513108614232,4180141,326
2020,"Region_8","Crustaceans",12400908.1,25565,577.506949612838,485.073659299824,316055241.04,7841
2020,"Region_8","Demersal marine fishes",12799695.611,168510,141.828611667246,75.9580773307222,428793760.9467,23928
2020,"Region_8","Diadromous fishes",231235,1046,252.620814380798,221.065965583174,2523074,327
2020,"Region_8","Marine fishes NEI",607421.871,12480,105.197342555546,48.6716242788462,9380897.3,1597
2020,"Region_8","Molluscs excl. Cephalopods",2643313.44,8386,542.572744466656,315.205513951824,34626887.338,1812
2020,"Region_8","Other marine invertebrates",10282,82,187.798663324979,125.390243902439,205640,2
2020,"Region_8","Pelagic marine fishes",143801739.49,42980,7221.07185235687,3345.7826777571,940154627,4765
2020,"Region_8","Sharks",7303519.2,24028,557.536999006049,303.958681538205,142812620,3466
2020,"Region_8","Shrimps, prawns",14337499.348,86607,500.854510915988,165.546657290981,1192775275.1691,6818
2020,"Region_8",NA,195351.54,5185,68.7089536271281,37.6762854387657,2813660.95,470
2020,"Region_9","Cephalopods",8430,408,60.2049573011753,20.6617647058824,811300,18
2020,"Region_9","Crustaceans",49451,561,240.539008862048,88.1479500891266,2662061,132
2020,"Region_9","Demersal marine fishes",5511760.65,83263,100.949523431612,66.196998066368,175523286,17860
2020,"Region_9","Diadromous fishes",14370,36,394.375,399.166666666667,243600,16
2020,"Region_9","Marine fishes NEI",862670.55,12197,98.5706422492847,70.7280929736821,15198202,2573
2020,"Region_9","Molluscs excl. Cephalopods",422175,571,804.110236220472,739.360770577933,6804580,254
2020,"Region_9","Pelagic marine fishes",1320596.15,16946,123.976807646047,77.9296677682049,66870826,3495
2020,"Region_9","Sharks",1475588.7,10447,189.206569932475,141.245209150952,26215029,2069
2020,"Region_9","Shrimps, prawns",1790051.2,2983,839.243504065535,600.084210526316,83048528,1028
2020,"Region_9",NA,318087.7,6560,73.535742262456,48.4889786585366,7204867,805
2021,"Region_1","Cephalopods",1280,11,91.3888888888889,116.363636363636,69015,9
2021,"Region_1","Crustaceans",34543,137,274.847517730496,252.138686131387,8141380,47
2021,"Region_1","Demersal marine fishes",5494959.55,2494,3136.58984964348,2203.27167201283,78898641.1,679
2021,"Region_1","Marine algae",243805.1,81,3930.38333333333,3009.93950617284,664923,44
2021,"Region_1","Marine fishes NEI",1075,16,87.0416666666667,67.1875,13795,8
2021,"Region_1","Molluscs excl. Cephalopods",1438327,918,1631.09652140673,1566.80501089325,45686826.31,872
2021,"Region_1","Other marine invertebrates",1251,20,58.6282051282051,62.55,23200,13
2021,"Region_1","Pelagic marine fishes",824888,292,3371.52926208651,2824.95890410959,18272000,131
2021,"Region_1","Sharks",124682.65,324,573.85337494221,384.82299382716,2403291,103
2021,"Region_1","Shrimps, prawns",1156227.2,1194,1183.28160045286,968.364489112228,177659181,439
2021,"Region_1",NA,75149,291,446.216346153846,258.243986254296,1951006,104
2021,"Region_1_2_Baja_TBD","Cephalopods",316,3,105.333333333333,105.333333333333,12640,1
2021,"Region_1_2_Baja_TBD","Crustaceans",190,2,95,95,13430,2
2021,"Region_1_2_Baja_TBD","Demersal marine fishes",828278.4,494,1969.75366139143,1676.67692307692,9298979,142
2021,"Region_1_2_Baja_TBD","Marine fishes NEI",7320,86,62.6965811965812,85.1162790697674,264814,12
2021,"Region_1_2_Baja_TBD","Molluscs excl. Cephalopods",21362.4,71,316.307777777778,300.878873239437,2109875,30
2021,"Region_1_2_Baja_TBD","Pelagic marine fishes",16376,29,605.314814814815,564.689655172414,197940,9
2021,"Region_1_2_Baja_TBD","Shrimps, prawns",4000,3,1333.33333333333,1333.33333333333,750000,1
2021,"Region_1_2_Baja_TBD",NA,642,28,24.5833333333333,22.9285714285714,41520,9
2021,"Region_2","Cephalopods",173048.9,1400,143.866790631719,123.606357142857,13312189,347
2021,"Region_2","Crustaceans",9860,104,120.42037037037,94.8076923076923,1488450,45
2021,"Region_2","Demersal marine fishes",3113952.95,8676,497.795929641083,358.915738819733,66596126.3,2997
2021,"Region_2","Diadromous fishes",25,2,12.5,12.5,375,1
2021,"Region_2","Marine algae",152065.8,12,9836.45,12672.15,200890,4
2021,"Region_2","Marine fishes NEI",3898,122,43.9708333333333,31.9508196721311,53095,40
2021,"Region_2","Molluscs excl. Cephalopods",461818,674,1306.08539806548,685.189910979228,11829561.46,320
2021,"Region_2","Other marine invertebrates",45,18,5.52083333333333,2.5,6150,4
2021,"Region_2","Pelagic marine fishes",3645974.25,1767,2750.9133980686,2063.36969439728,49295641,607
2021,"Region_2","Sharks",425195.6,1789,351.600275093934,237.672219116825,8557413,621
2021,"Region_2","Shrimps, prawns",37340.8,62,557.511111111111,602.270967741936,4492850,27
2021,"Region_2",NA,210635,1750,213.499692028464,120.362857142857,7817582.46,451
2021,"Region_3","Cephalopods",551682.3,1387,392.474696382429,397.752198990627,34119987,516
2021,"Region_3","Crustaceans",117210,120,1008.60333333333,976.75,30000870,50
2021,"Region_3","Demersal marine fishes",1978124.15,13721,145.293854553752,144.167637198455,71617947,5113
2021,"Region_3","Diadromous fishes",850,6,141.666666666667,141.666666666667,11300,2
2021,"Region_3","Marine fishes NEI",42367.5,672,61.816498655914,63.046875,619932,248
2021,"Region_3","Molluscs excl. Cephalopods",55002,26,2087.88333333333,2115.46153846154,747567,10
2021,"Region_3","Pelagic marine fishes",1490768.44,2673,661.53248886605,557.713595211373,24518056,973
2021,"Region_3","Sharks",248886.1,1808,139.832180989583,137.658241150442,4697482,640
2021,"Region_3",NA,360040,1991,207.156911892361,180.833751883476,6206635,768
2021,"Region_3_4_BCS_TBD","Molluscs excl. Cephalopods",283543,164,1728.92073170732,1728.92073170732,4010730,164
2021,"Region_3_4_BCS_TBD","Pelagic marine fishes",352793,113,3122.06194690265,3122.06194690265,35279300,113
2021,"Region_3_4_BCS_TBD",NA,68977,17,4057.47058823529,4057.47058823529,504050,17
2021,"Region_4","Cephalopods",5603.6,53,128.772348484848,105.728301886792,377450,22
2021,"Region_4","Crustaceans",750,7,127.777777777778,107.142857142857,57500,3
2021,"Region_4","Demersal marine fishes",2442630.1,22931,137.222948847883,106.520871309581,109920998.54,6318
2021,"Region_4","Marine fishes NEI",29569.6,688,49.2747436565867,42.9790697674419,553800,137
2021,"Region_4","Molluscs excl. Cephalopods",59802,396,149.860416666667,151.015151515152,460751,160
2021,"Region_4","Other marine invertebrates",157572,285,585.979028880071,552.884210526316,1499640,72
2021,"Region_4","Pelagic marine fishes",476840,4576,157.570963325222,104.204545454545,13102010,975
2021,"Region_4","Sharks",1170605.75,2909,433.135249173471,402.408301821932,10389710,790
2021,"Region_4","Shrimps, prawns",14009.6,91,151.375066312997,153.951648351648,1953250,3
2021,"Region_4",NA,132891.56,2118,124.040860892666,62.7438904627007,3399593,559
2021,"Region_4_5_6_Sonora_TBD","Cephalopods",1500,6,250,250,15000,2
2021,"Region_4_5_6_Sonora_TBD","Crustaceans",4400,4,1100,1100,161200,4
2021,"Region_4_5_6_Sonora_TBD","Demersal marine fishes",1943257.5,233,11912.6371082621,8340.16094420601,20577600,156
2021,"Region_4_5_6_Sonora_TBD","Marine fishes NEI",18914,123,208.028571428571,153.772357723577,389064,25
2021,"Region_4_5_6_Sonora_TBD","Molluscs excl. Cephalopods",373960,95,4198.82183908046,3936.42105263158,4676656,87
2021,"Region_4_5_6_Sonora_TBD","Pelagic marine fishes",780704.24,44,13052.5133333333,17743.2781818182,4805987,34
2021,"Region_4_5_6_Sonora_TBD","Sharks",28687.5,51,480.489417989418,562.5,229500,3
2021,"Region_4_5_6_Sonora_TBD","Shrimps, prawns",532994.8,391,1778.95445285487,1363.15805626598,44868270,123
2021,"Region_4_5_6_Sonora_TBD",NA,70884,11,4576.8,6444,14174750,5
2021,"Region_5","Cephalopods",5647,136,98.1979797979798,41.5220588235294,112440,15
2021,"Region_5","Crustaceans",274315,375,1075.99947589099,731.506666666667,7053139,159
2021,"Region_5","Demersal marine fishes",15116580.55,16831,1731.95640888015,898.13918067851,150538812.5,2908
2021,"Region_5","Marine fishes NEI",14688.7,173,99.3414905753968,84.9057803468208,157491,32
2021,"Region_5","Molluscs excl. Cephalopods",3855535,1620,2789.87558627752,2379.95987654321,39174074.5,775
2021,"Region_5","Other marine invertebrates",5505,20,285.119047619048,275.25,73700,14
2021,"Region_5","Pelagic marine fishes",1398193.9,465,4375.17383219955,3006.86860215054,20261514,175
2021,"Region_5","Sharks",746949.05,2851,403.02878567182,261.995457734128,9522490,389
2021,"Region_5","Shrimps, prawns",2143634.4,10265,334.709124454416,208.829459327813,190057065,909
2021,"Region_5",NA,71016938,13957,8689.82983163311,5088.26667621982,272173819.1,4111
2021,"Region_6","Cephalopods",189347,823,229.062062187677,230.069258809234,14805335,218
2021,"Region_6","Crustaceans",1830755,2066,1011.51502383683,886.135043562439,56335499,718
2021,"Region_6","Demersal marine fishes",3539898.35,13717,286.874784032563,258.066512356929,101289743.14,4080
2021,"Region_6","Marine fishes NEI",6400,46,174.309523809524,139.130434782609,73800,12
2021,"Region_6","Molluscs excl. Cephalopods",2575626,2529,1630.98771382573,1018.43653618031,36859145.89,1014
2021,"Region_6","Pelagic marine fishes",892201.18,1462,710.314518767811,610.2607250342,14182909.35,404
2021,"Region_6","Sharks",1059932.5,1997,596.86566373585,530.762393590386,18195649,644
2021,"Region_6","Shrimps, prawns",359285,848,483.538644167373,423.685141509434,34581090,181
2021,"Region_6",NA,594906,952,719.77136793121,624.901260504202,27699995,294
2021,"Region_7","Cephalopods",287246.8,664,548.333734941215,432.600602409639,7538208,208
2021,"Region_7","Crustaceans",7216117.6,7674,1253.86883852226,940.333281209278,188519666.77,3376
2021,"Region_7","Demersal marine fishes",4623081.05,12227,465.815820720492,378.104281508138,102885853.5,3945
2021,"Region_7","Marine fishes NEI",45462,296,345.78933086685,153.587837837838,944534,45
2021,"Region_7","Molluscs excl. Cephalopods",5003285,3734,1643.70893121477,1339.92635243706,38216637.5,1250
2021,"Region_7","Pelagic marine fishes",726642870.65,16281,57207.7020542842,44631.3414808673,1385993398,5554
2021,"Region_7","Sharks",1428362.55,1326,1478.17997258468,1077.19649321267,14003197,452
2021,"Region_7","Shrimps, prawns",6416460.6,24279,587.304130022236,264.280266897319,600097132.36,3511
2021,"Region_7",NA,6304854.45,2619,5062.37008971593,2407.3518327606,49178481,1038
2021,"Region_8","Cephalopods",359627.65,4014,182.724221366944,89.5933358246139,11679279,520
2021,"Region_8","Crustaceans",13243379,23326,690.991651325602,567.7518220012,376101115.06,8099
2021,"Region_8","Demersal marine fishes",12331911.73,207612,161.700346942202,59.3988388436121,341393778.99,22620
2021,"Region_8","Diadromous fishes",413722,1018,478.286422136422,406.406679764244,4240792,370
2021,"Region_8","Marine fishes NEI",942358.25,12082,230.991609565698,77.9968755172985,19338655.5,1424
2021,"Region_8","Molluscs excl. Cephalopods",3502455,7808,880.707491128735,448.572617827869,51631311.53,1948
2021,"Region_8","Pelagic marine fishes",157637755.27,45632,7998.91454949658,3454.54407586781,1019813963.58,4843
2021,"Region_8","Sharks",7684575.4,20821,784.878815296248,369.078113443158,124436871.24,2845
2021,"Region_8","Shrimps, prawns",19477350.37,92846,1066.32415033761,209.781254658251,1656412229.8,9023
2021,"Region_8",NA,8346055.83,6147,4677.08807821844,1357.74456320156,31603695,587
2021,"Region_9","Cephalopods",2630,149,17.4414516129032,17.6510067114094,288800,5
2021,"Region_9","Crustaceans",105333,751,631.552065239784,140.256990679095,1098391,150
2021,"Region_9","Demersal marine fishes",5366667.25,87732,130.394138120331,61.171149067615,164344310,15827
2021,"Region_9","Diadromous fishes",6768,59,146.662190082645,114.71186440678,182750,11
2021,"Region_9","Marine fishes NEI",895834.3,14278,127.218166169474,62.7422818321894,15490935,2435
2021,"Region_9","Molluscs excl. Cephalopods",543150,695,1106.48941481685,781.510791366906,9232247,261
2021,"Region_9","Pelagic marine fishes",1338706.95,17367,148.042001455492,77.0833736396614,66464167,3213
2021,"Region_9","Sharks",998360.1,9836,147.064160166629,101.500620170801,22109731,1818
2021,"Region_9","Shrimps, prawns",1490190.4,3487,915.883134643329,427.356008029825,83188438,907
2021,"Region_9",NA,263004.3,7465,72.3131172545273,35.23165438714,5918931,731
2022,"Region_1","Cephalopods",1050.9,19,83.6222222222222,55.3105263157895,117745,9
2022,"Region_1","Crustaceans",33733,139,248.185534591195,242.68345323741,7006075,53
2022,"Region_1","Demersal marine fishes",6143392,2477,3101.80052658647,2480.1744045216,86409715,771
2022,"Region_1","Marine algae",430920.4,171,2912.92205882353,2520.00233918129,1418014,68
2022,"Region_1","Marine fishes NEI",2720,21,131.666666666667,129.52380952381,65360,6
2022,"Region_1","Molluscs excl. Cephalopods",1589557.06,958,1706.2267457749,1659.24536534447,61310514.68,927
2022,"Region_1","Other marine invertebrates",2016,14,152.192307692308,144,262200,13
2022,"Region_1","Pelagic marine fishes",1044795.5,268,5941.58278533636,3898.49067164179,28571292,126
2022,"Region_1","Sharks",49797.1,337,224.210390559733,147.76587537092,994392,114
2022,"Region_1","Shrimps, prawns",767348.6,551,1390.84341637011,1392.64718693285,148740643.96,281
2022,"Region_1",NA,34520,146,258.508771929825,236.438356164384,523840,57
2022,"Region_1_2_Baja_TBD","Demersal marine fishes",550906.8,310,1653.58691588785,1777.11870967742,7568127,107
2022,"Region_1_2_Baja_TBD","Marine fishes NEI",3002,11,198.25,272.909090909091,85110,4
2022,"Region_1_2_Baja_TBD","Molluscs excl. Cephalopods",8790,6,1465,1465,199800,6
2022,"Region_1_2_Baja_TBD","Pelagic marine fishes",2438,41,58.6309523809524,59.4634146341463,91503,14
2022,"Region_1_2_Baja_TBD",NA,617,36,16.6923076923077,17.1388888888889,38869,13
2022,"Region_2","Cephalopods",176228,1309,182.012506788838,134.627960275019,12872842,381
2022,"Region_2","Crustaceans",19362,187,116.210888888889,103.540106951872,2404405,75
2022,"Region_2","Demersal marine fishes",2787445,10861,342.469570771997,256.647177976245,73759578.5,3536
2022,"Region_2","Marine algae",15400,6,2566.66666666667,2566.66666666667,39900,2
2022,"Region_2","Marine fishes NEI",8961.7,105,86.4852713178295,85.3495238095238,152067,43
2022,"Region_2","Molluscs excl. Cephalopods",463172,740,1057.48992248062,625.908108108108,13390017.52,344
2022,"Region_2","Other marine invertebrates",1490,11,125,135.454545454545,10900,4
2022,"Region_2","Pelagic marine fishes",7770624.86,2451,4119.23728401317,3170.38957976336,60876666.9,715
2022,"Region_2","Sharks",489113.05,1606,368.688349981887,304.553580323786,8607903,502
2022,"Region_2","Shrimps, prawns",3904,2,1952,1952,805200,1
2022,"Region_2",NA,126384.6,1713,101.598167702818,73.7796847635727,2449481.62,371
2022,"Region_3","Cephalopods",339167.7,875,386.38761682243,387.620228571429,20943721,321
2022,"Region_3","Crustaceans",116355,116,1219.16666666667,1003.06034482759,37127319,55
2022,"Region_3","Demersal marine fishes",2010766.95,14097,178.883900824353,142.637933602894,72978047,5170
2022,"Region_3","Diadromous fishes",4171,1,4171,4171,29197,1
2022,"Region_3","Marine fishes NEI",44400.25,853,52.8928591813438,52.0518757327081,508718,292
2022,"Region_3","Molluscs excl. Cephalopods",112128,71,1753.32275132275,1579.2676056338,883100,27
2022,"Region_3","Pelagic marine fishes",1075017.2,2418,554.1367432531,444.5894127378,26209150,914
2022,"Region_3","Sharks",354250.4,1873,202.440057471264,189.135290977042,5688996,725
2022,"Region_3",NA,292069.1,1908,238.38373461395,153.076048218029,5857663,766
2022,"Region_3_4_BCS_TBD","Molluscs excl. Cephalopods",1992314,416,4789.21634615385,4789.21634615385,11975396.15,416
2022,"Region_3_4_BCS_TBD","Pelagic marine fishes",99442,51,1949.8431372549,1949.8431372549,9944200,51
2022,"Region_3_4_BCS_TBD",NA,167126,60,2785.43333333333,2785.43333333333,1341392,60
2022,"Region_4","Cephalopods",4330.4,53,97.087037037037,81.7056603773585,405750,18
2022,"Region_4","Crustaceans",245,17,15.2777777777778,14.4117647058824,7425,6
2022,"Region_4","Demersal marine fishes",2586802.9,23628,155.388787818219,109.480400372439,149250584.48,5956
2022,"Region_4","Marine fishes NEI",27101.3,873,41.8423550778723,31.0438717067583,309436,145
2022,"Region_4","Molluscs excl. Cephalopods",135308,350,732.499192290553,386.594285714286,259991,136
2022,"Region_4","Pelagic marine fishes",555769.63,4460,193.163290266408,124.612024663677,16589298,1038
2022,"Region_4","Sharks",1678156.65,2367,843.917864092938,708.98041825095,11614472,640
2022,"Region_4","Shrimps, prawns",17784,129,198.36380952381,137.860465116279,1944710,15
2022,"Region_4",NA,140982.78,1935,128.851267144378,72.8593178294574,3389237,540
2022,"Region_4_5_6_Sonora_TBD","Crustaceans",26650,88,299.193548387097,302.840909090909,988350,31
2022,"Region_4_5_6_Sonora_TBD","Demersal marine fishes",1161784.2,170,11497.2133333333,6834.02470588235,14660254,100
2022,"Region_4_5_6_Sonora_TBD","Marine fishes NEI",5000,19,269.047619047619,263.157894736842,64500,7
2022,"Region_4_5_6_Sonora_TBD","Molluscs excl. Cephalopods",638953,250,2849.6314484127,2555.812,8334469.47,224
2022,"Region_4_5_6_Sonora_TBD","Pelagic marine fishes",711308.28,56,12572.5031578947,12701.9335714286,1831957.5,19
2022,"Region_4_5_6_Sonora_TBD","Shrimps, prawns",749968.8,337,3114.53554327808,2225.42670623145,64779800,181
2022,"Region_4_5_6_Sonora_TBD",NA,2355,9,882.1875,261.666666666667,38760,2
2022,"Region_5","Cephalopods",5615,196,70.6248474601361,28.6479591836735,131355,13
2022,"Region_5","Crustaceans",212368,286,891.351447245565,742.545454545455,5854515,119
2022,"Region_5","Demersal marine fishes",25311560.1,17222,2209.73187636049,1469.72245383811,265978153.5,3586
2022,"Region_5","Marine fishes NEI",27273.7,145,220.75183982684,188.094482758621,206055,33
2022,"Region_5","Molluscs excl. Cephalopods",7714251,2331,3599.59905342998,3309.41698841699,68924453,1557
2022,"Region_5","Pelagic marine fishes",3675636.63,1234,3386.37689744102,2978.63584278768,64202191,477
2022,"Region_5","Sharks",607468.5,2649,401.14026388396,229.31993204983,10143170,361
2022,"Region_5","Shrimps, prawns",2070847.8,9706,332.285325144633,213.35749021224,213814350,947
2022,"Region_5",NA,50698536,8386,9560.28298185631,6045.61602671119,159687785.6,2155
2022,"Region_6","Cephalopods",119277.8,685,160.749386724387,174.128175182482,12059338,198
2022,"Region_6","Crustaceans",1559078,1656,1043.99150272285,941.472222222222,55646628.4,604
2022,"Region_6","Demersal marine fishes",3093157.95,12843,273.365619916668,240.843879934595,93154139,4077
2022,"Region_6","Marine fishes NEI",10690,71,172.521739130435,150.56338028169,356550,23
2022,"Region_6","Molluscs excl. Cephalopods",3288171,2205,2484.50449205238,1491.23401360544,45116914.08,977
2022,"Region_6","Pelagic marine fishes",565891.5,1153,564.531543848493,490.79921942758,14822369,354
2022,"Region_6","Sharks",868055.9,1602,630.355023547881,541.857615480649,13948742,546
2022,"Region_6","Shrimps, prawns",693696.2,1209,644.063300244751,573.776840363937,66870290,215
2022,"Region_6",NA,455052,922,434.014002267574,493.548806941432,26989184,294
2022,"Region_7","Cephalopods",203913.4,822,247.998177655678,248.069829683698,8883857,260
2022,"Region_7","Crustaceans",4541731.2,6648,882.415795875696,683.172563176895,139341772.38,3058
2022,"Region_7","Demersal marine fishes",4287163.9,11601,410.508035523382,369.551236962331,93262851,4102
2022,"Region_7","Marine fishes NEI",62129,217,331.827203647416,286.308755760369,689632,94
2022,"Region_7","Molluscs excl. Cephalopods",10719744,4394,3566.12820662484,2439.6322257624,93059739.71,1780
2022,"Region_7","Pelagic marine fishes",574061248.42,14114,49874.0341056017,40673.1790009919,1141104574.09,4598
2022,"Region_7","Sharks",1128665.8,1006,1873.06816236475,1121.93419483101,9904496,316
2022,"Region_7","Shrimps, prawns",5953620.6,25961,623.235951478693,229.329401795,607383943.63,3669
2022,"Region_7",NA,5496948.9,2844,3981.44792747825,1932.82310126582,47613138,1127
2022,"Region_8","Cephalopods",566793.25,4311,218.702096137554,131.476049640455,19970535,695
2022,"Region_8","Crustaceans",14444543,27017,687.496838340248,534.646444831032,501709168.51,9312
2022,"Region_8","Demersal marine fishes",12626048.99,189722,218.576844740481,66.5502629637048,430326288.64,23026
2022,"Region_8","Diadromous fishes",366815,1016,520.826256048478,361.038385826772,3888760,351
2022,"Region_8","Marine fishes NEI",690611.65,12085,218.141381223535,57.1461853537443,13935120,1554
2022,"Region_8","Molluscs excl. Cephalopods",6071976,10985,1147.6418690981,552.751570323168,125857054.24,3206
2022,"Region_8","Other marine invertebrates",14614,17,888,859.647058823529,693210,9
2022,"Region_8","Pelagic marine fishes",164900781.79,50191,8892.13710387228,3285.46515889303,1087768988.35,5047
2022,"Region_8","Sharks",5594688.65,22569,677.082887572622,247.892624839381,123262671.55,2632
2022,"Region_8","Shrimps, prawns",23697843.4,104160,1160.84468590745,227.513857526882,2020325476.67,11144
2022,"Region_8",NA,252820.58,8216,84.7141753647116,30.7717356377799,4543233,515
2022,"Region_9","Cephalopods",12810,894,21.9541262262336,14.3288590604027,1423100,19
2022,"Region_9","Crustaceans",135995.5,1752,655.935198018577,77.623002283105,2382389,174
2022,"Region_9","Demersal marine fishes",4555692.35,89709,115.681554711457,50.7830022628722,154599039,14546
2022,"Region_9","Diadromous fishes",13017.7,84,123.786592818946,154.972619047619,360411,14
2022,"Region_9","Marine fishes NEI",859285.75,16313,131.247389108312,52.6749065162754,17473346,2279
2022,"Region_9","Molluscs excl. Cephalopods",580995,970,774.96568354288,598.963917525773,14230416,318
2022,"Region_9","Pelagic marine fishes",1378131.6,19447,179.106604769034,70.8660256080629,60860300,3050
2022,"Region_9","Sharks",1022053.1,9588,193.818725754869,106.597110972048,20669905,1730
2022,"Region_9","Shrimps, prawns",1556045.2,3362,1270.61247612222,462.833194527067,83746580,729
2022,"Region_9",NA,241841.9,8288,51.6081047075476,29.1797659266409,4452699,723
2023,"Region_1","Cephalopods",2042,35,58.0111111111111,58.3428571428571,79055,15
2023,"Region_1","Crustaceans",61638,257,308.075617283951,239.836575875486,11985345,108
2023,"Region_1","Demersal marine fishes",8825262,2880,4530.45767827281,3064.32708333333,135453204,920
2023,"Region_1","Marine algae",304525,62,5421.71428571429,4911.6935483871,1180006,49
2023,"Region_1","Marine fishes NEI",14,1,14,14,490,1
2023,"Region_1","Molluscs excl. Cephalopods",2191764,1130,1827.59387351779,1939.61415929204,66747616,1012
2023,"Region_1","Other marine invertebrates",250,1,250,250,1125,1
2023,"Region_1","Pelagic marine fishes",731907,254,4169.18444444444,2881.52362204724,20018733,150
2023,"Region_1","Sharks",188431,455,911.759025570389,414.134065934066,4599020,165
2023,"Region_1","Shrimps, prawns",972082,860,1185.42983333333,1130.32790697674,149253181,460
2023,"Region_1",NA,69447,319,245.165217391304,217.702194357367,994335,115
2023,"Region_1_2_Baja_TBD","Demersal marine fishes",785165,139,5338.62244897959,5648.6690647482,5999000,49
2023,"Region_1_2_Baja_TBD","Shrimps, prawns",5294,4,909,1323.5,599120,2
2023,"Region_1_2_Baja_TBD",NA,290,3,96.6666666666667,96.6666666666667,11020,1
2023,"Region_2","Cephalopods",133647,1375,141.74811386789,97.1978181818182,8141727,402
2023,"Region_2","Crustaceans",26297,294,105.840243902439,89.4455782312925,2031358,123
2023,"Region_2","Demersal marine fishes",3476999,11787,359.712550002247,294.985916687876,101943588,4583
2023,"Region_2","Marine algae",16000,4,4000,4000,36000,1
2023,"Region_2","Marine fishes NEI",6046,100,76.4986486486487,60.46,98441,37
2023,"Region_2","Molluscs excl. Cephalopods",575217,787,1143.1398956003,730.89834815756,18854967,447
2023,"Region_2","Other marine invertebrates",305,4,100.833333333333,76.25,10025,3
2023,"Region_2","Pelagic marine fishes",5114520,2185,3410.89713209432,2340.7414187643,43898947,761
2023,"Region_2","Sharks",446174,1314,424.965469413572,339.55403348554,6449988,527
2023,"Region_2","Shrimps, prawns",15219,20,755.566666666667,760.95,1958500,10
2023,"Region_2",NA,87947,1755,79.2532274309401,50.1122507122507,2467493,343
2023,"Region_3","Cephalopods",189345,797,254.720145379024,237.572145545797,11185534,321
2023,"Region_3","Crustaceans",95147,130,910.282700421941,731.9,30310512,79
2023,"Region_3","Demersal marine fishes",1753755,14328,139.86239358307,122.40054438861,68932958,5297
2023,"Region_3","Marine algae",38676,8,5211.6,4834.5,212949,5
2023,"Region_3","Marine fishes NEI",61813,846,76.9912628302204,73.065011820331,754794,283
2023,"Region_3","Molluscs excl. Cephalopods",57606,77,1024.54615384615,748.12987012987,2840390,26
2023,"Region_3","Pelagic marine fishes",895371,2203,477.009838061265,406.432591920109,21768652,841
2023,"Region_3","Sharks",366817,2024,187.611076345432,181.233695652174,6879551,799
2023,"Region_3",NA,357879,1681,340.915578132559,212.896490184414,7973141,689
2023,"Region_3_4_BCS_TBD","Demersal marine fishes",12371,30,412.366666666667,412.366666666667,214513,15
2023,"Region_3_4_BCS_TBD","Marine fishes NEI",286,2,143,143,2860,1
2023,"Region_3_4_BCS_TBD","Pelagic marine fishes",861,6,143.5,143.5,17990,3
2023,"Region_3_4_BCS_TBD",NA,11,2,5.5,5.5,220,1
2023,"Region_4","Cephalopods",2547,41,61.1611111111111,62.1219512195122,295290,15
2023,"Region_4","Crustaceans",493,15,42.4583333333333,32.8666666666667,77700,8
2023,"Region_4","Demersal marine fishes",2006377,24598,120.075391418786,81.5666720871616,112948298,6072
2023,"Region_4","Marine fishes NEI",18105,573,45.3726137607603,31.5968586387435,198017,116
2023,"Region_4","Molluscs excl. Cephalopods",84836,383,305.217728371702,221.503916449086,695720,151
2023,"Region_4","Other marine invertebrates",17290,34,652.222222222222,508.529411764706,259350,18
2023,"Region_4","Pelagic marine fishes",536106,4393,186.62937742019,122.036421579786,17948024,1076
2023,"Region_4","Sharks",2193679,2053,1337.37688945354,1068.52362396493,15725271,575
2023,"Region_4","Shrimps, prawns",13481,130,96.7999748005263,103.7,1733700,8
2023,"Region_4",NA,133932,2456,94.2368916922058,54.5325732899023,3066602,576
2023,"Region_4_5_6_Sonora_TBD","Cephalopods",900,6,150,150,19600,2
2023,"Region_4_5_6_Sonora_TBD","Crustaceans",37751,76,508.371794871795,496.723684210526,1499030,26
2023,"Region_4_5_6_Sonora_TBD","Demersal marine fishes",781796,167,8430.98409090909,4681.41317365269,12535144,88
2023,"Region_4_5_6_Sonora_TBD","Marine fishes NEI",905,18,49,50.2777777777778,21750,5
2023,"Region_4_5_6_Sonora_TBD","Molluscs excl. Cephalopods",227896,76,4280.41869918699,2998.63157894737,2720300,41
2023,"Region_4_5_6_Sonora_TBD","Pelagic marine fishes",474147,33,15270.0952380952,14368.0909090909,850411,14
2023,"Region_4_5_6_Sonora_TBD","Sharks",19544,31,477,630.451612903226,201065,8
2023,"Region_4_5_6_Sonora_TBD","Shrimps, prawns",601476,342,2692.92063492063,1758.70175438596,52834810,189
2023,"Region_4_5_6_Sonora_TBD",NA,994,18,55.2222222222222,55.2222222222222,113600,6
2023,"Region_5","Cephalopods",9887,195,122.935937116074,50.7025641025641,333860,20
2023,"Region_5","Crustaceans",315646,542,638.88286163522,582.372693726937,7241558,212
2023,"Region_5","Demersal marine fishes",29908569,18058,2474.19805629625,1656.25035995127,295888359,4100
2023,"Region_5","Marine fishes NEI",16612,185,124.208892958893,89.7945945945946,132257,39
2023,"Region_5","Molluscs excl. Cephalopods",2613183,1663,1657.00166984733,1571.36680697535,29377423,1048
2023,"Region_5","Pelagic marine fishes",5022694,1712,3447.72932674561,2933.81658878505,61815319,559
2023,"Region_5","Sharks",981063,2106,617.626663308601,465.84188034188,10141812,393
2023,"Region_5","Shrimps, prawns",1728973,6156,420.113128556479,280.859811565952,169980266,864
2023,"Region_5",NA,909853,402,2762.32542194093,2263.31592039801,6244348,237
2023,"Region_6","Cephalopods",173651,728,240.325737534071,238.531593406593,15570730,198
2023,"Region_6","Crustaceans",1303320,1444,1123.24884208088,902.576177285319,47011151,556
2023,"Region_6","Demersal marine fishes",3154322,12434,322.62777637668,253.68521795078,93830209,3878
2023,"Region_6","Marine fishes NEI",6377,43,172.157509157509,148.302325581395,116030,13
2023,"Region_6","Molluscs excl. Cephalopods",1129745,1619,1033.76625563192,697.804200123533,16436650,581
2023,"Region_6","Pelagic marine fishes",587110,1218,579.083935863191,482.027914614122,13397399,376
2023,"Region_6","Sharks",620841,1203,554.461995714178,516.077306733167,12666969,401
2023,"Region_6","Shrimps, prawns",868500,1455,624.299413028754,596.907216494845,75270020,167
2023,"Region_6",NA,350635,784,391.085487528345,447.238520408163,20113150,245
2023,"Region_7","Cephalopods",76612,642,140.55617565392,119.333333333333,6297475,266
2023,"Region_7","Crustaceans",5731648,6254,1244.92952972229,916.477134633834,174142337,3052
2023,"Region_7","Demersal marine fishes",5153577,9789,610.909204120829,526.466135458167,102026250,3676
2023,"Region_7","Marine fishes NEI",14643,169,119.808981422618,86.6449704142012,226910,66
2023,"Region_7","Molluscs excl. Cephalopods",8707122,4008,3414.05990293845,2172.43562874251,85240422,1686
2023,"Region_7","Pelagic marine fishes",665430008,16391,47990.2504013559,40597.2794826429,1363087464,5226
2023,"Region_7","Sharks",829944,827,1143.96642454013,1003.55985489722,9224564,368
2023,"Region_7","Shrimps, prawns",7310377,21335,714.040475185854,342.647152566206,606141811,3743
2023,"Region_7",NA,1607737,2228,1509.23427246604,721.605475763016,40812747,880
2023,"Region_8","Cephalopods",964341,6445,351.398228450182,149.626221877424,29750554,811
2023,"Region_8","Crustaceans",18384264,32772,652.837128988443,560.974734529476,584109107,13185
2023,"Region_8","Demersal marine fishes",14519475,213019,230.654894520229,68.1604692539163,483720274,25306
2023,"Region_8","Diadromous fishes",556258,1075,799.49509814782,517.449302325581,4747489,372
2023,"Region_8","Marine fishes NEI",519556,11010,199.165932295709,47.1894641235241,9759012,1334
2023,"Region_8","Molluscs excl. Cephalopods",4668476,21012,573.566319933533,222.181420140872,93564407,4001
2023,"Region_8","Pelagic marine fishes",195778821,41810,9423.56860985982,4682.58361635972,1195658445,5328
2023,"Region_8","Sharks",7460766,21444,937.553282726888,347.918578623391,148433589,2704
2023,"Region_8","Shrimps, prawns",20336361,77338,1071.15896561587,262.95431741188,1619126519,9011
2023,"Region_8",NA,200829,6170,102.149122095798,32.5492706645057,3805191,445
2023,"Region_9","Cephalopods",6695,902,11.3759364238919,7.42239467849224,1005950,19
2023,"Region_9","Crustaceans",156408,1052,764.591552019541,148.67680608365,2789395,170
2023,"Region_9","Demersal marine fishes",4023980,89247,98.590709636726,45.0881262115253,147574679,12883
2023,"Region_9","Diadromous fishes",18724,73,212.064882943144,256.493150684931,403810,23
2023,"Region_9","Marine fishes NEI",900696,16288,168.217489868458,55.2981335952849,19031716,2244
2023,"Region_9","Molluscs excl. Cephalopods",323293,552,637.713901689708,585.675724637681,4313150,217
2023,"Region_9","Pelagic marine fishes",1185433,20232,167.132337860924,58.5919829972321,59620037,2872
2023,"Region_9","Sharks",982107,8869,211.673546136932,110.734806629834,19899995,1642
2023,"Region_9","Shrimps, prawns",1931598,2084,1910.60950483706,926.870441458733,94818897,651
2023,"Region_9",NA,274000,7526,76.964009728347,36.4071219771459,5490925,655
2024,"Region_1","Cephalopods",2303.95,32,73.41,71.9984375,67095,15
2024,"Region_1","Crustaceans",58247,208,330.154901960784,280.033653846154,11359140,85
2024,"Region_1","Demersal marine fishes",8920599.194,2186,4314.65246035918,4080.78645654163,117630022.44,761
2024,"Region_1","Marine algae",35200,5,7466.66666666667,7040,134400,2
2024,"Region_1","Marine fishes NEI",485.5,17,42.1666666666667,28.5588235294118,9710,3
2024,"Region_1","Molluscs excl. Cephalopods",1213174.66,789,1557.37774810859,1537.61046894804,40611698,749
2024,"Region_1","Other marine invertebrates",4264,19,231,224.421052631579,20095,12
2024,"Region_1","Pelagic marine fishes",1469694.6,306,5673.60633575464,4802.92352941177,35177451,177
2024,"Region_1","Sharks",130552.41,322,686.096858258929,405.442267080745,3108038.2,128
2024,"Region_1","Shrimps, prawns",686608.4,732,920.672003252032,937.989617486339,90595600.6,410
2024,"Region_1",NA,63170,233,266.318681318681,271.115879828326,904720,91
2024,"Region_1_2_Baja_TBD","Cephalopods",8870,2,4435,4435,15966,1
2024,"Region_1_2_Baja_TBD","Demersal marine fishes",613817.5,390,1324.14927988678,1573.89102564103,8972965,54
2024,"Region_1_2_Baja_TBD","Molluscs excl. Cephalopods",360,3,120,120,36000,1
2024,"Region_1_2_Baja_TBD","Other marine invertebrates",11859,37,315.075757575758,320.513513513513,155677,22
2024,"Region_1_2_Baja_TBD","Pelagic marine fishes",2651,9,294.555555555556,294.555555555556,30422,3
2024,"Region_1_2_Baja_TBD",NA,79,7,12.75,11.2857142857143,1155,2
2024,"Region_2","Cephalopods",186051.55,995,285.364647120556,186.98648241206,15792126,363
2024,"Region_2","Crustaceans",21530,222,128.087301587302,96.981981981982,1485200,96
2024,"Region_2","Demersal marine fishes",3756273.327,12783,363.932878835861,293.849122037081,98321120,5309
2024,"Region_2","Marine algae",16000,4,4000,4000,48000,1
2024,"Region_2","Marine fishes NEI",16662.5,109,171.310884353741,152.866972477064,205075.5,49
2024,"Region_2","Molluscs excl. Cephalopods",473860,509,1292.49707086895,930.962671905697,14312426.07,312
2024,"Region_2","Other marine invertebrates",255,1,255,255,1275,1
2024,"Region_2","Pelagic marine fishes",7825182.3,3673,2128.98709584097,2130.46074053907,172354302,1163
2024,"Region_2","Sharks",588991,1477,442.30491248434,398.775220040623,8907100,614
2024,"Region_2","Shrimps, prawns",11021.712,17,635.857,648.336,1589499.6,8
2024,"Region_2",NA,84782.75,1601,149.577805367509,52.9561211742661,2232649.2,311
2024,"Region_3","Cephalopods",211785.6,1007,230.9,210.313406156902,13462700,388
2024,"Region_3","Crustaceans",79283,106,770.178571428571,747.952830188679,24540390,56
2024,"Region_3","Demersal marine fishes",1429841.29,11418,135.057290175151,125.226947801717,52845238.5,4350
2024,"Region_3","Marine algae",57000,10,5700,5700,286000,5
2024,"Region_3","Marine fishes NEI",31771.1,628,52.3862368024133,50.590923566879,398335,221
2024,"Region_3","Molluscs excl. Cephalopods",78661.68,45,1753.74333333333,1748.03733333333,1244070,24
2024,"Region_3","Pelagic marine fishes",730411.7,1846,443.139683663834,395.672643553629,16208460,706
2024,"Region_3","Sharks",391990.8,1961,206.032956685499,199.893319734829,7639198,708
2024,"Region_3",NA,509493.88,1368,563.508582608696,372.437046783626,10777044.5,575
2024,"Region_3_4_BCS_TBD","Crustaceans",4500,1,4500,4500,2925000,1
2024,"Region_3_4_BCS_TBD","Demersal marine fishes",6320.8,29,242.285714285714,217.958620689655,165185,14
2024,"Region_3_4_BCS_TBD","Marine fishes NEI",231,2,115.5,115.5,2520,1
2024,"Region_3_4_BCS_TBD","Pelagic marine fishes",680,7,112.555555555556,97.1428571428571,17850,3
2024,"Region_3_4_BCS_TBD",NA,218.9,7,32.9388888888889,31.2714285714286,4717,3
2024,"Region_4","Cephalopods",4419.6,49,87.315,90.1959183673469,564100,15
2024,"Region_4","Crustaceans",1486,162,15.0655287999038,9.17283950617284,102916,24
2024,"Region_4","Demersal marine fishes",1701556.71,22138,100.596493987077,76.8613564911013,91310897.55,6457
2024,"Region_4","Diadromous fishes",380,2,190,190,3040,1
2024,"Region_4","Marine fishes NEI",19504.7,535,61.7703858053858,36.4573831775701,240409,117
2024,"Region_4","Molluscs excl. Cephalopods",48498,240,340.889614332355,202.075,397095,56
2024,"Region_4","Other marine invertebrates",2300,3,766.666666666667,766.666666666667,4600,1
2024,"Region_4","Pelagic marine fishes",650149.73,6106,164.304831594865,106.477191287258,20055159.4,1479
2024,"Region_4","Sharks",4009221.385,2306,1925.07796127227,1738.6042432784,25546803.4,724
2024,"Region_4","Shrimps, prawns",18200,80,351.637815947493,227.5,1941500,7
2024,"Region_4",NA,82868.54,1784,78.8580373216914,46.4509753363229,2187798.15,511
2024,"Region_4_5_6_Sonora_TBD","Cephalopods",1900,9,211.111111111111,211.111111111111,32800,3
2024,"Region_4_5_6_Sonora_TBD","Crustaceans",29745,31,924.833333333333,959.516129032258,1269800,10
2024,"Region_4_5_6_Sonora_TBD","Demersal marine fishes",1203882.1,245,6792.84280078895,4913.80448979592,18727080,169
2024,"Region_4_5_6_Sonora_TBD","Molluscs excl. Cephalopods",644615,130,5958.36507936508,4958.57692307692,8414100,105
2024,"Region_4_5_6_Sonora_TBD","Pelagic marine fishes",502177.2,50,8798.9995,10043.544,1685946.2,40
2024,"Region_4_5_6_Sonora_TBD","Sharks",1470,3,422.5,490,32000,2
2024,"Region_4_5_6_Sonora_TBD","Shrimps, prawns",317948.8,322,2116.65946175037,987.418633540373,29103250,121
2024,"Region_4_5_6_Sonora_TBD",NA,649688,215,5160.34039548023,3021.80465116279,2554273.6,118
2024,"Region_5","Cephalopods",8680,43,222.209595959596,201.860465116279,162770,18
2024,"Region_5","Crustaceans",439837,548,937.597521334115,802.622262773723,12746143.5,215
2024,"Region_5","Demersal marine fishes",33637692.8,17711,2353.97454139222,1899.25429394162,310556763.62,4268
2024,"Region_5","Marine fishes NEI",24726.5,140,193.359063555492,176.617857142857,197458,28
2024,"Region_5","Molluscs excl. Cephalopods",2273855.5,1246,1852.96544203004,1824.92415730337,16133017,716
2024,"Region_5","Pelagic marine fishes",2896034.52,1248,2611.35393286635,2320.54048076923,39578267.6,447
2024,"Region_5","Sharks",1261719.15,2282,877.484255152826,552.900591586328,12981769,543
2024,"Region_5","Shrimps, prawns",1703735.24,4819,440.466938153293,353.545391159992,143804434,830
2024,"Region_5",NA,34643423.97,6795,7393.41208782035,5098.36997350993,114811700.597,2482
2024,"Region_6","Cephalopods",194167.1,713,251.756646721516,272.32412342216,16879930,191
2024,"Region_6","Crustaceans",968586,1090,1066.30355680356,888.611009174312,45557120,407
2024,"Region_6","Demersal marine fishes",3222655.151,11870,324.999663166834,271.49580042123,107521653.8,3776
2024,"Region_6","Marine fishes NEI",7415,63,132.222222222222,117.698412698413,69840,18
2024,"Region_6","Molluscs excl. Cephalopods",717648,1287,631.571953010279,557.613053613054,9266312,454
2024,"Region_6","Pelagic marine fishes",595582.8,1093,698.895872561059,544.906495882891,11773870,349
2024,"Region_6","Sharks",614591.65,999,781.919232745181,615.206856856857,12141891,336
2024,"Region_6","Shrimps, prawns",451529.6,632,772.51680762653,714.445569620253,36696430,108
2024,"Region_6",NA,395926,484,1007.64176829268,818.028925619835,20376500,164
2024,"Region_7","Cephalopods",131049.5,726,169.938935904453,180.508953168044,12359365,261
2024,"Region_7","Crustaceans",3151416.69,3875,1056.35779511384,813.268823225806,95804323.245,1977
2024,"Region_7","Demersal marine fishes",5104930.8,9589,568.045316400333,532.373636458442,100273207,3340
2024,"Region_7","Marine fishes NEI",74828,241,473.131025641026,310.489626556017,849755,75
2024,"Region_7","Molluscs excl. Cephalopods",6038480.63,3173,2819.12221240981,1903.08245508982,66407338.15,1400
2024,"Region_7","Pelagic marine fishes",502614377.3028,17425,34069.3043259365,28844.4405912654,2507420157.427,4799
2024,"Region_7","Sharks",999269.55,902,1351.40587483974,1107.83763858093,12333995,400
2024,"Region_7","Shrimps, prawns",4346144.36,14062,715.360770632723,309.070143649552,363402782.326,2003
2024,"Region_7",NA,24427502.86,2679,15584.6735478531,9118.14216498694,87147794.7,1335
2024,"Region_8","Cephalopods",1046223.92,5850,374.961090912259,178.841695726496,30288441.8,917
2024,"Region_8","Crustaceans",16410785.19,34156,617.140186610446,480.465663133856,557235564.92,12072
2024,"Region_8","Demersal marine fishes",17370862.2935,193912,248.331309134728,89.5811620399975,581463542.879,25056
2024,"Region_8","Diadromous fishes",604992,1677,551.462554966111,360.758497316637,5727698,501
2024,"Region_8","Marine fishes NEI",637747.15,11075,177.642890289848,57.5843927765237,10359167,1274
2024,"Region_8","Molluscs excl. Cephalopods",4741808.13,14321,628.298287617116,331.108730535577,80554335.15,3144
2024,"Region_8","Other marine invertebrates",9100,6,1516.66666666667,1516.66666666667,109200,1
2024,"Region_8","Pelagic marine fishes",195005851.32,41914,7973.1455040518,4652.52305482655,1380492181.1,5309
2024,"Region_8","Sharks",13808525.23,19804,2179.48934723442,697.259403655827,223550050.2,3221
2024,"Region_8","Shrimps, prawns",11808474.736,58233,745.881894182567,202.779776690193,850990359.85,5621
2024,"Region_8",NA,195237.5,6921,74.2811864527766,28.209435052738,8614265,471
2024,"Region_9","Cephalopods",1095,237,4.71290213423448,4.62025316455696,166400,9
2024,"Region_9","Crustaceans",134981.4,1350,478.372455346859,99.9862222222222,2546810,237
2024,"Region_9","Demersal marine fishes",4560505.09,90839,110.102658042734,50.2042634771409,173929272.3,13629
2024,"Region_9","Diadromous fishes",48421.7,141,833.752609226522,343.416312056738,444874,39
2024,"Region_9","Marine fishes NEI",878149.3,16394,149.979059833034,53.5652860802733,18515943.5,1996
2024,"Region_9","Molluscs excl. Cephalopods",172126,275,717.714197530864,625.912727272727,3287390,135
2024,"Region_9","Pelagic marine fishes",1151211.23,19700,150.628696701771,58.4371182741117,54665931,2636
2024,"Region_9","Sharks",892916.1,6897,263.458763452925,129.464419312745,20063941,1116
2024,"Region_9","Shrimps, prawns",2015069.39,2985,1751.56538191129,675.065122278057,91201037.73,793
2024,"Region_9",NA,285389.6,7201,76.0127165024791,39.6319400083322,6474107.2,558
