Index,main_species_group,recorded_species_name,keyword_1,keyword_2,keyword_3,keyword_4,keyword_5,recorded_species_name_clean,recorded_scientific_name,recorded_scientific_name_clean,common_name_english_estimated,species_estimated,genus_estimated,family_estimated,source_of_estimate,classification_certainty
1,ANCHOVETA,ANCHOVETA ENT. FCA. (ENGRAULIS MORDAX),ENT.,FCA.,NA,NA,NA,ANCHOVETA (ENGRAULIS MORDAX),ENGRAULIS MORDAX,Engraulis mordax,Northern anchovy,Engraulis mordax,Engraulis,Engraulidae,taxize,high
2,ANCHOVETA,ANCHOVETA IND. (ENGRAULIS MORDAX),IND.,NA,NA,NA,NA,ANCHOVETA (ENGRAULIS MORDAX),ENGRAULIS MORDAX,Engraulis mordax,Northern anchovy,Engraulis mordax,Engraulis,Engraulidae,taxize,high
3,ANCHOVETA,ANCHOA ENT. FCA.,ENT.,FCA.,NA,NA,NA,ANCHOA,NA,NA,anchovy,NA,NA,Engraulidae,logical conclusion based on research,high
4,ANCHOVETA,ANCHOA DESV. FCA.,DESV.,FCA.,NA,NA,NA,ANCHOA,NA,NA,anchovy,NA,NA,Engraulidae,logical conclusion based on research,high
5,ANCHOVETA,ANCHOVETA IND.,IND.,NA,NA,NA,NA,ANCHOVETA,NA,NA,anchovy,NA,NA,Engraulidae,logical conclusion based on research,high
6,ANCHOVETA,ANCHOVETA ENT. FCA.,ENT.,FCA.,NA,NA,NA,ANCHOVETA,NA,NA,anchovy,NA,NA,Engraulidae,logical conclusion based on research,high
7,ANCHOVETA,BOQUERON ENT. FCO.,ENT.,FCO.,NA,NA,NA,BOQUERON,NA,NA,anchovy,NA,NA,Engraulidae,logical conclusion based on research,high
8,ANCHOVETA,MANJUA ENT. FCA.,ENT.,FCA.,NA,NA,NA,MANJUA,NA,NA,anchovy,NA,NA,Engraulidae,logical conclusion based on research,high
9,ANCHOVETA,MANJUA DESV. FCA.,DESV.,FCA.,NA,NA,NA,MANJUA,NA,NA,anchovy,NA,NA,Engraulidae,logical conclusion based on research,high
10,ATUN,ATUN ALETA AMARILLA ENT. FCO. (THUNNUS ALBACARES),ALETA,ENT.,FCO.,NA,NA,ATUN AMARILLA (THUNNUS ALBACARES),THUNNUS ALBACARES,Thunnus albacares,Yellowfin tuna,Thunnus albacares,Thunnus,Scombridae,taxize,high
11,ATUN,ATUN ALETA AMARILLA DESV. FCO. (THUNNUS ALBACARES),ALETA,DESV.,FCO.,NA,NA,ATUN AMARILLA (THUNNUS ALBACARES),THUNNUS ALBACARES,Thunnus albacares,Yellowfin tuna,Thunnus albacares,Thunnus,Scombridae,taxize,high
12,ATUN,ATUN ALETA AMARILLA IND. (THUNNUS ALBACARES),ALETA,IND.,NA,NA,NA,ATUN AMARILLA (THUNNUS ALBACARES),THUNNUS ALBACARES,Thunnus albacares,Yellowfin tuna,Thunnus albacares,Thunnus,Scombridae,taxize,high
13,ATUN,"ATUN ALETA AMARILLA DESV, DESC FCO (THUNNUS ALBACARES)",ALETA,"DESV,",DESC,FCO,NA,ATUN AMARILLA (THUNNUS ALBACARES),THUNNUS ALBACARES,Thunnus albacares,Yellowfin tuna,Thunnus albacares,Thunnus,Scombridae,taxize,high
14,ATUN,ATUN ALETA AMARILLA  ENT. FCO. (THUNNUS ALBACARES),ALETA,ENT.,FCO.,NA,NA,ATUN AMARILLA (THUNNUS ALBACARES),THUNNUS ALBACARES,Thunnus albacares,Yellowfin tuna,Thunnus albacares,Thunnus,Scombridae,taxize,high
15,ATUN,ALBACORA ENT. FCA.,ENT.,FCA.,NA,NA,NA,ALBACORA,NA,NA,Albacore,NA,Thunnus,Scombridae,logical conclusion based on research,
16,ATUN,ATUN ENT. FCO.,ENT.,FCO.,NA,NA,NA,ATUN,NA,NA,tuna,NA,Thunnus,Scombridae,logical conclusion based on research,
17,ATUN,ATUN DESV. FCO.,DESV.,FCO.,NA,NA,NA,ATUN,NA,NA,tuna,NA,Thunnus,Scombridae,logical conclusion based on research,
18,ATUN,ATUN ALETA AMARILLA ENT. FCO.,ALETA,ENT.,FCO.,NA,NA,ATUN AMARILLA,NA,NA,Yellowfin tuna,Thunnus albacares,Thunnus,Scombridae,logical conclusion based on research,
19,ATUN,ATUN ALETA AMARILLA DESV. FCO.,ALETA,DESV.,FCO.,NA,NA,ATUN AMARILLA,NA,NA,Yellowfin tuna,Thunnus albacares,Thunnus,Scombridae,logical conclusion based on research,
20,ATUN,ATUN ALETA AMARILLA  ENT. FCO.,ALETA,ENT.,FCO.,NA,NA,ATUN AMARILLA,NA,NA,Yellowfin tuna,Thunnus albacares,Thunnus,Scombridae,logical conclusion based on research,
21,ATUN,"ATUN ALETA AMARILLA DESV, DESC FCO",ALETA,"DESV,",DESC,FCO,NA,ATUN AMARILLA,NA,NA,Yellowfin tuna,Thunnus albacares,Thunnus,Scombridae,logical conclusion based on research,
22,ATUN,ATUN ALETA AZUL ENT. FCO.,ALETA,ENT.,FCO.,NA,NA,ATUN AZUL,NA,NA,Bluefin tuna,Thunnus orientalis,Thunnus,Scombridae,logical conclusion based on research,
23,ATUN,ATUN ALETA AZUL DESV. Y DESC. FCO.,ALETA,DESV.,DESC.,FCO.,NA,ATUN AZUL,NA,NA,Bluefin tuna,Thunnus orientalis,Thunnus,Scombridae,logical conclusion based on research,
24,ATUN,ATUN ALETA AZUL DE CULTIVO ENT. FCO.,ALETA,DE CULTIVO,ENT.,FCO.,NA,ATUN AZUL,NA,NA,Bluefin tuna,Thunnus orientalis,Thunnus,Scombridae,logical conclusion based on research,
25,ATUN,ATUN ALETA AZUL DE CULTIVO DESV. DSC. FCO.,ALETA,DE CULTIVO,DESV.,DSC.,FCO.,ATUN AZUL,NA,NA,Bluefin tuna,Thunnus orientalis,Thunnus,Scombridae,logical conclusion based on research,
26,ATUN,ATUN ALETA AZUL VIVO P/ABASTO RANCHO,ALETA,NA,NA,NA,NA,ATUN AZUL VIVO P/ABASTO RANCHO,NA,NA,Bluefin tuna,Thunnus orientalis,Thunnus,Scombridae,logical conclusion based on research,
27,ATUN,ATUN OJO GRANDE ENT. FCO.,ENT.,FCO.,NA,NA,NA,ATUN OJO GRANDE,NA,NA,Bigeye tuna,Thunnus obesus,Thunnus,Scombridae,logical conclusion based on research,
28,ATUN,ATUN PATUDO ENT. FCO.,ENT.,FCO.,NA,NA,NA,ATUN PATUDO,NA,NA,Bigeye tuna,Thunnus obesus,Thunnus,Scombridae,logical conclusion based on research,
29,BERRUGATA,BERRUGATA DESV. FCA.,DESV.,FCA.,NA,NA,NA,BERRUGATA,NA,NA,croaker,NA,NA,Sciaenidae,"Hastings & Findley, YEAR",
30,BERRUGATA,BERRUGATA ENT. FCA.,ENT.,FCA.,NA,NA,NA,BERRUGATA,NA,NA,croaker,NA,NA,Sciaenidae,"Hastings & Findley, YEAR",
31,BERRUGATA,BERRUGATA DESV. Y DESC. FCA.,DESV.,DESC.,FCA.,NA,NA,BERRUGATA,NA,NA,croaker,NA,NA,Sciaenidae,"Hastings & Findley, YEAR",
32,BERRUGATA,BERRUGATA FILETE DE FCO.,FILETE DE,FCO.,NA,NA,NA,BERRUGATA,NA,NA,croaker,NA,NA,Sciaenidae,"Hastings & Findley, YEAR",
33,BERRUGATA,BOCADULCE ENT. FCA.,ENT.,FCA.,NA,NA,NA,BOCADULCE,NA,NA,croaker,NA,Menticirrhus,Sciaenidae,Spanish common name - internet; dataMares suggests Menticirrhus nasus but I cannot find a good source for that name,
34,BERRUGATA,BOCADULCE DESV. FCA.,DESV.,FCA.,NA,NA,NA,BOCADULCE,NA,NA,croaker,NA,Menticirrhus,Sciaenidae,Spanish common name - internet; dataMares suggests Menticirrhus nasus but I cannot find a good source for that name,
35,BERRUGATA,BOCADULCE FILETE DE FCO.,FILETE DE,FCO.,NA,NA,NA,BOCADULCE,NA,NA,croaker,NA,Menticirrhus,Sciaenidae,Spanish common name - internet; dataMares suggests Menticirrhus nasus but I cannot find a good source for that name,
36,BERRUGATA,CHANO DESV. FCO.,DESV.,FCO.,NA,NA,NA,CHANO,NA,NA,Gulf croaker,Micropogonias megalops,Micropogonias ,Sciaenidae,"Hastings & Findley, YEAR; Micropogonias megalops and altipinnis are synonyms",
37,BERRUGATA,CHANO ENT. FCO.,ENT.,FCO.,NA,NA,NA,CHANO,NA,NA,Gulf croaker,Micropogonias megalops,Micropogonias ,Sciaenidae,"Hastings & Findley, YEAR; Micropogonias megalops and altipinnis are synonyms",
38,BERRUGATA,CHANO FILETE DE FCO.,FILETE DE,FCO.,NA,NA,NA,CHANO,NA,NA,Gulf croaker,Micropogonias megalops,Micropogonias ,Sciaenidae,"Hastings & Findley, YEAR; Micropogonias megalops and altipinnis are synonyms",
39,BERRUGATA,CHANO/BERRUGATA ALETA AMARILLA ENT. FCA.,ENT.,FCA.,NA,NA,NA,CHANO/BERRUGATA ALETA AMARILLA,NA,NA,Yellowfin croaker,Umbrina roncador,Umbrina,Sciaenidae,"Hastings & Findley, YEAR",
40,BERRUGATA,CHANO/BERRUGATA ALETA AMARILLA DESV. FCO.,DESV.,FCO.,NA,NA,NA,CHANO/BERRUGATA ALETA AMARILLA,NA,NA,Yellowfin croaker,Umbrina roncador,Umbrina,Sciaenidae,"Hastings & Findley, YEAR",
41,BERRUGATA,CHANO/BERRUGATA ALETA AMARILLA DESC. Y DESV. FCO.,DESC.,DESV.,FCO.,NA,NA,CHANO/BERRUGATA ALETA AMARILLA,NA,NA,Yellowfin croaker,Umbrina roncador,Umbrina,Sciaenidae,"Hastings & Findley, YEAR",
42,BERRUGATA,CHANO/BERRUGATA ALETA AMARILLA DESC. FCO.,DESC.,FCO.,NA,NA,NA,CHANO/BERRUGATA ALETA AMARILLA,NA,NA,Yellowfin croaker,Umbrina roncador,Umbrina,Sciaenidae,"Hastings & Findley, YEAR",
43,BERRUGATA,GURRUBATA DESV. FCA.,DESV.,FCA.,NA,NA,NA,GURRUBATA,NA,NA,croaker,NA,NA,Sciaenidae,logical conclusion based on research,
44,BERRUGATA,GURRUBATA ENT. FCA.,ENT.,FCA.,NA,NA,NA,GURRUBATA,NA,NA,croaker,NA,NA,Sciaenidae,logical conclusion based on research,
45,BERRUGATA,GURRUBATA FILETE DE FCO.,FILETE DE,FCO.,NA,NA,NA,GURRUBATA,NA,NA,croaker,NA,NA,Sciaenidae,logical conclusion based on research,
46,CAMARON,CAMARON BLANCO ENT. FCO. (LITOPENAEUS VANNAMEI),ENT.,FCO.,NA,NA,NA,CAMARON BLANCO (LITOPENAEUS VANNAMEI),LITOPENAEUS VANNAMEI,Litopenaeus vannamei,White shrimp,Litopenaeus vannamei,Penaeus,Penaeidae,taxize,high
47,CAMARON,CAMARON BLANCO DE CULTIVO ENT. FCO. (LITOPENAEUS VANNAMEI),DE CULTIVO,ENT.,FCO.,NA,NA,CAMARON BLANCO (LITOPENAEUS VANNAMEI),LITOPENAEUS VANNAMEI,Litopenaeus vannamei,White shrimp,Litopenaeus vannamei,Penaeus,Penaeidae,taxize,high
48,CAMARON,CAMARON BLANCO DESC. FCO. (LITOPENAEUS VANNAMEI),DESC.,FCO.,NA,NA,NA,CAMARON BLANCO (LITOPENAEUS VANNAMEI),LITOPENAEUS VANNAMEI,Litopenaeus vannamei,White shrimp,Litopenaeus vannamei,Penaeus,Penaeidae,taxize,high
49,CAMARON,CAMARON DE ALTA MAR DESC. FCO.,DE ALTA MAR,DESC.,FCO.,NA,NA,CAMARON,NA,NA,shrimp,NA,NA,NA,"shrimp; cannot specify species, genus, or family",
50,CAMARON,CAMARON DE CULTIVO ENT. FCO.,DE CULTIVO,ENT.,FCO.,NA,NA,CAMARON,NA,NA,shrimp,NA,NA,NA,"shrimp; cannot specify species, genus, or family",
51,CAMARON,CAMARON DE ALTA MAR POLVO DE,DE ALTA MAR,POLVO DE,NA,NA,NA,CAMARON,NA,NA,shrimp,NA,NA,NA,"shrimp; cannot specify species, genus, or family",
52,CAMARON,CAMARON DE ALTA MAR DESC. SECO,DE ALTA MAR,DESC.,SECO,NA,NA,CAMARON,NA,NA,shrimp,NA,NA,NA,"shrimp; cannot specify species, genus, or family",
53,CAMARON,CAMARON AZUL DESC. FCO.,DESC.,FCO.,NA,NA,NA,CAMARON AZUL,NA,NA,Blue shrimp,Litopenaeus stylirostris,Penaeus,Penaeidae,logical conclusion based on research; Litopenaeus is a newer genus synonym,
54,CAMARON,CAMARON AZUL ENT. FCO.,ENT.,FCO.,NA,NA,NA,CAMARON AZUL,NA,NA,Blue shrimp,Litopenaeus stylirostris,Penaeus,Penaeidae,logical conclusion based on research; Litopenaeus is a newer genus synonym,
55,CAMARON,CAMARON AZUL DE CULTIVO ENT. FCO.,DE CULTIVO,ENT.,FCO.,NA,NA,CAMARON AZUL,NA,NA,Blue shrimp,Litopenaeus stylirostris,Penaeus,Penaeidae,logical conclusion based on research; Litopenaeus is a newer genus synonym,
56,CAMARON,CAMARON AZUL DESC. CONG.,DESC.,CONG.,NA,NA,NA,CAMARON AZUL,NA,NA,Blue shrimp,Litopenaeus stylirostris,Penaeus,Penaeidae,logical conclusion based on research; Litopenaeus is a newer genus synonym,
57,CAMARON,CAMARON BLANCO DE CULTIVO DESC. FCO.,DE CULTIVO,DESC.,FCO.,NA,NA,CAMARON BLANCO,LITOPENAEUS VANNAMEI,NA,White shrimp,Litopenaeus vannamei,Penaeus,Penaeidae,logical conclusion based on research; logical match to taxize,high
58,CAMARON,CAMARON BLANCO DE CULTIVO VIVO,DE CULTIVO VIVO,NA,NA,NA,NA,CAMARON BLANCO,LITOPENAEUS VANNAMEI,NA,White shrimp,Litopenaeus vannamei,Penaeus,Penaeidae,logical conclusion based on research; logical match to taxize,high
59,CAMARON,CAMARON BLANCO DESC. FCO.,DESC.,FCO.,NA,NA,NA,CAMARON BLANCO,LITOPENAEUS VANNAMEI,NA,White shrimp,Litopenaeus vannamei,Penaeus,Penaeidae,logical conclusion based on research; logical match to taxize,high
60,CAMARON,CAMARON BLANCO ENT. FCO.,ENT.,FCO.,NA,NA,NA,CAMARON BLANCO,LITOPENAEUS VANNAMEI,NA,White shrimp,Litopenaeus vannamei,Penaeus,Penaeidae,logical conclusion based on research; logical match to taxize,high
61,CAMARON,CAMARON BLANCO DE CULTIVO ENT. FCO.,DE CULTIVO,ENT.,FCO.,NA,NA,CAMARON BLANCO,LITOPENAEUS VANNAMEI,NA,White shrimp,Litopenaeus vannamei,Penaeus,Penaeidae,logical conclusion based on research; logical match to taxize,high
62,CAMARON,CAMARON BLANCO DESC. CONG.,DESC.,CONG.,NA,NA,NA,CAMARON BLANCO,LITOPENAEUS VANNAMEI,NA,White shrimp,Litopenaeus vannamei,Penaeus,Penaeidae,logical conclusion based on research; logical match to taxize,high
63,CAMARON,CAMARON BLANCO DE CULTIVO ENT. COCIDO,DE CULTIVO,ENT.,NA,NA,NA,CAMARON BLANCO COCIDO,LITOPENAEUS VANNAMEI,NA,White shrimp,Litopenaeus vannamei,Penaeus,Penaeidae,logical conclusion based on research; logical match to taxize,high
64,CAMARON,CAMARON BLANCO DE CULTIVO DESC. COCIDO,DE CULTIVO,DESC.,NA,NA,NA,CAMARON BLANCO COCIDO,LITOPENAEUS VANNAMEI,NA,White shrimp,Litopenaeus vannamei,Penaeus,Penaeidae,logical conclusion based on research; logical match to taxize,high
65,CAMARON,CAMARON BLANCO DEL ATLANTICO,NA,NA,NA,NA,NA,CAMARON BLANCO DEL ATLANTICO,NA,NA,atlantic white shrimp,NA,NA,NA,"could not logically specify species, genus, or family",low
66,CAMARON,CAMARON BOTALON DESC. FCO.,DESC.,FCO.,NA,NA,NA,CAMARON BOTALON,NA,NA,Pacific seabob prawn,Xiphopenaeus riveti,Xiphopenaeus,Penaeidae,Spanish common name - internet,
67,CAMARON,CAMARON BOTALON ENT.FCO.,ENT.,FCO.,NA,NA,NA,CAMARON BOTALON,NA,NA,Pacific seabob prawn,Xiphopenaeus riveti,Xiphopenaeus,Penaeidae,Spanish common name - internet,
68,CAMARON,CAMARON CAFE DESC. FCO.,DESC.,FCO.,NA,NA,NA,CAMARON CAFE,NA,NA,Yellowleg shrimp,Farfantepenaeus californiensis,Penaeus,Penaeidae,logical conclusion based on research; Farfantepenaeus is a newer genus synonym,
69,CAMARON,CAMARON CAFE ENT. FCO.,ENT.,FCO.,NA,NA,NA,CAMARON CAFE,NA,NA,Yellowleg shrimp,Farfantepenaeus californiensis,Penaeus,Penaeidae,logical conclusion based on research; Farfantepenaeus is a newer genus synonym,
70,CAMARON,CAMARON CAFE DE CULTIVO DESC. FCO.,DE CULTIVO,DESC.,FCO.,NA,NA,CAMARON CAFE,NA,NA,Yellowleg shrimp,Farfantepenaeus californiensis,Penaeus,Penaeidae,logical conclusion based on research; Farfantepenaeus is a newer genus synonym,
71,CAMARON,CAMARON CAFE,NA,NA,NA,NA,NA,CAMARON CAFE,NA,NA,Yellowleg shrimp,Farfantepenaeus californiensis,Penaeus,Penaeidae,logical conclusion based on research; Farfantepenaeus is a newer genus synonym,
72,CAMARON,CAMARON CAFE DESC. CONG.,DESC.,CONG.,NA,NA,NA,CAMARON CAFE,NA,NA,Yellowleg shrimp,Farfantepenaeus californiensis,Penaeus,Penaeidae,logical conclusion based on research; Farfantepenaeus is a newer genus synonym,
73,CAMARON,CAMARON CAFE DESCABEZADO FRESCO,DESCABEZADO,FRESCO,NA,NA,NA,CAMARON CAFE,NA,NA,Yellowleg shrimp,Farfantepenaeus californiensis,Penaeus,Penaeidae,logical conclusion based on research; Farfantepenaeus is a newer genus synonym,
74,CAMARON,CAMARON CAFE ENTERO FRESCO,ENTERO,FRESCO,NA,NA,NA,CAMARON CAFE,NA,NA,Yellowleg shrimp,Farfantepenaeus californiensis,Penaeus,Penaeidae,logical conclusion based on research; Farfantepenaeus is a newer genus synonym,
75,CAMARON,CAMARON CAFE ENTERO FCO,ENTERO,FCO,NA,NA,NA,CAMARON CAFE,NA,NA,Yellowleg shrimp,Farfantepenaeus californiensis,Penaeus,Penaeidae,logical conclusion based on research; Farfantepenaeus is a newer genus synonym,
76,CAMARON,CAMARON CEBRA DESC. FCO.,DESC.,FCO.,NA,NA,NA,CAMARON CEBRA,NA,NA,Indio shrimp,Rimapenaeus faoe,Rimapenaeus,Penaeidae,dataMares; I am not confident about this assignment,low
77,CAMARON,CAMARON CEBRA ENT. FCO.,ENT.,FCO.,NA,NA,NA,CAMARON CEBRA,NA,NA,Indio shrimp,Rimapenaeus faoe,Rimapenaeus,Penaeidae,dataMares; I am not confident about this assignment,low
78,CAMARON,CAMARON DE ALTA MAR DESC. COCIDO,DE ALTA MAR,DESC.,NA,NA,NA,CAMARON COCIDO,NA,NA,shrimp,NA,NA,NA,"shrimp; cannot specify species, genus, or family",
79,CAMARON,CAMARON DE ALTA MAR ENT. COCIDO,DE ALTA MAR,ENT.,NA,NA,NA,CAMARON COCIDO,NA,NA,shrimp,NA,NA,NA,"shrimp; cannot specify species, genus, or family",
80,CAMARON,CAMARON CRISTAL DESC. FCO.,DESC.,FCO.,NA,NA,NA,CAMARON CRISTAL,NA,NA,Crystal shrimp,Farfantepenaeus brevirostris,Penaeus,Penaeidae,logical conclusion based on research; dataMares; Farfantepenaeus is a newer genus synonym,
81,CAMARON,CAMARON CRISTAL ENT. FCO.,ENT.,FCO.,NA,NA,NA,CAMARON CRISTAL,NA,NA,Crystal shrimp,Farfantepenaeus brevirostris,Penaeus,Penaeidae,logical conclusion based on research; dataMares; Farfantepenaeus is a newer genus synonym,
82,CAMARON,CAMARON DE AGUA DULCE DESC. FCO.,DESC.,FCO.,NA,NA,NA,CAMARON DE AGUA DULCE,NA,NA,River prawn,Macrobrachium americanum,Macrobrachium,Palaemonidae,dataMares; this species is freshwater and saltwater,
83,CAMARON,CAMARON DE AGUA DULCE ENT. FCO.,ENT.,FCO.,NA,NA,NA,CAMARON DE AGUA DULCE,NA,NA,River prawn,Macrobrachium americanum,Macrobrachium,Palaemonidae,dataMares; this species is freshwater and saltwater,
84,CAMARON,CAMARON DE ALTAMAR ENT. FCO.,ENT.,FCO.,NA,NA,NA,CAMARON DE ALTAMAR,NA,NA,highseas shrimp,NA,NA,NA,"shrimp; cannot specify species, genus, or family; dataMares",
85,CAMARON,CAMARON DE ALTAMAR CABEZA DE,CABEZA DE,NA,NA,NA,NA,CAMARON DE ALTAMAR,NA,NA,highseas shrimp,NA,NA,NA,"shrimp; cannot specify species, genus, or family; dataMares",
86,CAMARON,CAMARON DE ESTERO DESC. FCO.,DESC.,FCO.,NA,NA,NA,CAMARON DE ESTERO,NA,NA,estuary shrimp,NA,NA,NA,"shrimp; cannot specify species, genus, or family; dataMares",
87,CAMARON,CAMARON DE ESTERO ENT. FCO.,ENT.,FCO.,NA,NA,NA,CAMARON DE ESTERO,NA,NA,estuary shrimp,NA,NA,NA,"shrimp; cannot specify species, genus, or family; dataMares",
88,CAMARON,CAMARON DE ESTERO ENT. SECO,ENT.,SECO,NA,NA,NA,CAMARON DE ESTERO,NA,NA,estuary shrimp,NA,NA,NA,"shrimp; cannot specify species, genus, or family; dataMares",
89,CAMARON,CAMARON DE ESTERO DESC. SECO,DESC.,SECO,NA,NA,NA,CAMARON DE ESTERO,NA,NA,estuary shrimp,NA,NA,NA,"shrimp; cannot specify species, genus, or family; dataMares",
90,CAMARON,CAMARON DE ESTERO CABEZA DE,CABEZA DE,NA,NA,NA,NA,CAMARON DE ESTERO,NA,NA,estuary shrimp,NA,NA,NA,"shrimp; cannot specify species, genus, or family; dataMares",
91,CAMARON,CAMARON DE ESTERO DESC. COCIDO,DESC.,NA,NA,NA,NA,CAMARON DE ESTERO COCIDO,NA,NA,estuary shrimp,NA,NA,NA,"shrimp; cannot specify species, genus, or family; dataMares",
92,CAMARON,CAMARON DE ESTERO ENT. COCIDO,ENT.,NA,NA,NA,NA,CAMARON DE ESTERO COCIDO,NA,NA,estuary shrimp,NA,NA,NA,"shrimp; cannot specify species, genus, or family; dataMares",
93,CAMARON,CAMARON DE PROFUNDIDAD,NA,NA,NA,NA,NA,CAMARON DE PROFUNDIDAD,NA,NA,deepsea shrimp,NA,NA,NA,"shrimp; cannot specify species, genus, or family; dataMares",
94,CAMARON,CAMARON DE ROCA DESC. FCO.,DESC.,FCO.,NA,NA,NA,CAMARON DE ROCA,NA,NA,rock shrimp,NA,NA,NA,"shrimp; cannot specify species, genus, or family; dataMares",
95,CAMARON,CAMARON DE ROCA ENT. FCO.,ENT.,FCO.,NA,NA,NA,CAMARON DE ROCA,NA,NA,rock shrimp,NA,NA,NA,"shrimp; cannot specify species, genus, or family; dataMares",
96,CAMARON,CAMARON JAPONES DESC. FCO.,DESC.,FCO.,NA,NA,NA,CAMARON JAPONES,NA,NA,Japanese shrimp,NA,Sicyonia,Sicyoniidae,dataMares,
97,CAMARON,CAMARON JAPONES ENT. FCO.,ENT.,FCO.,NA,NA,NA,CAMARON JAPONES,NA,NA,Japanese shrimp,NA,Sicyonia,Sicyoniidae,dataMares,
98,CAMARON,CAMARON MOTEADO ENT. FCO.,ENT.,FCO.,NA,NA,NA,CAMARON MOTEADO,NA,NA,spotted shrimp,NA,NA,NA,"shrimp; cannot specify species, genus, or family",
99,CAMARON,CAMARON PACOTILLA DESC. FCO.,DESC.,FCO.,NA,NA,NA,CAMARON PACOTILLA,NA,NA,cheap shrimp,NA,NA,NA,"shrimp; cannot specify species, genus, or family",
100,CAMARON,CAMARON PACOTILLA ENT. FCO.,ENT.,FCO.,NA,NA,NA,CAMARON PACOTILLA,NA,NA,cheap shrimp,NA,NA,NA,"shrimp; cannot specify species, genus, or family",
101,CAMARON,CAMARON PIEDRA DESC. FCO.,DESC.,FCO.,NA,NA,NA,CAMARON PIEDRA,NA,NA,strong shrimp,NA,NA,NA,"shrimp; cannot specify species, genus, or family",
102,CAMARON,CAMARON ROJO,NA,NA,NA,NA,NA,CAMARON ROJO,NA,NA,red shrimp,NA,NA,NA,"shrimp; cannot specify species, genus, or family; Seafood Watch report suggests Red shrimp species (Farfantepenaeus brasiliensis in the GOM)",
103,CAMARON,CAMARON ROJO DESC. CONGELADO,DESC.,CONGELADO,NA,NA,NA,CAMARON ROJO,NA,NA,red shrimp,NA,NA,NA,"shrimp; cannot specify species, genus, or family; Seafood Watch report suggests Red shrimp species (Farfantepenaeus brasiliensis in the GOM)",
104,CAMARON,CAMARON ROSADO DESC. FCO.,DESC.,FCO.,NA,NA,NA,CAMARON ROSADO,NA,NA,pink shrimp,NA,NA,NA,"shrimp; cannot specify species, genus, or family; Seafood Watch report suggests Pink shrimp species from the GOM",
105,CAMARON,CAMARON ROSADO ENT. FCO.,ENT.,FCO.,NA,NA,NA,CAMARON ROSADO,NA,NA,pink shrimp,NA,NA,NA,"shrimp; cannot specify species, genus, or family; Seafood Watch report suggests Pink shrimp species from the GOM",
106,CAMARON,CAMARON SIETE BARBAS ENT. FCO.,ENT.,FCO.,NA,NA,NA,CAMARON SIETE BARBAS,NA,NA,Seven-beard shrimp,Xiphopenaeus riveti,Xiphopenaeus,Penaeidae,dataMares; Seafood Watch report,
107,CAMARON,CAMARON SIETE BARBAS DESC. FCO.,DESC.,FCO.,NA,NA,NA,CAMARON SIETE BARBAS,NA,NA,Seven-beard shrimp,Xiphopenaeus riveti,Xiphopenaeus,Penaeidae,dataMares; Seafood Watch report,
108,CAMARON,CAMARON SINTETICO DESC. FCO.,DESC.,FCO.,NA,NA,NA,CAMARON SINTETICO,NA,NA,synthetic shrimp,NA,NA,NA,"shrimp; cannot specify species, genus, or family",high
109,CAMARON,CAMARON SINTETICO ENT. FCO.,ENT.,FCO.,NA,NA,NA,CAMARON SINTETICO,NA,NA,synthetic shrimp,NA,NA,NA,"shrimp; cannot specify species, genus, or family",high
110,CAMARON,CAMRON AZUL DESC. CONGELADO,DESC.,CONGELADO,NA,NA,NA,CAMRON AZUL,NA,NA,Blue shrimp,Litopenaeus stylirostris,Penaeus,Penaeidae,logical conclusion based on research; Litopenaeus is a newer genus synonym,
111,CARPA,CARPA CUERUDA ENT. FCA.,ENT.,FCA.,NA,NA,NA,CARPA CUERUDA,NA,NA,carp,NA,NA,Cyprinidae,carp; cannot specify species or genus,
112,CARPA,CARPA DE ISRAEL ENT. FCA.,ENT.,FCA.,NA,NA,NA,CARPA DE ISRAEL,NA,NA,Common carp (invasive),Cyprinus carpio,Cyprinus,Cyprinidae,logical conclusion based on research; dataMares,
113,CARPA,PEZ PUERCO ENT. FCO.,ENT.,FCO.,NA,NA,NA,PEZ PUERCO,NA,NA,triggerfish,NA,NA,Balistidae,"logical conclusion based on research; however, it is unclear why triggerfish would be lumped with carps",low
114,CARPA,PEZ PUERCO DE CULTIVO ENT. FCO.,DE CULTIVO,ENT.,FCO.,NA,NA,PEZ PUERCO,NA,NA,triggerfish,NA,NA,Balistidae,"logical conclusion based on research; however, it is unclear why triggerfish would be lumped with carps",low
115,CARPA,PEZ PUERCO FILETE DE FCO.,FILETE DE,FCO.,NA,NA,NA,PEZ PUERCO,NA,NA,triggerfish,NA,NA,Balistidae,"logical conclusion based on research; however, it is unclear why triggerfish would be lumped with carps",low
116,CARPA,PEZ PUERCO DE AGUA DULCE ENT. FCO.,ENT.,FCO.,NA,NA,NA,PEZ PUERCO DE AGUA DULCE,NA,NA,triggerfish,NA,NA,Balistidae,"logical conclusion based on research; however, it is unclear why triggerfish would be lumped with carps",low
117,CARPA,CARPA ENT. FCA.,ENT.,FCA.,NA,NA,NA,CARPA,NA,NA,carp,NA,NA,Cyprinidae,carp; cannot specify species or genus,
118,CARPA,CARPA DESV. FCA.,DESV.,FCA.,NA,NA,NA,CARPA,NA,NA,carp,NA,NA,Cyprinidae,carp; cannot specify species or genus,
119,CARPA,CARPA FILETE DE FCO.,FILETE DE,FCO.,NA,NA,NA,CARPA,NA,NA,carp,NA,NA,Cyprinidae,carp; cannot specify species or genus,
120,CARPA,CARPA DE CULTIVO ENT. FCA.,DE CULTIVO,ENT.,FCA.,NA,NA,CARPA,NA,NA,carp,NA,NA,Cyprinidae,carp; cannot specify species or genus,
121,CARPA,CARPA DESV. Y DESC. FCA.,DESV.,DESC.,FCA.,NA,NA,CARPA,NA,NA,carp,NA,NA,Cyprinidae,carp; cannot specify species or genus,
122,CARPA,CARPA DE CULTIVO DESV. FCA.,DE CULTIVO,DESV.,FCA.,NA,NA,CARPA,NA,NA,carp,NA,NA,Cyprinidae,carp; cannot specify species or genus,
123,CARPA,CARPA BARRIGONA ENT. FCA.,ENT.,FCA.,NA,NA,NA,CARPA BARRIGONA,NA,NA,Common carp (invasive),Cyprinus carpio,Cyprinus,Cyprinidae,dataMares,
124,CARPA,CARPA BARRIGONA DESV. FCA.,DESV.,FCA.,NA,NA,NA,CARPA BARRIGONA,NA,NA,Common carp (invasive),Cyprinus carpio,Cyprinus,Cyprinidae,dataMares,
125,CARPA,CARPA CABEZONA ENT. FCA.,ENT.,FCA.,NA,NA,NA,CARPA CABEZONA,NA,NA,Bighead carp (invasive),Hypophthalmichthys nobilis,Hypophthalmichthys,Cyprinidae,logical conclusion based on research,
126,CARPA,CARPA COMUN DESV. FCA.,DESV.,FCA.,NA,NA,NA,CARPA COMUN,NA,NA,Common carp (invasive),Cyprinus carpio,Cyprinus,Cyprinidae,logical conclusion based on research; dataMares,
127,CARPA,CARPA COMUN ENT. FCA.,ENT.,FCA.,NA,NA,NA,CARPA COMUN,NA,NA,Common carp (invasive),Cyprinus carpio,Cyprinus,Cyprinidae,logical conclusion based on research; dataMares,
128,CARPA,CARPA COMUN DESV. Y DESC. FCA.,DESV.,DESC.,FCA.,NA,NA,CARPA COMUN,NA,NA,Common carp (invasive),Cyprinus carpio,Cyprinus,Cyprinidae,logical conclusion based on research; dataMares,
129,CARPA,CARPA COMUN SECA,SECA,NA,NA,NA,NA,CARPA COMUN,NA,NA,Common carp (invasive),Cyprinus carpio,Cyprinus,Cyprinidae,logical conclusion based on research; dataMares,
130,CARPA,CARPA COMUN DE CULTIVO ENT. FCA.,DE CULTIVO,ENT.,FCA.,NA,NA,CARPA COMUN,NA,NA,Common carp (invasive),Cyprinus carpio,Cyprinus,Cyprinidae,logical conclusion based on research; dataMares,
131,CARPA,CARPA COMUN DE CULTIVO DESV. FCA.,DE CULTIVO,DESV.,FCA.,NA,NA,CARPA COMUN,NA,NA,Common carp (invasive),Cyprinus carpio,Cyprinus,Cyprinidae,logical conclusion based on research; dataMares,
132,CARPA,CARPA DORADA ENT. FCA.,ENT.,FCA.,NA,NA,NA,CARPA DORADA,NA,NA,golden carp,NA,NA,Cyprinidae,carp; cannot specify species or genus,
133,CARPA,CARPA ESCAMUDA ENT. FCA.,ENT.,FCA.,NA,NA,NA,CARPA ESCAMUDA,NA,NA,scale carp,NA,NA,Cyprinidae,carp; cannot specify species or genus,
134,CARPA,CARPA ESPEJO ENT. FCA.,ENT.,FCA.,NA,NA,NA,CARPA ESPEJO,NA,NA,Mirror carp (invasive),Cyprinus carpio,Cyprinus,Cyprinidae,logical conclusion based on research; dataMares,
135,CARPA,CARPA HERBIVORA ENT. FCA.,ENT.,FCA.,NA,NA,NA,CARPA HERBIVORA,NA,NA,herbivorous carb,NA,NA,Cyprinidae,carp; cannot specify species or genus,
136,CARPA,CARPA HOCICONA ENT. FCA.,ENT.,FCA.,NA,NA,NA,CARPA HOCICONA,NA,NA,snowball carb,NA,NA,Cyprinidae,carp; cannot specify species or genus,
137,CARPA,CARPA NEGRA ENT. FCA.,ENT.,FCA.,NA,NA,NA,CARPA NEGRA,NA,NA,Black carp (invasive),Mylopharyngodon piceus,Mylopharyngodon,Cyprinidae,carp; cannot specify species or genus,
138,CARPA,CARPA PLATEADA FILETE DE FCO.,FILETE DE,FCO.,NA,NA,NA,CARPA PLATEADA,NA,NA,silver carp,NA,NA,Cyprinidae,carp; cannot specify species or genus,
139,CARPA,CARPA PLATEADA ENT. FCA.,ENT.,FCA.,NA,NA,NA,CARPA PLATEADA,NA,NA,silver carp,NA,NA,Cyprinidae,carp; cannot specify species or genus,
140,CARPA,PEZ PUERCO DESV. Y DESC. FCO.,DESV.,DESC.,FCO.,NA,NA,PEZ PUERCO,NA,NA,triggerfish,NA,NA,Balistidae,"logical conclusion based on research; however, it is unclear why triggerfish would be lumped with carps",low
141,CARPA,PEZ PUERCO DESV. FCO.,DESV.,FCO.,NA,NA,NA,PEZ PUERCO,NA,NA,triggerfish,NA,NA,Balistidae,"logical conclusion based on research; however, it is unclear why triggerfish would be lumped with carps",low
142,CORVINA,BUCHE DE CORVINA GOLFINA,NA,NA,NA,NA,NA,BUCHE DE CORVINA GOLFINA,NA,NA,Gulf corvina,Cynoscion othonopterus,Cynoscion,Sciaenidae,logical conclusion based on research; dataMares,high
143,CORVINA,BUCHE DE CORVINA RAYADA FCO,FCO,NA,NA,NA,NA,BUCHE DE CORVINA RAYADA,NA,NA,Striped corvina,Cynoscion reticulatus,Cynoscion,Sciaenidae,logical conclusion based on research; dataMares,high
144,CORVINA,CORVINA DESV. FCA.,DESV.,FCA.,NA,NA,NA,CORVINA,NA,NA,corvina,NA,Cynoscion,Sciaenidae,corvina; cannot specify species; dataMares,high
145,CORVINA,CORVINA ENT. FCA.,ENT.,FCA.,NA,NA,NA,CORVINA,NA,NA,corvina,NA,Cynoscion,Sciaenidae,corvina; cannot specify species; dataMares,high
146,CORVINA,CORVINA DESV. Y DESC. FCA.,DESV.,DESC.,FCA.,NA,NA,CORVINA,NA,NA,corvina,NA,Cynoscion,Sciaenidae,corvina; cannot specify species; dataMares,high
147,CORVINA,CORVINA FILETE DE FCO.,FILETE DE,FCO.,NA,NA,NA,CORVINA,NA,NA,corvina,NA,Cynoscion,Sciaenidae,corvina; cannot specify species; dataMares,high
148,CORVINA,CORVINA SECA,SECA,NA,NA,NA,NA,CORVINA,NA,NA,corvina,NA,Cynoscion,Sciaenidae,corvina; cannot specify species; dataMares,high
149,CORVINA,CORVINA FILETE DE SECO,FILETE DE,SECO,NA,NA,NA,CORVINA,NA,NA,corvina,NA,Cynoscion,Sciaenidae,corvina; cannot specify species; dataMares,high
150,CORVINA,CORVINA ALETA AMARILLA ENT. FCA.,ENT.,FCA.,NA,NA,NA,CORVINA ALETA AMARILLA,NA,NA,Yellowfin corvina,Umbrina roncador,Umbrina,Sciaenidae,logical conclusion based on research,medium
151,CORVINA,CORVINA AZUL ENT. FCA.,ENT.,FCA.,NA,NA,NA,CORVINA AZUL,NA,NA,Shortfin (blue?) corvina,Cynoscion parvipinnis,Cynoscion,Sciaenidae,dataMares,low
152,CORVINA,CORVINA BLANCA ENT. FCA.,ENT.,FCA.,NA,NA,NA,CORVINA BLANCA,NA,NA,Striped (white?) corvina,Cynoscion reticulatus,Cynoscion,Sciaenidae,dataMares,low
153,CORVINA,CORVINA BLANCA,NA,NA,NA,NA,NA,CORVINA BLANCA,NA,NA,Striped (white?) corvina,Cynoscion reticulatus,Cynoscion,Sciaenidae,dataMares,low
154,CORVINA,CORVINA BLANCA DE CULTIVO ENT. FCA.,DE CULTIVO,ENT.,FCA.,NA,NA,CORVINA BLANCA,NA,NA,Striped (white?) corvina,Cynoscion reticulatus,Cynoscion,Sciaenidae,dataMares,low
155,CORVINA,CORVINA BLANCA DE CULTIVO DESV. FCA.,DE CULTIVO,DESV.,FCA.,NA,NA,CORVINA BLANCA,NA,NA,Striped (white?) corvina,Cynoscion reticulatus,Cynoscion,Sciaenidae,dataMares,low
156,CORVINA,CORVINA BOCA AMARILLA,NA,NA,NA,NA,NA,CORVINA BOCA AMARILLA,NA,NA,Orangemouth corvina,Cynoscion xanthulus,Cynoscion,Sciaenidae,"logical conclusion based on research; Hastings & Findley, YEAR; process of elimination",high
157,CORVINA,CORVINA CHATA ENT. FCA.,ENT.,FCA.,NA,NA,NA,CORVINA CHATA,NA,NA,Flat croaker,Larimus effulgens,Larimus,Sciaenidae,dataMares,low
158,CORVINA,CORVINA ALETA CORTA ENT. FCA.,ENT.,FCA.,NA,NA,NA,CORVINA ALETA CORTA,NA,NA,Shortfin corvina,Cynoscion parvipinnis,Cynoscion,Sciaenidae,"logical conclusion based on research; Hastings & Findley, YEAR",high
159,CORVINA,CORVINA DE AGUA DULCE ENT. FCA.,ENT.,FCA.,NA,NA,NA,CORVINA DE AGUA DULCE,NA,NA,freshwater corvina,NA,Cynoscion,Sciaenidae,corvina; cannot specify species; is the genus correct?,medium
160,CORVINA,CORVINA GOLFINA DESV. FCA.,DESV.,FCA.,NA,NA,NA,CORVINA GOLFINA,NA,NA,Gulf corvina,Cynoscion othonopterus,Cynoscion,Sciaenidae,logical conclusion based on research; dataMares,high
161,CORVINA,CORVINA GOLFINA ENT. FCA.,ENT.,FCA.,NA,NA,NA,CORVINA GOLFINA,NA,NA,Gulf corvina,Cynoscion othonopterus,Cynoscion,Sciaenidae,logical conclusion based on research; dataMares,high
162,CORVINA,CORVINA GRANIZA ENT. FCA.,ENT.,FCA.,NA,NA,NA,CORVINA GRANIZA,NA,NA,Hail (?) corvina,Cynoscion reticulatus,Cynoscion,Sciaenidae,dataMares,medium
163,CORVINA,FILETE DE CORVINA GRANIZA,FILETE DE,NA,NA,NA,NA,CORVINA GRANIZA,NA,NA,Hail (?) corvina,Cynoscion reticulatus,Cynoscion,Sciaenidae,dataMares,medium
164,CORVINA,CORVINA PINTA ENT. FCA.,ENT.,FCA.,NA,NA,NA,CORVINA PINTA,NA,NA,painted corvina,NA,Cynoscion,Sciaenidae,corvina; cannot specify species; dataMares,high
165,CORVINA,CORVINA PLATEADA DESV. FCA.,DESV.,FCA.,NA,NA,NA,CORVINA PLATEADA,NA,NA,silver corvina,NA,Cynoscion,Sciaenidae,corvina; cannot specify species; dataMares,high
166,CORVINA,CORVINA PLATEADA ENT. FCA.,ENT.,FCA.,NA,NA,NA,CORVINA PLATEADA,NA,NA,silver corvina,NA,Cynoscion,Sciaenidae,corvina; cannot specify species; dataMares,high
167,CORVINA,CORVINA RAYADA ENT. FCA.,ENT.,FCA.,NA,NA,NA,CORVINA RAYADA,NA,NA,Striped corvina,Cynoscion reticulatus,Cynoscion,Sciaenidae,logical conclusion based on research; dataMares,high
168,CORVINA,CORVINA ROJA DE CULTIVO ENT. FCA.,DE CULTIVO,ENT.,FCA.,NA,NA,CORVINA ROJA,NA,NA,red corvina,NA,Cynoscion,Sciaenidae,corvina; cannot specify species; dataMares,high
169,CORVINA,CORVINA ROJA DE CULTIVO FILETE FCO.,DE CULTIVO,FILETE,FCO.,NA,NA,CORVINA ROJA,NA,NA,red corvina,NA,Cynoscion,Sciaenidae,corvina; cannot specify species; dataMares,high
170,GUACHINANGO,GUACHINANGO DESV. FCO. (LUTJANUS CAMPECHANUS),DESV.,FCO.,NA,NA,NA,GUACHINANGO (LUTJANUS CAMPECHANUS),LUTJANUS CAMPECHANUS,Lutjanus campechanus,Northern red snapper,Lutjanus campechanus,Lutjanus,Lutjanidae,taxize,high
171,GUACHINANGO,GUACHINANGO ENT. FCO. (LUTJANUS SPP),ENT.,FCO.,NA,NA,NA,GUACHINANGO (LUTJANUS SPP),LUTJANUS SPP,Lutjanus spp,snapper,NA,Lutjanus,Lutjanidae,taxize,high
172,GUACHINANGO,FLAMENCO ENT. FCO.,ENT.,FCO.,NA,NA,NA,FLAMENCO,NA,NA,Spotted rose snapper,Lutjanus guttatus,Lutjanus,Lutjanidae,logical conclusion based on research; dataMares,medium
173,GUACHINANGO,FLAMENCO DESV. FCO.,DESV.,FCO.,NA,NA,NA,FLAMENCO,NA,NA,Spotted rose snapper,Lutjanus guttatus,Lutjanus,Lutjanidae,logical conclusion based on research; dataMares,medium
174,GUACHINANGO,GUACHINANGO FILETE DE FCO.,FILETE DE,FCO.,NA,NA,NA,GUACHINANGO,NA,NA,snapper,NA,Lutjanus,Lutjanidae,snapper; cannot specify species or genus; dataMares,high
175,GUACHINANGO,GUACHINANGO DESV. Y DESC. FCO.,DESV.,DESC.,FCO.,NA,NA,GUACHINANGO,NA,NA,snapper,NA,Lutjanus,Lutjanidae,snapper; cannot specify species or genus; dataMares,high
176,GUACHINANGO,GUACHINANGO DE CULTIVO DESV. FCO.,DE CULTIVO,DESV.,FCO.,NA,NA,GUACHINANGO,NA,NA,snapper,NA,Lutjanus,Lutjanidae,snapper; cannot specify species or genus; dataMares,high
177,GUACHINANGO,GUACHINANGO ENT. FCO.,ENT.,FCO.,NA,NA,NA,GUACHINANGO,NA,NA,snapper,NA,Lutjanus,Lutjanidae,snapper; cannot specify species or genus; dataMares,high
178,GUACHINANGO,GUACHITO ENT. FCO.,ENT.,FCO.,NA,NA,NA,GUACHITO,NA,NA,snapper,NA,Lutjanus,Lutjanidae,snapper; cannot specify species or genus; dataMares; is this the right family?,medium
179,GUACHINANGO,GUACHITO DESV. FCO.,DESV.,FCO.,NA,NA,NA,GUACHITO,NA,NA,snapper,NA,Lutjanus,Lutjanidae,snapper; cannot specify species or genus; dataMares; is this the right family?,medium
180,JUREL,JUREL ENT. FCO. (SERIOLA LALANDI),ENT.,FCO.,NA,NA,NA,JUREL (SERIOLA LALANDI),SERIOLA LALANDI,Seriola lalandi,Yellowtail amberjack,Seriola lalandi,Seriola,Carangidae,taxize,high
181,JUREL,COCINERO DESV. FCO.,COCINERO,DESV.,FCO.,NA,NA,,NA,NA,jack,NA,NA,Carangidae,jack; cannot specify species or genus,high
182,JUREL,COCINERO FILETE DE FCO.,COCINERO,FILETE DE,FCO.,NA,NA,,NA,NA,jack,NA,NA,Carangidae,jack; cannot specify species or genus,high
183,JUREL,CABALLA DESV. FCA.,DESV.,FCA.,NA,NA,NA,CABALLA,NA,NA,Pacific lookdown,Selene peruviana,Selene,Carangidae,dataMares; I am not confident about this assignment,low
184,JUREL,COCINERO ENT. FCO.,COCINERO,ENT.,FCO.,NA,NA,,NA,NA,jack,NA,NA,Carangidae,jack; cannot specify species or genus,high
185,JUREL,CABALLA ENT. FCA.,ENT.,FCA.,NA,NA,NA,CABALLA,NA,NA,Pacific lookdown,Selene peruviana,Selene,Carangidae,dataMares; I am not confident about this assignment,low
186,JUREL,CABALLA MEXICANA ENT. FCA.,ENT.,FCA.,NA,NA,NA,CABALLA MEXICANA,NA,NA,jack,NA,NA,Carangidae,I think I can be more specific about what kind of jack this is,low
187,JUREL,CABALLO DESV. FCO.,DESV.,FCO.,NA,NA,NA,CABALLO,NA,NA,Crevalle jack,Caranx hippos,Caranx,Carangidae,logical conclusion based on research; I am not confident in this assignment,low
188,JUREL,CABALLO ENT. FCO.,ENT.,FCO.,NA,NA,NA,CABALLO,NA,NA,Crevalle jack,Caranx hippos,Caranx,Carangidae,logical conclusion based on research; I am not confident in this assignment,low
189,JUREL,COJINUDA ENT. FCA.,ENT.,FCA.,NA,NA,NA,COJINUDA,NA,NA,jack,NA,NA,Carangidae,jack; cannot specify species or genus,high
190,JUREL,COJINUDA DESV. FCA.,DESV.,FCA.,NA,NA,NA,COJINUDA,NA,NA,jack,NA,NA,Carangidae,jack; cannot specify species or genus,high
191,JUREL,JUREL DESV. FCO.,DESV.,FCO.,NA,NA,NA,JUREL,NA,NA,amberjack,NA,NA,Carangidae,jack; cannot specify species or genus,high
192,JUREL,JUREL DESV. Y DESC. FCO.,DESV.,DESC.,FCO.,NA,NA,JUREL,NA,NA,amberjack,NA,NA,Carangidae,jack; cannot specify species or genus,high
193,JUREL,JUREL FILETE DE FCO.,FILETE DE,FCO.,NA,NA,NA,JUREL,NA,NA,amberjack,NA,NA,Carangidae,jack; cannot specify species or genus,high
194,JUREL,JUREL DE CULTIVO ENT. FCO.,DE CULTIVO,ENT.,FCO.,NA,NA,JUREL,NA,NA,amberjack,NA,NA,Carangidae,jack; cannot specify species or genus,high
195,JUREL,JUREL DE CULTIVO DESV. FCO.,DE CULTIVO,DESV.,FCO.,NA,NA,JUREL,NA,NA,amberjack,NA,NA,Carangidae,jack; cannot specify species or genus,high
196,JUREL,JUREL ENT. FCO.,ENT.,FCO.,NA,NA,NA,JUREL,NA,NA,amberjack,NA,NA,Carangidae,jack; cannot specify species or genus,high
197,JUREL,JUREL,NA,NA,NA,NA,NA,JUREL,NA,NA,amberjack,NA,NA,Carangidae,jack; cannot specify species or genus,high
198,JUREL,JUREL DE CASTILLA ENT. FCO.,ENT.,FCO.,NA,NA,NA,JUREL DE CASTILLA,NA,Seriola lalandi,Yellowtail amberjack,Seriola lalandi,Seriola,Carangidae,logical conclusion based on research; dataMares,medium
199,JUREL,JUREL FINO ENT. FCO.,ENT.,FCO.,NA,NA,NA,JUREL FINO,NA,NA,scad,NA,Decapterus,Carangidae,logical conclusion based on research; dataMares says Decapterus macrosoma but could also be Decapterus macarellus,high
200,JUREL,JUREL NEGRO ENT. FCO.,ENT.,FCO.,NA,NA,NA,JUREL NEGRO,NA,Caranx lugubris,Black jack,Caranx lugubris,Caranx,Carangidae,logical conclusion based on research,medium
201,JUREL,JUREL P / CARNADA,NA,NA,NA,NA,NA,JUREL P / CARNADA,NA,NA,jack (as bait),NA,NA,Carangidae,jack; cannot specify species or genus,medium
202,JUREL,JUREL PRIETO ENT. FCO.,ENT.,FCO.,NA,NA,NA,JUREL PRIETO,NA,Caranx lugubris,Black (dark) jack,Caranx lugubris,Caranx,Carangidae,logical conclusion based on research; dataMares,high
203,JUREL,JURELETE ENT. FCO.,ENT.,FCO.,NA,NA,NA,JURELETE,NA,NA,little jack,NA,NA,Carangidae,jack; maybe can be more specific?,low
204,JUREL,PEJEFUERTE ENT. FCO.,ENT.,FCO.,NA,NA,NA,PEJEFUERTE,NA,NA,strong jacksmelt,NA,Caranx,Carangidae,I think I can be more specific about what kind of jack this is,low
205,JUREL,PEJEFUERTE DESV. FCO.,DESV.,FCO.,NA,NA,NA,PEJEFUERTE,NA,NA,strong jacksmelt,NA,Caranx,Carangidae,I think I can be more specific about what kind of jack this is,low
206,MOJARRA,MOJARRA PRIETA ENT. FCA.,ENT.,FCA.,NA,NA,NA,MOJARRA PRIETA,NA,NA,Grey (dark) grunt,Haemulon scudderii,Haemulon,Haemulidae,logical conclusion based on research; dataMares,medium
207,MOJARRA,MOJARRA RAYADA ENT. FCA.,ENT.,FCA.,NA,NA,NA,MOJARRA RAYADA,NA,NA,Striped grunt,Eugerres plumieri,Eugerres,Gerreidae,logical conclusion based on research; dataMares; could also be Mayan cichlid (Cichlasoma urophthalmus),low
208,MOJARRA,TILAPIA DESV. FCA.,DESV.,FCA.,NA,NA,NA,TILAPIA,NA,NA,Tilapia (non-native),NA,Oreochromis,Cichlidae,logical conclusion based on research; dataMares,high
209,MOJARRA,TILAPIA FILETE DE FCO.,FILETE DE,FCO.,NA,NA,NA,TILAPIA,NA,NA,Tilapia (non-native),NA,Oreochromis,Cichlidae,logical conclusion based on research; dataMares,high
210,MOJARRA,TILAPIA DE CULTIVO ENT. FCA.,DE CULTIVO,ENT.,FCA.,NA,NA,TILAPIA,NA,NA,Tilapia (non-native),NA,Oreochromis,Cichlidae,logical conclusion based on research; dataMares,high
211,MOJARRA,TILAPIA SECA,SECA,NA,NA,NA,NA,TILAPIA,NA,NA,Tilapia (non-native),NA,Oreochromis,Cichlidae,logical conclusion based on research; dataMares,high
212,MOJARRA,TILAPIA DE CULTIVO  DESV. FCA.,DE CULTIVO,DESV.,FCA.,NA,NA,TILAPIA,NA,NA,Tilapia (non-native),NA,Oreochromis,Cichlidae,logical conclusion based on research; dataMares,high
213,MOJARRA,CHOPA ENT. FCA.,ENT.,FCA.,NA,NA,NA,CHOPA,NA,NA,sea chub,NA,NA,Kyphosidae,"Hastings & Findley, YEAR; dataMares",high
214,MOJARRA,CHOPA DE CULTIVO ENT. FCA.,DE CULTIVO,ENT.,FCA.,NA,NA,CHOPA,NA,NA,sea chub,NA,NA,Kyphosidae,"Hastings & Findley, YEAR; dataMares",high
215,MOJARRA,CHOPA DE AGUA DULCE DESV. FCA.,DESV.,FCA.,NA,NA,NA,CHOPA DE AGUA DULCE,NA,NA,freshwater chub,NA,NA,NA,"mojarra (grunt, chub, porgy); cannot specify species, genus, or family",low
216,MOJARRA,CHOPA DE AGUA DULCE FILETE DE FCO.,FILETE DE,FCO.,NA,NA,NA,CHOPA DE AGUA DULCE,NA,NA,freshwater chub,NA,NA,NA,"mojarra (grunt, chub, porgy); cannot specify species, genus, or family",low
217,MOJARRA,MALACAPA ENT. FCA.,ENT.,FCA.,NA,NA,NA,MALACAPA,NA,NA,mojarra,NA,NA,Gerreidae,"dataMares; cannot specify species, genus, or family; logical conclusion based on research",high
218,MOJARRA,MALACAPA DESV. FCA.,DESV.,FCA.,NA,NA,NA,MALACAPA,NA,NA,mojarra,NA,NA,Gerreidae,"dataMares; cannot specify species, genus, or family; logical conclusion based on research",high
219,MOJARRA,MOJARRA DESV. FCO.,DESV.,FCO.,NA,NA,NA,MOJARRA,NA,NA,mojarra (unknown),NA,NA,NA,"mojarra; cannot specify species, genus, or family; logical conclusion based on research",high
220,MOJARRA,MOJARRA ENT. FCA.,ENT.,FCA.,NA,NA,NA,MOJARRA,NA,NA,mojarra (unknown),NA,NA,NA,"mojarra (grunt, chub, porgy); cannot specify species, genus, or family; logical conclusion based on research",high
221,MOJARRA,MOJARRA FILETE DE FCO.,FILETE DE,FCO.,NA,NA,NA,MOJARRA,NA,NA,mojarra (unknown),NA,NA,NA,"mojarra (grunt, chub, porgy); cannot specify species, genus, or family; logical conclusion based on research",high
222,MOJARRA,MOJARRA DE CULTIVO ENT. FCA.,DE CULTIVO,ENT.,FCA.,NA,NA,MOJARRA,NA,NA,mojarra (unknown),NA,NA,NA,"mojarra (grunt, chub, porgy); cannot specify species, genus, or family; logical conclusion based on research",high
223,MOJARRA,MOJARRA DESV. DESC. FCO.,DESV.,DESC.,FCO.,NA,NA,MOJARRA,NA,NA,mojarra (unknown),NA,NA,NA,"mojarra (grunt, chub, porgy); cannot specify species, genus, or family; logical conclusion based on research",high
224,MOJARRA,MOJARRA DESV. FCA.,DESV.,FCA.,NA,NA,NA,MOJARRA,NA,NA,mojarra (unknown),NA,NA,NA,"mojarra (grunt, chub, porgy); cannot specify species, genus, or family; logical conclusion based on research",high
225,MOJARRA,MOJARRA,NA,NA,NA,NA,NA,MOJARRA,NA,NA,mojarra (unknown),NA,NA,NA,"mojarra (grunt, chub, porgy); cannot specify species, genus, or family; logical conclusion based on research",high
226,MOJARRA,MOJARRA ALETA AMARILLA ENT. FCO.,ENT.,FCO.,NA,NA,NA,MOJARRA ALETA AMARILLA,NA,NA,Yellowfin mojarra,Diapterus peruvianus,Diapterus,Gerreidae,logical conclusion based on research; dataMares,high
227,MOJARRA,MOJARRA BLANCA ENT. FCA.,ENT.,FCA.,NA,NA,NA,MOJARRA BLANCA,NA,NA,White mojarra,NA,Eucinostomus,Gerreidae,logical conclusion based on research - could be Eucinostomus currani or Eucinostomus argenteus; dataMares,high
228,MOJARRA,MOJARRA CAMARONERA ENT. FCA.,ENT.,FCA.,NA,NA,NA,MOJARRA CAMARONERA,NA,NA,Pacific porgy,Calamus brachysomus,Calamus,Sparidae,logical conclusion based on research; dataMares,medium
229,MOJARRA,MOJARRA CASTARRICA ENT. FCA.,ENT.,FCA.,NA,NA,NA,MOJARRA CASTARRICA,NA,NA,Mayan cichlid,Mayaheros urophthalmus,Mayaheros,Cichlidae,logical conclusion based on research,high
230,MOJARRA,MOJARRA CASTARRICA DE CULTIVO  DESV. FCA.,DE CULTIVO,DESV.,FCA.,NA,NA,MOJARRA CASTARRICA,NA,NA,Mayan cichlid,Mayaheros urophthalmus,Mayaheros,Cichlidae,logical conclusion based on research,high
231,MOJARRA,MOJARRA CASTARRICA DE AGUA DULCE ENT. FCA.,ENT.,FCA.,NA,NA,NA,MOJARRA CASTARRICA DE AGUA DULCE,NA,NA,Mayan cichlid (freshwater),Mayaheros urophthalmus,Mayaheros,Cichlidae,logical conclusion based on research,high
232,MOJARRA,MOJARRA CASTARRICA DE CULTIVO  ENTERA FRESCA,DE CULTIVO,NA,NA,NA,NA,MOJARRA CASTARRICA ENTERA FRESCA,NA,NA,Mayan cichlid,Mayaheros urophthalmus,Mayaheros,Cichlidae,logical conclusion based on research,high
233,MOJARRA,MOJARRA CHARRITA ENT. FCA.,ENT.,FCA.,NA,NA,NA,MOJARRA CHARRITA,NA,NA,Streaked mojarra,Eucinostomus gracilis,Eucinostomus,Gerreidae,logical conclusion based on research,high
234,MOJARRA,MOJARRA CHINA ENT. FCA.,ENT.,FCA.,NA,NA,NA,MOJARRA CHINA,NA,NA,China (streaked) mojarra,Eugerres lineatus,Eugerres,Gerreidae,logical conclusion based on research; dataMares; could be imported tilapia!,low
235,MOJARRA,MOJARRA DE AGUA DULCE DESV. FCA.,DESV.,FCA.,NA,NA,NA,MOJARRA DE AGUA DULCE,NA,NA,mojarra (freshwater),NA,NA,NA,"mojarra (freshwater); cannot specify species, genus, or family",high
236,MOJARRA,MOJARRA DE AGUA DULCE ENT. FCA.,ENT.,FCA.,NA,NA,NA,MOJARRA DE AGUA DULCE,NA,NA,mojarra (freshwater),NA,NA,NA,"mojarra (freshwater); cannot specify species, genus, or family",high
237,MOJARRA,MOJARRA DE AGUA DULCE FILETE DE FCO.,FILETE DE,FCO.,NA,NA,NA,MOJARRA DE AGUA DULCE,NA,NA,mojarra (freshwater),NA,NA,NA,"mojarra (freshwater); cannot specify species, genus, or family",high
238,MOJARRA,MOJARRA DE AGUA DULCE DESV. Y DESC. FCA.,DESV.,DESC.,FCA.,NA,NA,MOJARRA DE AGUA DULCE,NA,NA,mojarra (freshwater),NA,NA,NA,"mojarra (freshwater); cannot specify species, genus, or family",high
239,MOJARRA,MOJARRA DE AGUA DULCE SECA,SECA,NA,NA,NA,NA,MOJARRA DE AGUA DULCE,NA,NA,mojarra (freshwater),NA,NA,NA,"mojarra (freshwater); cannot specify species, genus, or family",high
240,MOJARRA,MOJARRA ESPA√ëOLA ENT. FCA.,ENT.,FCA.,NA,NA,NA,MOJARRA ESPA√ëOLA,NA,NA,spanish mojarra,NA,NA,Gerreidae,I think I can be more specific about what kind of mojarra this is,low
241,MOJARRA,MOJARRA GARABATA ENT. FCA.,ENT.,FCA.,NA,NA,NA,MOJARRA GARABATA,NA,NA,mojarra (unknown),NA,NA,NA,I think I can be more specific about what kind of mojarra this is,low
242,MOJARRA,MOJARRA GUAPOTA ENT. FCA.,ENT.,FCA.,NA,NA,NA,MOJARRA GUAPOTA,NA,NA,cichlid,NA,NA,Cichlidae,logical conclusion based on research,medium
243,MOJARRA,MOJARRA MEXICANA,NA,NA,NA,NA,NA,MOJARRA MEXICANA,NA,NA,mojarra (unknown),NA,NA,NA,I think I can be more specific about what kind of mojarra this is,low
244,MOJARRA,MOJARRA MUELUDA ENT. FCA.,ENT.,FCA.,NA,NA,NA,MOJARRA MUELUDA,NA,NA,Pacific porgy,Calamus brachysomus,Calamus,"	Sparidae",logical conclusion based on research; dataMares,high
245,MOJARRA,MOJARRA NEGRA ENT. FCA.,ENT.,FCA.,NA,NA,NA,MOJARRA NEGRA,NA,NA,black (blackspot?) mojarra,NA,Eucinostomus,Gerreidae,logical conclusion based on research; dataMares,medium
246,MOJARRA,MOJARRA PALETA ENT. FCA.,ENT.,FCA.,NA,NA,NA,MOJARRA PALETA,NA,NA,cichlid (unknown),NA,Vieja,Cichlidae,"cichlid of some sort, I think I can be more specific about what kind of mojarra this is; logical conclusion based on research",medium
247,MOJARRA,MOJARRA PALETA,NA,NA,NA,NA,NA,MOJARRA PALETA,NA,NA,cichlid (unknown),NA,Vieja,Cichlidae,"cichlid of some sort, I think I can be more specific about what kind of mojarra this is; logical conclusion based on research",medium
248,MOJARRA,MOJARRA PEINETA ENT. FCA.,ENT.,FCA.,NA,NA,NA,MOJARRA PEINETA,NA,NA,mojarra (unknown),NA,NA,NA,dataMares suggests species Diapterus peruvianus; I am not confident in this classification,low
249,MOJARRA,MOJARRA PIEDRERA ENT. FCA.,ENT.,FCA.,NA,NA,NA,MOJARRA PIEDRERA,NA,NA,mojarra (unknown),NA,NA,NA,dataMares suggests species Anisotremus davidsonii; perhaps I can be more specific about what kind of mojarra this is,low
250,MOJARRA,MOJARRA PINTA ENT. FCA.,ENT.,FCA.,NA,NA,NA,MOJARRA PINTA,NA,NA,striped mojarra,NA,NA,Gerreidae,Perhaps I can be more specific about what kind of mojarra this is,medium
251,MOJARRA,MOJARRA PINTA DE AGUA DULCE ENT. FCA.,ENT.,FCA.,NA,NA,NA,MOJARRA PINTA DE AGUA DULCE,NA,NA,striped mojarra (freshwater),NA,NA,NA,not enough information to classify,low
252,MOJARRA,MOJARRA PLATEADA ENT. FCA.,ENT.,FCA.,NA,NA,NA,MOJARRA PLATEADA,NA,NA,Silver mojarra,Eucinostomus argenteus,Eucinostomus,Gerreidae,logical conclusion based on research; dataMares,medium
253,MOJARRA,MOJARRA PLUMA ENT. FCA.,ENT.,FCA.,NA,NA,NA,MOJARRA PLUMA,NA,NA,Striped grunt,Eugerres plumieri,Eugerres,Gerreidae,logical conclusion based on research; dataMares,medium
254,MOJARRA,MOJARRA TAHUINA DE CULTIVO ENT. FCA.,DE CULTIVO,ENT.,FCA.,NA,NA,MOJARRA TAHUINA,NA,NA,cichlid,NA,Cichlasoma,Cichlidae,logical conclusion based on research; dataMares,medium
255,MOJARRA,MOJARRA TENHUAYACA ENT. FCA.,ENT.,FCA.,NA,NA,NA,MOJARRA TENHUAYACA,NA,NA,Tenguayaca,Petenia splendida,Petenia,Cichlidae,logical conclusion based on research; dataMares,medium
256,MOJARRA,MOJARRA VERDE ENT. FCA.,ENT.,FCA.,NA,NA,NA,MOJARRA VERDE,NA,NA,mojarra (unknown),NA,NA,NA,"mojarra; cannot specify species, genus, or family",low
257,MOJARRA,MOJARRITA ENT. FCA.,ENT.,FCA.,NA,NA,NA,MOJARRITA,NA,NA,mojarra,NA,NA,NA,"mojarra (grunt, chub, porgy); cannot specify species, genus, or family; logical conclusion based on research",high
258,MOJARRA,MOJARRITA,NA,NA,NA,NA,NA,MOJARRITA,NA,NA,mojarra,NA,NA,NA,"mojarra (grunt, chub, porgy); cannot specify species, genus, or family; logical conclusion based on research",high
259,MOJARRA,MOJARRITA AGALLAS AZULES ENT. FCA.,ENT.,FCA.,NA,NA,NA,MOJARRITA AGALLAS AZULES,NA,NA,Bluegill,Lepomis macrochirus,Lepomis,Centrarchidae,logical conclusion based on research,high
260,MOJARRA,MOJARRITA BANDERA ENT. FCA.,ENT.,FCA.,NA,NA,NA,MOJARRITA BANDERA,NA,NA,Flagfin mojarra,Eucinostomus currani,Eucinostomus,Gerreidae,logical conclusion based on research; fishbase,high
261,MOJARRA,MOJARRON ENT. FCO.,ENT.,FCO.,NA,NA,NA,MOJARRON,NA,NA,Pacific porgy,Calamus brachysomus,Calamus,Sparidae,logical conclusion based on research; dataMares,medium
262,MOJARRA,MOLPICH ENT. FCO.,ENT.,FCO.,NA,NA,NA,MOLPICH,NA,NA,mojarra (unknown),NA,NA,NA,"possibly Diapterus auratus; cannot specify species, genus, or family",low
263,MOJARRA,TILAPIA ENT. FCA.,ENT.,FCA.,NA,NA,NA,TILAPIA,NA,NA,Tilapia (non-native),NA,Oreochromis,Cichlidae,logical conclusion based on research; dataMares,high
264,MOJARRA,TILAPIA DE CULTIVO  FILETE DE FCO.,DE CULTIVO,FILETE DE,FCO.,NA,NA,TILAPIA,NA,NA,Tilapia (non-native),NA,Oreochromis,Cichlidae,logical conclusion based on research; dataMares,high
265,MOJARRA,TILAPIA DE CULTIVO VIVA,DE CULTIVO,NA,NA,NA,NA,TILAPIA VIVA,NA,NA,Tilapia (non-native),NA,Oreochromis,Cichlidae,logical conclusion based on research; dataMares,high
266,OSTION,OSTION JAPONES (CRASSOSTREA GIGAS),NA,NA,NA,NA,NA,OSTION JAPONES (CRASSOSTREA GIGAS),CRASSOSTREA GIGAS,Crassostrea gigas,Pacific oyster,Crassostrea gigas,Crassostrea,Ostreidae,"taxize; logical substitution for newer species ""Crassostrea gigas""",high
267,OSTION,OSTION KUMAMOTO (CRASSOSTREA SIKAMEA),NA,NA,NA,NA,NA,OSTION KUMAMOTO (CRASSOSTREA SIKAMEA),CRASSOSTREA SIKAMEA,Crassostrea sikamea,Kumamoto oyster (non-native),Crassostrea sikamea,Crassostrea,Ostreidae,"taxize; logical substitution for newer species ""Crassostrea sikamea""",high
268,OSTION,OSTION JAPONES (MAGALLANA GIGAS),NA,NA,NA,NA,NA,OSTION JAPONES (MAGALLANA GIGAS),MAGALLANA GIGAS,Magallana gigas,Pacific cupped oyster,Magallana gigas,Magallana,Ostreidae,taxize,high
269,OSTION,OSTION ENT. FCO.,ENT.,FCO.,NA,NA,NA,OSTION,NA,NA,oyster,NA,NA,Ostreidae,oyster; cannot specify species or genus,high
270,OSTION,OSTION DE CULTIVO ENT. FCO.,DE CULTIVO,ENT.,FCO.,NA,NA,OSTION,NA,NA,oyster,NA,NA,Ostreidae,oyster; cannot specify species or genus,high
271,OSTION,OSTION CONCHA DE,CONCHA DE,NA,NA,NA,NA,OSTION,NA,NA,oyster,NA,NA,Ostreidae,oyster; cannot specify species or genus,high
272,OSTION,OSTION AMERICANO,NA,NA,NA,NA,NA,OSTION AMERICANO,NA,NA,american oyster (oyster),NA,NA,Ostreidae,oyster; cannot specify species or genus; perhaps I can be more specific about what kind of oyster this is,medium
273,OSTION,OSTION AMERICANO ENT. FCO.,ENT.,FCO.,NA,NA,NA,OSTION AMERICANO,NA,NA,american oyster (oyster),NA,NA,Ostreidae,oyster; cannot specify species or genus; perhaps I can be more specific about what kind of oyster this is,medium
274,OSTION,OSTION S.C. FCO.,S.,FCO.,NA,NA,NA,OSTION C.,NA,NA,oyster,NA,NA,Ostreidae,oyster; cannot specify species or genus,high
275,OSTION,OSTION DE MANGLE ENT. FCO.,ENT.,FCO.,NA,NA,NA,OSTION DE MANGLE,NA,NA,Mangrove oyster (Cortez oyster),Crassostrea corteziensis,Crassostrea,Ostreidae,logical conclusion based on research,high
276,OSTION,OSTION DE PLACER ENT. FCO.,ENT.,FCO.,NA,NA,NA,OSTION EUROPEO,NA,NA,european oyster (unknown),NA,NA,Ostreidae,"oyster; cannot specify species, genus, or family; perhaps I can be more specific about what kind of oyster this is",medium
277,OSTION,OSTION DE ROCA ENT. FCO.,ENT.,FCO.,NA,NA,NA,OSTION DE ROCA,NA,NA,Rock oyster,Crassostrea iridescens,Crassostrea,Ostreidae,logical conclusion based on research; dataMares,high
278,OSTION,OSTION DE ROCA S.C. FCO.,S.,FCO.,NA,NA,NA,OSTION DE ROCA C.,NA,NA,Rock oyster,Crassostrea iridescens,Crassostrea,Ostreidae,logical conclusion based on research; dataMares,high
279,OSTION,OSTION EUROPEO,NA,NA,NA,NA,NA,OSTION EUROPEO,NA,NA,european oyster (unknown),NA,NA,Ostreidae,oyster; cannot specify species or genus; perhaps I can be more specific about what kind of oyster this is,medium
280,OSTION,OSTION JAPONES ENT. FCO.,ENT.,FCO.,NA,NA,NA,OSTION JAPONES,NA,NA,Pacific (Japanese) oyster,Crassostrea gigas,Crassostrea,Ostreidae,logical conclusion based on research,high
281,OSTION,OSTION JAPONES DE CULTIVO  ENT. FCO.,DE CULTIVO,ENT.,FCO.,NA,NA,OSTION JAPONES,NA,NA,Pacific (Japanese) oyster,Crassostrea gigas,Crassostrea,Ostreidae,logical conclusion based on research,high
282,OSTION,OSTION JAPONES,NA,NA,NA,NA,NA,OSTION JAPONES,NA,NA,Pacific (Japanese) oyster,Crassostrea gigas,Crassostrea,Ostreidae,logical conclusion based on research,high
283,OSTION,OSTION KUMAMOTO,NA,NA,NA,NA,NA,OSTION KUMAMOTO,NA,NA,Kumamoto oyster (non-native),Crassostrea sikamea,Crassostrea,Ostreidae,logical conclusion based on research; taxize,high
284,SARDINA,SARDINA BOCONA IND. (CETENGRAULIS MYSTICETUS),IND.,NA,NA,NA,NA,SARDINA BOCONA (CETENGRAULIS MYSTICETUS),CETENGRAULIS MYSTICETUS,Cetengraulis mysticetus,Pacific anchovy,Cetengraulis mysticetus,Cetengraulis,Engraulidae,taxize,high
285,SARDINA,SARDINA BOCONA ENT. FCA. (CETENGRAULIS MYSTICETUS),ENT.,FCA.,NA,NA,NA,SARDINA BOCONA (CETENGRAULIS MYSTICETUS),CETENGRAULIS MYSTICETUS,Cetengraulis mysticetus,Pacific anchovy,Cetengraulis mysticetus,Cetengraulis,Engraulidae,taxize,high
286,SARDINA,SARDINA BOCONA DESV. FCA. (CETENGRAULIS MYSTICETUS),DESV.,FCA.,NA,NA,NA,SARDINA BOCONA (CETENGRAULIS MYSTICETUS),CETENGRAULIS MYSTICETUS,Cetengraulis mysticetus,Pacific anchovy,Cetengraulis mysticetus,Cetengraulis,Engraulidae,taxize,high
287,SARDINA,SARDINA JAPONESA ENT. FCA. (ETRUMEUS ACUMINATUS),ENT.,FCA.,NA,NA,NA,SARDINA JAPONESA (ETRUMEUS ACUMINATUS),ETRUMEUS ACUMINATUS,Etrumeus acuminatus,Red-eye round herring,Etrumeus acuminatus,Etrumeus,Dussumieriidae,taxize,high
288,SARDINA,SARDINA JAPONESA IND. (ETRUMEUS ACUMINATUS),IND.,NA,NA,NA,NA,SARDINA JAPONESA (ETRUMEUS ACUMINATUS),ETRUMEUS ACUMINATUS,Etrumeus acuminatus,Red-eye round herring,Etrumeus acuminatus,Etrumeus,Dussumieriidae,taxize,high
289,SARDINA,PI√ëA ENT. FCA. (OLIGOPLITES ALTUS),ENT.,FCA.,NA,NA,NA,PI√ëA (OLIGOPLITES ALTUS),OLIGOPLITES ALTUS,Oligoplites altus,Long-jaw leather jacket,Oligoplites altus,Oligoplites,Carangidae,taxize,high
290,SARDINA,PI√ëA ENT. FCA. IND. (OLIGOPLITES ALTUS),ENT.,FCA.,IND.,NA,NA,PI√ëA (OLIGOPLITES ALTUS),OLIGOPLITES ALTUS,Oligoplites altus,Long-jaw leather jacket,Oligoplites altus,Oligoplites,Carangidae,taxize,high
291,SARDINA,SARDINA CRINUDA IND. (OPISTHONEMA LIBERTATE),IND.,NA,NA,NA,NA,SARDINA CRINUDA (OPISTHONEMA LIBERTATE),OPISTHONEMA LIBERTATE,Opisthonema libertate,Long-jaw leather jacket,Opisthonema libertate,Opisthonema,Clupeidae,taxize,high
292,SARDINA,SARDINA CRINUDA ENT. FCA. (OPISTHONEMA LIBERTATE),ENT.,FCA.,NA,NA,NA,SARDINA CRINUDA (OPISTHONEMA LIBERTATE),OPISTHONEMA LIBERTATE,Opisthonema libertate,Long-jaw leather jacket,Opisthonema libertate,Opisthonema,Clupeidae,taxize,high
293,SARDINA,SARDINA MONTERREY ENT. FCA. (SARDINOPS CAERULEUS),ENT.,FCA.,NA,NA,NA,SARDINA MONTERREY (SARDINOPS CAERULEUS),SARDINOPS CAERULEUS,Sardinops caeruleus,Pacific sardine,Sardinops sagax,Sardinops,Clupeidae,taxize; caeruleus is a lineage of sagax,high
294,SARDINA,SARDINA MONTERREY IND. (SARDINOPS CAERULEUS),IND.,NA,NA,NA,NA,SARDINA MONTERREY (SARDINOPS CAERULEUS),SARDINOPS CAERULEUS,Sardinops caeruleus,Pacific sardine,Sardinops sagax,Sardinops,Clupeidae,taxize; caeruleus is a lineage of sagax,high
295,SARDINA,SARDINA MONTERREY IND.(SARDINOPS SAGAX),IND.,NA,NA,NA,NA,SARDINA MONTERREY (SARDINOPS SAGAX),SARDINOPS SAGAX,Sardinops sagax,Pacific sardine,Sardinops sagax,Sardinops,Clupeidae,taxize,high
296,SARDINA,SARDINA MONTERREY ENT. FCA. (SARDINOPS SAGAX),ENT.,FCA.,NA,NA,NA,SARDINA MONTERREY (SARDINOPS SAGAX),SARDINOPS SAGAX,Sardinops sagax,Pacific sardine,Sardinops sagax,Sardinops,Clupeidae,taxize,high
297,SARDINA,SARDINA CRINUDA MACHETE ENT. FCA.,ENT.,FCA.,NA,NA,NA,SARDINA CRINUDA MACHETE,NA,NA,specific type of sardine,NA,Opisthonema,Clupeidae,logical conclusion based on research; dataMares; can we be more specific about the species?,medium
298,SARDINA,SARDINA DE AGUA DULCE ENT. FCA.,ENT.,FCA.,NA,NA,NA,SARDINA DE AGUA DULCE,NA,NA,freshwater sardine,NA,NA,NA,no known species of freshwater sardine,low
299,SARDINA,SARDINA VIVITA IND.,IND.,NA,NA,NA,NA,SARDINA VIVITA,NA,NA,Pacific sardine,Sardinops sagax,Sardinops,Clupeidae,"logical conclusion based on research; ""vivita"" means live",medium
300,SARDINA,PESCADO NO APTO PARA EMPAQUE,NA,NA,NA,NA,NA,PESCADO NO APTO PARA EMPAQUE,NA,NA,"""fish not suitable for packaging""",NA,NA,Clupeidae,not enough information to classify,low
301,SARDINA,PI√ëA ENT. FCA. IND.,ENT.,FCA.,IND.,NA,NA,PI√ëA,NA,NA,piña sardine (encoding issue),NA,Oligoplites,Clupeidae,logical conclusion based on research; dataMares; can we be more specific about the species?,medium
302,SARDINA,PI√ëA ENT. FCA.,ENT.,FCA.,NA,NA,NA,PI√ëA,NA,NA,piña sardine (encoding issue),NA,Oligoplites,Clupeidae,logical conclusion based on research; dataMares; can we be more specific about the species?,medium
303,SARDINA,PI—A ENT. FCA. IND.,ENT.,FCA.,IND.,NA,NA,PIÔøΩA,NA,NA,piña sardine (encoding issue),NA,Oligoplites,Clupeidae,logical conclusion based on research; dataMares; can we be more specific about the species?,low
304,SARDINA,PI—A ENT. FCA.,ENT.,FCA.,NA,NA,NA,PIÔøΩA,NA,NA,piña sardine (encoding issue),NA,Oligoplites,Clupeidae,logical conclusion based on research; dataMares; can we be more specific about the species?,low
305,SARDINA,SARDINA IND.,IND.,NA,NA,NA,NA,SARDINA,NA,NA,sardine,NA,NA,Clupeidae,sardine; cannot specify species or genus,medium
306,SARDINA,SARDINA ENT. FCA.,ENT.,FCA.,NA,NA,NA,SARDINA,NA,NA,sardine,NA,NA,Clupeidae,sardine; cannot specify species or genus,medium
307,SARDINA,SARDINA BOCONA IND.,IND.,NA,NA,NA,NA,SARDINA BOCONA,NA,NA,Big-mouthed sardine (anchovy),Cetengraulis mysticetus,Cetengraulis,Engraulidae,logical conclusion based on research; dataMares,high
308,SARDINA,SARDINA BOCONA ENT. FCA.,ENT.,FCA.,NA,NA,NA,SARDINA BOCONA,NA,NA,Big-mouthed sardine (anchovy),Cetengraulis mysticetus,Cetengraulis,Engraulidae,logical conclusion based on research; dataMares,high
309,SARDINA,SARDINA BOCONA DESV. FCA.,DESV.,FCA.,NA,NA,NA,SARDINA BOCONA,NA,NA,Big-mouthed sardine (anchovy),Cetengraulis mysticetus,Cetengraulis,Engraulidae,logical conclusion based on research; dataMares,high
310,SARDINA,SARDINA CRINUDA IND.,IND.,NA,NA,NA,NA,SARDINA CRINUDA,NA,NA,specific type of sardine,NA,Opisthonema,Clupeidae,logical conclusion based on research; dataMares; can we be more specific about the species?,medium
311,SARDINA,SARDINA CRINUDA ENT. FCA.,ENT.,FCA.,NA,NA,NA,SARDINA CRINUDA,NA,NA,specific type of sardine,NA,Opisthonema,Clupeidae,logical conclusion based on research; dataMares; can we be more specific about the species?,medium
312,SARDINA,SARDINA ESCAMUDA ENT. FCA.,ENT.,FCA.,NA,NA,NA,SARDINA ESCAMUDA,NA,NA,big-scale sardine,NA,NA,Clupeidae,logical conclusion based on research; dataMares; can we be more specific about the species or genus?,low
313,SARDINA,SARDINA JAPONESA ENT. FCA.,ENT.,FCA.,NA,NA,NA,SARDINA JAPONESA,NA,NA,Red-eye round herring (japanese sardine),Etrumeus acuminatus,Etrumeus,Dussumieriidae,logical conclusion based on research; dataMares; Etrumeus acuminatus was formerly grouped with Etrumeus teres,high
314,SARDINA,SARDINA JAPONESA IND.,IND.,NA,NA,NA,NA,SARDINA JAPONESA,NA,NA,Red-eye round herring (japanese sardine),Etrumeus acuminatus,Etrumeus,Dussumieriidae,logical conclusion based on research; dataMares; Etrumeus acuminatus was formerly grouped with Etrumeus teres,high
315,SARDINA,SARDINA MACHETE ENT. FCA.,ENT.,FCA.,NA,NA,NA,SARDINA MACHETE,NA,NA,sardine (caught with net),NA,NA,Clupeidae,logical conclusion based on research; dataMares says Opisthonema medirastre; can we be more specific about the species?,low
316,SARDINA,SARDINA MONTERREY IND.,IND.,NA,NA,NA,NA,SARDINA MONTERREY,NA,NA,Monterey (Pacific) sardine,Sardinops sagax,Sardinops,Clupeidae,logical conclusion based on research; dataMares; caeruleus is a lineage of sagax,high
317,SARDINA,SARDINA MONTERREY ENT. FCA.,ENT.,FCA.,NA,NA,NA,SARDINA MONTERREY,NA,NA,Monterey (Pacific) sardine,Sardinops sagax,Sardinops,Clupeidae,logical conclusion based on research; dataMares; caeruleus is a lineage of sagax,high
318,SARDINA,SARDINA RAYADA ENT. FCA.,ENT.,FCA.,NA,NA,NA,SARDINA RAYADA,NA,NA,Pinfish,Lile stolifera,Lile,Clupeidae,logical conclusion based on research; dataMares,high
319,SARDINA,SARDINA VIVITA CARNADA ENT. FCA.,ENT.,FCA.,NA,NA,NA,SARDINA VIVITA CARNADA,NA,NA,live sardina,NA,NA,Clupeidae,logical conclusion based on research; dataMares,high
320,SARDINA,XLAVITA IND.,IND.,NA,NA,NA,NA,XLAVITA,NA,NA,unknown,NA,NA,NA,not enough information to classify,low
321,SIERRA,SIERRA ENT. FCA.,ENT.,FCA.,NA,NA,NA,SIERRA,NA,NA,Gulf sierra (mackerel),Scomberomorus sierra,Scomberomorus,Scombridae,logical conclusion based on research; dataMares,high
322,SIERRA,SIERRA DESV. FCA.,DESV.,FCA.,NA,NA,NA,SIERRA,NA,NA,Gulf sierra (mackerel),Scomberomorus sierra,Scomberomorus,Scombridae,logical conclusion based on research; dataMares,high
323,SIERRA,SIERRA FILETE DE FCO.,FILETE DE,FCO.,NA,NA,NA,SIERRA,NA,NA,Gulf sierra (mackerel),Scomberomorus sierra,Scomberomorus,Scombridae,logical conclusion based on research; dataMares,high
324,SIERRA,SIERRA PIEL DE,NA,NA,NA,NA,NA,SIERRA PIEL DE,NA,NA,Gulf sierra (mackerel),Scomberomorus sierra,Scomberomorus,Scombridae,logical conclusion based on research; dataMares,high
325,TIBURON,ALETA FCA DE TIBURON COLUDO (ALOPIAS PELAGICUS),ALETA,FCA,NA,NA,NA,DE TIBURON COLUDO (ALOPIAS PELAGICUS),ALOPIAS PELAGICUS,Alopias pelagicus,Pelagic thresher shark,Alopias pelagicus,Alopias,Alopiidae,taxize,high
326,TIBURON,ALETA FCA DE TIBURON ZORRO (ALOPIAS PELAGICUS),ALETA,FCA,NA,NA,NA,DE TIBURON ZORRO (ALOPIAS PELAGICUS),ALOPIAS PELAGICUS,Alopias pelagicus,Pelagic thresher shark,Alopias pelagicus,Alopias,Alopiidae,taxize,high
327,TIBURON,TIBURON COLUDO DESV. FCO. (ALOPIAS PELAGICUS),DESV.,FCO.,NA,NA,NA,TIBURON COLUDO (ALOPIAS PELAGICUS),ALOPIAS PELAGICUS,Alopias pelagicus,Pelagic thresher shark,Alopias pelagicus,Alopias,Alopiidae,taxize,high
328,TIBURON,TIBURON COLUDO DESV. Y DESC. FCO. (ALOPIAS PELAGICUS),DESV.,DESC.,FCO.,NA,NA,TIBURON COLUDO (ALOPIAS PELAGICUS),ALOPIAS PELAGICUS,Alopias pelagicus,Pelagic thresher shark,Alopias pelagicus,Alopias,Alopiidae,taxize,high
329,TIBURON,TIBURON COLUDO ENT. FCO. (ALOPIAS PELAGICUS),ENT.,FCO.,NA,NA,NA,TIBURON COLUDO (ALOPIAS PELAGICUS),ALOPIAS PELAGICUS,Alopias pelagicus,Pelagic thresher shark,Alopias pelagicus,Alopias,Alopiidae,taxize,high
330,TIBURON,TIBURON ZORRO DESV. FCO. (ALOPIAS PELAGICUS),DESV.,FCO.,NA,NA,NA,TIBURON ZORRO (ALOPIAS PELAGICUS),ALOPIAS PELAGICUS,Alopias pelagicus,Pelagic thresher shark,Alopias pelagicus,Alopias,Alopiidae,taxize,high
331,TIBURON,TIBURON ZORRO DESV. Y DESC. FCO. (ALOPIAS PELAGICUS),DESV.,DESC.,FCO.,NA,NA,TIBURON ZORRO (ALOPIAS PELAGICUS),ALOPIAS PELAGICUS,Alopias pelagicus,Pelagic thresher shark,Alopias pelagicus,Alopias,Alopiidae,taxize,high
332,TIBURON,TIBURON ZORRO ENT. FCO. (ALOPIAS PELAGICUS),ENT.,FCO.,NA,NA,NA,TIBURON ZORRO (ALOPIAS PELAGICUS),ALOPIAS PELAGICUS,Alopias pelagicus,Pelagic thresher shark,Alopias pelagicus,Alopias,Alopiidae,taxize,high
333,TIBURON,ALETA SECA DE TIBURON ZORRO NEGRO (ALOPIAS SUPERCILIOSUS),ALETA,SECA DE,NA,NA,NA,TIBURON ZORRO NEGRO (ALOPIAS SUPERCILIOSUS),ALOPIAS SUPERCILIOSUS,Alopias superciliosus,Bigeye thresher shark,Alopias superciliosus,Alopias,Alopiidae,taxize,high
334,TIBURON,TIBURON ZORRO NEGRO DESV FCO (ALOPIAS SUPERCILIOSUS),DESV,FCO,NA,NA,NA,TIBURON ZORRO NEGRO (ALOPIAS SUPERCILIOSUS),ALOPIAS SUPERCILIOSUS,Alopias superciliosus,Bigeye thresher shark,Alopias superciliosus,Alopias,Alopiidae,taxize,high
335,TIBURON,TIBURON ZORRO NEGRO DESV Y DESC FCO (ALOPIAS SUPERCILIOSUS),DESV,DESC,FCO,NA,NA,TIBURON ZORRO NEGRO (ALOPIAS SUPERCILIOSUS),ALOPIAS SUPERCILIOSUS,Alopias superciliosus,Bigeye thresher shark,Alopias superciliosus,Alopias,Alopiidae,taxize,high
336,TIBURON,TIBURON ZORRO NEGRO FILETE (ALOPIAS SUPERCILIOSUS),FILETE,NA,NA,NA,NA,TIBURON ZORRO NEGRO (ALOPIAS SUPERCILIOSUS),ALOPIAS SUPERCILIOSUS,Alopias superciliosus,Bigeye thresher shark,Alopias superciliosus,Alopias,Alopiidae,taxize,high
337,TIBURON,GRILLO DESV. FCO. (ALOPIAS VULPINUS),DESV.,FCO.,NA,NA,NA,GRILLO (ALOPIAS VULPINUS),ALOPIAS VULPINUS,Alopias vulpinus,Common thresher shark,Alopias vulpinus,Alopias,Alopiidae,taxize,high
338,TIBURON,GRILLO DESV. Y DESC. FCO. (ALOPIAS VULPINUS),DESV.,DESC.,FCO.,NA,NA,GRILLO (ALOPIAS VULPINUS),ALOPIAS VULPINUS,Alopias vulpinus,Common thresher shark,Alopias vulpinus,Alopias,Alopiidae,taxize,high
339,TIBURON,GRILLO ENT. FCO. (ALOPIAS VULPINUS),ENT.,FCO.,NA,NA,NA,GRILLO (ALOPIAS VULPINUS),ALOPIAS VULPINUS,Alopias vulpinus,Common thresher shark,Alopias vulpinus,Alopias,Alopiidae,taxize,high
340,TIBURON,TIBURON ZORRO DESV. FCO. (ALOPIAS VULPINUS),DESV.,FCO.,NA,NA,NA,TIBURON ZORRO (ALOPIAS VULPINUS),ALOPIAS VULPINUS,Alopias vulpinus,Common thresher shark,Alopias vulpinus,Alopias,Alopiidae,taxize,high
341,TIBURON,TIBURON ZORRO DESV. Y DESC. FCO. (ALOPIAS VULPINUS),DESV.,DESC.,FCO.,NA,NA,TIBURON ZORRO (ALOPIAS VULPINUS),ALOPIAS VULPINUS,Alopias vulpinus,Common thresher shark,Alopias vulpinus,Alopias,Alopiidae,taxize,high
342,TIBURON,TIBURON ZORRO ENT. FCO. (ALOPIAS VULPINUS),ENT.,FCO.,NA,NA,NA,TIBURON ZORRO (ALOPIAS VULPINUS),ALOPIAS VULPINUS,Alopias vulpinus,Common thresher shark,Alopias vulpinus,Alopias,Alopiidae,taxize,high
343,TIBURON,TIBURON ZORRO PINTO DESV. FCO. (ALOPIAS VULPINUS),DESV.,FCO.,NA,NA,NA,TIBURON ZORRO PINTO (ALOPIAS VULPINUS),ALOPIAS VULPINUS,Alopias vulpinus,Common thresher shark,Alopias vulpinus,Alopias,Alopiidae,taxize,high
344,TIBURON,TIBURON ZORRO PINTO DESV. Y DESC. FCO. (ALOPIAS VULPINUS),DESV.,DESC.,FCO.,NA,NA,TIBURON ZORRO PINTO (ALOPIAS VULPINUS),ALOPIAS VULPINUS,Alopias vulpinus,Common thresher shark,Alopias vulpinus,Alopias,Alopiidae,taxize,high
345,TIBURON,TIBURON ZORRO PINTO ENT. FCO. (ALOPIAS VULPINUS),ENT.,FCO.,NA,NA,NA,TIBURON ZORRO PINTO (ALOPIAS VULPINUS),ALOPIAS VULPINUS,Alopias vulpinus,Common thresher shark,Alopias vulpinus,Alopias,Alopiidae,taxize,high
346,TIBURON,TIBURON COLORADO DESV. FCO. (CARCHARHINUS ALTIMUS),DESV.,FCO.,NA,NA,NA,TIBURON COLORADO (CARCHARHINUS ALTIMUS),CARCHARHINUS ALTIMUS,Carcharhinus altimus,Bignose shark,Carcharhinus altimus,Carcharhinus,Carcharhinidae,taxize,high
347,TIBURON,TIBURON COLORADO DESV. Y DESC. FCO. (CARCHARHINUS ALTIMUS),DESV.,DESC.,FCO.,NA,NA,TIBURON COLORADO (CARCHARHINUS ALTIMUS),CARCHARHINUS ALTIMUS,Carcharhinus altimus,Bignose shark,Carcharhinus altimus,Carcharhinus,Carcharhinidae,taxize,high
348,TIBURON,TIBURON COLORADO ENT. FCO. (CARCHARHINUS ALTIMUS),ENT.,FCO.,NA,NA,NA,TIBURON COLORADO (CARCHARHINUS ALTIMUS),CARCHARHINUS ALTIMUS,Carcharhinus altimus,Bignose shark,Carcharhinus altimus,Carcharhinus,Carcharhinidae,taxize,high
349,TIBURON,TIBURON PICUDO DESV. Y DESC. FCO. (CARCHARHINUS BREVIPINNA),DESV.,DESC.,FCO.,NA,NA,TIBURON PICUDO (CARCHARHINUS BREVIPINNA),CARCHARHINUS BREVIPINNA,Carcharhinus brevipinna,Spinner shark,Carcharhinus brevipinna,Carcharhinus,Carcharhinidae,taxize,high
350,TIBURON,TIBURON PICUDO ENT. FCO. (CARCHARHINUS BREVIPINNA),ENT.,FCO.,NA,NA,NA,TIBURON PICUDO (CARCHARHINUS BREVIPINNA),CARCHARHINUS BREVIPINNA,Carcharhinus brevipinna,Spinner shark,Carcharhinus brevipinna,Carcharhinus,Carcharhinidae,taxize,high
351,TIBURON,ALETA FCA DE TIBURON TUNERO O CAFE (CARCHARHINUS FALCIFORMIS),ALETA,FCA,NA,NA,NA,DE TIBURON TUNERO O CAFE (CARCHARHINUS FALCIFORMIS),CARCHARHINUS FALCIFORMIS,Carcharhinus falciformis,Silky shark,Carcharhinus falciformis,Carcharhinus,Carcharhinidae,taxize,high
352,TIBURON,TIBURON SEDOSO DESV. FCO. (CARCHARHINUS FALCIFORMIS),DESV.,FCO.,NA,NA,NA,TIBURON SEDOSO (CARCHARHINUS FALCIFORMIS),CARCHARHINUS FALCIFORMIS,Carcharhinus falciformis,Silky shark,Carcharhinus falciformis,Carcharhinus,Carcharhinidae,taxize,high
353,TIBURON,TIBURON SEDOSO DESV. Y DESC. FCO. (CARCHARHINUS FALCIFORMIS),DESV.,DESC.,FCO.,NA,NA,TIBURON SEDOSO (CARCHARHINUS FALCIFORMIS),CARCHARHINUS FALCIFORMIS,Carcharhinus falciformis,Silky shark,Carcharhinus falciformis,Carcharhinus,Carcharhinidae,taxize,high
354,TIBURON,TIBURON SEDOSO ENT. FCO. (CARCHARHINUS FALCIFORMIS),ENT.,FCO.,NA,NA,NA,TIBURON SEDOSO (CARCHARHINUS FALCIFORMIS),CARCHARHINUS FALCIFORMIS,Carcharhinus falciformis,Silky shark,Carcharhinus falciformis,Carcharhinus,Carcharhinidae,taxize,high
355,TIBURON,TIBURON SEDOSO FILETE FCO. (CARCHARHINUS FALCIFORMIS),FILETE,FCO.,NA,NA,NA,TIBURON SEDOSO (CARCHARHINUS FALCIFORMIS),CARCHARHINUS FALCIFORMIS,Carcharhinus falciformis,Silky shark,Carcharhinus falciformis,Carcharhinus,Carcharhinidae,taxize,high
356,TIBURON,TIBURON TUNERO DESV. FCO. (CARCHARHINUS FALCIFORMIS),DESV.,FCO.,NA,NA,NA,TIBURON TUNERO (CARCHARHINUS FALCIFORMIS),CARCHARHINUS FALCIFORMIS,Carcharhinus falciformis,Silky shark,Carcharhinus falciformis,Carcharhinus,Carcharhinidae,taxize,high
357,TIBURON,TIBURON TUNERO DESV. Y DESC. FCO. (CARCHARHINUS FALCIFORMIS),DESV.,DESC.,FCO.,NA,NA,TIBURON TUNERO (CARCHARHINUS FALCIFORMIS),CARCHARHINUS FALCIFORMIS,Carcharhinus falciformis,Silky shark,Carcharhinus falciformis,Carcharhinus,Carcharhinidae,taxize,high
358,TIBURON,TIBURON TUNERO ENT. FCO. (CARCHARHINUS FALCIFORMIS),ENT.,FCO.,NA,NA,NA,TIBURON TUNERO (CARCHARHINUS FALCIFORMIS),CARCHARHINUS FALCIFORMIS,Carcharhinus falciformis,Silky shark,Carcharhinus falciformis,Carcharhinus,Carcharhinidae,taxize,high
359,TIBURON,TIBURON TUNERO FILETE FCO. (CARCHARHINUS FALCIFORMIS),FILETE,FCO.,NA,NA,NA,TIBURON TUNERO (CARCHARHINUS FALCIFORMIS),CARCHARHINUS FALCIFORMIS,Carcharhinus falciformis,Silky shark,Carcharhinus falciformis,Carcharhinus,Carcharhinidae,taxize,high
360,TIBURON,TIBURON CHATO DESV. FCO. (CARCHARHINUS LEUCAS),DESV.,FCO.,NA,NA,NA,TIBURON CHATO (CARCHARHINUS LEUCAS),CARCHARHINUS LEUCAS,Carcharhinus leucas,Bull shark,Carcharhinus leucas,Carcharhinus,Carcharhinidae,taxize,high
361,TIBURON,TIBURON CHATO DESV. Y DESC. FCO. (CARCHARHINUS LEUCAS),DESV.,DESC.,FCO.,NA,NA,TIBURON CHATO (CARCHARHINUS LEUCAS),CARCHARHINUS LEUCAS,Carcharhinus leucas,Bull shark,Carcharhinus leucas,Carcharhinus,Carcharhinidae,taxize,high
362,TIBURON,TIBURON CHATO ENT. FCO. (CARCHARHINUS LEUCAS),ENT.,FCO.,NA,NA,NA,TIBURON CHATO (CARCHARHINUS LEUCAS),CARCHARHINUS LEUCAS,Carcharhinus leucas,Bull shark,Carcharhinus leucas,Carcharhinus,Carcharhinidae,taxize,high
363,TIBURON,TIBURON CHATO FILETE FCO. (CARCHARHINUS LEUCAS),FILETE,FCO.,NA,NA,NA,TIBURON CHATO (CARCHARHINUS LEUCAS),CARCHARHINUS LEUCAS,Carcharhinus leucas,Bull shark,Carcharhinus leucas,Carcharhinus,Carcharhinidae,taxize,high
364,TIBURON,TORO DESV. FCO. (CARCHARHINUS LEUCAS),DESV.,FCO.,NA,NA,NA,TORO (CARCHARHINUS LEUCAS),CARCHARHINUS LEUCAS,Carcharhinus leucas,Bull shark,Carcharhinus leucas,Carcharhinus,Carcharhinidae,taxize,high
365,TIBURON,TORO DESV. Y DESC. FCO. (CARCHARHINUS LEUCAS),DESV.,DESC.,FCO.,NA,NA,TORO (CARCHARHINUS LEUCAS),CARCHARHINUS LEUCAS,Carcharhinus leucas,Bull shark,Carcharhinus leucas,Carcharhinus,Carcharhinidae,taxize,high
366,TIBURON,TORO ENT. FCO. (CARCHARHINUS LEUCAS),ENT.,FCO.,NA,NA,NA,TORO (CARCHARHINUS LEUCAS),CARCHARHINUS LEUCAS,Carcharhinus leucas,Bull shark,Carcharhinus leucas,Carcharhinus,Carcharhinidae,taxize,high
367,TIBURON,TIBURON VOLADOR DESV. FCO. (CARCAHRHINUS LIMBATUS),DESV.,FCO.,NA,NA,NA,TIBURON VOLADOR (CARCAHRHINUS LIMBATUS),CARCAHRHINUS LIMBATUS,Carcahrhinus limbatus,Blacktip shark,Carcharhinus limbatus,Carcharhinus,Carcharhinidae,taxize,high
368,TIBURON,TIBURON VOLADOR DESV. FCO. (CARCHARHINUS LIMBATUS),DESV.,FCO.,NA,NA,NA,TIBURON VOLADOR (CARCHARHINUS LIMBATUS),CARCHARHINUS LIMBATUS,Carcharhinus limbatus,Blacktip shark,Carcharhinus limbatus,Carcharhinus,Carcharhinidae,taxize,high
369,TIBURON,TIBURON VOLADOR DESV. Y DESC. FCO.  (CARCHARHINUS LIMBATUS),DESV.,DESC.,FCO.,NA,NA,TIBURON VOLADOR (CARCHARHINUS LIMBATUS),CARCHARHINUS LIMBATUS,Carcharhinus limbatus,Blacktip shark,Carcharhinus limbatus,Carcharhinus,Carcharhinidae,taxize,high
370,TIBURON,TIBURON VOLADOR DESV. Y DESC. FCO. (CARCAHRHINUS LIMBATUS),DESV.,DESC.,FCO.,NA,NA,TIBURON VOLADOR (CARCAHRHINUS LIMBATUS),CARCAHRHINUS LIMBATUS,Carcahrhinus limbatus,Blacktip shark,Carcharhinus limbatus,Carcharhinus,Carcharhinidae,taxize,high
371,TIBURON,TIBURON VOLADOR ENT. FCO. (CARCAHRHINUS LIMBATUS),ENT.,FCO.,NA,NA,NA,TIBURON VOLADOR (CARCAHRHINUS LIMBATUS),CARCAHRHINUS LIMBATUS,Carcahrhinus limbatus,Blacktip shark,Carcharhinus limbatus,Carcharhinus,Carcharhinidae,taxize,high
372,TIBURON,TIBURON VOLADOR ENT. FCO. (CARCHARHINUS LIMBATUS),ENT.,FCO.,NA,NA,NA,TIBURON VOLADOR (CARCHARHINUS LIMBATUS),CARCHARHINUS LIMBATUS,Carcharhinus limbatus,Blacktip shark,Carcharhinus limbatus,Carcharhinus,Carcharhinidae,taxize,high
373,TIBURON,"TIBURON VOLADOR, PUNTAS NEGRAS, JAQUETON DESV. FCO. (CARCHARHINUS LIMBATUS)",DESV.,FCO.,NA,NA,NA,"TIBURON VOLADOR, PUNTAS NEGRAS, JAQUETON (CARCHARHINUS LIMBATUS)",CARCHARHINUS LIMBATUS,Carcharhinus limbatus,Blacktip shark,Carcharhinus limbatus,Carcharhinus,Carcharhinidae,taxize,high
374,TIBURON,"TIBURON VOLADOR, PUNTAS NEGRAS, JAQUETON DESV. Y DESC. FCO.  (CARCHARHINUS LIMBATUS)",DESV.,DESC.,FCO.,NA,NA,"TIBURON VOLADOR, PUNTAS NEGRAS, JAQUETON (CARCHARHINUS LIMBATUS)",CARCHARHINUS LIMBATUS,Carcharhinus limbatus,Blacktip shark,Carcharhinus limbatus,Carcharhinus,Carcharhinidae,taxize,high
375,TIBURON,"TIBURON VOLADOR, PUNTAS NEGRAS, JAQUETON ENT. FCO. (CARCHARHINUS LIMBATUS)",ENT.,FCO.,NA,NA,NA,"TIBURON VOLADOR, PUNTAS NEGRAS, JAQUETON (CARCHARHINUS LIMBATUS)",CARCHARHINUS LIMBATUS,Carcharhinus limbatus,Blacktip shark,Carcharhinus limbatus,Carcharhinus,Carcharhinidae,taxize,high
376,TIBURON,TIBURON PRIETO DESV. FCO. (CARCHARHINUS OBSCURUS),DESV.,FCO.,NA,NA,NA,TIBURON PRIETO (CARCHARHINUS OBSCURUS),CARCHARHINUS OBSCURUS,Carcharhinus obscurus,Dusky shark,Carcharhinus obscurus,Carcharhinus,Carcharhinidae,taxize,high
377,TIBURON,TIBURON PRIETO DESV. Y DESC. FCO. (CARCHARHINUS OBSCURUS),DESV.,DESC.,FCO.,NA,NA,TIBURON PRIETO (CARCHARHINUS OBSCURUS),CARCHARHINUS OBSCURUS,Carcharhinus obscurus,Dusky shark,Carcharhinus obscurus,Carcharhinus,Carcharhinidae,taxize,high
378,TIBURON,TIBURON PRIETO ENT. FCO. (CARCHARHINUS OBSCURUS),ENT.,FCO.,NA,NA,NA,TIBURON PRIETO (CARCHARHINUS OBSCURUS),CARCHARHINUS OBSCURUS,Carcharhinus obscurus,Dusky shark,Carcharhinus obscurus,Carcharhinus,Carcharhinidae,taxize,high
379,TIBURON,TIBURON ALETA CARTON DESV. FCO. (CARCHARHINUS PLUMBEUS),ALETA,DESV.,FCO.,NA,NA,TIBURON CARTON (CARCHARHINUS PLUMBEUS),CARCHARHINUS PLUMBEUS,Carcharhinus plumbeus,Sandbar shark,Carcharhinus plumbeus,Carcharhinus,Carcharhinidae,taxize,high
380,TIBURON,TIBURON ALETA CARTON DESV. Y DESC. (CARCHARHINUS PLUMBEUS),ALETA,DESV.,DESC.,NA,NA,TIBURON CARTON (CARCHARHINUS PLUMBEUS),CARCHARHINUS PLUMBEUS,Carcharhinus plumbeus,Sandbar shark,Carcharhinus plumbeus,Carcharhinus,Carcharhinidae,taxize,high
381,TIBURON,TIBURON ALETA CARTON ENT. FCO. (CARCHARHINUS PLUMBEUS),ALETA,ENT.,FCO.,NA,NA,TIBURON CARTON (CARCHARHINUS PLUMBEUS),CARCHARHINUS PLUMBEUS,Carcharhinus plumbeus,Sandbar shark,Carcharhinus plumbeus,Carcharhinus,Carcharhinidae,taxize,high
382,TIBURON,TIBURON TIGRE DESV. FCO. (GALEOCERDO CUVIER),DESV.,FCO.,NA,NA,NA,TIBURON TIGRE (GALEOCERDO CUVIER),GALEOCERDO CUVIER,Galeocerdo cuvier,Tiger shark,Galeocerdo cuvier,Galeocerdo,Carcharhinidae,taxize,high
383,TIBURON,TIBURON TIGRE DESV. Y DESC. FCO. (GALEOCERDO CUVIER),DESV.,DESC.,FCO.,NA,NA,TIBURON TIGRE (GALEOCERDO CUVIER),GALEOCERDO CUVIER,Galeocerdo cuvier,Tiger shark,Galeocerdo cuvier,Galeocerdo,Carcharhinidae,taxize,high
384,TIBURON,TIBURON TIGRE ENT. FCO. (GALEOCERDO CUVIER),ENT.,FCO.,NA,NA,NA,TIBURON TIGRE (GALEOCERDO CUVIER),GALEOCERDO CUVIER,Galeocerdo cuvier,Tiger shark,Galeocerdo cuvier,Galeocerdo,Carcharhinidae,taxize,high
385,TIBURON,TINTORERA DESC. FCA. (GALEOCERDO CUVIER),DESC.,FCA.,NA,NA,NA,TINTORERA (GALEOCERDO CUVIER),GALEOCERDO CUVIER,Galeocerdo cuvier,Tiger shark,Galeocerdo cuvier,Galeocerdo,Carcharhinidae,taxize,high
386,TIBURON,TINTORERA DESV. Y DESC. FCA. (GALEOCERDO CUVIER),DESV.,DESC.,FCA.,NA,NA,TINTORERA (GALEOCERDO CUVIER),GALEOCERDO CUVIER,Galeocerdo cuvier,Tiger shark,Galeocerdo cuvier,Galeocerdo,Carcharhinidae,taxize,high
387,TIBURON,TINTORERA ENT. FCA. (GALEOCERDO CUVIER),ENT.,FCA.,NA,NA,NA,TINTORERA (GALEOCERDO CUVIER),GALEOCERDO CUVIER,Galeocerdo cuvier,Tiger shark,Galeocerdo cuvier,Galeocerdo,Carcharhinidae,taxize,high
388,TIBURON,ALETA FCA DE TIBURON MAKO (ISURUS OXYRINCHUS),ALETA,FCA,NA,NA,NA,DE TIBURON MAKO (ISURUS OXYRINCHUS),ISURUS OXYRINCHUS,Isurus oxyrinchus,Shortfin mako shark,Isurus oxyrinchus,Isurus,Lamnidae,taxize,high
389,TIBURON,TIBURON MAKO DESV. FCO. (ISURUS OXYRINCHUS),DESV.,FCO.,NA,NA,NA,TIBURON MAKO (ISURUS OXYRINCHUS),ISURUS OXYRINCHUS,Isurus oxyrinchus,Shortfin mako shark,Isurus oxyrinchus,Isurus,Lamnidae,taxize,high
390,TIBURON,TIBURON MAKO DESV. Y DESC. FCO. (ISURUS OXYRINCHUS),DESV.,DESC.,FCO.,NA,NA,TIBURON MAKO (ISURUS OXYRINCHUS),ISURUS OXYRINCHUS,Isurus oxyrinchus,Shortfin mako shark,Isurus oxyrinchus,Isurus,Lamnidae,taxize,high
391,TIBURON,TIBURON MAKO ENT. FCO. (ISURUS OXYRINCHUS),ENT.,FCO.,NA,NA,NA,TIBURON MAKO (ISURUS OXYRINCHUS),ISURUS OXYRINCHUS,Isurus oxyrinchus,Shortfin mako shark,Isurus oxyrinchus,Isurus,Lamnidae,taxize,high
392,TIBURON,TIBURON MAMON DESV. FCO. (MUSTELUS LUNULATUS),DESV.,FCO.,NA,NA,NA,TIBURON MAMON (MUSTELUS LUNULATUS),MUSTELUS LUNULATUS,Mustelus lunulatus,Sicklefin smooth-hound (shark),Mustelus lunulatus,Mustelus,Triakidae,taxize,high
393,TIBURON,TIBURON MAMON DESV. Y DESC. FCO. (MUSTELUS LUNULATUS),DESV.,DESC.,FCO.,NA,NA,TIBURON MAMON (MUSTELUS LUNULATUS),MUSTELUS LUNULATUS,Mustelus lunulatus,Sicklefin smooth-hound (shark),Mustelus lunulatus,Mustelus,Triakidae,taxize,high
394,TIBURON,TIBURON MAMON ENT. FCO. (MUSTELUS LUNULATUS),ENT.,FCO.,NA,NA,NA,TIBURON MAMON (MUSTELUS LUNULATUS),MUSTELUS LUNULATUS,Mustelus lunulatus,Sicklefin smooth-hound (shark),Mustelus lunulatus,Mustelus,Triakidae,taxize,high
395,TIBURON,ALETA DE TIBURON,ALETA,NA,NA,NA,NA,DE TIBURON,NA,NA,shark fin (unspecified),NA,NA,NA,"shark; unable to specify species, genus, or family",high
396,TIBURON,ALETA FCA DE TIBURON COLUDO,ALETA,FCA,NA,NA,NA,DE TIBURON COLUDO,NA,NA,long-tailed shark (thresher shark?),NA,Alopias,Alopiidae,logical conclusion based on research; dataMares,medium
397,TIBURON,ALETA FCA DE TIBURON CORNUDA PRIETA,ALETA,FCA,NA,NA,NA,DE TIBURON CORNUDA PRIETA,NA,NA,Smooth hammerhead shark,Sphyrna zygaena,Sphyrna,Sphyrnidae,logical conclusion based on research; dataMares,high
398,TIBURON,ALETA FCA DE TIBURON MAKO,ALETA,FCA,NA,NA,NA,DE TIBURON MAKO,NA,NA,Shortfin mako shark,Isurus oxyrinchus,Isurus,Lamnidae,logical conclusion based on name; logical match to taxize,high
399,TIBURON,ALETA FCA DE TIBURON MARTILLO,ALETA,FCA,NA,NA,NA,DE TIBURON MARTILLO,NA,NA,hammerhead (unspecified),NA,Sphyrna,Sphyrnidae,hammerhead shark; unable to specify species,high
400,TIBURON,ALETA FCA DE TIBURON TUNERO,ALETA,FCA,NA,NA,NA,DE TIBURON TUNERO,NA,NA,Silky shark,Carcharhinus falciformis,Carcharhinus,Carcharhinidae,"dataMares says species Carcharhinus falciformis; logical match to taxize; however, I cannot find a backup source for this",medium
401,TIBURON,ALETA FCA DE TIBURON TUNERO O CAFE,ALETA,FCA,NA,NA,NA,DE TIBURON TUNERO O CAFE,NA,NA,Silky shark,Carcharhinus falciformis,Carcharhinus,Carcharhinidae,"dataMares says species Carcharhinus falciformis; logical match to taxize; however, I cannot find a backup source for this",medium
402,TIBURON,ALETA FCA DE TIBURON ZORRO PINTO,ALETA,FCA,NA,NA,NA,DE TIBURON ZORRO PINTO,NA,NA,Common thresher shark,Alopias vulpinus,Alopias,Alopiidae,dataMares; logical match to taxize; supported by additional online sources,high
403,TIBURON,"ALETA FCA DE TIBURON ZORRO PINTO, ZORRO COMUN, COLUDO PINTO",ALETA,FCA,NA,NA,NA,"DE TIBURON ZORRO PINTO, ZORRO COMUN, COLUDO PINTO",NA,NA,Common thresher shark,Alopias vulpinus,Alopias,Alopiidae,dataMares; logical match to taxize; supported by additional online sources,high
404,TIBURON,ALETA SECA DE TIBURON COLUDO,ALETA,SECA DE,NA,NA,NA,TIBURON COLUDO,NA,NA,long-tailed shark (thresher shark?),NA,Alopias,Alopiidae,logical conclusion based on research; dataMares,high
405,TIBURON,ALETA SECA DE TIBURON CORNUDA GIGANTE (SYPYRNA MOKARRAN),ALETA,SECA DE,NA,NA,NA,TIBURON CORNUDA GIGANTE (SYPYRNA MOKARRAN),SYPYRNA MOKARRAN,Sypyrna mokarran,Great hammerhead,Sphyrna mokarran,Sphyrna,Sphyrnidae,logical conclusion based on research; typo in the name Sphyrna mokarran,high
406,TIBURON,ALETA SECA DE TIBURON CORNUDA PRIETA,ALETA,SECA DE,NA,NA,NA,TIBURON CORNUDA PRIETA,NA,NA,Smooth hammerhead shark,Sphyrna zygaena,Sphyrna,Sphyrnidae,logical conclusion based on research; dataMares,high
407,TIBURON,ALETA SECA DE TIBURON MARTILLO,ALETA,SECA DE,NA,NA,NA,TIBURON MARTILLO,NA,NA,hammerhead (unspecified),NA,Sphyrna,Sphyrnidae,hammerhead shark; unable to specify species,high
408,TIBURON,ALETA SECA DE TIBURON ZORRO NEGRO,ALETA,SECA DE,NA,NA,NA,TIBURON ZORRO NEGRO,NA,NA,Bigeye thresher shark,Alopias superciliosus,Alopias,Alopiidae,logical conclusion based on research,high
409,TIBURON,BIRONCHE DESV. Y  DESC. FCO.,DESV.,DESC.,FCO.,NA,NA,BIRONCHE,NA,NA,Pacific sharpnose shark,Rhizoprionodon longurio,Rhizoprionodon,Carcharhinidae,logical conclusion based on research; dataMares,high
410,TIBURON,BIRONCHE ENT. FCO.,ENT.,FCO.,NA,NA,NA,BIRONCHE,NA,NA,Pacific sharpnose shark,Rhizoprionodon longurio,Rhizoprionodon,Carcharhinidae,logical conclusion based on research; dataMares,high
411,TIBURON,CA√ëA HUECA DES. Y DESC. FCA.,DES.,DESC.,FCA.,NA,NA,CA√ëA HUECA,NA,NA,shark (unspecified),NA,NA,NA,not enough information to classify,low
412,TIBURON,CABEZA DE PALA ENT. FCA.,CABEZA DE,ENT.,FCA.,NA,NA,PALA,NA,NA,Bonnethead shark,Sphyrna tiburo,Sphyrna,Sphyrnidae,logical conclusion based on research,high
413,TIBURON,CRUZ ENT. FCA.,ENT.,FCA.,NA,NA,NA,CRUZ,NA,NA,shark (unspecified),NA,NA,NA,not enough information to classify,low
414,TIBURON,FILETE DE SECO DE TIBURON CORNUDA PRIETA,FILETE DE,SECO DE,NA,NA,NA,TIBURON CORNUDA PRIETA,NA,NA,Smooth hammerhead shark,Sphyrna zygaena,Sphyrna,Sphyrnidae,logical conclusion based on research; dataMares; typo in common name,high
415,TIBURON,GALANO ENT. FCO.,ENT.,FCO.,NA,NA,NA,GALANO,NA,NA,Lemon shark,Negaprion brevirostris,Negaprion,Carcharhinidae,logical conclusion based on research; dataMares,high
416,TIBURON,GATA DESV. FCA.,DESV.,FCA.,NA,NA,NA,GATA,NA,NA,Nurse shark,Ginglymostoma cirratum,Ginglymostoma,Ginglymostomatidae,logical conclusion based on research; dataMares,high
417,TIBURON,GATA DESV. Y DESC. FCA.,DESV.,DESC.,FCA.,NA,NA,GATA,NA,NA,Nurse shark,Ginglymostoma cirratum,Ginglymostoma,Ginglymostomatidae,logical conclusion based on research; dataMares,high
418,TIBURON,GATA ENT. FCA.,ENT.,FCA.,NA,NA,NA,GATA,NA,NA,Nurse shark,Ginglymostoma cirratum,Ginglymostoma,Ginglymostomatidae,logical conclusion based on research; dataMares,high
419,TIBURON,GATA FILETE DE FCO.,FILETE DE,FCO.,NA,NA,NA,GATA,NA,NA,Nurse shark,Ginglymostoma cirratum,Ginglymostoma,Ginglymostomatidae,logical conclusion based on research; dataMares,high
420,TIBURON,GATA MANCHADA ENT. FCA.,ENT.,FCA.,NA,NA,NA,GATA MANCHADA,NA,NA,Nurse shark,Ginglymostoma cirratum,Ginglymostoma,Ginglymostomatidae,logical conclusion based on research; dataMares,high
421,TIBURON,GRILLO ALETA DE FCA.,ALETA,FCA.,NA,NA,NA,GRILLO DE,NA,NA,Bigeye thresher shark,Alopias superciliosus,Alopias,Alopiidae,logical conclusion based on research; dataMares,high
422,TIBURON,GRILLO DESV. FCO.,DESV.,FCO.,NA,NA,NA,GRILLO,NA,NA,Bigeye thresher shark,Alopias superciliosus,Alopias,Alopiidae,logical conclusion based on research; dataMares,high
423,TIBURON,GRILLO DESV. Y DESC. FCO.,DESV.,DESC.,FCO.,NA,NA,GRILLO,NA,NA,Bigeye thresher shark,Alopias superciliosus,Alopias,Alopiidae,logical conclusion based on research; dataMares,high
424,TIBURON,GRILLO ENT. FCO.,ENT.,FCO.,NA,NA,NA,GRILLO,NA,NA,Bigeye thresher shark,Alopias superciliosus,Alopias,Alopiidae,logical conclusion based on research; dataMares,high
425,TIBURON,ISALA ENT. FCA.,ENT.,FCA.,NA,NA,NA,ISALA,NA,NA,Blacktip shark,Carcharhinus limbatus,Carcharhinus,Carcharhinidae,dataMares,high
426,TIBURON,JAQUETON ENT. FCO.,ENT.,FCO.,NA,NA,NA,JAQUETON,NA,NA,requiem shark (unspecified),NA,NA,Carcharhinidae,logical conclusion based on research; cannot specify species or genus,medium
427,TIBURON,PUNTINEGRO ENT. FCO.,ENT.,FCO.,NA,NA,NA,PUNTINEGRO,NA,NA,Blacktip shark,Carcharhinus limbatus,Carcharhinus,Carcharhinidae,dataMares; logical conclusion based on research,high
428,TIBURON,SARDINERO DESV. FCO.,DESV.,FCO.,NA,NA,NA,SARDINERO,NA,NA,Salmon shark,Lamna ditropis,Lamna,Lamnidae,dataMares says Lamna ditropis; this makes logical sense based on the name; I am not sure about this classification,medium
429,TIBURON,SARDINERO ENT. FCO.,ENT.,FCO.,NA,NA,NA,SARDINERO,NA,NA,Salmon shark,Lamna ditropis,Lamna,Lamnidae,dataMares says Lamna ditropis; this makes logical sense based on the name; I am not sure about this classification,medium
430,TIBURON,TIBUR”N LOBERO DESV. FCO.,DESV.,FCO.,NA,NA,NA,TIBURÔøΩN LOBERO,NA,NA,Copper shark,Carcharhinus brachyurus,Carcharhinus,Carcharhinidae,logical conclusion based on research,medium
431,TIBURON,TIBUR√ìN LOBERO DESV. FCO.,DESV.,FCO.,NA,NA,NA,TIBUR√ìN LOBERO,NA,NA,Copper shark,Carcharhinus brachyurus,Carcharhinus,Carcharhinidae,logical conclusion based on research,medium
432,TIBURON,TIBUR√ìN LOBERO DESV. Y DESC. FCO.,DESV.,DESC.,FCO.,NA,NA,TIBUR√ìN LOBERO,NA,NA,Copper shark,Carcharhinus brachyurus,Carcharhinus,Carcharhinidae,logical conclusion based on research,medium
433,TIBURON,TIBURON ALETA BLANCA DESV. FCO.,ALETA,DESV.,FCO.,NA,NA,TIBURON BLANCA,NA,NA,White shark,Carcharodon carcharias,Carcharodon,Lamnidae,logical conclusion based on research,high
434,TIBURON,TIBURON ALETA BLANCA DESV. Y DESC.,ALETA,DESV.,DESC.,NA,NA,TIBURON BLANCA,NA,NA,White shark,Carcharodon carcharias,Carcharodon,Lamnidae,logical conclusion based on research,high
435,TIBURON,TIBURON ALETA BLANCA ENT. FCO.,ALETA,ENT.,FCO.,NA,NA,TIBURON BLANCA,NA,NA,White shark,Carcharodon carcharias,Carcharodon,Lamnidae,logical conclusion based on research,high
436,TIBURON,TIBURON ALETA BLANCA FILETE FCO.,ALETA,FILETE,FCO.,NA,NA,TIBURON BLANCA,NA,NA,White shark,Carcharodon carcharias,Carcharodon,Lamnidae,logical conclusion based on research,high
437,TIBURON,TIBURON ALETA CARTON DESV. FCO.,ALETA,DESV.,FCO.,NA,NA,TIBURON CARTON,NA,NA,Sandbar shark,Carcharhinus plumbeus,Carcharhinus,Carcharhinidae,logical conclusion based on research; dataMares,high
438,TIBURON,TIBURON ALETA CARTON DESV. Y DESC.,ALETA,DESV.,DESC.,NA,NA,TIBURON CARTON,NA,NA,Sandbar shark,Carcharhinus plumbeus,Carcharhinus,Carcharhinidae,logical conclusion based on research; dataMares,high
439,TIBURON,TIBURON ALETA CARTON ENT. FCO.,ALETA,ENT.,FCO.,NA,NA,TIBURON CARTON,NA,NA,Sandbar shark,Carcharhinus plumbeus,Carcharhinus,Carcharhinidae,logical conclusion based on research; dataMares,high
440,TIBURON,TIBURON ALETA SECA DE,ALETA,SECA DE,NA,NA,NA,TIBURON,NA,NA,shark (unspecified),NA,NA,NA,not enough information to classify,high
441,TIBURON,TIBURON AMARILLO DESV. FCO.,DESV.,FCO.,NA,NA,NA,TIBURON AMARILLO,NA,NA,Lemon shark,Negaprion brevirostris,Negaprion,Carcharhinidae,logical conclusion based on research; dataMares,high
442,TIBURON,TIBURON AMARILLO DESV. Y DESC. FCO.,DESV.,DESC.,FCO.,NA,NA,TIBURON AMARILLO,NA,NA,Lemon shark,Negaprion brevirostris,Negaprion,Carcharhinidae,logical conclusion based on research; dataMares,high
443,TIBURON,TIBURON AMARILLO ENT. FCO.,ENT.,FCO.,NA,NA,NA,TIBURON AMARILLO,NA,NA,Lemon shark,Negaprion brevirostris,Negaprion,Carcharhinidae,logical conclusion based on research; dataMares,high
444,TIBURON,TIBURON BATEA ENT. FCO.,ENT.,FCO.,NA,NA,NA,TIBURON BATEA,NA,NA,Bull shark,Carcharhinus leucas,Carcharhinus,Carcharhinidae,logical conclusion based on research; dataMares,high
445,TIBURON,TIBURON CARNE SECA,SECA,NA,NA,NA,NA,TIBURON CARNE,NA,NA,shark (unspecified),NA,NA,NA,not enough information to classify,high
446,TIBURON,TIBURON CHATITA DESV. Y DESC.,DESV.,DESC.,NA,NA,NA,TIBURON CHATITA,NA,NA,shark (unspecified),NA,NA,NA,perhaps I can be more specific about what kind of shark this is,low
447,TIBURON,TIBURON CHATO DESV. FCO.,DESV.,FCO.,NA,NA,NA,TIBURON CHATO,NA,NA,Bull shark,Carcharhinus leucas,Carcharhinus,Carcharhinidae,logical conclusion based on research; dataMares,high
448,TIBURON,TIBURON CHATO DESV. Y DESC. FCO.,DESV.,DESC.,FCO.,NA,NA,TIBURON CHATO,NA,NA,Bull shark,Carcharhinus leucas,Carcharhinus,Carcharhinidae,logical conclusion based on research; dataMares,high
449,TIBURON,TIBURON CHATO ENT. FCO.,ENT.,FCO.,NA,NA,NA,TIBURON CHATO,NA,NA,Bull shark,Carcharhinus leucas,Carcharhinus,Carcharhinidae,logical conclusion based on research; dataMares,high
450,TIBURON,TIBURON COLORADO DESV. FCO.,DESV.,FCO.,NA,NA,NA,TIBURON COLORADO,NA,NA,Bignose shark,Carcharhinus altimus,Carcharhinus,Carcharhinidae,logical conclusion based on research; dataMares,high
451,TIBURON,TIBURON COLORADO DESV. Y DESC. FCO.,DESV.,DESC.,FCO.,NA,NA,TIBURON COLORADO,NA,NA,Bignose shark,Carcharhinus altimus,Carcharhinus,Carcharhinidae,logical conclusion based on research; dataMares,high
452,TIBURON,TIBURON COLORADO ENT. FCO.,ENT.,FCO.,NA,NA,NA,TIBURON COLORADO,NA,NA,Bignose shark,Carcharhinus altimus,Carcharhinus,Carcharhinidae,logical conclusion based on research; dataMares,high
453,TIBURON,TIBURON COLUDO DESV. FCO.,DESV.,FCO.,NA,NA,NA,TIBURON COLUDO,NA,NA,long-tailed shark (thresher shark?),NA,Alopias,Alopiidae,logical conclusion based on research; dataMares,medium
454,TIBURON,TIBURON COLUDO DESV. Y DESC. FCO.,DESV.,DESC.,FCO.,NA,NA,TIBURON COLUDO,NA,NA,long-tailed shark (thresher shark?),NA,Alopias,Alopiidae,logical conclusion based on research; dataMares,medium
455,TIBURON,TIBURON COLUDO ENT. FCO.,ENT.,FCO.,NA,NA,NA,TIBURON COLUDO,NA,NA,long-tailed shark (thresher shark?),NA,Alopias,Alopiidae,logical conclusion based on research; dataMares,medium
456,TIBURON,TIBURON CORNUDA GIGANTE DESV. Y DESC. FCO.,DESV.,DESC.,FCO.,NA,NA,TIBURON CORNUDA GIGANTE,NA,NA,Great hammerhead,Sphyrna mokarran,Sphyrna,Sphyrnidae,logical conclusion based on research,high
457,TIBURON,TIBURON CORNUDA GIGANTE ENT. FCO.,ENT.,FCO.,NA,NA,NA,TIBURON CORNUDA GIGANTE,NA,NA,Great hammerhead,Sphyrna mokarran,Sphyrna,Sphyrnidae,logical conclusion based on research,high
458,TIBURON,TIBURON CORNUDA PRIETA DESV. FCO.,DESV.,FCO.,NA,NA,NA,TIBURON CORNUDA PRIETA,NA,NA,Smooth hammerhead shark,Sphyrna zygaena,Sphyrna,Sphyrnidae,logical conclusion based on research; dataMares,high
459,TIBURON,TIBURON CORNUDA PRIETA DESV. Y DESC. FCO.,DESV.,DESC.,FCO.,NA,NA,TIBURON CORNUDA PRIETA,NA,NA,Smooth hammerhead shark,Sphyrna zygaena,Sphyrna,Sphyrnidae,logical conclusion based on research; dataMares,high
460,TIBURON,TIBURON CORNUDA PRIETA ENT. FCO.,ENT.,FCO.,NA,NA,NA,TIBURON CORNUDA PRIETA,NA,NA,Smooth hammerhead shark,Sphyrna zygaena,Sphyrna,Sphyrnidae,logical conclusion based on research; dataMares,high
461,TIBURON,TIBURON COYOTE DESV. FCO.,DESV.,FCO.,NA,NA,NA,TIBURON COYOTE,NA,NA,Whitenose shark,Nasolamia velox,Nasolamia,"	Carcharhinidae",logical conclusion based on research; dataMares,high
462,TIBURON,TIBURON COYOTE DESV. Y DESC. FCO.,DESV.,DESC.,FCO.,NA,NA,TIBURON COYOTE,NA,NA,Whitenose shark,Nasolamia velox,Nasolamia,"	Carcharhinidae",logical conclusion based on research; dataMares,high
463,TIBURON,TIBURON COYOTE ENT. FCO.,ENT.,FCO.,NA,NA,NA,TIBURON COYOTE,NA,NA,Whitenose shark,Nasolamia velox,Nasolamia,"	Carcharhinidae",logical conclusion based on research; dataMares,high
464,TIBURON,TIBURON DESV. FCO.,DESV.,FCO.,NA,NA,NA,TIBURON,NA,NA,shark (unspecified),NA,NA,NA,not enough information to classify,high
465,TIBURON,TIBURON DESV. Y DESC. FCO.,DESV.,DESC.,FCO.,NA,NA,TIBURON,NA,NA,shark (unspecified),NA,NA,NA,not enough information to classify,high
466,TIBURON,TIBURON ENCERADO ENT. FCO.,ENT.,FCO.,NA,NA,NA,TIBURON ENCERADO,NA,NA,shark (unspecified),NA,NA,NA,"not enough information to classify; can I can be more specific about what kind of shark this is? (this might just be shark ""wax""",low
467,TIBURON,TIBURON ENT. FCO.,ENT.,FCO.,NA,NA,NA,TIBURON,NA,NA,shark (unspecified),NA,NA,NA,not enough information to classify,high
468,TIBURON,TIBURON ESPINOZO DESV. FCO.,DESV.,FCO.,NA,NA,NA,TIBURON ESPINOZO,NA,NA,Black spiny shark,Echinorhinus cookei,Echinorhinus,Echinorhinidae,logical conclusion based on research; dataMares,high
469,TIBURON,TIBURON ESPINOZO FILETE FCO.,FILETE,FCO.,NA,NA,NA,TIBURON ESPINOZO,NA,NA,Black spiny shark,Echinorhinus cookei,Echinorhinus,Echinorhinidae,logical conclusion based on research; dataMares,high
470,TIBURON,TIBURON FILETE DE FCO.,FILETE DE,FCO.,NA,NA,NA,TIBURON,NA,NA,shark (unspecified),NA,NA,NA,not enough information to classify,high
471,TIBURON,TIBURON LEOPARDO ENT. FCO.,ENT.,FCO.,NA,NA,NA,TIBURON LEOPARDO,NA,NA,Leopard shark,Triakis semifasciata,Triakis,Triakidae,logical conclusion based on research; dataMares,high
472,TIBURON,TIBURON LOBERO ENT. FCO.,ENT.,FCO.,NA,NA,NA,TIBURON LOBERO,NA,NA,Copper shark,Carcharhinus brachyurus,Carcharhinus,Carcharhinidae,logical conclusion based on research,medium
473,TIBURON,TIBURON MAKO DESV. FCO.,DESV.,FCO.,NA,NA,NA,TIBURON MAKO,NA,NA,mako shark (unspecified),NA,Isurus,Lamnidae,logical conclusion based on research,medium
474,TIBURON,TIBURON MAKO DESV. Y DESC. FCO.,DESV.,DESC.,FCO.,NA,NA,TIBURON MAKO,NA,NA,mako shark (unspecified),NA,Isurus,Lamnidae,logical conclusion based on research,medium
475,TIBURON,TIBURON MAKO ENT. FCO.,ENT.,FCO.,NA,NA,NA,TIBURON MAKO,NA,NA,mako shark (unspecified),NA,Isurus,Lamnidae,logical conclusion based on research,medium
476,TIBURON,TIBURON MAMON DESV. FCO.,DESV.,FCO.,NA,NA,NA,TIBURON MAMON,NA,NA,smooth-hound shark (unspecified),NA,Mustelus,Triakidae,logical conclusion based on research; dataMares,high
477,TIBURON,TIBURON MAMON DESV. Y DESC. FCO.,DESV.,DESC.,FCO.,NA,NA,TIBURON MAMON,NA,NA,smooth-hound shark (unspecified),NA,Mustelus,Triakidae,logical conclusion based on research; dataMares,high
478,TIBURON,TIBURON MAMON ENT. FCO.,ENT.,FCO.,NA,NA,NA,TIBURON MAMON,NA,NA,smooth-hound shark (unspecified),NA,Mustelus,Triakidae,logical conclusion based on research; dataMares,high
479,TIBURON,TIBURON MARTILLO DESV FCO,DESV,FCO,NA,NA,NA,TIBURON MARTILLO,NA,NA,hammerhead (unspecified),NA,Sphyrna,Sphyrnidae,hammerhead shark; unable to specify species,high
480,TIBURON,TIBURON MARTILLO DESV Y DESC FCO,DESV,DESC,FCO,NA,NA,TIBURON MARTILLO,NA,NA,hammerhead (unspecified),NA,Sphyrna,Sphyrnidae,hammerhead shark; unable to specify species,high
481,TIBURON,TIBURON MARTILLO DESV. FCO.,DESV.,FCO.,NA,NA,NA,TIBURON MARTILLO,NA,NA,hammerhead (unspecified),NA,Sphyrna,Sphyrnidae,hammerhead shark; unable to specify species,high
482,TIBURON,TIBURON MARTILLO DESV. Y DESC. FCO.,DESV.,DESC.,FCO.,NA,NA,TIBURON MARTILLO,NA,NA,hammerhead (unspecified),NA,Sphyrna,Sphyrnidae,hammerhead shark; unable to specify species,high
483,TIBURON,TIBURON MARTILLO ENT FCO,ENT,FCO,NA,NA,NA,TIBURON MARTILLO,NA,NA,hammerhead (unspecified),NA,Sphyrna,Sphyrnidae,hammerhead shark; unable to specify species,high
484,TIBURON,TIBURON MARTILLO ENT. FCO.,ENT.,FCO.,NA,NA,NA,TIBURON MARTILLO,NA,NA,hammerhead (unspecified),NA,Sphyrna,Sphyrnidae,hammerhead shark; unable to specify species,high
485,TIBURON,TIBURON MAYO DESV. FCO.,DESV.,FCO.,NA,NA,NA,TIBURON MAYO,NA,NA,mako shark (unspecified),NA,NA,NA,dataMares says Isurus oxyrinchus; I think there is a typo in the name for TIBURON MAKO,medium
486,TIBURON,TIBURON MAYO DESV. Y DESC. FCO.,DESV.,DESC.,FCO.,NA,NA,TIBURON MAYO,NA,NA,mako shark (unspecified),NA,NA,NA,dataMares says Isurus oxyrinchus; I think there is a typo in the name for TIBURON MAKO,medium
487,TIBURON,TIBURON MAYO ENT. FCO.,ENT.,FCO.,NA,NA,NA,TIBURON MAYO,NA,NA,mako shark (unspecified),NA,NA,NA,dataMares says Isurus oxyrinchus; I think there is a typo in the name for TIBURON MAKO,medium
488,TIBURON,TIBURON MAYO FILETE DESV.,FILETE,DESV.,NA,NA,NA,TIBURON MAYO,NA,NA,mako shark (unspecified),NA,NA,NA,dataMares says Isurus oxyrinchus; I think there is a typo in the name for TIBURON MAKO,medium
489,TIBURON,"TIBURON NEGRO, ZORRO OJON, TRESHER DESV Y DESC FCO",DESV,DESC,FCO,NA,NA,"TIBURON NEGRO, ZORRO OJON, TRESHER",NA,NA,Blacktip or thresher shark (unspecified),NA,NA,NA,"shark; unable to specify species, genus, or family",low
490,TIBURON,"TIBURON NEGRO, ZORRO OJON, TRESHER ENT FCO",ENT,FCO,NA,NA,NA,"TIBURON NEGRO, ZORRO OJON, TRESHER",NA,NA,Blacktip or thresher shark (unspecified),NA,NA,NA,"shark; unable to specify species, genus, or family",low
491,TIBURON,TIBURON PICUDO DESV. FCO.,DESV.,FCO.,NA,NA,NA,TIBURON PICUDO,NA,NA,Pacific sharpnose shark,Rhizoprionodon longurio,Rhizoprionodon,Carcharhinidae,dataMares,low
492,TIBURON,TIBURON PICUDO DESV. Y DESC. FCO.,DESV.,DESC.,FCO.,NA,NA,TIBURON PICUDO,NA,NA,Pacific sharpnose shark,Rhizoprionodon longurio,Rhizoprionodon,Carcharhinidae,dataMares,low
493,TIBURON,TIBURON PICUDO ENT. FCO.,ENT.,FCO.,NA,NA,NA,TIBURON PICUDO,NA,NA,Pacific sharpnose shark,Rhizoprionodon longurio,Rhizoprionodon,Carcharhinidae,dataMares,low
494,TIBURON,TIBURON PICUDO FILETE FCO.,FILETE,FCO.,NA,NA,NA,TIBURON PICUDO,NA,NA,Pacific sharpnose shark,Rhizoprionodon longurio,Rhizoprionodon,Carcharhinidae,dataMares,low
495,TIBURON,TIBURON PIEL DE FCA.,FCA.,NA,NA,NA,NA,TIBURON PIEL DE,NA,NA,shark skin (unspecified),NA,NA,NA,"shark; unable to specify species, genus, or family",high
496,TIBURON,TIBURON PIEL DE SECA,PIEL DE SECA,NA,NA,NA,NA,TIBURON,NA,NA,shark (unspecified),NA,NA,NA,"shark; unable to specify species, genus, or family",high
497,TIBURON,TIBURON POROSO DESV. FCO.,DESV.,FCO.,NA,NA,NA,TIBURON POROSO,NA,NA,Pacific smalltail shark,Carcharhinus cerdale,Carcharhinus,Carcharhinidae,"dataMares says species Carcharhinus porosus, but that is found in the Atlantic; logical conclusion based on research",medium
498,TIBURON,TIBURON POROSO DESV. Y DESC. FCO.,DESV.,DESC.,FCO.,NA,NA,TIBURON POROSO,NA,NA,Pacific smalltail shark,Carcharhinus cerdale,Carcharhinus,Carcharhinidae,"dataMares says species Carcharhinus porosus, but that is found in the Atlantic; logical conclusion based on research",medium
499,TIBURON,TIBURON PRIETO DESV. FCO.,DESV.,FCO.,NA,NA,NA,TIBURON PRIETO,NA,NA,Dusky shark or Silky shark,NA,Carcharhinus,Carcharhinidae,dataMares says Silky shark (Carcharhinus falciformis); logical match to taxize says Dusky shark (Carcharhinus obscurus); both are possible,medium
500,TIBURON,TIBURON PRIETO DESV. Y DESC. FCO.,DESV.,DESC.,FCO.,NA,NA,TIBURON PRIETO,NA,NA,Dusky shark or Silky shark,NA,Carcharhinus,Carcharhinidae,dataMares says Silky shark (Carcharhinus falciformis); logical match to taxize says Dusky shark (Carcharhinus obscurus); both are possible,medium
501,TIBURON,TIBURON PRIETO ENT. FCO.,ENT.,FCO.,NA,NA,NA,TIBURON PRIETO,NA,NA,Dusky shark or Silky shark,NA,Carcharhinus,Carcharhinidae,dataMares says Silky shark (Carcharhinus falciformis); logical match to taxize says Dusky shark (Carcharhinus obscurus); both are possible,medium
502,TIBURON,TIBURON RAYADO ENT. FCO.,ENT.,FCO.,NA,NA,NA,TIBURON RAYADO,NA,NA,Leopard shark,Triakis semifasciata,Triakis,Triakidae,dataMares Triakis semifasciata; I am not sure about this classification,low
503,TIBURON,TIBURON SARDINERO DESV. Y DESC. FCO.,DESV.,DESC.,FCO.,NA,NA,TIBURON SARDINERO,NA,NA,Salmon shark,Lamna ditropis,Lamna,Lamnidae,dataMares says Lamna ditropis; this makes logical sense based on the name; I am not sure about this classification,medium
504,TIBURON,TIBURON SEDOSO DESV. FCO.,DESV.,FCO.,NA,NA,NA,TIBURON SEDOSO,NA,NA,Silky shark,Carcharhinus falciformis,Carcharhinus,Carcharhinidae,logical conclusion based on research; dataMares,high
505,TIBURON,TIBURON SEDOSO DESV. Y DESC. FCO.,DESV.,DESC.,FCO.,NA,NA,TIBURON SEDOSO,NA,NA,Silky shark,Carcharhinus falciformis,Carcharhinus,Carcharhinidae,logical conclusion based on research; dataMares,high
506,TIBURON,TIBURON SEDOSO ENT. FCO.,ENT.,FCO.,NA,NA,NA,TIBURON SEDOSO,NA,NA,Silky shark,Carcharhinus falciformis,Carcharhinus,Carcharhinidae,logical conclusion based on research; dataMares,high
507,TIBURON,TIBURON SEDOSO FILETE FCO.,FILETE,FCO.,NA,NA,NA,TIBURON SEDOSO,NA,NA,Silky shark,Carcharhinus falciformis,Carcharhinus,Carcharhinidae,logical conclusion based on research; dataMares,high
508,TIBURON,TIBURON SULFIN DESV. FCO.,DESV.,FCO.,NA,NA,NA,TIBURON SULFIN,NA,NA,Soupfin shark,Galeorhinus galeus,Galeorhinus,Triakidae,logical conclusion based on research; dataMares,high
509,TIBURON,TIBURON SULFIN DESV. Y DESC.  FCO.,DESV.,DESC.,FCO.,NA,NA,TIBURON SULFIN,NA,NA,Soupfin shark,Galeorhinus galeus,Galeorhinus,Triakidae,logical conclusion based on research; dataMares,high
510,TIBURON,TIBURON SULFIN ENT. FCO.,ENT.,FCO.,NA,NA,NA,TIBURON SULFIN,NA,NA,Soupfin shark,Galeorhinus galeus,Galeorhinus,Triakidae,logical conclusion based on research; dataMares,high
511,TIBURON,TIBURON TIGRE DESV. FCO.,DESV.,FCO.,NA,NA,NA,TIBURON TIGRE,NA,NA,Tiger shark,Galeocerdo cuvier,Galeocerdo,Carcharhinidae,dataMares; logical match to taxize; supported by additional online sources,high
512,TIBURON,TIBURON TIGRE DESV. Y DESC. FCO.,DESV.,DESC.,FCO.,NA,NA,TIBURON TIGRE,NA,NA,Tiger shark,Galeocerdo cuvier,Galeocerdo,Carcharhinidae,dataMares; logical match to taxize; supported by additional online sources,high
513,TIBURON,TIBURON TIGRE ENT. FCO.,ENT.,FCO.,NA,NA,NA,TIBURON TIGRE,NA,NA,Tiger shark,Galeocerdo cuvier,Galeocerdo,Carcharhinidae,dataMares; logical match to taxize; supported by additional online sources,high
514,TIBURON,TIBURON TORO DESV. FCO.,DESV.,FCO.,NA,NA,NA,TIBURON TORO,NA,NA,Bull shark,Carcharhinus leucas,Carcharhinus,Carcharhinidae,logical conclusion based on research; dataMares,high
515,TIBURON,TIBURON TORO DESV. Y DESC. FCO.,DESV.,DESC.,FCO.,NA,NA,TIBURON TORO,NA,NA,Bull shark,Carcharhinus leucas,Carcharhinus,Carcharhinidae,logical conclusion based on research; dataMares,high
516,TIBURON,TIBURON TORO ENT. FCO.,ENT.,FCO.,NA,NA,NA,TIBURON TORO,NA,NA,Bull shark,Carcharhinus leucas,Carcharhinus,Carcharhinidae,logical conclusion based on research; dataMares,high
517,TIBURON,TIBURON TUNERO DESV. FCO.,DESV.,FCO.,NA,NA,NA,TIBURON TUNERO,NA,NA,Silky shark,Carcharhinus falciformis,Carcharhinus,Carcharhinidae,"dataMares says species Carcharhinus falciformis; logical match to taxize; however, I cannot find a backup source for this",medium
518,TIBURON,TIBURON TUNERO DESV. Y DESC. FCO.,DESV.,DESC.,FCO.,NA,NA,TIBURON TUNERO,NA,NA,Silky shark,Carcharhinus falciformis,Carcharhinus,Carcharhinidae,"dataMares says species Carcharhinus falciformis; logical match to taxize; however, I cannot find a backup source for this",medium
519,TIBURON,TIBURON VOLADOR DESV. FCO.,DESV.,FCO.,NA,NA,NA,TIBURON VOLADOR,NA,NA,Blacktip shark,Carcharhinus limbatus,Carcharhinus,Carcharhinidae,dataMares; logical match to taxize; supported by additional online sources,high
520,TIBURON,TIBURON VOLADOR DESV. Y DESC. FCO.,DESV.,DESC.,FCO.,NA,NA,TIBURON VOLADOR,NA,NA,Blacktip shark,Carcharhinus limbatus,Carcharhinus,Carcharhinidae,dataMares; logical match to taxize; supported by additional online sources,high
521,TIBURON,TIBURON VOLADOR ENT. FCO.,ENT.,FCO.,NA,NA,NA,TIBURON VOLADOR,NA,NA,Blacktip shark,Carcharhinus limbatus,Carcharhinus,Carcharhinidae,dataMares; logical match to taxize; supported by additional online sources,high
522,TIBURON,TIBURON VOLADOR FILETE FCO.,FILETE,FCO.,NA,NA,NA,TIBURON VOLADOR,NA,NA,Blacktip shark,Carcharhinus limbatus,Carcharhinus,Carcharhinidae,dataMares; logical match to taxize; supported by additional online sources,high
523,TIBURON,TIBURON ZORRO DESV. Y DESC. FCO.,DESV.,DESC.,FCO.,NA,NA,TIBURON ZORRO,NA,NA,thresher shark,NA,Alopias,Alopiidae,logical conclusion based on research; dataMares,high
524,TIBURON,TIBURON ZORRO ENT. FCO.,ENT.,FCO.,NA,NA,NA,TIBURON ZORRO,NA,NA,thresher shark,NA,Alopias,Alopiidae,logical conclusion based on research; dataMares,high
525,TIBURON,"TIBURON ZORRO PELAGICO, PERRO DESV. Y DESC. FCO.",DESV.,DESC.,FCO.,NA,NA,"TIBURON ZORRO PELAGICO, PERRO",NA,NA,Pelagic thresher shark,Alopias pelagicus,Alopias,Alopiidae,logical conclusion based on research,high
526,TIBURON,TIBURON ZORRO PINTO DESV. FCO.,DESV.,FCO.,NA,NA,NA,TIBURON ZORRO PINTO,NA,NA,Common thresher shark,Alopias vulpinus,Alopias,Alopiidae,logical conclusion based on research,high
527,TIBURON,TIBURON ZORRO PINTO DESV. Y DESC. FCO.,DESV.,DESC.,FCO.,NA,NA,TIBURON ZORRO PINTO,NA,NA,Common thresher shark,Alopias vulpinus,Alopias,Alopiidae,logical conclusion based on research,high
528,TIBURON,TIBURON ZORRO PINTO ENT. FCO.,ENT.,FCO.,NA,NA,NA,TIBURON ZORRO PINTO,NA,NA,Common thresher shark,Alopias vulpinus,Alopias,Alopiidae,logical conclusion based on research,high
529,TIBURON,"TIBURON ZORRO PINTO, ZORRO COMUN, COLUDO PINTO DESV. FCO.",DESV.,FCO.,NA,NA,NA,"TIBURON ZORRO PINTO, ZORRO COMUN, COLUDO PINTO",NA,NA,Common thresher shark,Alopias vulpinus,Alopias,Alopiidae,logical conclusion based on research,high
530,TIBURON,"TIBURON ZORRO PINTO, ZORRO COMUN, COLUDO PINTO DESV. Y DESC. FCO.",DESV.,DESC.,FCO.,NA,NA,"TIBURON ZORRO PINTO, ZORRO COMUN, COLUDO PINTO",NA,NA,Common thresher shark,Alopias vulpinus,Alopias,Alopiidae,logical conclusion based on research,high
531,TIBURON,"TIBURON ZORRO PINTO, ZORRO COMUN, COLUDO PINTO ENT. FCO.",ENT.,FCO.,NA,NA,NA,"TIBURON ZORRO PINTO, ZORRO COMUN, COLUDO PINTO",NA,NA,Common thresher shark,Alopias vulpinus,Alopias,Alopiidae,logical conclusion based on research,high
532,TIBURON,TINTORERA DESC. FCA.,DESC.,FCA.,NA,NA,NA,TINTORERA,NA,NA,Blue shark,Prionace glauca,Prionace,Carcharhinidae,dataMares says species is Bull shark (Galeocerdo cuvier); internet research suggests Blue shark,low
533,TIBURON,TINTORERA DESV. Y DESC. FCA.,DESV.,DESC.,FCA.,NA,NA,TINTORERA,NA,NA,Blue shark,Prionace glauca,Prionace,Carcharhinidae,dataMares says species is Bull shark (Galeocerdo cuvier); internet research suggests Blue shark,low
534,TIBURON,TINTORERA ENT. FCA.,ENT.,FCA.,NA,NA,NA,TINTORERA,NA,NA,Blue shark,Prionace glauca,Prionace,Carcharhinidae,dataMares says species is Bull shark (Galeocerdo cuvier); internet research suggests Blue shark,low
535,TIBURON,TORO DESV. FCO.,DESV.,FCO.,NA,NA,NA,TORO,NA,NA,Bull shark,Carcharhinus leucas,Carcharhinus,Carcharhinidae,logical conclusion based on research; dataMares,high
536,TIBURON,TORO DESV. Y DESC. FCO.,DESV.,DESC.,FCO.,NA,NA,TORO,NA,NA,Bull shark,Carcharhinus leucas,Carcharhinus,Carcharhinidae,logical conclusion based on research; dataMares,high
537,TIBURON,TORO ENT. FCO.,ENT.,FCO.,NA,NA,NA,TORO,NA,NA,Bull shark,Carcharhinus leucas,Carcharhinus,Carcharhinidae,logical conclusion based on research; dataMares,high
538,TIBURON,TRIPA DESC. Y DESV. FCA.,DESC.,DESV.,FCA.,NA,NA,TRIPA,NA,NA,shark tripe (unspecified),NA,NA,NA,"shark; unable to specify species, genus, or family",high
539,TIBURON,TRIPA DESV. FCA.,DESV.,FCA.,NA,NA,NA,TRIPA,NA,NA,shark tripe (unspecified),NA,NA,NA,"shark; unable to specify species, genus, or family",high
540,TIBURON,TRIPA ENT. FCA.,ENT.,FCA.,NA,NA,NA,TRIPA,NA,NA,shark tripe (unspecified),NA,NA,NA,"shark; unable to specify species, genus, or family",high
541,TIBURON,TRIPA FILETE DE FCO.,FILETE DE,FCO.,NA,NA,NA,TRIPA,NA,NA,shark tripe (unspecified),NA,NA,NA,"shark; unable to specify species, genus, or family",high
542,TIBURON,TIBURON LIMON DESV. FCO.,DESV.,FCO.,NA,NA,NA,TIBURON LIMON,NA,NA,Lemon shark,Negaprion brevirostris,Negaprion,Carcharhinidae,logical conclusion based on name; logical match to taxize,high
543,TIBURON,TIBURON LIMON DESV. FCO. (NEGAPRION BREVIROSTIS),DESV.,FCO.,NA,NA,NA,TIBURON LIMON (NEGAPRION BREVIROSTIS),NEGAPRION BREVIROSTIS,Negaprion brevirostis,Lemon shark,Negaprion brevirostris,Negaprion,Carcharhinidae,taxize,high
544,TIBURON,TIBURON LIMON DESV. FCO. (NEGAPRION BREVIROSTRIS),DESV.,FCO.,NA,NA,NA,TIBURON LIMON (NEGAPRION BREVIROSTRIS),NEGAPRION BREVIROSTRIS,Negaprion brevirostris,Lemon shark,Negaprion brevirostris,Negaprion,Carcharhinidae,taxize,high
545,TIBURON,TIBURON LIMON DESV. Y DESC. FCO.,DESV.,DESC.,FCO.,NA,NA,TIBURON LIMON,NA,NA,Lemon shark,Negaprion brevirostris,Negaprion,Carcharhinidae,logical conclusion based on name; logical match to taxize,high
546,TIBURON,TIBURON LIMON DESV. Y DESC. FCO.  (NEGAPRION BREVIROSTRIS),DESV.,DESC.,FCO.,NA,NA,TIBURON LIMON (NEGAPRION BREVIROSTRIS),NEGAPRION BREVIROSTRIS,Negaprion brevirostris,Lemon shark,Negaprion brevirostris,Negaprion,Carcharhinidae,taxize,high
547,TIBURON,TIBURON LIMON ENT. FCO.,ENT.,FCO.,NA,NA,NA,TIBURON LIMON,NA,NA,Lemon shark,Negaprion brevirostris,Negaprion,Carcharhinidae,logical conclusion based on name; logical match to taxize,high
548,TIBURON,TIBURON LIMON ENT. FCO. (NEGAPRION BREVIROSTIS),ENT.,FCO.,NA,NA,NA,TIBURON LIMON (NEGAPRION BREVIROSTIS),NEGAPRION BREVIROSTIS,Negaprion brevirostis,Lemon shark,Negaprion brevirostris,Negaprion,Carcharhinidae,taxize,high
549,TIBURON,TIBURON LIMON ENT. FCO. (NEGAPRION BREVIROSTRIS),ENT.,FCO.,NA,NA,NA,TIBURON LIMON (NEGAPRION BREVIROSTRIS),NEGAPRION BREVIROSTRIS,Negaprion brevirostris,Lemon shark,Negaprion brevirostris,Negaprion,Carcharhinidae,taxize,high
550,TIBURON,ALETA FCA. DE TIBURON AZUL,ALETA,FCA.,NA,NA,NA,DE TIBURON AZUL,NA,NA,Blue shark,Prionace glauca,Prionace,Carcharhinidae,logical conclusion based on name; logical match to taxize,high
551,TIBURON,ALETA FCA. DE TIBURON AZUL (PRIONACE GLAUCA),ALETA,FCA.,NA,NA,NA,DE TIBURON AZUL (PRIONACE GLAUCA),PRIONACE GLAUCA,Prionace glauca,Blue shark,Prionace glauca,Prionace,Carcharhinidae,taxize,high
552,TIBURON,ALETA SECA DE TIBURON AZUL,ALETA,SECA DE,NA,NA,NA,TIBURON AZUL,NA,NA,Blue shark,Prionace glauca,Prionace,Carcharhinidae,logical conclusion based on name; logical match to taxize,high
553,TIBURON,ALETA SECA DE TIBURON AZUL (PRIONACE GLAUCA),ALETA,SECA DE,NA,NA,NA,TIBURON AZUL (PRIONACE GLAUCA),PRIONACE GLAUCA,Prionace glauca,Blue shark,Prionace glauca,Prionace,Carcharhinidae,taxize,high
554,TIBURON,TIBURON AZUL DESV. FCO.,DESV.,FCO.,NA,NA,NA,TIBURON AZUL,NA,NA,Blue shark,Prionace glauca,Prionace,Carcharhinidae,logical conclusion based on name; logical match to taxize,high
555,TIBURON,TIBURON AZUL DESV. FCO. (PRIONACE GLAUCA),DESV.,FCO.,NA,NA,NA,TIBURON AZUL (PRIONACE GLAUCA),PRIONACE GLAUCA,Prionace glauca,Blue shark,Prionace glauca,Prionace,Carcharhinidae,taxize,high
556,TIBURON,TIBURON AZUL DESV. Y DESC. FCO.,DESV.,DESC.,FCO.,NA,NA,TIBURON AZUL,NA,NA,Blue shark,Prionace glauca,Prionace,Carcharhinidae,logical conclusion based on name; logical match to taxize,high
557,TIBURON,TIBURON AZUL DESV. Y DESC. FCO. (PRIONACE GLAUCA),DESV.,DESC.,FCO.,NA,NA,TIBURON AZUL (PRIONACE GLAUCA),PRIONACE GLAUCA,Prionace glauca,Blue shark,Prionace glauca,Prionace,Carcharhinidae,taxize,high
558,TIBURON,TIBURON AZUL ENT. FCO.,ENT.,FCO.,NA,NA,NA,TIBURON AZUL,NA,NA,Blue shark,Prionace glauca,Prionace,Carcharhinidae,logical conclusion based on name; logical match to taxize,high
559,TIBURON,TIBURON AZUL ENT. FCO. (PRIONACE GLAUCA),ENT.,FCO.,NA,NA,NA,TIBURON AZUL (PRIONACE GLAUCA),PRIONACE GLAUCA,Prionace glauca,Blue shark,Prionace glauca,Prionace,Carcharhinidae,taxize,high
560,TIBURON,TIBURON AZUL FILETE FCO.,FILETE,FCO.,NA,NA,NA,TIBURON AZUL,NA,NA,Blue shark,Prionace glauca,Prionace,Carcharhinidae,logical conclusion based on name; logical match to taxize,high
561,TIBURON,TIBURON AZUL FILETE FCO. (PRIONACE GLAUCA),FILETE,FCO.,NA,NA,NA,TIBURON AZUL (PRIONACE GLAUCA),PRIONACE GLAUCA,Prionace glauca,Blue shark,Prionace glauca,Prionace,Carcharhinidae,taxize,high
562,TIBURON,ALETA SECA DE TIBURON MARTILLO (SPHYRNA LEWINI),ALETA,SECA DE,NA,NA,NA,TIBURON MARTILLO (SPHYRNA LEWINI),SPHYRNA LEWINI,Sphyrna lewini,Scalloped hammerhead shark,Sphyrna lewini,Sphyrna,Sphyrnidae,taxize,high
563,TIBURON,PEZ MARTILLO ENT. FCO. (SPHYRNA LEWINI),ENT.,FCO.,NA,NA,NA,PEZ MARTILLO (SPHYRNA LEWINI),SPHYRNA LEWINI,Sphyrna lewini,Scalloped hammerhead shark,Sphyrna lewini,Sphyrna,Sphyrnidae,taxize,high
564,TIBURON,TIBURON MARTILLO DESV FCO (SPHYRNA LEWINI),DESV,FCO,NA,NA,NA,TIBURON MARTILLO (SPHYRNA LEWINI),SPHYRNA LEWINI,Sphyrna lewini,Scalloped hammerhead shark,Sphyrna lewini,Sphyrna,Sphyrnidae,taxize,high
565,TIBURON,TIBURON MARTILLO DESV Y DESC FCO (SPHYRNA LEWINI),DESV,DESC,FCO,NA,NA,TIBURON MARTILLO (SPHYRNA LEWINI),SPHYRNA LEWINI,Sphyrna lewini,Scalloped hammerhead shark,Sphyrna lewini,Sphyrna,Sphyrnidae,taxize,high
566,TIBURON,TIBURON MARTILLO DESV. FCO. (SPHYRNA LEWINI),DESV.,FCO.,NA,NA,NA,TIBURON MARTILLO (SPHYRNA LEWINI),SPHYRNA LEWINI,Sphyrna lewini,Scalloped hammerhead shark,Sphyrna lewini,Sphyrna,Sphyrnidae,taxize,high
567,TIBURON,TIBURON MARTILLO DESV. Y DESC. FCO. (SPHYRNA LEWINI),DESV.,DESC.,FCO.,NA,NA,TIBURON MARTILLO (SPHYRNA LEWINI),SPHYRNA LEWINI,Sphyrna lewini,Scalloped hammerhead shark,Sphyrna lewini,Sphyrna,Sphyrnidae,taxize,high
568,TIBURON,TIBURON MARTILLO ENT FCO (SPHYRNA LEWINI),ENT,FCO,NA,NA,NA,TIBURON MARTILLO (SPHYRNA LEWINI),SPHYRNA LEWINI,Sphyrna lewini,Scalloped hammerhead shark,Sphyrna lewini,Sphyrna,Sphyrnidae,taxize,high
569,TIBURON,TIBURON MARTILLO ENT. FCO. (SPHYRNA LEWINI),ENT.,FCO.,NA,NA,NA,TIBURON MARTILLO (SPHYRNA LEWINI),SPHYRNA LEWINI,Sphyrna lewini,Scalloped hammerhead shark,Sphyrna lewini,Sphyrna,Sphyrnidae,taxize,high
570,TIBURON,TIBURON MARTILLO FILETE FCO. (SPHYRNA LEWINI),FILETE,FCO.,NA,NA,NA,TIBURON MARTILLO (SPHYRNA LEWINI),SPHYRNA LEWINI,Sphyrna lewini,Scalloped hammerhead shark,Sphyrna lewini,Sphyrna,Sphyrnidae,taxize,high
571,TIBURON,ALETA FCA DE TIBURON MARTILLO (SPHYRNA MOKARRAN),ALETA,FCA,NA,NA,NA,DE TIBURON MARTILLO (SPHYRNA MOKARRAN),SPHYRNA MOKARRAN,Sphyrna mokarran,Great hammerhead shark,Sphyrna mokarran,Sphyrna,Sphyrnidae,taxize,high
572,TIBURON,ALETA SECA DE TIBURON MARTILLO (SPHYRNA MOKARRAN),ALETA,SECA DE,NA,NA,NA,TIBURON MARTILLO (SPHYRNA MOKARRAN),SPHYRNA MOKARRAN,Sphyrna mokarran,Great hammerhead shark,Sphyrna mokarran,Sphyrna,Sphyrnidae,taxize,high
573,TIBURON,TIBURON CORNUDA GIGANTE DESV. FCO. (SPHYRNA MOKARRAN),DESV.,FCO.,NA,NA,NA,TIBURON CORNUDA GIGANTE (SPHYRNA MOKARRAN),SPHYRNA MOKARRAN,Sphyrna mokarran,Great hammerhead shark,Sphyrna mokarran,Sphyrna,Sphyrnidae,taxize,high
574,TIBURON,TIBURON CORNUDA GIGANTE DESV. Y DESC. FCO. (SPHYRNA MOKARRAN),DESV.,DESC.,FCO.,NA,NA,TIBURON CORNUDA GIGANTE (SPHYRNA MOKARRAN),SPHYRNA MOKARRAN,Sphyrna mokarran,Great hammerhead shark,Sphyrna mokarran,Sphyrna,Sphyrnidae,taxize,high
575,TIBURON,TIBURON CORNUDA GIGANTE ENT. FCO. (SPHYRNA MOKARRAN),ENT.,FCO.,NA,NA,NA,TIBURON CORNUDA GIGANTE (SPHYRNA MOKARRAN),SPHYRNA MOKARRAN,Sphyrna mokarran,Great hammerhead shark,Sphyrna mokarran,Sphyrna,Sphyrnidae,taxize,high
576,TIBURON,TIBURON MARTILLO DESV. FCO. (SPHYRNA MOKARRAN),DESV.,FCO.,NA,NA,NA,TIBURON MARTILLO (SPHYRNA MOKARRAN),SPHYRNA MOKARRAN,Sphyrna mokarran,Great hammerhead shark,Sphyrna mokarran,Sphyrna,Sphyrnidae,taxize,high
577,TIBURON,TIBURON MARTILLO DESV. Y DESC. FCO. (SPHYRNA MOKARRAN),DESV.,DESC.,FCO.,NA,NA,TIBURON MARTILLO (SPHYRNA MOKARRAN),SPHYRNA MOKARRAN,Sphyrna mokarran,Great hammerhead shark,Sphyrna mokarran,Sphyrna,Sphyrnidae,taxize,high
578,TIBURON,TIBURON MARTILLO ENT. FCO. (SPHYRNA MOKARRAN),ENT.,FCO.,NA,NA,NA,TIBURON MARTILLO (SPHYRNA MOKARRAN),SPHYRNA MOKARRAN,Sphyrna mokarran,Great hammerhead shark,Sphyrna mokarran,Sphyrna,Sphyrnidae,taxize,high
579,TIBURON,ALETA FCA DE TIBURON CORNUDA (SPHYRNA ZYGAENA),ALETA,FCA,NA,NA,NA,DE TIBURON CORNUDA (SPHYRNA ZYGAENA),SPHYRNA ZYGAENA,Sphyrna zygaena,Smooth hammerhead shark,Sphyrna zygaena,Sphyrna,Sphyrnidae,taxize,high
580,TIBURON,ALETA FCA DE TIBURON CORNUDA PRIETA (SPHYRNA ZYGAENA),ALETA,FCA,NA,NA,NA,DE TIBURON CORNUDA PRIETA (SPHYRNA ZYGAENA),SPHYRNA ZYGAENA,Sphyrna zygaena,Smooth hammerhead shark,Sphyrna zygaena,Sphyrna,Sphyrnidae,taxize,high
581,TIBURON,CORNUDA DESV. FCA. (SPHYRNA ZYGAENA),DESV.,FCA.,NA,NA,NA,CORNUDA (SPHYRNA ZYGAENA),SPHYRNA ZYGAENA,Sphyrna zygaena,Smooth hammerhead shark,Sphyrna zygaena,Sphyrna,Sphyrnidae,taxize,high
582,TIBURON,CORNUDA DESV. Y DESC. FCA. (SPHYRNA ZYGAENA),DESV.,DESC.,FCA.,NA,NA,CORNUDA (SPHYRNA ZYGAENA),SPHYRNA ZYGAENA,Sphyrna zygaena,Smooth hammerhead shark,Sphyrna zygaena,Sphyrna,Sphyrnidae,taxize,high
583,TIBURON,CORNUDA ENT. FCA. (SPHYRNA ZYGAENA),ENT.,FCA.,NA,NA,NA,CORNUDA (SPHYRNA ZYGAENA),SPHYRNA ZYGAENA,Sphyrna zygaena,Smooth hammerhead shark,Sphyrna zygaena,Sphyrna,Sphyrnidae,taxize,high
584,TIBURON,CORNUDA FILETE DE FCO. (SPHYRNA ZYGAENA),FILETE DE,FCO.,NA,NA,NA,CORNUDA (SPHYRNA ZYGAENA),SPHYRNA ZYGAENA,Sphyrna zygaena,Smooth hammerhead shark,Sphyrna zygaena,Sphyrna,Sphyrnidae,taxize,high
585,TIBURON,CORNUDA FILETE DE SECO (SPHYRNA ZYGAENA),FILETE DE,SECO,NA,NA,NA,CORNUDA (SPHYRNA ZYGAENA),SPHYRNA ZYGAENA,Sphyrna zygaena,Smooth hammerhead shark,Sphyrna zygaena,Sphyrna,Sphyrnidae,taxize,high
586,TIBURON,CORNUDA PIEL DE FCA. (SPHYRNA ZYGAENA),FCA.,NA,NA,NA,NA,CORNUDA PIEL DE (SPHYRNA ZYGAENA),SPHYRNA ZYGAENA,Sphyrna zygaena,Smooth hammerhead shark,Sphyrna zygaena,Sphyrna,Sphyrnidae,taxize,high
587,TIBURON,FILETE DE SECO DE TIBURON CORNUDA PRIETA (SPHYRNA ZYGAENA),FILETE DE,SECO DE,NA,NA,NA,TIBURON CORNUDA PRIETA (SPHYRNA ZYGAENA),SPHYRNA ZYGAENA,Sphyrna zygaena,Smooth hammerhead shark,Sphyrna zygaena,Sphyrna,Sphyrnidae,taxize,high
588,TIBURON,FILETE FCO. DE TIBURON CORNUDA PRIETA (SPHYRNA ZYGAENA),FILETE,FCO.,NA,NA,NA,DE TIBURON CORNUDA PRIETA (SPHYRNA ZYGAENA),SPHYRNA ZYGAENA,Sphyrna zygaena,Smooth hammerhead shark,Sphyrna zygaena,Sphyrna,Sphyrnidae,taxize,high
589,TIBURON,PIEL SECA DE TIBURON CORNUDA PRIETA (SPHYRNA ZYGAENA),SECA DE,NA,NA,NA,NA,PIEL TIBURON CORNUDA PRIETA (SPHYRNA ZYGAENA),SPHYRNA ZYGAENA,Sphyrna zygaena,Smooth hammerhead shark,Sphyrna zygaena,Sphyrna,Sphyrnidae,taxize,high
590,TIBURON,TIBURON CORNUDA PRIETA DESV. FCO. (SPHYRNA ZYGAENA),DESV.,FCO.,NA,NA,NA,TIBURON CORNUDA PRIETA (SPHYRNA ZYGAENA),SPHYRNA ZYGAENA,Sphyrna zygaena,Smooth hammerhead shark,Sphyrna zygaena,Sphyrna,Sphyrnidae,taxize,high
591,TIBURON,TIBURON CORNUDA PRIETA DESV. Y DESC. FCO. (SPHYRNA ZYGAENA),DESV.,DESC.,FCO.,NA,NA,TIBURON CORNUDA PRIETA (SPHYRNA ZYGAENA),SPHYRNA ZYGAENA,Sphyrna zygaena,Smooth hammerhead shark,Sphyrna zygaena,Sphyrna,Sphyrnidae,taxize,high
592,TIBURON,TIBURON CORNUDA PRIETA ENT. FCO. (SPHYRNA ZYGAENA),ENT.,FCO.,NA,NA,NA,TIBURON CORNUDA PRIETA (SPHYRNA ZYGAENA),SPHYRNA ZYGAENA,Sphyrna zygaena,Smooth hammerhead shark,Sphyrna zygaena,Sphyrna,Sphyrnidae,taxize,high
593,TIBURON,ANGELITO DESV. FCO. (SQUATINA SQUATINA),DESV.,FCO.,NA,NA,NA,ANGELITO (SQUATINA SQUATINA),SQUATINA SQUATINA,Squatina squatina,Angelshark,Squatina squatina,Squatina,Squatinidae,taxize,high
594,TIBURON,ANGELITO DESV. Y DESC. FCO. (SQUATINA SQUATINA),DESV.,DESC.,FCO.,NA,NA,ANGELITO (SQUATINA SQUATINA),SQUATINA SQUATINA,Squatina squatina,Angelshark,Squatina squatina,Squatina,Squatinidae,taxize,high
595,TIBURON,ANGELITO ENT. FCO. (SQUATINA SQUATINA),ENT.,FCO.,NA,NA,NA,ANGELITO (SQUATINA SQUATINA),SQUATINA SQUATINA,Squatina squatina,Angelshark,Squatina squatina,Squatina,Squatinidae,taxize,high
596,TIBURON,ANGELITO FILETE DE FCO. (SQUATINA SQUATINA),FILETE DE,FCO.,NA,NA,NA,ANGELITO (SQUATINA SQUATINA),SQUATINA SQUATINA,Squatina squatina,Angelshark,Squatina squatina,Squatina,Squatinidae,taxize,high
597,TIBURON,TIBURON ANGELITO DESV. FCO. (SQUATINA SQUATINA),DESV.,FCO.,NA,NA,NA,TIBURON ANGELITO (SQUATINA SQUATINA),SQUATINA SQUATINA,Squatina squatina,Angelshark,Squatina squatina,Squatina,Squatinidae,taxize,high
598,TIBURON,TIBURON ANGELITO DESV. Y DESC. FCO. (SQUATINA SQUATINA),DESV.,DESC.,FCO.,NA,NA,TIBURON ANGELITO (SQUATINA SQUATINA),SQUATINA SQUATINA,Squatina squatina,Angelshark,Squatina squatina,Squatina,Squatinidae,taxize,high
599,TIBURON,TIBURON ANGELITO ENT. FCO. (SQUATINA SQUATINA),ENT.,FCO.,NA,NA,NA,TIBURON ANGELITO (SQUATINA SQUATINA),SQUATINA SQUATINA,Squatina squatina,Angelshark,Squatina squatina,Squatina,Squatinidae,taxize,high
600,TIBURON,TIBURON ANGELITO FILETE FCO. (SQUATINA SQUATINA),FILETE,FCO.,NA,NA,NA,TIBURON ANGELITO (SQUATINA SQUATINA),SQUATINA SQUATINA,Squatina squatina,Angelshark,Squatina squatina,Squatina,Squatinidae,taxize,high